ST_CASE,VEH_NO,PER_NO,P1,P2,P3,P4,P5,P6,P7,P8,P9,P10
10001,1,1,0,0,0,0,0,0,29,0,0,0
10001,2,1,0,0,0,0,0,0,0,0,0,0
10002,1,1,28,28,28,28,28,28,28,28,28,28
10002,2,1,0,0,0,0,0,0,0,0,0,0
10003,1,1,0,0,0,0,0,0,0,0,0,0
10004,1,1,0,0,0,0,0,0,0,0,0,0
10005,0,1,35,24,0,23,0,0,0,0,0,0
10005,1,1,6,3,5,0,0,2,3,26,0,17
10006,0,1,0,36,0,0,0,0,0,0,0,0
10006,1,1,0,0,0,0,0,4,0,0,0,0
10007,2,1,0,0,0,0,0,0,0,0,0,0
10008,1,1,0,0,0,0,0,0,0,0,0,0
10009,1,1,0,0,0,0,0,0,0,0,0,0
10009,2,1,0,0,0,0,0,0,0,0,0,0
10010,1,1,0,0,0,0,0,0,0,0,0,0
10011,1,1,0,7,0,0,0,0,0,0,0,0
10012,1,1,0,0,0,0,0,0,0,0,0,0
10012,2,1,0,0,0,0,0,0,0,0,0,0
10013,1,1,15,15,15,15,15,15,15,15,15,15
10013,2,1,0,0,0,0,0,0,0,0,0,0
10014,1,1,0,0,0,0,0,0,0,0,0,0
10014,2,1,0,0,0,0,0,0,0,8,0,0
10015,1,1,0,0,0,0,0,0,0,0,0,0
10016,1,1,0,0,0,0,0,0,0,0,0,0
10017,1,1,0,0,0,0,0,0,0,32,0,0
10018,1,1,0,0,0,0,0,0,0,0,0,0
10019,0,1,36,36,36,36,36,36,36,36,36,36
10019,1,1,0,0,0,5,0,0,0,0,0,0
10020,1,1,17,17,17,17,17,17,17,17,17,17
10021,1,1,18,18,18,18,18,18,18,18,18,18
10022,1,1,0,0,0,24,0,0,0,0,0,0
10023,1,1,0,0,0,0,0,0,0,0,0,0
10023,2,1,0,0,0,0,0,0,0,0,0,0
10024,1,1,5,0,0,0,0,0,0,0,0,9
10024,2,1,0,0,0,15,0,0,0,0,27,0
10024,3,1,0,9,21,24,0,0,0,0,50,0
10025,0,1,0,0,0,0,0,19,0,0,0,13
10025,1,1,0,0,6,0,0,0,0,0,0,0
10026,0,1,29,18,21,0,0,43,30,14,15,12
10026,1,1,0,0,0,0,6,0,0,0,0,0
10026,2,1,0,0,0,0,0,0,0,0,0,0
10027,1,1,0,0,0,0,0,0,7,0,0,0
10028,0,1,0,0,0,0,0,0,0,0,0,0
10028,1,1,0,0,0,0,0,0,0,0,0,0
10029,1,1,0,0,0,0,0,0,0,0,0,0
10029,2,1,0,0,0,0,0,0,0,0,0,0
10030,1,1,28,28,28,28,28,28,28,28,28,28
10031,1,1,0,11,0,0,23,14,15,17,0,18
10032,1,1,18,18,18,18,18,18,18,18,18,18
10033,1,1,0,0,0,0,0,0,0,0,0,0
10034,1,1,0,0,0,0,0,0,0,0,0,0
10035,1,1,23,23,23,23,23,23,23,23,23,23
10036,1,1,27,27,27,27,27,27,27,27,27,27
10037,1,1,0,0,0,0,8,0,0,0,0,11
10038,1,1,0,0,0,0,0,11,13,13,17,0
10039,1,1,19,19,19,19,19,19,19,19,19,19
10039,2,1,0,0,0,0,0,0,0,0,0,0
10039,3,1,0,0,0,0,0,0,0,0,0,0
10040,1,1,0,0,0,0,0,0,0,0,0,0
10041,0,1,0,0,0,0,0,0,0,0,0,0
10041,1,1,0,0,0,0,0,0,0,0,0,0
10042,1,1,0,0,0,0,0,0,0,0,0,0
10042,2,1,0,0,0,0,25,0,0,15,6,0
10043,1,1,6,6,6,6,6,6,6,6,6,6
10044,0,1,0,0,0,0,0,0,0,0,0,0
10044,1,1,0,0,0,0,0,0,0,0,0,0
10045,1,1,0,0,24,0,0,0,0,0,0,0
10046,1,1,10,10,10,10,10,10,10,10,10,10
10047,1,1,19,19,19,19,19,19,19,19,19,19
10047,2,1,0,0,0,0,0,0,0,0,0,0
10047,3,1,0,0,0,0,0,0,0,0,0,0
10048,1,1,0,0,0,0,0,0,0,0,0,0
10048,2,1,0,0,0,0,0,0,0,0,0,0
10049,1,1,14,14,14,14,14,14,14,14,14,14
10049,2,1,0,0,0,0,0,0,0,0,0,0
10050,1,1,0,0,0,0,0,0,0,0,0,0
10051,1,1,18,18,18,18,18,18,18,18,18,18
10052,1,1,14,18,19,24,14,5,24,14,29,17
10052,2,1,0,0,0,0,0,0,0,0,0,21
10053,1,1,0,22,0,0,0,0,0,29,0,27
10054,1,1,0,0,0,0,0,0,0,0,0,0
10055,0,1,0,0,0,0,0,0,0,0,0,0
10055,1,1,12,0,4,5,26,0,19,11,9,0
10056,1,1,0,0,0,10,16,31,30,0,0,19
10057,1,1,0,0,0,0,0,0,0,0,0,0
10058,1,1,11,11,11,11,11,11,11,11,11,11
10059,0,1,18,0,0,0,0,0,0,0,24,0
10059,1,1,0,19,0,0,0,0,0,0,0,0
10060,0,1,0,27,0,0,0,0,0,0,0,0
10060,1,1,0,0,0,0,0,0,0,0,0,0
10061,1,1,0,0,0,0,0,0,0,0,0,0
10062,1,1,26,26,26,26,26,26,26,26,26,26
10063,1,1,0,0,0,0,0,0,0,0,0,0
10064,1,1,23,23,23,23,23,23,23,23,23,23
10064,2,1,0,0,0,0,0,0,0,0,0,0
10064,3,1,0,0,0,0,0,0,0,0,0,0
10065,1,1,0,0,0,0,0,0,0,0,0,0
10065,2,1,0,0,0,0,0,0,0,0,0,0
10066,1,1,26,26,26,26,26,26,26,26,26,26
10066,2,1,7,7,7,7,7,7,7,7,7,7
10067,1,1,0,16,0,9,38,31,0,29,0,29
10068,1,1,0,0,0,0,0,0,0,0,0,0
10068,2,1,0,0,13,0,0,0,0,0,0,0
10069,1,1,0,0,0,0,0,0,0,0,0,0
10069,2,1,0,0,0,0,0,0,0,0,0,0
10070,0,1,30,30,30,30,30,30,30,30,30,30
10070,1,1,0,0,0,0,0,7,16,0,11,0
10071,1,1,19,0,37,0,0,0,0,0,0,0
10071,2,1,0,0,0,0,0,0,0,0,0,0
10072,1,1,0,0,0,0,0,0,0,0,0,0
10072,2,1,0,0,0,0,0,0,0,0,0,0
10073,1,1,0,0,0,0,0,0,0,0,0,0
10073,2,1,10,10,10,10,10,10,10,10,10,10
10074,1,1,0,0,0,0,0,0,0,0,0,0
10074,2,1,0,0,0,0,0,0,0,0,0,0
10075,1,1,9,9,9,9,9,9,9,9,9,9
10076,1,1,22,5,17,17,23,15,4,8,24,0
10076,2,1,9,0,0,0,0,11,15,0,0,0
10077,0,1,9,9,9,9,9,9,9,9,9,9
10077,1,1,0,0,0,0,0,0,0,0,0,0
10078,1,1,24,24,24,24,24,24,24,24,24,24
10079,1,1,28,28,28,28,28,28,28,28,28,28
10080,1,1,24,24,24,24,24,24,24,24,24,24
10080,2,1,0,0,0,0,0,0,23,0,0,0
10080,3,1,0,0,0,0,0,0,0,0,0,0
10081,1,1,0,0,0,0,0,0,0,0,0,0
10081,2,1,0,0,0,0,0,0,0,0,0,0
10081,3,1,0,0,0,0,0,0,0,0,0,0
10081,4,1,0,0,0,0,0,0,0,0,0,0
10081,5,1,0,0,0,0,0,0,0,0,0,0
10082,1,1,8,8,8,8,8,8,8,8,8,8
10082,2,1,0,0,0,0,0,0,0,0,0,0
10082,3,1,0,0,0,0,0,0,11,0,0,0
10083,1,1,0,0,0,0,0,0,0,0,16,0
10083,2,1,0,0,0,0,0,0,0,0,0,0
10084,1,1,0,0,0,0,0,0,0,0,0,0
10085,1,1,24,18,0,0,16,16,2,0,13,15
10085,2,1,0,0,0,0,0,0,0,0,0,0
10086,0,1,33,33,33,33,33,33,33,33,33,33
10086,1,1,0,0,0,4,0,0,0,0,0,0
10087,0,1,5,31,23,0,0,0,20,0,12,0
10087,2,1,0,0,0,0,0,0,0,0,28,0
10088,0,1,0,0,0,8,0,0,0,0,0,0
10088,1,1,0,0,0,0,0,0,0,0,0,0
10089,1,1,0,0,0,0,0,0,0,0,0,0
10089,2,1,0,0,0,0,0,0,0,0,0,0
10090,1,1,0,0,0,0,0,0,0,0,0,0
10090,2,1,0,0,2,0,0,0,0,0,0,0
10091,0,1,0,0,0,0,0,0,0,0,0,0
10091,1,1,0,0,0,0,0,0,0,0,0,0
10092,1,1,0,0,0,0,29,0,0,0,0,0
10092,2,1,0,0,0,0,0,0,0,0,0,0
10093,1,1,0,0,0,0,0,0,0,0,0,0
10093,2,1,0,0,18,0,0,0,0,0,0,0
10094,0,1,0,0,0,0,0,0,0,0,0,0
10094,1,1,0,0,0,0,0,0,0,0,0,0
10095,1,1,20,20,20,20,20,20,20,20,20,20
10096,1,1,27,27,27,27,27,27,27,27,27,27
10097,1,1,0,0,0,0,0,0,0,0,0,0
10098,1,1,0,0,0,0,0,0,0,0,0,0
10099,1,1,0,0,0,0,0,0,0,0,0,0
10099,2,1,0,0,0,0,0,0,0,0,0,0
10100,1,1,0,0,0,0,0,0,0,0,0,0
10101,0,1,9,0,0,20,22,12,0,0,23,0
10101,1,1,0,0,0,0,0,0,0,0,0,0
10101,2,1,10,9,0,0,0,0,0,0,0,0
10102,1,1,0,0,0,0,0,0,0,0,0,20
10102,2,1,0,0,0,0,0,0,0,0,0,0
10103,1,1,0,0,0,0,8,0,0,0,0,15
10104,1,1,28,28,28,28,28,28,28,28,28,28
10104,2,1,1,1,1,1,1,1,1,1,1,1
10105,1,1,0,0,0,0,0,0,0,0,0,0
10105,2,1,0,0,0,0,0,0,0,0,0,0
10106,1,1,0,0,0,0,0,0,0,0,0,0
10106,2,1,0,0,0,0,0,0,0,0,0,0
10107,1,1,0,0,0,0,0,0,0,0,0,0
10107,2,1,0,0,0,0,0,0,0,0,46,0
10108,1,1,0,21,0,0,5,0,0,0,0,0
10109,1,1,22,22,22,22,22,22,22,22,22,22
10110,0,1,19,16,28,29,23,24,15,38,22,24
10110,1,1,0,0,0,0,0,0,0,0,0,0
10111,1,1,0,0,0,0,0,0,0,0,0,0
10111,2,1,0,0,0,0,0,0,0,0,0,0
10112,1,1,24,24,24,24,24,24,24,24,24,24
10113,1,1,6,6,6,6,6,6,6,6,6,6
10113,2,1,0,0,0,0,0,10,0,0,0,15
10114,1,1,0,0,0,0,0,0,0,0,0,0
10114,2,1,9,0,0,0,36,0,0,0,0,0
10115,1,1,0,28,0,9,0,0,0,0,0,7
10116,1,1,0,0,0,0,0,12,0,0,0,0
10117,1,1,18,18,18,18,18,18,18,18,18,18
10118,1,1,0,0,0,0,0,0,0,0,0,0
10119,1,1,5,0,21,18,25,0,12,0,0,0
10120,1,1,0,0,0,0,0,0,0,0,12,0
10121,1,1,7,12,26,19,29,7,28,23,13,17
10122,0,1,0,0,0,0,0,0,0,0,0,0
10122,1,1,9,14,0,0,10,6,0,0,0,18
10123,0,1,4,18,15,0,10,17,0,0,0,0
10123,0,2,0,18,15,0,0,2,0,0,0,0
10123,1,1,0,0,0,0,0,0,0,0,0,0
10124,1,1,4,4,4,4,4,4,4,4,4,4
10125,1,1,0,0,0,0,0,0,0,0,0,0
10126,1,1,2,2,2,2,2,2,2,2,2,2
10127,1,1,0,0,0,0,0,0,0,0,0,0
10128,1,1,23,23,23,23,23,23,23,23,23,23
10128,2,1,0,0,0,0,0,0,0,0,0,0
10129,1,1,0,0,0,0,0,0,0,0,0,0
10130,1,1,0,0,0,0,0,0,0,0,0,0
10130,2,1,0,0,0,0,0,0,0,0,6,0
10130,3,1,0,0,0,0,0,0,0,0,0,0
10131,1,1,0,0,0,0,0,0,0,0,0,0
10131,2,1,0,0,0,0,0,0,0,0,0,0
10132,1,1,0,0,0,0,0,0,0,0,0,0
10132,2,1,12,0,0,0,0,0,0,0,0,0
10133,1,1,15,15,15,15,15,15,15,15,15,15
10133,2,1,0,0,0,0,0,0,0,0,0,0
10134,1,1,0,0,0,0,0,32,0,0,0,0
10134,2,1,0,0,0,0,0,0,0,0,0,0
10135,1,1,0,0,0,0,0,0,0,0,0,0
10135,2,1,0,0,0,0,0,0,0,0,0,0
10136,0,1,21,21,21,21,21,21,21,21,21,21
10136,1,1,0,0,0,0,0,0,0,0,0,0
10137,1,1,24,24,24,24,24,24,24,24,24,24
10138,1,1,0,0,0,0,0,0,0,0,0,0
10138,2,1,0,0,0,15,0,0,12,0,0,0
10139,1,1,0,0,0,0,0,0,0,0,0,0
10140,1,1,22,22,22,22,22,22,22,22,22,22
10140,2,1,0,12,15,14,0,0,27,0,0,0
10140,3,1,0,0,0,0,0,0,0,0,0,0
10140,4,1,0,0,0,0,0,0,15,0,22,0
10141,1,1,20,20,20,20,20,20,20,20,20,20
10142,1,1,0,0,0,0,0,0,0,0,0,0
10142,2,1,0,0,0,0,0,0,0,17,20,0
10143,1,1,0,0,0,0,0,0,0,0,0,0
10143,2,1,0,0,0,0,0,0,0,0,0,0
10143,3,1,23,0,0,0,0,0,0,0,0,0
10143,4,1,0,0,0,0,0,0,0,0,0,0
10143,5,1,0,0,0,0,0,0,0,0,0,0
10143,6,1,0,0,0,0,0,0,0,0,0,0
10144,1,1,0,0,0,0,0,0,0,0,0,0
10144,2,1,0,0,0,0,0,0,0,0,0,0
10145,1,1,0,0,0,0,0,0,0,0,0,0
10145,2,1,12,12,12,12,12,12,12,12,12,12
10146,0,1,0,0,0,0,0,0,0,0,0,0
10146,1,1,0,0,0,0,0,0,0,0,16,0
10147,1,1,0,0,0,0,0,0,0,0,0,0
10147,2,1,0,0,0,0,0,0,28,0,0,0
10148,1,1,8,0,0,0,0,0,8,0,0,12
10149,1,1,0,0,0,0,0,0,0,0,0,0
10149,2,1,0,0,0,0,0,0,0,0,0,0
10150,1,1,0,0,0,0,0,0,0,0,0,0
10151,0,1,0,0,0,0,0,0,0,0,0,0
10151,1,1,12,12,12,12,12,12,12,12,12,12
10152,1,1,24,24,24,24,24,24,24,24,24,24
10153,1,1,0,0,0,0,0,0,0,0,0,0
10153,2,1,0,0,0,0,0,0,0,0,0,0
10154,1,1,0,0,0,0,0,0,0,0,0,0
10154,2,1,0,0,0,0,0,0,0,0,0,24
10155,1,1,16,16,16,16,16,16,16,16,16,16
10156,0,1,0,0,0,0,0,0,0,0,0,0
10156,1,1,8,0,15,13,0,0,14,26,13,12
10157,1,1,0,0,12,0,0,0,0,0,0,0
10158,1,1,0,0,0,0,0,0,0,0,0,0
10159,1,1,0,0,0,0,0,0,0,0,0,0
10160,1,1,0,0,0,0,0,0,0,0,0,0
10161,1,1,24,17,26,15,11,6,15,30,9,12
10162,1,1,0,0,0,0,0,0,0,0,0,0
10162,2,1,0,0,0,0,0,0,0,0,0,0
10163,1,1,0,0,0,0,0,0,0,0,0,0
10163,2,1,0,0,0,0,0,0,0,0,0,0
10164,1,1,0,0,0,0,0,18,0,0,17,0
10164,2,1,19,20,0,20,0,0,16,0,11,0
10165,1,1,0,0,0,0,0,0,19,0,24,0
10165,2,1,0,0,2,8,0,0,0,0,0,0
10166,1,1,11,11,11,11,11,11,11,11,11,11
10167,1,1,0,0,0,0,0,0,0,0,0,0
10168,1,1,0,0,0,0,0,0,0,0,0,0
10169,1,1,0,0,0,0,0,0,0,0,0,0
10170,1,1,27,0,0,0,0,0,0,7,32,0
10170,2,1,0,0,0,0,0,0,0,0,0,0
10171,0,1,22,22,22,22,22,22,22,22,22,22
10171,1,1,0,0,0,0,0,0,0,0,0,0
10172,1,1,14,14,14,14,14,14,14,14,14,14
10173,1,1,0,2,0,0,0,0,0,0,0,0
10174,1,1,0,0,0,0,0,0,0,0,0,0
10174,2,1,0,0,0,0,0,0,0,0,0,0
10175,1,1,0,0,0,0,0,0,0,0,0,9
10176,1,1,0,0,0,0,0,0,0,0,0,0
10176,2,1,0,0,0,0,0,0,0,0,0,0
10177,1,1,0,0,0,0,0,0,0,0,0,0
10177,2,1,0,0,0,0,0,0,0,0,0,0
10178,1,1,0,0,0,0,0,0,0,0,0,0
10178,2,1,0,0,0,0,0,0,0,0,0,0
10179,1,1,0,0,0,0,0,0,0,0,0,0
10180,0,1,0,0,0,0,0,0,0,0,0,0
10180,1,1,0,0,0,0,0,0,0,0,0,0
10181,1,1,0,0,0,0,0,0,0,0,0,0
10181,2,1,0,0,0,0,0,0,0,0,0,0
10181,3,1,0,0,0,0,0,0,10,0,0,0
10182,1,1,0,0,0,0,0,0,0,0,0,0
10182,2,1,0,0,0,0,0,0,0,0,0,0
10183,1,1,0,18,30,0,12,12,8,0,0,16
10184,1,1,12,12,12,12,12,12,12,12,12,12
10185,0,1,0,0,0,0,0,0,0,28,0,0
10185,1,1,7,7,7,7,7,7,7,7,7,7
10186,1,1,0,0,0,0,0,0,0,0,0,0
10186,2,1,0,0,0,23,0,0,0,0,0,0
10187,1,1,0,11,4,0,15,25,0,21,0,0
10187,2,1,0,0,0,0,0,0,0,0,0,0
10188,1,1,0,0,0,0,0,0,0,0,0,0
10188,2,1,0,0,0,0,0,0,0,0,0,0
10189,0,1,2,2,2,2,2,2,2,2,2,2
10189,2,1,0,0,0,0,0,0,0,0,0,0
10189,3,1,0,0,0,0,0,0,0,0,0,0
10189,4,1,0,0,0,0,0,0,0,0,0,0
10190,1,1,0,0,0,0,0,0,0,0,0,0
10190,2,1,0,0,0,0,0,0,0,0,0,0
10191,1,1,20,10,3,21,0,16,0,0,0,0
10192,1,1,0,0,0,0,0,0,0,0,0,0
10192,2,1,0,12,0,0,0,0,7,0,0,0
10193,1,1,0,0,0,0,0,0,0,0,0,16
10193,2,1,30,30,30,30,30,30,30,30,30,30
10194,1,1,0,0,0,0,0,0,0,0,0,0
10194,2,1,0,0,0,0,0,0,0,0,0,0
10195,1,1,0,0,0,0,0,0,0,0,0,0
10195,2,1,0,0,0,0,0,0,8,0,0,0
10196,1,1,0,0,0,0,0,0,0,0,0,0
10197,1,1,0,0,0,0,0,0,0,0,0,0
10198,1,1,11,11,11,11,11,11,11,11,11,11
10199,0,1,0,0,0,0,0,0,0,0,0,0
10199,2,1,0,0,0,0,6,0,0,0,0,5
10200,0,1,0,0,0,0,0,0,0,0,0,0
10200,1,1,0,0,0,0,0,0,0,0,0,0
10201,1,1,18,18,18,18,18,18,18,18,18,18
10202,1,1,8,8,8,8,8,8,8,8,8,8
10203,1,1,0,0,0,0,0,0,0,0,0,0
10204,1,1,0,21,36,24,19,0,0,0,0,12
10205,1,1,0,0,0,0,0,0,0,0,0,0
10205,2,1,0,0,0,0,16,0,0,0,0,0
10206,1,1,0,0,0,0,0,0,0,0,0,0
10207,1,1,0,0,0,0,0,0,0,0,0,0
10207,2,1,0,0,0,0,0,0,0,0,0,0
10208,1,1,0,0,0,0,0,0,0,0,0,0
10209,1,1,0,12,11,0,0,0,0,14,16,7
10210,1,1,0,0,0,0,12,0,0,0,0,0
10211,1,1,0,0,10,0,0,0,0,0,0,0
10211,2,1,15,0,0,0,0,0,0,0,0,0
10212,1,1,17,16,22,16,22,8,12,15,8,13
10213,0,1,4,4,4,4,4,4,4,4,4,4
10213,1,1,0,0,0,0,0,0,0,0,0,0
10214,1,1,0,0,0,0,0,0,0,0,0,0
10215,1,1,0,0,0,0,0,0,11,0,0,0
10215,2,1,0,0,0,0,0,0,0,0,0,0
10216,1,1,0,0,0,0,0,0,0,0,0,0
10216,2,1,0,0,0,0,0,0,0,0,0,0
10217,0,1,27,27,27,27,27,27,27,27,27,27
10217,1,1,0,15,0,14,0,0,0,0,0,0
10218,1,1,26,0,18,0,0,0,13,21,39,16
10219,1,1,17,20,17,11,5,15,9,17,13,8
10219,2,1,0,0,15,0,17,0,0,0,0,0
10220,1,1,0,0,0,0,0,0,0,0,0,0
10221,1,1,0,0,0,0,0,0,0,0,0,0
10221,2,1,0,0,0,0,0,0,0,0,0,0
10221,3,1,0,0,0,0,0,0,0,0,0,0
10222,1,1,0,0,0,13,0,0,0,0,0,0
10222,2,1,0,0,0,0,0,0,0,0,0,0
10223,1,1,21,21,21,21,21,21,21,21,21,21
10223,2,1,0,0,0,0,0,0,0,0,0,0
10224,1,1,0,0,0,0,0,0,0,0,0,0
10225,1,1,0,0,0,0,0,0,0,0,0,0
10225,2,1,0,0,0,0,0,0,0,0,0,0
10226,1,1,0,0,0,0,0,0,0,0,0,0
10227,0,1,36,36,36,36,36,36,36,36,36,36
10227,1,1,0,0,0,0,0,0,0,0,0,0
10228,1,1,0,0,0,0,0,0,0,0,0,0
10229,0,1,0,0,0,0,0,0,0,0,0,0
10229,1,1,0,0,0,0,0,0,0,6,0,0
10230,1,1,0,0,0,0,0,0,0,0,0,0
10231,1,1,0,0,0,0,0,0,0,0,0,0
10231,2,1,0,0,0,0,0,0,0,0,0,0
10232,1,1,34,12,10,13,26,14,26,20,22,18
10233,1,1,22,22,22,22,22,22,22,22,22,22
10234,1,1,16,16,16,16,16,16,16,16,16,16
10235,1,1,23,13,0,16,31,0,13,18,8,19
10236,1,1,0,0,15,0,0,0,7,33,0,0
10237,1,1,24,24,24,24,24,24,24,24,24,24
10237,2,1,0,0,0,0,0,0,0,0,0,0
10237,3,1,7,7,7,7,7,7,7,7,7,7
10238,1,1,0,0,0,0,0,0,0,0,0,0
10238,2,1,0,0,0,0,0,0,0,0,0,0
10239,1,1,0,0,0,0,0,0,0,0,0,0
10239,2,1,0,0,0,0,0,0,0,0,0,0
10239,3,1,0,28,0,0,0,0,0,10,0,0
10240,1,1,0,0,0,0,0,0,0,0,0,0
10240,2,1,0,0,0,0,0,0,0,0,0,0
10241,1,1,0,0,0,0,0,0,0,0,0,0
10241,2,1,0,0,0,0,0,0,0,0,0,0
10242,1,1,0,0,0,0,0,0,0,0,0,0
10242,2,1,8,0,0,0,0,13,19,15,27,0
10243,1,1,0,0,0,0,0,0,0,0,0,0
10244,0,1,0,0,0,0,0,0,0,0,0,0
10244,1,1,0,0,0,0,0,0,0,0,0,0
10245,1,1,30,30,30,30,30,30,30,30,30,30
10246,1,1,0,0,0,0,0,0,0,0,0,0
10246,2,1,0,0,0,0,0,0,0,0,0,0
10246,3,1,0,0,0,0,0,0,0,0,0,0
10247,1,1,23,23,23,23,23,23,23,23,23,23
10248,1,1,20,20,20,20,20,20,20,20,20,20
10248,2,1,0,0,0,0,0,0,0,0,0,0
10249,1,1,26,18,45,0,4,25,29,0,29,23
10250,1,1,31,31,31,31,31,31,31,31,31,31
10251,0,1,0,0,0,0,0,0,0,0,0,0
10251,1,1,0,0,0,0,0,10,14,0,0,0
10252,1,1,14,0,0,0,0,12,10,28,0,0
10253,1,1,0,0,0,0,0,0,0,0,0,0
10254,1,1,0,0,17,0,0,0,0,0,0,0
10255,1,1,0,0,0,0,0,0,0,0,0,0
10255,2,1,0,0,0,0,0,0,0,0,0,0
10256,1,1,0,0,0,0,0,0,0,0,0,0
10256,2,1,0,0,0,0,18,0,23,0,18,0
10256,3,1,0,0,0,0,0,0,0,0,0,0
10256,4,1,0,0,2,0,0,0,0,0,0,0
10256,5,1,0,0,0,0,0,0,0,0,0,0
10257,1,1,0,0,0,0,0,0,0,0,0,0
10257,2,1,0,0,0,0,0,0,0,0,0,0
10258,1,1,0,0,0,0,0,0,0,0,0,0
10258,2,1,0,0,0,0,0,0,0,0,0,0
10259,1,1,17,30,20,0,2,0,0,0,0,0
10259,2,1,0,0,0,0,0,0,0,0,0,0
10259,3,1,0,0,0,0,0,0,0,0,0,0
10260,1,1,0,0,0,0,0,0,0,0,0,0
10260,2,1,0,0,0,0,0,0,0,0,0,0
10261,1,1,6,0,12,0,13,0,17,0,11,0
10262,1,1,0,0,0,0,0,0,0,0,0,0
10262,2,1,0,0,0,0,0,0,0,0,0,0
10263,1,1,0,0,0,0,0,0,0,0,0,0
10263,2,1,0,0,0,0,0,0,0,0,0,0
10264,1,1,25,25,25,25,25,25,25,25,25,25
10264,2,1,0,0,0,0,0,0,0,0,0,0
10265,1,1,0,0,0,0,0,0,0,0,0,0
10265,2,1,0,0,19,0,0,0,0,0,0,0
10266,1,1,14,14,14,14,14,14,14,14,14,14
10267,1,1,0,0,0,0,0,0,0,0,0,0
10268,1,1,0,0,0,0,0,0,0,0,0,0
10268,2,1,0,0,0,0,0,0,0,0,0,0
10269,1,1,14,0,19,0,0,0,0,0,10,0
10269,2,1,0,0,0,0,0,0,0,0,0,0
10270,1,1,0,0,0,0,0,0,0,0,0,0
10271,1,1,0,0,0,0,0,0,0,0,0,0
10272,0,1,0,0,0,0,0,0,0,0,0,0
10272,1,1,0,0,0,0,0,0,0,0,0,0
10273,1,1,0,0,18,8,16,17,3,0,0,0
10274,0,1,0,0,0,0,0,0,0,0,0,0
10274,1,1,0,0,0,0,0,0,0,0,0,0
10275,1,1,0,0,0,0,13,0,0,12,0,0
10276,1,1,0,0,0,0,0,0,0,0,0,0
10276,2,1,0,0,0,0,0,0,0,0,0,0
10277,0,1,0,0,0,0,0,0,0,0,0,0
10277,1,1,7,10,26,0,0,0,19,9,0,13
10278,1,1,0,0,0,0,0,0,0,0,0,0
10278,2,1,0,0,0,0,0,0,0,0,0,0
10279,1,1,0,0,0,0,0,0,0,0,0,0
10279,2,1,0,0,0,0,0,0,0,0,0,0
10280,1,1,0,0,0,0,0,0,0,0,0,0
10280,2,1,0,0,0,0,0,0,0,0,0,0
10282,1,1,16,16,16,16,16,16,16,16,16,16
10283,1,1,0,11,0,6,0,0,0,0,0,0
10283,2,1,0,0,0,0,0,0,0,0,0,0
10284,1,1,94,94,94,94,94,94,94,94,94,94
10285,1,1,9,9,9,9,9,9,9,9,9,9
10286,1,1,0,0,0,0,0,0,0,0,0,0
10286,2,1,0,0,0,0,0,0,0,0,0,0
10287,1,1,13,0,0,0,0,0,18,0,0,0
10288,1,1,0,0,0,0,0,0,0,0,0,0
10288,2,1,0,0,0,0,0,0,0,0,0,0
10289,1,1,0,0,0,0,0,0,0,0,0,0
10290,1,1,0,0,0,0,0,0,0,0,0,0
10290,2,1,0,0,0,0,0,0,0,0,0,0
10291,1,1,11,11,11,11,11,11,11,11,11,11
10291,2,1,17,17,17,17,17,17,17,17,17,17
10292,1,1,0,0,0,0,0,0,0,0,0,0
10292,2,1,0,0,0,0,0,0,0,0,0,0
10293,1,1,0,0,0,0,0,0,0,0,0,0
10293,2,1,0,0,0,0,0,0,0,0,0,0
10294,1,1,23,0,8,0,24,0,0,0,12,10
10295,1,1,19,2,16,22,0,34,3,34,12,0
10296,1,1,0,0,0,0,0,0,0,0,0,0
10297,1,1,0,0,0,0,0,0,0,0,0,0
10297,2,1,0,0,0,0,0,0,0,0,0,0
10298,1,1,0,0,0,0,0,0,0,0,0,0
10298,2,1,0,0,0,0,0,0,0,0,0,0
10299,1,1,21,21,21,21,21,21,21,21,21,21
10300,1,1,0,0,0,0,0,0,0,0,0,0
10300,2,1,0,13,0,0,0,0,11,13,16,0
10301,1,1,0,0,0,0,0,0,0,0,0,0
10302,0,1,0,0,0,45,55,0,0,0,16,0
10302,1,1,0,0,0,0,0,0,0,0,0,0
10303,1,1,0,0,0,0,0,0,0,0,0,0
10304,1,1,2,2,2,2,2,2,2,2,2,2
10305,1,1,15,15,15,15,15,15,15,15,15,15
10306,1,1,0,0,0,0,0,0,0,0,0,0
10306,2,1,0,0,0,0,0,0,0,0,0,0
10306,3,1,0,0,0,0,0,0,0,0,0,0
10307,1,1,0,0,0,0,2,0,0,0,6,0
10307,2,1,0,0,0,0,0,0,0,0,0,0
10308,1,1,20,20,20,20,20,20,20,20,20,20
10309,1,1,20,20,20,20,20,20,20,20,20,20
10310,1,1,9,0,0,0,0,0,0,0,0,0
10310,2,1,0,0,0,18,0,0,0,0,0,0
10311,1,1,0,0,0,0,0,0,0,0,0,0
10312,1,1,0,0,0,0,0,0,0,0,0,0
10312,2,1,0,0,0,0,0,0,0,0,0,0
10313,0,1,0,0,0,0,0,0,0,0,0,0
10313,1,1,11,11,11,11,11,11,11,11,11,11
10313,2,1,0,0,0,0,0,0,0,0,0,0
10314,1,1,8,29,0,0,5,0,0,0,18,12
10315,0,1,0,0,0,0,0,0,0,0,0,0
10315,1,1,0,0,0,0,0,0,0,0,0,0
10316,1,1,0,0,0,0,0,0,0,0,0,0
10316,2,1,0,0,0,0,0,0,0,0,0,0
10317,1,1,0,0,0,0,0,0,0,0,0,0
10318,1,1,0,0,0,0,0,15,0,16,0,0
10319,1,1,9,0,0,0,7,16,0,11,6,0
10320,1,1,0,0,0,0,0,0,0,0,0,0
10321,1,1,0,0,0,0,0,0,0,0,0,0
10321,2,1,0,0,0,0,0,0,0,0,0,18
10321,3,1,0,0,0,0,0,0,0,0,0,0
10321,4,1,0,0,0,0,0,0,0,0,0,0