ST_CASE,VEH_NO,PER_NO,P1,P2,P3,P4,P5,P6,P7,P8,P9,P10
20029,2,1,0,0,0,0,0,0,0,0,0,0
20030,1,1,0,0,0,0,0,0,0,0,0,0
20030,2,1,0,0,0,0,0,0,0,0,0,0
20031,1,1,8,8,8,8,8,8,8,8,8,8
20032,1,1,0,0,0,0,0,0,0,0,0,0
20032,2,1,0,0,0,0,0,0,0,0,0,0
20033,0,1,0,0,0,0,0,0,0,0,0,0
20033,1,1,0,0,0,0,0,0,0,0,0,0
20034,1,1,0,0,0,0,0,0,0,0,0,0
20034,2,1,0,0,0,0,0,0,0,0,0,0
20034,3,1,0,0,0,0,0,0,0,0,0,0
20035,1,1,32,6,18,20,21,0,32,11,22,22
20036,1,1,0,0,0,0,0,0,0,0,0,0
20036,2,1,0,0,0,0,0,0,0,0,0,0
20037,1,1,0,0,0,0,0,0,0,0,0,0
20038,1,1,37,37,37,37,37,37,37,37,37,37
20039,1,1,20,20,20,20,20,20,20,20,20,20
20040,1,1,0,40,0,0,0,20,0,0,0,13
20040,2,1,0,0,0,0,0,0,0,0,0,0
20041,1,1,0,0,0,0,0,0,0,0,0,0
20042,1,1,0,0,0,0,0,0,0,0,0,0
20042,2,1,0,0,0,0,0,0,0,0,0,0
20043,1,1,0,0,0,0,0,0,0,0,0,0
20043,2,1,28,28,28,28,28,28,28,28,28,28
20043,3,1,0,0,0,0,0,0,0,0,0,0
20044,0,1,13,13,13,13,13,13,13,13,13,13
20044,0,2,0,0,0,0,0,0,0,0,0,0
20044,0,3,22,0,0,0,0,0,0,0,0,0
20044,1,1,0,0,0,0,0,0,0,0,0,0
20045,1,1,30,30,30,30,30,30,30,30,30,30
20046,1,1,0,0,0,0,0,0,0,0,0,0
20047,1,1,0,0,0,0,0,0,0,0,0,0
20047,2,1,0,0,0,0,0,0,0,0,0,0
20048,1,1,0,0,0,0,0,0,0,0,0,0
20048,2,1,0,0,0,0,0,0,8,0,0,0
20049,1,1,0,0,0,0,0,0,0,0,0,0
20049,2,1,0,0,0,0,0,0,0,0,0,0
20052,0,1,0,0,0,0,0,0,0,0,0,0
20052,1,1,0,0,0,0,0,0,0,0,0,0
20053,1,1,16,16,16,16,16,16,16,16,16,16
20054,1,1,14,14,14,14,14,14,14,14,14,14
20055,1,1,17,17,17,17,17,17,17,17,17,17
20056,0,1,0,0,0,0,0,0,0,0,0,0
20056,1,1,0,0,0,0,0,0,0,0,0,0
20057,1,1,0,0,0,0,0,0,0,0,0,0
20057,2,1,0,0,0,0,0,0,0,0,0,0
20058,0,1,0,0,0,0,0,0,0,0,0,0
20058,1,1,0,0,0,0,0,0,0,0,0,0
20059,1,1,19,19,19,19,19,19,19,19,19,19
20060,0,1,0,0,0,0,0,0,0,0,0,0
20060,1,1,0,0,0,0,0,0,0,0,0,0
20061,1,1,0,0,0,0,0,0,0,0,0,0
20061,2,1,0,0,0,0,0,0,0,0,0,0
20062,1,1,0,0,0,0,0,0,0,0,0,0
20063,1,1,0,0,0,0,0,0,0,0,0,0
20063,2,1,0,0,0,0,0,0,0,0,0,0
20064,0,1,0,0,36,0,0,0,0,0,15,0
20064,1,1,0,0,0,0,0,0,0,0,0,0
20065,1,1,0,0,0,0,0,0,0,0,0,0
20065,2,1,0,0,0,0,0,0,0,0,0,0
20066,1,1,0,0,0,0,0,0,0,0,0,0
20066,2,1,0,0,0,0,0,0,0,0,0,0
20067,1,1,0,0,0,0,0,0,0,0,0,0
20067,2,1,0,0,0,0,0,0,0,0,0,0
20068,1,1,0,0,0,0,0,0,0,0,0,0
20068,2,1,0,0,0,0,0,0,0,0,0,0
20069,1,1,0,0,0,0,0,0,0,0,0,0
20069,2,1,0,0,0,0,0,0,0,0,0,0
20070,1,1,0,0,0,0,0,0,0,0,0,0
20070,2,1,0,0,0,0,0,0,0,0,0,0
20071,1,1,20,20,20,20,20,20,20,20,20,20
20072,1,1,0,0,0,0,0,0,0,0,0,0
20072,2,1,0,0,0,0,0,0,0,0,0,0
20073,1,1,0,0,0,0,0,0,0,0,0,0
20073,2,1,0,0,0,0,0,0,0,0,0,0
20074,0,1,18,18,18,18,18,18,18,18,18,18
20074,1,1,0,0,0,0,0,0,0,0,0,0
20075,1,1,0,0,0,0,0,0,0,0,0,0
20075,2,1,0,0,0,0,0,0,0,0,0,0
20076,0,1,0,0,0,0,0,0,0,0,0,0
20076,1,1,0,0,0,0,0,0,0,0,0,0
20077,0,1,0,0,0,0,0,0,0,0,0,0
20077,1,1,0,0,0,10,0,0,0,0,0,0
40001,1,1,0,13,13,9,14,20,23,19,0,20
40001,2,1,0,0,0,14,0,0,0,10,0,0
40001,3,1,18,0,29,0,0,5,15,0,6,23
40002,1,1,29,29,29,29,29,29,29,29,29,29
40003,0,1,19,19,19,19,19,19,19,19,19,19
40003,1,1,0,6,7,0,27,0,11,24,11,31
40003,2,1,0,0,0,5,8,12,0,0,0,0
40004,1,1,0,0,0,12,5,17,10,20,23,19
40004,2,1,18,18,18,18,18,18,18,18,18,18
40005,0,1,0,0,0,7,17,0,23,0,0,0
40005,1,1,0,20,0,0,0,16,0,0,18,22
40005,2,1,0,0,0,0,0,24,0,0,20,17
40005,3,1,0,0,0,7,14,0,13,21,0,0
40006,1,1,22,22,22,22,22,22,22,22,22,22
40006,2,1,0,0,0,0,0,0,0,0,0,0
40008,1,1,0,0,0,0,0,0,0,0,0,0
40008,2,1,0,0,0,0,0,0,0,0,0,0
40009,1,1,0,0,0,0,0,0,0,0,0,0
40010,1,1,0,0,0,0,0,0,0,0,0,0
40010,2,1,0,0,0,7,0,0,0,0,22,0
40010,3,1,0,0,0,0,0,0,0,16,22,0
40011,1,1,0,0,0,0,0,0,0,0,0,0
40011,2,1,0,0,0,0,0,17,3,0,0,0
40012,1,1,0,0,0,0,0,0,0,0,0,0
40013,1,1,0,0,0,0,0,0,0,0,0,0
40015,1,1,0,0,0,0,0,0,9,0,0,0
40015,2,1,0,0,0,0,0,0,19,0,22,0
40015,3,1,0,0,0,0,0,0,0,0,0,0
40016,0,1,0,0,40,0,0,0,12,0,0,0
40016,1,1,13,11,8,19,16,20,19,9,15,7
40017,1,1,0,0,0,0,0,0,0,0,0,0
40017,2,1,0,0,0,0,0,0,0,0,0,0
40018,0,1,0,0,0,0,0,0,0,0,0,0
40018,1,1,0,0,0,0,0,0,0,0,0,0
40019,2,1,11,0,0,0,0,0,12,16,6,0
40020,1,1,7,0,0,0,0,0,14,9,0,0
40020,2,1,0,0,0,0,0,0,0,0,0,0
40021,1,1,0,0,0,0,0,0,0,0,0,0
40022,1,1,15,15,15,15,15,15,15,15,15,15
40022,2,1,0,0,0,0,0,0,0,0,0,0
40023,0,1,16,0,24,0,0,0,0,0,0,0
40023,1,1,0,17,0,0,0,10,0,0,0,0
40024,1,1,0,0,0,0,0,0,0,0,0,17
40024,2,1,0,0,0,5,0,0,0,0,0,0
40025,0,1,0,0,0,0,0,0,0,0,0,0
40025,1,1,0,15,0,19,7,0,31,14,0,0
40026,1,1,0,0,0,0,0,36,0,0,0,0
40027,1,1,0,0,0,0,34,0,0,0,0,0
40027,2,1,0,0,0,0,0,0,0,0,0,0
40028,1,1,0,0,0,0,0,0,0,0,0,0
40028,2,1,23,0,0,0,0,0,0,0,0,0
40028,3,1,0,0,0,0,0,0,0,0,0,0
40029,1,1,10,10,10,10,10,10,10,10,10,10
40029,2,1,0,0,0,0,0,0,0,3,0,0
40030,1,1,10,10,10,10,10,10,10,10,10,10
40031,1,1,20,20,20,20,20,20,20,20,20,20
40032,1,1,21,21,21,21,21,21,21,21,21,21
40032,2,1,21,32,21,17,0,0,0,0,0,16
40032,3,1,0,0,18,0,0,0,0,0,0,0
40032,4,1,0,0,0,0,0,0,0,0,0,0
40032,5,1,0,0,0,0,0,0,0,0,0,0
40032,6,1,0,30,9,0,0,14,0,17,0,0
40033,1,1,0,0,0,14,0,0,0,0,0,0
40033,2,1,0,0,0,0,0,0,0,0,0,0
40034,1,1,0,0,0,0,0,0,0,0,0,0
40035,0,1,16,16,16,16,16,16,16,16,16,16
40035,1,1,0,0,0,0,0,0,0,0,0,19
40036,1,1,19,0,13,0,9,14,0,6,0,0
40037,1,1,21,21,21,21,21,21,21,21,21,21
40038,1,1,0,0,13,19,0,0,0,5,0,0
40038,2,1,0,0,13,0,0,15,0,0,0,0
40039,0,1,0,0,8,0,0,0,0,0,0,0
40039,1,1,0,0,0,0,0,0,0,9,0,0
40040,0,1,0,0,0,0,0,0,0,0,0,0
40040,1,1,0,9,0,12,3,21,12,0,0,0
40041,0,1,0,0,0,0,0,0,0,0,0,0
40041,1,1,0,0,0,0,0,0,0,22,0,0
40042,0,1,23,23,23,23,23,23,23,23,23,23
40042,1,1,0,0,15,0,6,0,24,0,0,27
40043,0,1,0,24,0,0,0,0,0,0,0,0
40043,1,1,0,0,0,0,0,0,0,0,0,11
40044,1,1,0,0,0,0,0,0,0,20,0,0
40045,1,1,0,0,15,0,4,0,0,0,0,0
40045,2,1,0,0,0,14,0,0,0,0,0,0
40046,1,1,44,22,12,17,12,16,27,10,6,0
40046,2,1,0,0,0,0,0,0,0,0,0,0
40047,0,1,0,0,0,0,0,0,0,0,0,0
40047,1,1,0,0,0,0,0,0,0,0,0,0
40048,1,1,0,0,0,1,0,0,0,0,0,0
40048,2,1,19,0,0,0,0,0,0,16,0,13
40049,1,1,0,0,0,0,0,0,0,0,0,0
40049,2,1,0,0,0,0,0,0,0,0,0,0
40050,1,1,0,0,10,3,11,12,23,8,24,16
40051,1,1,0,0,0,0,12,0,0,0,0,0
40051,2,1,0,31,0,0,0,8,0,0,0,0
40052,0,1,0,0,0,0,0,0,0,0,0,0
40052,1,1,0,0,0,0,0,0,0,0,0,0
40054,1,1,0,0,18,0,0,0,0,26,0,0
40054,2,1,0,0,0,0,0,0,0,0,0,0
40055,1,1,0,19,0,0,0,0,0,0,0,0
40055,2,1,0,0,0,0,0,0,0,0,0,0
40056,1,1,2,0,15,7,30,12,7,10,6,5
40057,0,1,0,0,0,0,0,0,0,0,0,0
40057,1,1,8,0,0,20,0,0,16,8,19,6
40058,1,1,9,22,21,0,12,0,0,0,0,0
40060,1,1,7,16,0,0,24,0,0,0,0,0
40060,2,1,23,0,0,0,0,0,8,0,0,20
40061,1,1,0,0,0,0,0,0,0,0,0,0
40061,2,1,0,0,0,0,0,0,0,0,0,0
40062,0,1,41,41,41,41,41,41,41,41,41,41
40062,1,1,0,15,8,0,0,0,0,0,18,0
40063,0,1,0,0,0,0,0,0,0,0,0,0
40063,1,1,0,0,0,0,0,0,0,0,0,0
40064,1,1,0,0,0,0,0,0,0,0,0,0
40066,0,1,0,15,0,24,0,0,0,0,0,0
40066,1,1,2,0,0,0,0,3,0,5,4,0
40067,0,1,23,23,23,23,23,23,23,23,23,23
40067,1,1,0,0,0,24,0,0,0,22,28,7
40068,0,1,0,0,0,30,0,0,0,21,0,0
40068,1,1,10,0,11,22,0,0,0,24,11,9
40069,0,1,0,0,0,0,0,0,0,0,0,0
40069,1,1,0,11,0,0,0,0,0,0,25,21
40070,1,1,8,0,0,0,0,0,6,0,0,0
40070,2,1,0,0,0,0,0,0,0,0,0,0
40071,1,1,13,6,19,25,12,25,19,9,7,26
40071,2,1,0,0,0,0,0,0,0,0,0,0
40073,0,1,16,10,0,0,0,0,15,20,30,0
40073,1,1,17,0,0,13,18,15,0,0,0,2
40073,2,1,14,0,7,10,8,5,28,3,8,22
40074,1,1,0,29,17,0,0,0,0,34,0,0
40074,2,1,0,0,0,0,0,0,0,0,0,0
40075,1,1,0,0,0,0,0,0,0,0,0,0
40075,2,1,0,0,0,0,0,0,0,0,0,0
40076,1,1,0,0,0,0,0,0,0,0,0,0
40077,1,1,0,19,7,0,16,0,0,12,0,0
40077,2,1,20,38,20,9,15,0,8,12,0,22
40078,0,1,0,0,0,0,0,0,0,0,0,0
40078,1,1,0,0,0,13,0,0,0,0,0,0
40080,1,1,0,15,15,13,31,0,20,8,18,27
40080,2,1,0,0,0,0,0,0,0,0,0,0
40080,3,1,0,0,0,0,0,0,0,0,0,0
40081,0,1,0,0,0,0,0,0,0,0,0,0
40081,1,1,0,0,0,0,0,0,0,0,0,0
40081,2,1,0,0,0,17,14,0,12,10,28,0
40082,1,1,0,0,0,0,0,0,11,0,0,0
40082,2,1,0,0,0,0,0,0,0,0,0,0
40083,0,1,0,0,17,0,0,23,0,0,0,0
40083,1,1,6,0,0,0,0,0,0,0,0,0
40084,0,1,38,28,0,13,0,0,0,0,0,0
40084,1,1,20,0,16,0,10,0,0,0,0,0
40085,0,1,0,0,0,0,0,0,20,7,0,19
40085,1,1,31,0,0,0,23,0,13,15,0,0
40086,1,1,0,0,0,0,0,0,0,0,0,0
40086,2,1,0,0,0,0,0,0,0,0,6,0
40087,0,1,0,0,0,0,0,0,0,0,0,0
40087,1,1,17,0,0,9,9,34,0,15,4,0
40088,1,1,0,0,0,0,0,0,0,0,0,0
40088,2,1,0,0,0,0,0,0,0,0,0,0
40089,1,1,17,14,20,17,13,24,15,10,8,13
40089,2,1,0,0,0,0,0,17,0,0,0,21
40090,0,1,19,19,19,19,19,19,19,19,19,19
40090,1,1,0,0,0,0,0,0,0,0,0,0
40091,1,1,13,0,0,0,0,0,0,0,0,0
40092,1,1,11,24,0,0,0,2,0,6,0,8
40092,2,1,26,26,26,26,26,26,26,26,26,26
40093,0,1,0,16,0,0,0,26,0,43,21,0
40093,1,1,0,23,0,0,0,0,19,0,0,0
40094,0,1,5,5,5,5,5,5,5,5,5,5
40094,1,1,0,0,0,0,0,0,0,0,0,0
40095,1,1,0,0,0,0,0,0,0,0,0,0
40095,2,1,0,17,0,0,12,0,0,0,0,0
40096,1,1,0,0,7,0,0,23,0,0,0,0
40097,0,1,0,20,0,0,0,0,29,0,0,0
40097,1,1,0,0,0,0,0,0,0,0,0,16
40098,1,1,0,0,0,0,0,0,0,0,0,0
40098,2,1,14,24,0,0,0,0,12,0,0,12
40099,1,1,0,0,0,0,0,0,0,0,0,0
40099,2,1,10,0,11,0,0,6,0,0,15,0
40100,0,1,0,0,0,0,0,0,0,0,0,0
40100,1,1,0,0,0,0,16,0,0,0,0,0
40101,1,1,25,8,17,4,0,13,15,21,5,18
40101,2,1,29,0,0,0,0,0,0,13,0,0
40102,0,1,0,0,0,0,12,0,0,0,0,0
40102,1,1,0,0,0,0,0,0,0,0,0,0
40103,0,1,0,0,0,0,11,0,0,0,0,0
40103,1,1,0,0,9,0,0,0,0,0,0,0
40104,1,1,42,0,30,17,0,30,5,13,16,15
40105,1,1,0,0,0,0,0,0,0,16,0,0
40106,1,1,15,15,15,15,15,15,15,15,15,15
40106,2,1,0,0,0,0,0,0,0,16,0,0
40107,0,1,0,0,0,0,0,0,11,0,0,0
40107,1,1,0,0,0,0,0,16,0,0,0,0
40108,1,1,0,0,0,0,33,0,0,0,0,0
40108,2,1,0,0,0,0,0,0,0,0,0,0
40109,1,1,21,0,21,0,32,0,0,8,14,0
40109,2,1,0,0,0,0,0,0,0,0,0,0
40110,0,1,0,0,0,0,0,0,0,0,0,0
40110,1,1,0,0,0,0,0,0,0,0,0,0
40111,0,1,0,0,0,0,0,0,0,0,0,0
40111,1,1,0,14,22,0,7,0,8,0,0,6
40112,1,1,0,0,0,0,0,0,0,0,0,0
40112,2,1,0,20,0,0,17,22,16,0,0,8
40113,1,1,0,0,0,15,15,0,0,15,0,0
40114,1,1,0,17,0,0,37,0,0,0,0,0
40114,2,1,0,0,0,0,0,0,0,0,0,0
40115,0,1,0,0,0,0,0,0,0,0,0,0
40115,1,1,20,0,0,0,0,0,0,0,13,0
40116,1,1,0,0,0,0,0,0,0,0,0,0
40116,2,1,0,0,10,0,0,0,0,0,0,22
40117,0,1,0,0,0,0,0,0,0,0,0,0
40117,1,1,0,0,0,0,9,0,0,0,0,22
40118,1,1,0,0,0,0,0,0,0,0,0,0
40118,2,1,0,0,0,0,0,0,0,0,0,0
40118,3,1,0,0,0,0,0,10,0,0,0,0
40119,1,1,0,0,0,0,0,0,0,0,0,0
40119,2,1,0,0,0,0,0,24,0,9,0,0
40119,3,1,24,0,0,0,0,0,0,0,0,0
40120,0,1,11,0,16,0,25,0,30,31,7,0
40120,1,1,0,0,0,30,0,0,0,16,0,0
40121,0,1,0,0,0,0,0,0,0,0,0,0
40121,1,1,0,0,10,0,0,18,0,0,13,8
40122,1,1,0,0,0,0,0,4,12,15,15,0
40122,2,1,0,0,0,31,22,0,0,0,0,0
40123,0,1,21,0,30,0,35,0,0,0,24,29
40123,1,1,0,0,0,0,0,0,0,0,0,0
40124,1,1,0,0,0,0,0,0,32,0,0,19
40124,2,1,0,0,0,0,0,0,0,0,0,0
40125,1,1,0,0,0,0,0,0,0,13,0,13
40125,2,1,0,0,0,0,0,0,0,0,0,13
40126,1,1,0,0,0,0,0,0,0,0,0,0
40126,2,1,0,0,0,0,0,0,17,0,0,9
40127,1,1,0,0,0,0,0,0,0,0,0,0
40127,2,1,0,0,0,0,0,0,0,0,0,0
40128,0,1,0,0,0,0,0,0,0,0,0,0
40128,1,1,0,0,18,0,0,0,0,0,6,9
40129,1,1,16,0,0,4,0,0,0,13,25,14
40129,2,1,0,24,0,0,0,12,0,0,0,0
40130,1,1,0,0,0,0,0,0,0,0,0,0
40130,2,1,0,8,0,0,22,0,0,0,0,0
40131,0,1,0,0,0,0,0,0,0,0,0,0
40131,1,1,11,11,11,11,11,11,11,11,11,11
40132,0,1,0,0,0,0,0,0,0,0,0,0
40132,1,1,0,12,0,0,28,5,10,12,0,0
40133,1,1,0,0,0,0,0,0,0,0,0,0
40133,2,1,0,0,0,0,0,0,0,0,0,0
40134,1,1,0,0,0,0,0,0,0,0,0,0
40134,2,1,0,0,0,0,0,0,0,0,0,0
40135,1,1,0,0,0,0,0,0,0,0,0,0
40136,1,1,18,18,18,18,18,18,18,18,18,18
40137,1,1,16,16,16,16,16,16,16,16,16,16
40138,1,1,0,0,0,0,0,0,0,0,0,0
40139,1,1,0,0,0,0,0,0,0,0,0,0
40139,2,1,0,0,0,0,0,0,7,0,0,0
40140,1,1,10,12,0,17,23,42,9,25,16,24
40141,0,1,0,0,0,0,0,0,0,0,0,0
40141,1,1,18,28,28,22,20,9,28,5,25,10
40142,0,1,37,37,37,37,37,37,37,37,37,37
40142,1,1,0,12,0,0,0,0,14,0,0,0
40143,1,1,0,0,0,0,0,0,0,0,0,0
40143,2,1,0,0,0,0,0,0,0,0,0,0
40143,3,1,0,0,0,0,0,0,0,0,0,0
40144,0,1,0,0,0,0,0,0,0,0,0,0
40144,0,2,0,0,0,0,0,0,0,0,0,0
40144,1,1,0,0,0,0,0,0,0,0,0,4
40145,0,1,0,0,0,0,0,0,0,0,0,25
40145,1,1,0,0,0,0,0,0,0,17,0,0
40146,1,1,21,11,19,17,20,22,4,16,15,19
40147,1,1,25,25,25,25,25,25,25,25,25,25
40147,2,1,0,0,0,0,0,0,0,0,0,0
40148,1,1,0,0,0,0,0,0,0,0,0,0
40148,2,1,0,0,0,0,0,0,0,0,0,0
40149,0,1,34,34,34,34,34,34,34,34,34,34
40149,1,1,9,0,0,16,0,0,0,0,15,0
40150,0,1,0,0,0,0,0,0,21,0,0,0
40150,1,1,0,0,0,0,0,0,0,0,0,0
40151,1,1,16,0,0,0,0,14,0,0,0,0
40152,1,1,32,28,14,0,14,21,15,30,10,16
40153,0,1,0,0,0,0,0,0,0,0,0,0
40153,1,1,0,0,0,0,0,0,0,0,0,0
40154,1,1,0,0,0,0,0,0,0,0,0,0
40154,2,1,0,0,0,0,0,2,6,11,7,0
40155,0,1,3,3,3,3,3,3,3,3,3,3
40155,1,1,0,0,0,0,0,0,0,0,0,0
40156,0,1,38,0,0,0,39,15,19,0,0,24
40156,1,1,0,0,0,0,12,0,12,0,0,0
40157,1,1,0,0,0,0,0,21,8,24,0,0
40158,1,1,0,0,0,0,0,0,0,0,0,0
40158,2,1,0,0,8,0,0,0,0,11,11,0
40158,3,1,0,0,18,0,0,0,0,0,0,0
40159,0,1,0,0,0,0,0,0,0,0,0,0
40159,1,1,0,11,0,0,0,0,21,0,0,0
40160,1,1,0,0,0,19,0,0,0,0,0,0
40160,2,1,0,0,0,0,0,0,0,0,0,0
40161,1,1,0,0,0,31,0,0,13,0,0,0
40162,0,1,19,19,19,19,19,19,19,19,19,19
40162,1,1,0,0,0,11,0,24,0,15,0,3
40163,1,1,0,9,16,0,12,0,0,0,18,28
40164,1,1,11,8,7,17,19,26,11,10,30,6
40164,2,1,11,7,17,0,0,0,0,0,0,0
40165,1,1,0,0,0,0,0,0,0,0,0,0
40166,1,1,0,13,23,0,13,0,0,0,0,0
40166,2,1,0,0,0,0,0,0,0,21,0,0
40166,3,1,21,0,0,0,0,0,0,0,0,0
40166,4,1,0,0,0,0,0,0,0,0,0,0
40167,1,1,0,0,0,13,0,0,0,0,0,0
40167,2,1,0,0,0,0,0,0,0,0,0,0
40168,1,1,0,0,0,14,0,0,0,0,0,0
40168,2,1,0,0,0,0,0,0,0,0,0,0
40169,1,1,4,0,18,20,18,16,0,17,4,0
40169,2,1,0,0,0,0,18,0,0,2,0,0
40169,3,1,0,0,0,0,0,0,0,6,0,0
40170,1,1,0,9,0,0,0,0,0,0,0,0
40170,2,1,18,18,12,0,0,22,18,0,0,0
40171,1,1,0,0,15,30,0,0,13,30,0,0
40171,2,1,0,15,0,0,0,0,15,20,12,0
40172,1,1,0,0,0,0,0,0,0,0,0,0
40172,2,1,0,0,0,0,0,0,0,0,0,0
40173,1,1,22,22,22,22,22,22,22,22,22,22
40173,2,1,0,0,0,0,0,0,0,0,12,0
40174,1,1,0,0,0,0,0,0,0,0,0,0
40174,2,1,18,13,4,28,25,9,11,14,27,26
40175,1,1,0,0,0,0,0,0,0,0,0,0
40176,1,1,0,0,10,4,0,12,0,18,11,14
40178,1,1,0,9,0,11,0,0,0,0,0,0
40178,2,1,0,0,0,0,0,0,0,0,0,0
40179,1,1,0,0,0,0,0,0,0,0,0,0
40179,2,1,0,0,0,0,0,0,0,0,0,0
40179,3,1,0,24,0,0,12,0,0,0,0,0
40179,4,1,0,20,0,0,0,0,0,0,0,0
40180,0,1,32,32,32,32,32,32,32,32,32,32
40180,1,1,7,0,0,0,0,5,11,12,0,0
40181,1,1,0,0,0,0,0,0,0,0,0,0
40181,2,1,0,0,0,0,0,0,0,0,0,0
40182,1,1,7,14,23,2,17,11,13,34,33,8
40183,1,1,0,0,0,0,0,0,0,0,0,0
40185,1,1,0,0,0,0,0,0,0,0,0,0
40185,2,1,0,0,0,0,0,0,0,0,0,0
40186,1,1,0,25,0,0,0,0,18,0,0,0
40186,2,1,0,0,0,0,0,0,0,0,0,0
40187,1,1,0,21,0,0,0,14,13,33,0,0
40187,2,1,0,0,0,0,0,12,0,17,0,0
40188,1,1,24,24,24,24,24,24,24,24,24,24
40188,2,1,0,0,0,0,0,0,0,0,0,0
40188,3,1,14,0,10,0,18,0,17,0,0,0
40188,4,1,32,22,26,26,0,0,0,0,0,12
40188,5,1,0,10,0,0,0,29,0,0,18,22
40188,6,1,0,0,0,0,0,17,0,0,11,0
40188,7,1,0,0,7,0,16,11,0,0,0,0
40189,1,1,0,0,0,0,10,0,0,22,0,0
40190,1,1,0,0,0,0,0,0,0,0,0,0
40190,2,1,0,0,0,0,0,0,0,0,0,0
40190,3,1,0,0,0,0,20,0,21,0,0,0
40190,4,1,0,0,0,0,0,0,7,0,0,10
40191,0,1,17,13,33,24,31,12,23,20,33,4
40191,1,1,4,22,0,0,7,0,0,0,0,0
40192,1,1,0,0,0,0,0,0,0,0,0,0
40192,2,1,0,0,0,0,0,0,0,0,18,0
40193,1,1,14,0,0,26,0,0,33,0,27,13
40194,1,1,31,31,31,31,31,31,31,31,31,31
40194,2,1,0,0,0,0,0,0,0,0,0,0
40195,1,1,0,0,12,0,0,7,0,27,14,15
40195,2,1,0,19,0,28,7,0,0,0,0,0
40196,1,1,0,16,0,0,0,0,0,16,0,22
40196,2,1,14,17,0,0,10,0,28,0,0,0
40197,1,1,0,0,0,0,0,0,0,0,0,0
40198,1,1,0,3,0,0,0,0,0,0,17,0
40198,2,1,0,0,0,0,0,0,0,0,0,0
40198,3,1,0,0,0,0,0,0,0,0,0,0
40199,0,1,0,14,0,12,21,0,0,0,45,0
40199,1,1,0,0,0,0,0,0,0,0,0,0
40200,0,1,0,0,0,0,0,0,0,0,0,0
40200,1,1,14,0,23,13,24,13,8,10,15,13
40201,1,1,10,0,0,0,0,0,0,0,0,11
40202,1,1,0,0,0,0,0,0,0,0,0,0
40202,2,1,0,0,21,3,0,0,0,0,0,0
40203,1,1,0,0,0,0,0,8,0,0,0,0
40203,2,1,0,0,0,0,0,0,0,0,0,0
40204,0,1,0,6,0,30,0,24,0,20,0,0
40204,1,1,11,5,26,13,0,17,0,9,12,0
40205,1,1,12,15,15,13,11,11,7,15,12,6
40206,0,1,0,0,0,0,0,0,0,0,0,0
40206,0,2,0,0,0,0,0,0,0,0,0,0
40206,1,1,4,4,4,4,4,4,4,4,4,4
40207,1,1,0,0,0,0,0,0,0,0,0,0
40208,1,1,0,0,21,0,0,0,0,8,7,0
40209,1,1,25,25,25,25,25,25,25,25,25,25
40210,1,1,0,0,0,0,0,0,0,0,0,0
40211,0,1,0,0,0,0,0,0,0,0,0,0
40211,1,1,0,0,0,0,0,0,0,0,0,0
40212,1,1,0,28,0,0,0,0,0,0,0,0
40212,2,1,0,0,0,0,0,0,0,0,0,0
40213,0,1,0,0,0,0,0,0,0,0,0,0
40213,1,1,0,0,0,0,0,0,0,0,0,0
40214,1,1,0,0,0,0,0,0,0,0,0,0
40214,2,1,0,0,0,0,0,0,0,0,0,0
40215,1,1,0,0,0,0,0,0,0,0,0,0
40215,2,1,0,0,0,0,0,0,0,0,0,0
40216,1,1,0,0,0,0,0,0,0,0,0,0
40216,2,1,0,0,0,0,0,0,0,0,0,0
40217,1,1,0,0,0,0,0,0,0,0,0,0
40218,1,1,0,0,0,0,0,0,0,0,0,0
40218,2,1,0,0,0,0,0,0,0,23,0,0
40218,3,1,0,0,0,0,25,0,0,33,7,0
40219,1,1,0,0,10,0,25,0,0,0,0,0
40219,2,1,0,10,6,0,0,0,0,0,0,0
40220,1,1,0,0,0,20,15,0,0,0,0,0
40220,2,1,0,0,0,0,0,8,0,0,0,0
40220,3,1,0,0,0,0,0,0,0,0,22,0
40221,1,1,0,8,18,23,0,19,0,18,0,0
40222,0,1,40,16,0,0,0,19,0,0,0,0
40222,1,1,0,2,15,0,21,0,0,0,0,0
40223,0,1,17,17,17,17,17,17,17,17,17,17
40223,1,1,0,0,0,8,0,0,0,13,0,0
40224,1,1,0,0,25,0,0,0,13,16,0,0
40224,2,1,28,0,0,0,20,0,7,6,0,7
40225,0,1,0,0,18,0,31,25,0,0,0,0
40225,1,1,16,26,11,13,12,0,22,0,17,24
40226,1,1,21,6,13,23,24,17,16,12,17,4
40227,0,1,16,16,16,16,16,16,16,16,16,16
40227,1,1,0,13,0,0,0,0,0,0,0,0
40227,2,1,0,0,0,0,0,0,0,8,0,0
40227,3,1,0,0,0,8,19,5,0,0,0,0
40227,4,1,0,0,20,0,0,0,0,12,0,15
40228,0,1,21,21,21,21,21,21,21,21,21,21
40228,1,1,15,23,0,10,0,0,10,34,0,0
40229,0,1,0,0,0,0,0,0,0,0,0,0
40229,1,1,0,0,0,0,0,0,0,0,0,0
40230,0,1,0,0,0,28,0,18,0,0,0,0
40230,1,1,0,0,0,0,0,0,0,0,0,0
40231,1,1,13,18,0,0,0,13,0,6,36,0
40232,0,1,0,0,0,0,0,0,0,0,0,0
40232,1,1,14,0,0,0,0,0,0,8,0,0
40233,1,1,0,8,0,0,0,0,0,4,0,0
40233,2,1,0,0,0,0,0,0,0,0,0,0
40234,1,1,0,0,0,0,0,0,0,0,0,0
40234,2,1,0,22,0,23,0,19,21,0,0,0
40235,1,1,0,0,0,0,0,0,0,0,0,0
40235,2,1,0,0,0,0,0,0,0,0,0,0
40236,0,1,45,45,45,45,45,45,45,45,45,45
40236,1,1,0,0,0,11,0,0,0,10,0,17
40237,1,1,0,0,0,0,0,0,0,0,0,0
40237,2,1,20,12,0,0,0,0,0,0,0,0