ST_CASE,VEH_NO,PER_NO,P1,P2,P3,P4,P5,P6,P7,P8,P9,P10
40238,1,1,0,0,0,0,14,0,14,8,0,8
40239,1,1,0,0,0,0,16,0,0,13,0,15
40239,2,1,0,0,22,7,0,0,25,14,0,0
40240,0,1,0,0,0,0,0,0,0,0,0,0
40240,1,1,0,0,0,0,0,0,0,0,0,0
40241,1,1,18,2,0,15,14,9,26,10,14,9
40241,2,1,0,0,0,0,0,0,0,16,16,0
40241,3,1,0,0,0,0,0,0,0,0,0,0
40242,0,1,20,20,20,20,20,20,20,20,20,20
40242,1,1,0,0,0,0,0,0,0,24,0,0
40243,0,1,25,25,25,25,25,25,25,25,25,25
40243,1,1,7,11,0,0,0,10,16,0,0,0
40244,1,1,0,0,0,0,0,0,0,14,15,6
40244,2,1,8,0,2,2,0,0,0,0,0,0
40245,1,1,0,0,22,14,20,0,18,13,0,11
40246,0,1,0,38,0,0,18,0,0,0,0,0
40246,1,1,0,0,0,0,0,0,0,0,0,0
40246,3,1,0,0,0,0,0,0,0,0,0,0
40247,0,1,0,0,20,0,22,0,2,0,0,2
40247,1,1,0,0,0,44,0,0,0,14,16,0
40247,2,1,0,16,18,0,0,0,23,0,28,0
40248,1,1,0,19,10,5,10,0,31,0,14,28
40249,1,1,0,0,0,0,0,0,0,0,0,0
40249,2,1,0,40,0,0,0,0,0,0,0,0
40249,3,1,0,0,0,0,0,0,0,0,0,0
40249,4,1,0,0,0,0,0,0,0,0,0,0
40250,1,1,0,0,0,0,0,0,0,0,0,0
40250,2,1,0,0,0,0,0,0,0,0,0,15
40251,1,1,10,10,10,10,10,10,10,10,10,10
40252,1,1,0,0,0,0,0,0,0,0,0,0
40252,2,1,0,0,0,0,0,4,0,0,0,0
40253,1,1,19,19,19,19,19,19,19,19,19,19
40254,1,1,0,0,0,0,0,0,0,0,0,0
40254,2,1,0,0,0,0,0,0,0,0,0,0
40255,0,1,0,0,0,0,0,0,0,0,0,0
40255,1,1,0,0,0,19,5,0,0,4,8,0
40256,1,1,0,0,0,0,0,0,0,0,0,0
40256,2,1,24,0,0,9,7,0,17,0,5,0
40257,1,1,0,0,0,0,0,0,0,0,0,0
40258,1,1,0,0,0,0,0,0,0,0,0,0
40258,2,1,0,0,0,0,0,0,0,0,0,0
40259,1,1,0,0,0,7,0,0,0,0,0,0
40259,2,1,0,0,0,15,0,0,0,0,0,0
40259,3,1,0,0,0,0,0,0,0,0,0,0
40259,4,1,0,22,0,0,0,0,0,16,12,0
40260,1,1,0,0,0,0,0,0,0,0,0,0
40260,2,1,0,6,0,0,0,11,0,0,0,0
40261,1,1,0,17,25,12,0,12,4,0,10,28
40262,0,1,36,36,36,36,36,36,36,36,36,36
40262,1,1,8,11,0,27,9,0,14,21,18,20
40263,0,1,28,28,28,28,28,28,28,28,28,28
40263,1,1,0,0,0,0,0,0,0,0,0,0
40264,1,1,12,12,0,16,0,0,0,0,0,0
40264,2,1,0,0,0,0,0,0,0,0,0,0
40265,0,1,28,28,28,28,28,28,28,28,28,28
40265,1,1,0,0,0,0,0,0,0,0,0,0
40265,2,1,12,0,0,0,0,0,0,0,0,0
40265,3,1,0,0,0,0,0,0,0,7,0,0
40265,4,1,0,0,0,0,0,0,0,0,0,0
40266,1,1,0,0,0,0,0,0,0,0,0,0
40266,2,1,12,0,0,0,0,0,0,0,0,0
40266,3,1,0,0,0,0,0,0,0,0,0,0
40267,1,1,39,18,13,14,13,16,21,0,12,0
40267,2,1,0,0,0,0,0,0,0,0,0,0
40267,3,1,0,0,0,0,0,0,0,0,0,0
40268,1,1,0,0,0,0,0,0,0,0,0,0
40268,2,1,0,0,0,0,0,0,0,0,0,0
40269,0,1,0,0,0,16,15,26,7,24,0,15
40269,1,1,0,0,0,0,0,0,0,0,0,12
40269,2,1,34,0,0,0,0,0,13,36,7,0
40269,3,1,0,29,0,0,0,0,0,24,17,0
40269,4,1,0,10,0,0,0,0,19,13,0,0
40270,1,1,0,18,0,0,0,21,0,0,0,0
40270,2,1,0,0,0,0,0,0,0,0,0,0
40271,0,1,7,22,26,31,0,15,6,21,0,28
40271,0,2,39,29,26,0,24,21,17,33,25,26
40271,1,1,27,0,0,0,0,0,0,10,0,0
40272,1,1,0,9,0,0,0,6,0,0,22,12
40272,2,1,0,0,0,28,29,0,11,0,0,0
40273,1,1,0,0,0,0,0,0,0,0,0,0
40274,1,1,20,20,20,20,20,20,20,20,20,20
40274,2,1,0,0,0,0,0,0,0,0,0,0
40274,3,1,15,14,0,0,0,0,20,0,0,31
40275,1,1,0,0,0,0,0,0,0,0,0,0
40275,2,1,0,0,31,2,0,0,0,0,0,21
40276,1,1,0,12,0,30,0,0,0,28,0,0
40277,1,1,24,24,24,24,24,24,24,24,24,24
40278,0,1,0,0,0,0,0,0,0,0,0,0
40278,1,1,19,3,0,0,10,16,0,12,24,0
40279,0,1,0,0,43,0,0,22,0,17,0,4
40279,1,1,0,25,0,28,0,6,9,0,12,31
40280,1,1,0,0,0,0,0,0,0,0,0,0
40280,2,1,0,0,0,0,0,0,0,0,0,0
40281,1,1,0,3,0,0,9,0,0,0,0,11
40281,2,1,0,0,0,0,0,0,0,0,0,0
40282,1,1,0,13,0,0,0,0,0,0,0,0
40282,2,1,0,0,0,0,0,13,0,0,0,0
40283,0,1,0,0,0,0,0,0,0,0,0,0
40283,1,1,11,11,11,11,11,11,11,11,11,11
40284,0,1,0,0,0,0,0,0,0,0,0,0
40284,1,1,7,18,0,7,11,0,0,0,0,0
40285,0,1,0,0,22,13,0,23,0,9,0,0
40285,1,1,0,0,0,0,11,0,0,0,0,0
40286,1,1,13,13,13,13,13,13,13,13,13,13
40287,0,1,34,34,34,34,34,34,34,34,34,34
40287,1,1,11,30,0,10,0,0,0,13,0,0
40288,1,1,0,0,0,0,15,0,0,0,11,15
40288,2,1,0,0,0,0,0,0,0,30,0,29
40289,1,1,0,0,0,0,0,0,0,0,0,0
40289,2,1,26,8,6,32,3,11,0,22,9,12
40290,1,1,16,21,10,7,18,18,25,25,17,20
40291,1,1,0,16,0,0,0,0,0,0,8,0
40291,2,1,0,0,0,7,0,0,0,0,0,0
40291,3,1,0,16,0,0,0,0,9,0,0,0
40293,0,1,18,0,0,0,0,0,24,0,0,0
40293,1,1,0,0,0,0,0,0,0,0,0,0
40294,0,1,28,0,17,0,0,0,0,0,0,0
40294,1,1,0,0,0,0,0,0,0,0,0,0
40295,1,1,0,12,0,0,0,4,0,0,0,22
40295,2,1,0,0,0,0,0,0,0,0,0,0
40296,1,1,0,0,12,5,12,0,0,0,10,0
40297,0,1,0,0,0,0,0,15,0,0,0,0
40297,2,1,0,0,0,0,0,0,3,0,0,0
40298,1,1,0,0,0,0,0,0,0,0,0,0
40298,2,1,6,0,0,0,0,0,0,0,0,0
40298,3,1,0,0,0,0,0,0,0,0,0,0
40299,0,1,37,37,37,37,37,37,37,37,37,37
40299,1,1,15,0,0,0,0,0,0,0,0,21
40300,0,1,36,0,0,38,39,0,0,15,0,0
40300,1,1,3,0,20,11,12,20,9,14,0,0
40301,0,1,0,0,0,0,0,0,0,0,0,0
40301,1,1,19,0,0,22,0,0,15,0,0,16
40302,1,1,9,0,0,0,20,0,0,15,0,0
40302,2,1,0,0,0,0,0,0,0,0,0,0
40303,1,1,0,0,0,17,0,19,12,13,0,0
40304,1,1,0,0,0,0,0,0,0,0,0,0
40304,2,1,0,0,5,0,0,0,0,0,0,0
40305,0,1,0,0,0,0,0,0,0,0,0,0
40305,1,1,9,10,8,0,0,0,0,0,0,0
40306,0,1,0,18,0,0,24,0,0,0,0,0
40306,0,2,17,0,0,0,0,8,0,0,22,26
40306,1,1,0,0,13,22,0,0,18,0,5,0
40307,1,1,0,0,0,0,0,0,0,0,0,0
40307,2,1,0,0,0,0,0,0,0,0,0,0
40309,0,1,0,0,0,0,0,0,0,0,0,0
40309,1,1,34,0,0,0,0,17,0,0,11,36
40310,1,1,0,24,0,0,8,0,8,8,20,20
40311,1,1,0,0,17,0,13,0,18,0,9,0
40312,1,1,0,12,11,14,0,18,20,0,0,8
40313,0,1,0,0,0,0,0,0,0,0,0,0
40313,0,2,0,0,29,17,13,0,0,0,0,23
40313,1,1,0,0,26,0,13,8,0,0,22,11
40314,1,1,0,0,0,0,0,0,0,0,0,0
40314,2,1,0,0,0,0,0,0,0,0,0,0
40314,3,1,0,0,0,0,0,0,0,0,0,0
40315,0,1,0,0,0,0,0,0,0,0,0,0
40315,1,1,0,0,0,0,0,0,21,0,0,0
40316,1,1,18,0,0,0,0,0,26,0,0,0
40317,0,1,0,0,32,0,0,0,0,0,0,0
40317,1,1,0,0,0,0,0,0,0,0,0,0
40318,0,1,0,0,13,31,0,0,15,0,6,0
40318,1,1,0,0,0,0,0,0,0,0,0,0
40318,2,1,0,8,0,33,6,0,0,23,0,0
40319,1,1,0,0,0,0,13,0,0,0,0,0
40320,1,1,0,0,0,0,22,0,0,0,27,0
40320,2,1,0,7,13,15,22,12,0,11,18,0
40321,1,1,30,30,30,30,30,30,30,30,30,30
40321,2,1,0,47,0,0,19,23,0,0,15,0
40322,1,1,0,0,0,0,0,0,0,0,0,0
40322,2,1,0,0,0,0,0,0,0,0,0,0
40323,1,1,0,18,0,18,0,15,0,14,13,0
40324,0,1,32,32,32,32,32,32,32,32,32,32
40324,1,1,0,0,0,0,0,0,0,0,0,0
40325,1,1,23,0,18,0,17,14,9,11,3,0
40325,2,1,17,0,0,0,0,6,0,0,28,16
40326,1,1,0,0,0,0,0,0,0,0,4,0
40326,2,1,0,11,0,0,0,0,0,16,7,0
40327,1,1,0,0,0,0,0,0,15,0,0,0
40327,2,1,0,0,0,0,0,0,0,0,0,0
40328,1,1,26,26,26,26,26,26,26,26,26,26
40329,1,1,1,1,1,1,1,1,1,1,1,1
40330,0,1,8,28,0,19,14,32,0,0,0,0
40330,1,1,0,0,0,21,0,0,0,21,3,0
40331,1,1,18,9,10,9,15,0,6,19,25,33
40332,0,1,0,0,0,0,0,0,0,0,0,0
40332,1,1,0,0,0,0,0,0,10,0,0,11
40333,1,1,0,26,12,11,0,22,0,4,13,9
40333,2,1,0,11,0,0,0,0,0,0,0,0
40334,1,1,0,0,0,0,0,0,0,0,0,0
40335,1,1,0,0,0,0,0,0,0,0,0,0
40335,2,1,18,18,18,18,18,18,18,18,18,18
40335,3,1,0,42,0,24,0,0,0,0,0,0
40336,1,1,6,0,0,0,0,0,10,21,0,12
40337,0,1,29,8,14,24,0,16,29,13,31,5
40337,1,1,0,0,0,0,0,6,1,0,0,0
40338,0,1,18,0,0,0,0,14,0,0,0,0
40338,1,1,0,0,0,0,0,0,0,0,0,10
40339,1,1,0,0,0,0,26,0,0,0,0,0
40339,2,1,0,0,0,0,0,0,0,2,0,0
40340,1,1,0,0,0,0,0,0,0,0,0,0
40340,2,1,11,11,11,11,11,11,11,11,11,11
40342,1,1,0,0,0,0,0,6,11,0,17,0
40342,2,1,0,0,0,0,0,0,16,0,0,0
40343,1,1,0,0,0,0,0,0,0,0,7,0
40343,2,1,0,0,0,0,0,0,0,0,0,0
40344,0,1,18,18,18,18,18,18,18,18,18,18
40344,1,1,10,0,0,7,17,21,8,7,12,0
40345,0,1,0,0,0,0,0,0,0,0,0,0
40345,1,1,0,0,0,0,0,0,0,0,0,0
40346,1,1,0,0,0,20,0,0,0,23,7,22
40347,1,1,16,0,20,0,9,0,0,0,0,6
40348,0,1,0,0,0,0,0,0,0,0,0,0
40348,1,1,0,0,0,0,0,0,0,0,0,0
40349,1,1,0,0,0,0,0,0,0,0,0,0
40350,1,1,19,19,19,19,19,19,19,19,19,19
40351,1,1,0,0,0,0,0,0,0,0,0,0
40352,1,1,1,1,1,1,1,1,1,1,1,1
40352,2,1,0,0,0,19,0,0,17,0,12,0
40353,1,1,0,0,0,0,0,0,12,18,13,0
40354,0,1,0,0,0,23,0,0,0,0,0,0
40354,1,1,0,0,12,0,0,12,0,0,0,0
40355,1,1,0,0,0,0,0,0,0,0,0,0
40355,2,1,11,0,0,0,0,0,0,0,0,0
40356,0,1,36,0,15,0,11,0,26,34,34,0
40356,1,1,0,0,10,23,13,22,11,0,37,14
40357,0,1,41,41,41,41,41,41,41,41,41,41
40357,1,1,6,10,12,23,13,5,14,25,15,11
40358,1,1,7,0,24,44,15,14,29,16,26,9
40359,0,1,40,40,40,40,40,40,40,40,40,40
40359,1,1,0,0,0,7,0,26,0,0,0,0
40360,0,1,24,24,24,24,24,24,24,24,24,24
40360,1,1,0,18,0,17,0,0,0,9,0,0
40361,1,1,17,17,17,17,17,17,17,17,17,17
40362,1,1,21,21,21,21,21,21,21,21,21,21
40362,2,1,3,0,0,0,0,0,0,0,0,0
40363,0,1,5,0,0,0,0,11,0,11,0,0
40363,1,1,0,0,0,0,0,18,0,0,0,20
40364,0,1,22,22,22,22,22,22,22,22,22,22
40364,1,1,13,20,15,0,10,0,21,21,24,1
40365,1,1,14,14,14,14,14,14,14,14,14,14
40366,1,1,0,26,0,0,0,0,11,20,0,0
40366,2,1,0,0,0,0,12,0,0,0,0,0
40367,1,1,7,7,7,7,7,7,7,7,7,7
40367,2,1,0,0,0,0,0,0,0,0,0,0
40367,3,1,0,0,0,26,0,0,0,9,13,6
40368,1,1,0,0,5,0,0,21,13,0,0,0
40369,0,1,0,0,0,0,0,0,0,0,0,0
40369,1,1,20,10,15,18,0,0,16,20,0,4
40370,1,1,0,0,0,0,0,0,0,0,0,0
40370,2,1,0,0,0,0,0,0,0,0,0,0
40371,0,1,0,0,0,0,0,0,0,0,0,0
40371,1,1,0,0,0,31,10,0,15,29,0,0
40372,1,1,16,0,0,17,12,0,17,13,0,17
40373,1,1,0,0,0,0,0,0,0,0,0,0
40374,0,1,0,0,0,0,0,0,0,0,0,0
40374,1,1,0,0,30,0,0,0,0,0,0,0
40375,1,1,0,0,0,0,0,0,0,0,0,0
40375,2,1,0,0,0,0,0,14,0,0,18,0
40376,1,1,5,5,5,5,5,5,5,5,5,5
40377,1,1,0,0,0,0,0,0,25,0,0,0
40378,1,1,0,0,0,0,0,0,0,20,11,6
40378,2,1,0,0,0,0,0,0,0,0,0,0
40379,1,1,15,10,0,14,4,15,26,9,10,20
40380,1,1,20,26,3,16,20,27,24,10,15,20
40381,0,1,0,0,0,0,0,0,0,0,0,0
40381,1,1,0,0,0,0,18,0,0,0,15,0
40382,1,1,0,0,0,0,0,0,0,0,0,0
40382,2,1,0,0,0,0,0,0,0,0,0,0
40382,3,1,0,16,0,0,0,0,0,0,0,0
40382,4,1,0,8,0,0,0,0,0,0,0,0
40383,1,1,0,0,0,0,0,0,0,0,0,0
40383,2,1,0,0,0,0,0,0,0,0,0,0
40384,1,1,0,0,0,0,0,0,0,0,0,0
40384,2,1,0,0,0,0,0,0,0,0,0,0
40384,3,1,11,0,0,0,0,0,0,27,0,19
40385,1,1,0,0,0,0,0,0,0,0,0,0
40385,2,1,15,0,0,0,0,0,0,0,19,21
40386,1,1,23,0,0,0,0,0,0,0,0,0
40387,1,1,0,0,0,0,0,0,0,0,0,15
40387,2,1,0,0,0,0,0,0,0,0,0,16
40388,1,1,9,0,0,11,0,21,18,0,15,18
40389,1,1,11,0,0,0,9,26,7,0,0,9
40389,2,1,0,7,8,0,0,0,0,14,5,0
40390,1,1,0,0,0,0,0,0,0,0,0,0
40391,1,1,0,0,0,0,0,0,0,0,0,0
40391,2,1,0,0,11,0,0,0,0,0,0,0
40392,2,1,0,0,0,0,0,0,0,0,0,0
40393,1,1,12,31,20,8,0,0,0,22,0,0
40394,0,1,0,0,0,0,0,0,0,0,0,0
40394,1,1,0,0,0,0,0,0,0,0,0,0
40395,1,1,20,33,22,19,9,25,45,0,22,8
40396,1,1,4,8,0,0,0,0,3,0,13,0
40396,2,1,0,0,0,2,0,0,0,0,0,0
40397,0,1,0,0,0,0,0,0,0,0,0,0
40397,1,1,0,0,0,0,0,23,0,0,0,10
40398,1,1,24,16,0,0,0,10,17,22,13,0
40399,0,1,0,0,0,36,0,21,10,0,44,0
40399,1,1,16,0,7,14,0,0,15,7,0,25
40401,1,1,28,22,0,16,13,14,0,11,11,34
40402,0,1,0,0,0,0,0,0,0,0,0,0
40402,0,2,21,17,0,0,0,0,0,0,0,6
40402,3,1,0,0,0,0,0,15,0,19,0,0
40402,4,1,11,0,20,15,23,0,0,14,0,0
40404,0,1,0,6,0,20,0,0,0,32,0,10
40404,1,1,0,15,0,16,7,0,0,7,0,6
40405,1,1,10,0,7,17,0,0,19,10,0,0
40405,2,1,0,0,0,0,0,0,0,0,0,3
40406,0,1,10,10,10,10,10,10,10,10,10,10
40406,1,1,0,0,0,0,0,0,0,0,0,0
40407,0,1,0,0,19,0,0,0,15,0,30,0
40407,1,1,0,0,0,0,0,0,0,0,0,0
40408,1,1,2,30,19,5,19,7,0,17,0,17
40409,1,1,0,30,18,33,24,0,20,0,18,0
40409,2,1,0,0,0,27,6,5,0,18,5,11
40409,3,1,8,0,6,7,9,27,9,9,12,0
40410,1,1,0,0,20,0,0,14,18,0,0,0
40410,2,1,0,0,0,0,23,0,0,0,14,26
40411,1,1,7,0,0,0,0,0,4,15,0,0
40411,2,1,0,0,0,0,0,0,0,0,0,0
40412,0,1,0,0,0,0,0,0,0,0,0,0
40412,1,1,0,0,0,16,7,13,0,0,0,14
40413,1,1,0,0,0,0,17,0,0,0,0,0
40413,2,1,0,0,8,0,0,0,0,0,0,0
40414,1,1,0,0,0,0,0,0,30,0,0,0
40414,2,1,0,0,0,2,0,0,0,3,0,0
40416,1,1,0,0,0,0,0,0,0,0,0,0
40417,1,1,0,9,10,0,0,0,0,0,0,0
40418,1,1,23,0,0,0,17,16,21,0,7,0
40418,2,1,15,24,0,11,0,6,12,12,15,20
40419,1,1,0,6,0,12,14,0,0,0,0,12
40420,0,1,0,26,0,8,0,0,0,0,0,32
40420,1,1,16,22,17,5,13,18,15,9,24,18
40421,0,1,5,0,0,0,0,0,0,26,15,26
40421,1,1,0,0,0,0,0,0,0,12,0,25
40422,1,1,0,0,0,0,0,0,0,0,0,0
40422,2,1,0,0,0,0,0,0,0,0,0,0
40423,1,1,0,0,0,0,0,0,0,0,0,0
40423,2,1,0,0,0,0,0,0,0,27,0,16
40424,1,1,13,12,11,12,0,9,19,15,34,13
40425,1,1,0,0,0,0,0,0,0,0,0,0
40425,2,1,8,0,0,0,0,0,0,0,0,0
40426,0,1,0,0,0,0,0,0,0,0,0,0
40426,1,1,0,0,0,11,0,11,0,0,0,0
40428,0,1,0,0,0,0,0,0,0,0,0,0
40428,1,1,0,0,0,0,0,0,0,9,0,0
40429,1,1,1,1,1,1,1,1,1,1,1,1
40429,2,1,0,0,0,11,0,0,0,21,0,0
40430,0,1,15,16,0,24,5,5,18,4,12,6
40430,1,1,0,0,0,7,14,0,0,6,0,0
40430,2,1,0,0,30,0,6,0,0,8,15,0
40431,1,1,0,0,16,0,0,0,0,0,10,24
40431,2,1,0,0,0,0,0,0,0,0,0,0
40432,0,1,0,0,0,0,0,0,0,0,0,0
40432,1,1,0,0,0,0,0,0,0,0,0,0
40433,1,1,0,0,0,0,0,0,0,0,0,0
40433,2,1,0,0,0,0,0,0,0,0,0,0
40434,1,1,0,0,0,0,0,0,0,0,0,0
40435,1,1,0,0,10,0,0,0,16,0,0,0
40435,2,1,0,0,0,0,0,0,0,0,0,0
40436,1,1,20,20,20,20,20,20,20,20,20,20
40437,1,1,20,20,20,20,20,20,20,20,20,20
40437,2,1,0,18,0,8,0,0,0,0,0,6
40438,1,1,0,0,18,0,0,0,0,18,0,0
40438,2,1,0,0,0,0,0,14,0,32,0,0
40439,1,1,0,0,0,0,0,0,0,0,0,0
40439,2,1,9,0,0,0,0,0,0,0,26,0
40440,1,1,36,36,36,36,36,36,36,36,36,36
40441,0,1,21,31,6,22,0,19,0,29,42,44
40441,1,1,0,0,15,0,0,0,0,0,0,0
40442,1,1,26,24,5,35,7,16,12,9,20,23
40443,0,1,0,0,0,0,0,0,0,0,0,0
40443,0,2,13,0,0,9,0,0,0,9,0,0
40443,1,1,16,6,6,11,26,17,28,1,16,0
40444,0,1,0,0,0,0,0,0,0,0,0,0
40444,1,1,0,0,9,12,8,0,0,18,0,0
40445,0,1,0,0,0,0,0,0,0,0,0,0
40445,1,1,0,0,0,0,0,0,0,0,0,0
40446,1,1,0,27,24,12,0,12,0,14,0,0
40447,1,1,0,0,0,0,0,0,0,0,0,0
40447,2,1,0,0,0,24,20,0,36,0,0,0
40448,1,1,0,24,0,0,0,0,0,0,0,0
40448,2,1,0,0,0,0,0,0,0,0,0,0
40449,1,1,0,14,19,12,0,0,0,0,0,0
40449,2,1,0,9,13,0,0,0,0,10,0,0
40450,1,1,5,9,20,27,0,13,10,15,29,9
40450,2,1,0,0,0,0,0,0,0,0,0,0
40451,1,1,0,0,0,0,0,0,0,0,0,0
40452,1,1,17,10,22,8,15,0,15,14,11,17
40452,2,1,0,0,9,0,0,19,0,0,0,14
40453,1,1,0,0,0,0,0,0,18,0,29,0
40453,2,1,0,0,0,0,0,0,0,0,0,0
40453,3,1,0,0,14,0,50,0,0,0,0,0
40454,1,1,0,0,14,0,0,0,0,0,0,0
40454,2,1,0,0,0,0,0,0,5,0,0,0
40455,1,1,9,0,40,20,35,34,24,0,44,0
40456,0,1,0,0,0,0,13,0,16,12,0,16
40456,1,1,0,0,0,0,0,0,0,0,0,0
40457,1,1,0,13,0,0,0,0,0,0,0,0
40457,2,1,0,0,0,0,0,0,0,0,0,0
40458,1,1,0,0,0,0,0,0,12,0,0,0
40459,1,1,9,28,26,25,11,0,0,20,13,14
40460,1,1,41,41,41,41,41,41,41,41,41,41
40460,2,1,0,0,0,0,0,0,0,6,0,0
40461,1,1,10,0,0,27,18,14,14,20,23,17
40462,1,1,0,0,0,0,0,0,0,0,0,0
40462,2,1,0,16,0,0,0,15,12,0,0,19
40462,3,1,9,8,9,0,0,18,20,16,0,0
40463,1,1,0,0,14,0,0,0,0,0,0,0
40463,2,1,0,0,0,0,0,0,0,0,0,0
40464,1,1,0,0,0,0,0,28,0,18,0,0
40465,1,1,0,0,0,0,0,0,0,0,0,0
40467,1,1,36,36,36,36,36,36,36,36,36,36
40468,1,1,5,6,22,30,0,5,4,7,5,11
40469,1,1,14,0,12,17,0,0,0,0,0,20
40470,1,1,0,0,0,0,0,0,16,0,0,0
40470,2,1,0,0,2,0,0,0,0,0,0,0
40471,1,1,0,0,0,0,0,0,0,0,0,0
40472,1,1,21,21,21,21,21,21,21,21,21,21
40472,2,1,0,0,21,12,0,0,0,0,0,0
40473,1,1,4,0,0,0,0,0,0,0,0,0
40473,2,1,0,0,0,0,0,6,0,0,0,0
40474,1,1,0,0,0,0,0,0,0,0,0,0
40474,2,1,5,6,0,0,0,0,0,27,0,8
40475,1,1,0,0,0,0,0,0,0,0,0,0
40476,1,1,10,0,0,0,0,5,0,33,0,11
40477,1,1,0,0,0,0,0,0,0,0,0,0
40478,1,1,30,0,15,10,12,0,0,17,25,7
40479,1,1,26,26,26,26,26,26,26,26,26,26
40480,0,1,10,0,0,0,0,0,0,23,0,19
40480,1,1,29,0,22,20,0,26,0,0,10,0
40481,0,1,0,0,0,0,0,0,0,0,11,0
40481,1,1,0,0,12,26,0,0,0,22,0,0
40482,1,1,10,6,7,14,8,19,8,15,10,21
40483,1,1,20,20,20,20,20,20,20,20,20,20
40483,2,1,24,0,0,0,8,20,0,10,6,22
40484,1,1,26,0,2,0,0,0,0,0,0,12
40484,2,1,25,0,0,0,0,0,14,0,0,7
40485,1,1,0,0,0,0,0,0,0,14,14,0
40486,1,1,23,23,23,23,23,23,23,23,23,23
40486,2,1,21,0,0,0,0,0,22,0,0,11
40487,1,1,0,0,0,0,0,0,0,0,0,4
40487,2,1,0,0,0,0,0,0,0,0,0,0
40488,1,1,49,49,49,49,49,49,49,49,49,49
40488,2,1,22,13,26,0,0,0,0,0,0,0
40489,1,1,0,0,9,0,0,0,0,11,0,0
40489,2,1,0,0,0,0,0,0,0,0,0,0
40490,1,1,0,0,0,0,0,0,0,0,0,0
40490,2,1,0,0,0,0,0,0,4,0,0,0
40491,1,1,28,0,31,0,0,0,0,0,24,0
40492,1,1,14,14,14,14,14,14,14,14,14,14
40493,1,1,0,24,0,7,0,38,0,14,0,0
40494,1,1,0,0,19,0,0,0,0,0,0,0
40494,2,1,0,15,20,0,0,0,0,0,0,0
40495,1,1,0,0,0,0,0,0,0,0,0,0
40495,2,1,0,0,0,0,0,0,0,0,0,0
40496,1,1,15,15,15,15,15,15,15,15,15,15
40496,2,1,0,13,0,0,0,0,0,0,0,0
40497,1,1,0,0,0,12,0,0,19,21,0,0
40497,2,1,0,0,0,0,0,0,12,11,0,0
40498,1,1,0,0,0,0,0,0,0,0,0,0
40499,1,1,0,20,0,0,0,18,0,0,0,0
40499,2,1,0,0,24,0,0,15,25,0,0,0
40500,1,1,0,0,0,0,0,0,0,0,0,0
40501,1,1,19,17,0,0,0,0,0,0,21,7
40501,2,1,0,0,0,14,0,0,0,0,0,0
40502,1,1,0,0,0,0,0,0,0,0,0,0
40503,1,1,3,0,0,0,0,25,0,0,0,0
40504,0,1,6,6,6,6,6,6,6,6,6,6
40504,1,1,18,19,0,16,0,0,0,17,0,0
40505,1,1,0,0,0,0,0,0,0,0,0,0
40505,2,1,0,0,0,0,0,0,0,0,0,0
40506,1,1,0,0,0,0,0,0,0,0,0,0
40507,0,1,0,0,0,0,0,0,0,0,0,0
40507,1,1,0,6,0,0,0,0,0,0,0,0
40508,1,1,14,1,12,22,18,0,20,16,12,21
40508,2,1,0,0,0,6,44,24,11,27,3,0
40509,1,1,0,0,0,0,0,0,0,0,0,0
40509,2,1,0,9,15,0,16,0,0,0,0,0
40510,1,1,27,0,0,0,0,0,0,0,0,0
40510,2,1,0,0,0,0,0,0,0,0,0,0
40511,0,1,0,13,0,0,0,25,0,0,0,17
40511,1,1,14,16,0,0,12,0,8,28,15,0
40511,2,1,0,0,0,6,0,0,0,13,10,0
40512,0,1,0,0,0,0,0,0,0,0,0,0
40512,1,1,12,0,0,37,0,13,22,0,0,0
40513,1,1,21,21,21,21,21,21,21,21,21,21
40513,2,1,0,0,0,0,0,0,0,0,0,0
40514,1,1,21,0,0,0,0,0,0,0,0,0
40515,1,1,0,0,0,0,0,0,0,0,0,0
40515,2,1,0,0,0,0,0,0,0,0,0,0
40516,1,1,0,0,0,0,0,0,0,0,0,0
40516,2,1,0,0,14,0,0,0,22,0,9,0
40517,0,1,0,0,0,0,0,0,0,0,0,0
40518,1,1,29,29,29,29,29,29,29,29,29,29
40519,1,1,0,0,0,0,0,0,0,0,0,0
40519,2,1,0,0,0,11,18,18,7,0,22,32
40519,3,1,0,0,0,49,0,17,12,0,0,0
40521,0,1,27,40,20,24,14,26,17,8,5,0
40521,1,1,10,0,0,13,8,10,0,0,0,0
40522,0,1,28,28,28,28,28,28,28,28,28,28
40522,1,1,19,0,0,9,0,23,22,6,0,19
40523,1,1,0,0,0,0,0,0,0,0,0,0
40524,1,1,23,0,22,7,9,0,0,0,0,9
40524,2,1,0,0,0,0,0,0,0,0,0,0
40525,1,1,0,0,0,15,0,6,11,22,34,8
40525,2,1,0,0,0,0,0,0,0,0,0,0
40526,1,1,0,0,0,0,0,0,0,0,0,0
40526,2,1,0,0,0,0,0,23,0,0,0,9
40527,1,1,17,17,17,17,17,17,17,17,17,17
40529,1,1,0,0,0,0,0,0,0,0,0,0
40530,1,1,32,11,11,7,20,22,19,8,21,41
40530,2,1,0,0,0,0,0,0,0,0,0,0
40530,3,1,18,0,0,0,0,19,0,0,0,0
40531,1,1,0,0,16,0,0,0,0,0,10,12
40531,2,1,0,0,0,0,0,0,0,0,13,0
40532,1,1,0,0,0,0,0,0,0,0,0,0
40533,0,1,0,0,0,0,0,0,0,0,0,0
40533,1,1,0,10,0,0,17,0,0,13,5,13
40534,1,1,2,2,2,2,2,2,2,2,2,2