ST_CASE,VEH_NO,PER_NO,P1,P2,P3,P4,P5,P6,P7,P8,P9,P10
40535,1,1,11,0,0,0,0,0,0,0,0,26
40535,2,1,0,0,0,0,24,0,0,0,0,0
40536,1,1,21,0,29,0,0,0,24,0,0,0
40536,2,1,0,0,0,0,0,0,0,0,0,0
40536,3,1,0,0,0,0,0,0,0,0,0,0
40537,1,1,0,0,0,0,0,0,0,0,0,0
40537,2,1,3,0,0,0,0,0,5,0,0,0
40538,1,1,0,0,0,0,0,0,0,0,9,21
40538,2,1,0,0,0,0,0,0,0,0,0,0
40539,1,1,0,0,0,0,0,0,0,0,0,0
40539,2,1,0,0,0,17,0,0,0,0,0,0
40540,1,1,10,0,28,16,11,19,38,0,26,15
40541,1,1,15,16,7,28,15,19,18,11,20,26
40541,2,1,0,0,0,24,0,0,29,19,0,18
40542,1,1,32,21,8,18,22,25,15,46,18,11
40543,1,1,10,23,7,27,26,24,34,4,19,28
40543,2,1,0,0,0,0,0,0,0,0,0,0
40543,3,1,0,0,0,13,0,13,0,4,15,0
40543,4,1,10,0,0,9,0,0,0,0,0,0
40544,1,1,0,11,6,26,0,12,6,14,17,25
40545,1,1,27,27,27,27,27,27,27,27,27,27
40546,0,1,0,27,21,21,30,25,49,29,16,17
40546,1,1,16,12,0,0,17,0,0,0,12,0
40546,2,1,5,16,0,16,21,0,24,12,7,15
40546,3,1,10,0,0,0,0,0,0,0,0,13
40547,0,1,0,0,0,0,0,0,0,0,0,0
40547,1,1,9,9,13,6,17,26,23,3,24,9
40548,1,1,0,0,0,0,0,0,0,0,0,0
40548,2,1,0,0,0,0,0,0,0,0,0,0
40548,3,1,0,15,15,7,0,0,11,0,0,0
40548,4,1,45,16,0,15,0,0,0,0,0,0
40549,0,1,0,0,0,0,0,0,0,0,0,0
40549,1,1,0,0,0,11,7,9,0,0,21,0
40550,1,1,24,17,0,29,28,18,16,0,0,26
40550,2,1,0,0,0,0,0,0,0,21,10,9
40551,1,1,31,10,33,14,8,7,25,27,9,10
40551,2,1,15,0,0,8,0,10,24,12,0,0
40552,0,1,6,22,15,48,14,13,19,34,0,18
40552,1,1,29,0,6,0,11,15,0,0,20,7
40553,0,1,0,0,0,0,0,0,12,18,20,0
40553,0,2,25,0,20,33,0,0,0,0,17,0
40553,1,1,0,0,0,0,0,0,0,0,0,0
40554,1,1,0,0,0,13,0,18,0,0,0,24
40555,1,1,0,0,0,0,0,0,0,0,0,0
40555,2,1,15,0,0,0,0,0,0,0,21,0
40556,1,1,0,30,0,24,0,0,0,0,0,0
40557,1,1,0,0,0,0,0,0,0,0,0,0
40558,0,1,0,0,0,0,11,21,0,16,0,0
40558,1,1,0,27,23,19,0,0,20,0,0,0
40559,0,1,0,0,0,0,0,0,0,0,0,0
40559,1,1,0,0,0,9,0,29,0,0,6,0
40560,1,1,0,0,0,0,0,0,0,0,0,0
40561,1,1,0,0,0,0,0,0,0,0,0,0
40561,2,1,3,3,3,3,3,3,3,3,3,3
40562,1,1,0,0,0,0,0,0,0,0,0,0
40562,2,1,0,0,0,0,0,0,0,0,0,0
40563,0,1,0,19,19,0,11,0,32,0,0,23
40563,1,1,16,17,0,12,16,0,0,0,0,9
40564,1,1,0,0,0,0,30,0,9,0,17,0
40564,2,1,0,0,0,0,0,0,0,0,27,0
40566,1,1,0,0,0,0,0,0,0,0,0,0
40566,2,1,12,0,0,0,16,0,18,0,0,12
40567,1,1,0,0,0,0,0,0,0,0,0,0
40568,0,1,0,0,0,0,0,0,0,0,0,0
40568,1,1,15,0,10,25,0,12,0,22,22,7
40568,2,1,0,10,19,0,0,0,6,20,0,26
40569,0,1,0,0,0,21,0,11,0,0,0,14
40569,1,1,13,0,11,22,0,0,0,18,0,0
40570,1,1,0,0,0,0,0,0,0,0,0,0
40570,2,1,0,0,0,0,0,0,0,0,0,0
40571,1,1,24,24,24,24,24,24,24,24,24,24
40572,1,1,0,0,0,0,0,0,0,0,0,0
40572,2,1,0,0,0,0,0,0,0,0,0,22
40573,0,1,0,0,0,0,0,37,0,0,0,0
40573,1,1,0,0,0,14,0,0,0,20,0,0
40574,1,1,0,0,0,0,0,0,0,0,0,0
40575,0,1,0,14,0,0,0,0,0,24,0,0
40575,0,2,0,0,0,0,0,0,0,0,0,0
40575,0,3,0,0,0,0,0,0,0,31,0,17
40575,1,1,0,0,0,8,0,0,0,0,34,0
40576,0,1,16,21,19,14,45,3,16,9,12,8
40576,1,1,0,0,0,0,19,0,0,0,19,0
40577,1,1,18,0,0,18,13,5,9,0,0,23
40577,2,1,7,0,7,19,13,0,16,0,0,0
40578,1,1,13,45,36,7,3,7,0,0,10,18
40579,1,1,16,16,16,16,16,16,16,16,16,16
40580,1,1,20,29,13,11,0,18,15,10,24,0
40581,1,1,0,0,10,10,0,0,0,0,0,0
40582,1,1,27,27,27,27,27,27,27,27,27,27
40582,2,1,13,3,0,0,0,0,0,0,16,0
40583,1,1,25,24,17,17,18,15,16,23,0,16
40583,2,1,0,0,17,0,0,0,0,30,21,0
40583,3,1,0,0,0,0,0,0,0,0,0,0
40584,1,1,0,0,24,0,0,0,0,0,12,24
40584,2,1,0,0,0,23,0,17,0,0,0,0
40585,1,1,34,34,34,34,34,34,34,34,34,34
40585,2,1,17,4,0,11,0,0,20,0,0,0
40585,3,1,0,0,0,0,9,10,0,0,10,0
40586,1,1,0,0,0,0,0,0,0,0,0,0
40587,0,1,0,0,0,0,0,0,0,0,0,0
40587,1,1,0,0,0,0,0,0,0,0,0,0
40588,1,1,2,21,14,8,11,17,11,18,25,27
40588,2,1,0,0,0,0,0,0,0,0,0,0
40589,1,1,12,15,5,36,11,7,8,16,39,19
40590,0,1,27,0,14,0,0,0,0,0,21,11
40590,1,1,21,12,16,25,16,15,19,25,6,14
40591,1,1,0,8,13,0,0,0,0,0,0,22
40591,2,1,0,0,0,0,0,0,0,0,0,0
40592,1,1,0,9,0,8,20,0,0,0,0,0
40592,2,1,0,0,0,21,0,0,10,0,0,0
40592,3,1,0,0,0,0,0,0,0,0,0,0
40593,1,1,13,9,29,20,14,19,20,19,5,16
40593,2,1,0,0,0,0,3,0,0,0,0,0
40593,3,1,0,0,0,0,0,0,9,0,2,0
40594,1,1,0,0,0,0,0,0,0,0,0,0
40595,1,1,0,0,0,0,0,0,0,0,0,0
40596,1,1,0,0,0,0,17,0,0,0,0,30
40596,2,1,0,0,0,0,0,0,0,0,0,0
40597,1,1,0,0,0,0,0,0,0,0,0,0
40597,2,1,0,0,0,0,13,0,0,0,29,0
40598,0,1,20,47,25,30,19,25,9,0,0,0
40598,1,1,0,0,10,0,0,9,0,5,0,0
40599,1,1,0,0,0,0,0,0,0,0,0,0
40599,2,1,0,17,15,0,19,0,10,0,11,0
40600,1,1,0,0,0,0,0,30,0,5,0,0
40601,0,1,0,0,0,0,0,0,0,0,0,0
40601,1,1,6,0,0,0,0,0,0,23,0,8
40602,1,1,0,0,0,12,0,0,8,1,0,10
40602,2,1,0,0,0,0,0,0,0,0,0,0
40605,1,1,0,0,0,0,0,0,0,0,0,0
40606,0,1,25,0,29,0,0,32,37,24,0,0
40606,1,1,0,4,0,0,19,0,0,0,14,0
40607,0,1,0,0,0,0,0,0,0,0,0,0
40607,1,1,0,8,0,0,0,0,0,0,0,0
40607,2,1,33,0,0,0,0,0,0,9,0,0
40608,1,1,0,0,0,0,0,0,0,0,0,0
40608,2,1,8,0,0,0,13,0,0,0,12,0
40609,1,1,0,0,0,0,0,0,0,0,0,0
40609,2,1,0,0,0,0,0,0,0,0,0,0
40609,3,1,6,0,0,0,17,0,0,0,0,0
40610,1,1,0,0,0,0,0,0,0,0,0,0
40610,2,1,0,0,0,0,0,0,0,0,0,0
40611,0,1,0,12,0,0,26,13,0,30,23,0
40611,1,1,0,0,0,0,0,0,0,0,0,0
40613,1,1,0,0,0,0,0,0,0,0,0,0
40613,2,1,0,0,0,0,0,0,0,0,0,0
40614,1,1,0,0,0,0,0,0,0,0,0,0
40614,2,1,0,0,0,0,0,0,0,10,0,0
40614,3,1,0,0,0,0,0,0,0,0,16,0
40615,1,1,0,0,0,0,0,0,0,0,0,0
40615,2,1,0,0,0,0,0,0,0,0,0,0
40616,1,1,0,0,0,0,0,0,0,0,0,0
40616,2,1,0,0,0,0,0,0,0,0,0,0
40617,0,1,0,0,24,0,0,0,0,0,0,0
40617,1,1,0,0,0,0,0,0,0,0,0,0
40618,1,1,21,5,0,0,6,14,10,0,0,0
40619,1,1,0,0,0,0,0,0,0,24,0,0
40619,2,1,22,0,0,0,0,0,0,0,27,0
40619,3,1,0,14,0,0,0,0,0,0,0,13
40619,4,1,9,0,0,0,0,0,22,0,0,0
40620,0,1,0,0,0,0,0,0,0,0,0,0
40620,1,1,0,0,0,0,0,0,0,0,0,0
40621,1,1,0,0,0,0,0,18,0,20,15,13
40621,2,1,0,0,0,0,0,0,0,0,0,0
40622,1,1,0,0,0,0,0,0,0,0,0,0
40622,2,1,0,0,0,0,0,0,0,0,0,0
40622,3,1,0,0,0,0,10,0,0,0,0,0
40623,1,1,29,17,24,5,0,13,25,31,15,0
40624,1,1,0,0,0,0,0,0,0,0,0,0
40625,1,1,5,5,5,5,5,5,5,5,5,5
40625,2,1,0,0,0,0,0,0,0,0,0,0
40626,1,1,0,0,0,0,0,4,0,0,0,0
40627,1,1,0,0,0,10,0,0,0,8,13,19
40628,1,1,0,0,0,0,0,0,0,0,0,0
40629,1,1,14,13,14,13,0,0,14,14,0,0
40630,1,1,0,0,0,0,0,0,0,0,0,0
40630,2,1,0,18,11,9,0,0,0,0,12,0
40631,1,1,0,0,0,0,0,0,0,0,0,0
40632,0,1,0,0,0,0,0,0,0,0,0,0
40632,1,1,0,0,10,0,10,10,0,0,0,0
40633,0,1,0,0,0,0,0,0,0,0,0,0
40633,1,1,7,7,7,7,7,7,7,7,7,7
40634,1,1,0,0,0,0,0,0,0,0,0,0
40635,1,1,16,16,16,16,16,16,16,16,16,16
40636,1,1,0,0,26,0,0,0,0,21,29,0
40636,2,1,0,24,0,0,17,0,0,0,0,0
40637,1,1,0,0,0,0,0,0,0,0,0,0
40637,2,1,0,0,0,0,0,0,0,0,0,0
40638,1,1,0,0,0,0,0,0,0,0,0,0
40638,2,1,0,0,0,0,0,0,0,0,0,0
40638,3,1,11,0,0,0,0,11,11,16,0,0
40639,1,1,0,0,14,0,0,0,14,23,33,16
40639,2,1,0,0,3,11,7,0,0,0,0,14
40640,1,1,0,0,0,0,0,0,0,0,0,0
40641,1,1,10,10,10,10,10,10,10,10,10,10
40642,1,1,0,0,0,0,0,0,0,0,0,0
40642,2,1,0,0,0,0,0,0,0,0,0,0
40643,1,1,0,0,0,13,0,0,0,0,18,0
40643,2,1,0,0,0,0,0,0,0,0,0,0
40643,3,1,0,0,0,0,0,0,0,0,0,0
40643,4,1,11,0,0,17,14,21,7,0,0,0
40645,1,1,0,0,0,0,0,0,0,0,0,0
40645,2,1,0,0,0,0,0,0,0,0,0,0
40646,0,1,0,0,0,0,0,0,0,0,0,0
40646,1,1,25,0,0,0,0,0,13,0,0,0
40647,1,1,22,0,0,5,0,0,0,16,0,0
40647,2,1,0,0,0,0,0,0,0,24,0,19
40647,3,1,0,0,13,0,0,0,0,0,10,0
40647,4,1,0,0,0,17,0,0,0,0,0,0
40648,0,1,0,0,0,0,0,0,0,0,0,0
40648,0,2,0,0,0,0,27,0,19,0,0,32
40648,1,1,0,0,0,0,0,0,0,0,0,0
40649,0,1,0,0,0,0,0,0,0,0,0,0
40649,1,1,0,0,0,0,0,0,0,0,0,0
40649,2,1,0,0,0,10,11,7,0,0,10,0
40650,1,1,0,0,12,0,0,0,0,0,0,0
40650,2,1,0,0,0,0,0,0,0,0,0,0
40651,1,1,0,0,8,21,0,0,0,25,0,0
40652,1,1,0,19,9,0,10,6,11,0,0,23
40653,1,1,0,0,0,0,0,0,0,0,0,0
40654,0,1,0,19,16,0,0,0,36,0,0,0
40654,1,1,0,2,0,0,0,0,0,10,0,18
40654,2,1,0,0,4,14,0,0,0,0,0,9
40655,0,1,10,20,28,20,0,25,15,0,34,15
40655,0,2,15,0,0,0,14,0,0,0,0,0
40655,2,1,0,0,0,0,0,0,0,0,0,0
40656,1,1,0,0,0,0,0,0,0,0,0,0
40657,1,1,0,0,0,14,0,27,0,0,0,7
40657,2,1,0,0,0,0,0,0,0,0,0,0
40658,1,1,10,14,0,10,0,13,17,14,11,12
40658,2,1,0,0,0,0,0,0,4,16,0,0
40659,1,1,0,0,0,11,0,0,0,2,0,7
40659,2,1,0,0,0,0,9,30,0,17,20,0
40660,1,1,0,0,0,0,0,0,0,0,0,0
40660,2,1,0,0,0,0,0,0,0,0,0,0
40661,1,1,0,0,0,0,0,0,13,0,0,0
40661,2,1,0,0,16,0,0,0,13,0,0,0
40662,1,1,0,0,0,0,23,7,0,0,0,0
40663,1,1,19,19,19,19,19,19,19,19,19,19
40663,2,1,0,0,0,0,0,0,0,0,0,0
40664,0,1,0,0,0,0,0,0,0,0,0,0
40664,1,1,0,10,29,9,0,24,0,0,0,9
40665,1,1,22,22,22,22,22,22,22,22,22,22
40666,0,1,0,0,0,0,0,0,0,0,0,0
40666,1,1,10,0,0,0,0,0,14,23,0,0
40667,1,1,17,5,9,0,0,19,0,0,0,0
40667,2,1,0,0,0,0,0,0,0,0,0,0
40668,0,1,0,0,0,0,0,0,0,0,0,0
40668,1,1,11,0,12,4,16,0,0,0,0,14
40669,1,1,0,0,0,0,0,0,0,0,0,0
40669,2,1,0,0,0,0,0,0,0,0,0,0
40669,3,1,0,0,0,0,0,0,0,0,0,0
40670,0,1,0,0,0,0,0,0,0,0,27,13
40670,1,1,0,0,0,19,11,0,0,0,0,0
40671,1,1,0,0,0,0,0,0,0,0,0,0
40671,2,1,0,0,0,0,9,0,0,0,0,0
40672,1,1,0,11,0,0,25,28,0,0,0,0
40672,2,1,0,0,0,0,0,20,18,0,0,0
40673,1,1,0,0,0,0,0,0,0,0,0,0
40673,2,1,6,8,0,9,0,31,0,20,0,10
40674,1,1,0,0,0,0,0,0,0,0,0,0
40674,2,1,0,0,0,0,0,0,0,0,0,0
40675,1,1,0,13,0,0,0,7,0,12,0,0
40675,2,1,0,0,0,0,18,0,0,0,0,9
40676,1,1,0,0,0,0,0,0,0,0,0,0
40677,0,1,0,0,0,0,0,0,0,0,0,0
40677,1,1,19,0,19,0,0,36,0,0,0,0
40678,0,1,0,0,0,0,0,0,0,0,0,0
40678,1,1,0,9,17,0,5,0,0,0,0,0
40679,0,1,0,0,22,45,0,0,0,20,0,0
40679,1,1,0,0,0,0,0,0,16,24,21,20
40680,1,1,0,0,0,48,0,24,9,0,0,0
40681,0,1,0,0,0,12,0,37,0,0,19,18
40681,1,1,20,8,0,7,16,22,15,20,9,9
40682,1,1,0,19,0,0,0,0,12,0,0,5
40682,2,1,0,0,0,10,0,0,0,0,0,0
40682,3,1,0,0,0,0,25,23,0,0,0,25
40683,1,1,4,10,4,9,37,17,20,8,12,13
40683,2,1,0,0,0,0,0,0,0,0,16,0
40684,1,1,0,0,0,0,0,0,0,0,0,0
40686,1,1,0,15,17,22,22,0,0,0,0,0
40686,2,1,0,14,16,8,8,0,11,0,0,18
40687,1,1,48,48,48,48,48,48,48,48,48,48
40688,1,1,0,0,0,0,0,0,0,0,0,0
40689,1,1,0,0,16,27,8,0,0,28,0,0
40690,1,1,0,0,0,0,0,0,0,0,0,0
40690,2,1,0,0,0,0,0,0,0,0,0,0
40691,0,1,0,0,0,0,0,0,0,29,0,0
40691,1,1,0,0,0,0,0,0,0,0,21,0
40692,1,1,0,22,27,0,0,22,0,0,17,0
40692,2,1,0,20,0,0,0,0,18,0,10,0
40693,0,1,27,0,39,34,0,0,0,0,38,23
40693,1,1,0,0,0,17,0,0,7,0,0,0
40694,0,1,0,0,0,0,0,0,0,0,0,0
40694,1,1,0,0,0,30,0,0,0,4,0,0
40695,1,1,0,0,0,0,0,0,0,0,0,15
40695,2,1,0,0,0,0,0,0,0,0,0,18
40696,0,1,0,8,18,56,0,13,7,11,11,0
40696,1,1,0,13,0,0,17,0,0,0,0,0
40697,1,1,0,0,0,0,0,0,0,0,0,0
40697,2,1,19,0,0,0,0,0,0,16,0,5
40697,3,1,0,0,0,0,0,0,7,0,0,0
40698,1,1,14,20,23,0,26,14,0,5,13,5
40698,2,1,7,0,0,7,0,8,8,15,18,31
40698,3,1,0,0,3,0,0,0,13,24,0,0
40698,4,1,0,0,0,0,15,4,15,0,0,0
40699,1,1,0,0,0,0,0,0,29,0,15,12
40699,2,1,27,0,0,0,0,9,0,0,14,0
40700,1,1,0,0,0,0,0,0,0,0,0,0
40700,2,1,0,17,0,0,0,0,27,13,0,0
40701,1,1,0,0,0,0,0,0,0,0,0,0
40701,2,1,0,0,6,0,0,0,0,0,0,8
40702,0,1,0,0,0,0,0,0,0,0,0,0
40702,1,1,0,0,0,0,0,0,8,0,0,0
40703,1,1,15,0,21,0,13,0,0,4,3,0
40704,1,1,0,0,0,0,0,0,0,0,17,0
40704,2,1,0,13,0,0,0,0,0,0,0,22
40705,1,1,0,0,0,17,0,0,16,0,0,18
40706,0,1,0,0,0,18,31,0,0,0,9,0
40706,1,1,0,0,11,0,0,0,0,11,0,0
40707,0,1,0,0,0,0,0,0,0,0,0,0
40707,1,1,0,14,0,17,4,19,0,0,0,0
40708,0,1,3,3,3,3,3,3,3,3,3,3
40708,1,1,9,9,9,9,9,9,9,9,9,9
40709,1,1,0,0,0,0,0,0,0,0,0,0
40710,1,1,0,0,0,19,11,0,10,0,12,20
40710,2,1,14,0,0,9,0,0,0,0,16,10
40711,1,1,0,0,0,15,0,0,0,0,9,0
40712,1,1,11,11,11,11,11,11,11,11,11,11
40713,1,1,0,20,15,0,0,0,0,0,0,0
40713,2,1,26,27,6,0,0,0,0,0,0,0
40714,1,1,0,0,0,0,0,0,0,0,0,0
40715,0,1,20,20,20,20,20,20,20,20,20,20
40715,1,1,6,12,22,20,9,11,0,0,0,16
40716,1,1,0,0,0,0,0,0,40,0,0,0
40717,1,1,0,0,16,0,34,0,0,2,0,0
40718,1,1,0,0,0,0,0,8,0,0,0,0
40718,2,1,0,0,0,18,0,0,0,0,0,0
40719,1,1,0,0,0,0,0,0,0,0,0,0
40720,1,2,26,12,28,20,0,12,0,18,0,3
40721,1,1,17,0,0,22,14,12,0,0,20,31
40722,1,1,19,19,19,19,19,19,19,19,19,19
40723,1,1,0,0,0,0,0,0,0,0,0,0
40723,2,1,0,0,0,0,0,0,0,0,0,0
40723,3,1,33,0,15,16,0,0,0,5,0,0
40723,4,1,0,0,0,0,0,0,0,0,0,0
40723,5,1,0,0,0,0,0,0,0,0,0,0
40723,6,1,0,0,0,0,0,0,0,0,0,0
40724,1,1,0,5,0,0,22,0,0,0,0,0
40724,2,1,0,0,0,0,0,0,3,0,0,0
40725,1,1,0,0,3,0,22,0,11,3,11,0
40726,0,1,0,0,0,0,13,0,27,0,7,34
40726,1,1,6,0,0,0,0,13,0,0,0,25
40727,1,1,10,6,0,0,12,33,14,14,15,30
40728,1,1,0,0,0,0,0,0,0,0,31,0
40729,0,1,0,0,0,0,0,0,28,4,0,17
40729,1,1,0,21,0,0,0,0,0,20,0,20
40730,1,1,18,18,18,18,18,18,18,18,18,18
40731,1,1,13,0,12,10,23,24,16,25,0,8
40732,1,1,35,35,35,35,35,35,35,35,35,35
40733,1,1,0,0,0,0,0,0,0,0,0,0
40734,1,1,0,0,4,0,0,0,0,0,0,3
40735,1,1,9,0,8,4,0,0,0,0,0,0
40736,1,1,8,0,0,0,0,0,29,16,0,19
40737,1,1,0,0,0,0,0,0,0,0,0,0
40737,2,1,23,0,0,0,0,0,0,32,0,0
40738,1,1,0,23,0,0,0,0,0,19,8,0
40739,0,1,0,0,0,0,0,0,0,0,0,0
40739,1,1,20,11,5,6,21,26,11,17,30,12
40740,1,1,0,10,0,0,0,0,0,0,20,0
40741,1,1,0,0,0,0,0,0,0,0,0,0
40741,2,1,0,0,0,19,0,0,0,0,0,0
40743,1,1,0,0,0,0,0,19,31,0,0,0
40743,2,1,0,0,0,0,0,0,0,0,0,0
40744,1,1,0,22,0,0,0,40,18,0,0,0
40744,2,1,23,17,0,0,0,0,0,0,0,0
40745,0,1,0,0,0,6,0,13,34,30,23,0
40745,1,1,0,0,25,0,27,0,0,0,0,0
40746,0,1,0,0,0,0,0,0,0,0,0,0
40746,1,1,9,13,0,0,0,24,21,16,27,21
40747,1,1,9,0,0,11,0,34,15,0,0,0
40748,1,1,0,0,0,0,26,0,0,22,18,0
40749,0,1,18,18,18,18,18,18,18,18,18,18
40749,1,1,0,0,0,0,0,0,0,0,0,0
40750,1,1,0,15,16,0,10,9,8,0,0,0
40750,2,1,0,0,0,0,0,0,0,0,0,0
40751,1,1,0,14,0,0,27,0,0,13,0,0
40751,2,1,7,8,0,0,0,0,10,0,0,9
40752,1,1,4,14,3,0,27,13,4,20,14,21
40753,0,1,42,17,0,15,19,23,46,16,0,0
40753,1,1,0,0,19,12,6,27,11,5,17,0
40754,1,1,0,0,0,0,0,0,0,0,0,0
40754,2,1,0,0,0,16,0,0,0,0,0,0
40755,0,1,12,0,0,0,0,0,9,0,0,0
40755,1,1,0,0,0,0,0,0,0,0,0,0
40756,1,1,0,0,0,0,0,0,0,0,0,0
40756,2,1,0,0,0,0,4,0,0,0,0,0
40757,1,1,0,0,0,0,0,0,0,0,26,32
40757,2,1,0,0,0,0,24,0,0,0,0,7
40758,1,1,0,0,0,0,0,0,0,0,0,0
40758,2,1,0,0,0,0,0,0,9,0,0,0
40759,1,1,0,0,0,18,0,0,0,0,0,11
40759,2,1,15,20,26,0,0,26,7,0,0,9
40760,1,1,0,0,0,0,0,0,0,0,23,0
40760,2,1,0,0,0,0,0,2,0,0,0,23
40761,1,1,0,0,0,0,0,15,0,0,0,0
40762,0,1,0,18,17,0,0,0,26,0,37,0
40762,1,1,0,0,23,25,0,50,0,0,0,0
40762,2,1,10,0,0,0,0,13,22,20,5,11
40763,0,1,0,0,0,0,0,0,0,0,0,0
40763,1,1,0,0,0,0,0,0,0,0,0,0
40764,1,1,0,0,22,0,0,0,0,0,0,0
40764,2,1,0,0,0,0,0,0,0,0,0,0
40765,0,1,28,28,28,28,28,28,28,28,28,28
40765,1,1,0,0,11,22,0,28,0,0,9,16
40766,1,1,0,0,0,0,0,0,0,0,0,0
40767,1,1,0,0,0,0,0,0,0,0,0,0
40767,2,1,20,8,4,0,0,0,0,0,0,11
40768,1,1,0,0,0,0,0,0,0,0,0,0
40768,2,1,0,0,13,0,0,0,0,0,0,28
40769,1,1,0,0,0,0,0,13,15,0,0,21
40770,1,1,0,0,0,0,0,0,0,0,0,0
40770,2,1,0,0,0,0,0,0,4,0,0,0
40771,0,1,0,0,0,0,0,0,0,0,0,0
40771,1,1,0,0,0,0,0,14,0,0,0,0
40772,1,1,0,0,18,0,0,5,0,0,22,0
40772,2,1,0,0,15,0,0,12,5,0,0,0
40773,1,1,0,19,12,25,11,22,0,0,0,0
40774,1,1,12,5,19,12,25,7,18,13,27,17
40774,2,1,0,0,0,0,0,0,0,0,0,0
40775,0,1,0,0,0,0,0,0,0,0,0,0
40775,1,1,0,9,7,0,35,0,0,18,15,0
40776,1,1,9,30,0,12,0,0,0,0,0,0
40776,2,1,0,0,0,0,0,0,0,12,0,0
40777,1,1,0,0,0,0,0,0,0,0,0,0
40778,1,1,0,0,0,0,24,15,15,0,0,0
40779,1,1,0,0,0,0,0,0,0,0,0,0
40780,1,1,2,41,19,22,26,9,3,19,37,12
40781,0,1,0,0,0,0,0,0,0,0,0,7
40781,1,1,0,0,0,0,0,0,0,0,0,0
40782,1,1,0,0,24,0,11,0,15,13,29,8
40783,1,1,0,0,0,0,0,0,0,0,0,0
40783,2,1,0,0,0,0,0,0,0,0,0,0
40783,3,1,0,20,0,0,0,0,0,0,0,0
40784,1,1,8,13,33,10,27,15,27,5,30,9
40784,2,1,0,0,0,0,0,0,0,0,0,0
40785,1,1,0,0,0,0,0,0,0,0,0,0
40786,0,1,0,0,0,0,0,0,0,0,0,0
40786,0,2,0,20,0,14,0,0,0,27,0,0
40786,1,1,0,5,0,0,0,14,10,0,15,0
40787,1,1,16,0,0,0,0,0,0,0,0,0
40787,2,1,0,0,8,0,0,0,6,0,0,0
40787,3,1,0,0,0,0,0,0,0,0,0,0
40787,4,1,0,0,0,0,4,0,0,0,0,0
40787,5,1,0,0,0,0,26,0,0,0,12,0
40787,6,1,0,0,0,0,13,0,0,0,0,0
40788,1,1,32,32,32,32,32,32,32,32,32,32
40788,2,1,0,0,0,0,0,0,0,0,33,0
40789,1,1,16,16,16,16,16,16,16,16,16,16
40790,1,1,0,0,0,0,0,0,0,0,0,0
40790,2,1,0,0,0,0,0,0,0,0,0,0
40791,1,1,0,0,0,0,0,0,0,0,0,0
40792,1,1,13,21,0,20,14,12,0,23,4,23
40792,3,1,0,0,0,0,6,0,0,0,0,0
40793,0,1,0,0,0,0,0,0,0,0,0,0
40793,1,1,0,0,0,0,0,0,0,0,9,0
40794,1,1,29,29,29,29,29,29,29,29,29,29
40794,2,1,0,0,0,0,0,0,0,0,0,0
40794,3,1,0,0,0,31,0,0,10,17,0,0
40795,1,1,0,0,0,0,0,0,0,0,0,0
40796,0,1,0,0,0,0,40,11,24,0,26,0
40796,1,1,0,0,5,0,5,0,0,0,0,0
40797,0,1,0,0,0,0,0,0,0,0,0,0
40797,1,1,0,13,16,14,19,0,34,24,0,0
40798,0,1,27,27,27,27,27,27,27,27,27,27
40798,1,1,0,0,0,0,0,0,0,0,0,0
40799,1,1,0,0,0,0,0,0,0,0,0,0
40799,2,1,0,0,0,0,0,15,0,0,20,0
40800,0,1,0,0,0,9,24,30,0,0,0,0
40800,1,1,0,0,0,0,9,17,0,0,0,0
40801,1,1,0,0,0,0,0,0,0,0,0,0
40802,1,1,0,0,0,0,0,0,0,0,0,0
40802,2,1,0,12,0,0,0,0,0,0,0,10
40802,3,1,0,0,0,0,0,0,0,0,7,0
40802,4,1,0,0,0,0,0,0,0,0,0,0
40802,5,1,0,0,0,0,10,0,0,0,0,14
40802,6,1,0,0,0,19,0,0,0,0,0,0
40803,0,1,16,16,16,16,16,16,16,16,16,16
40803,1,1,0,3,18,0,0,13,8,0,25,0
40804,1,1,0,0,0,0,0,0,0,0,0,0
40804,2,1,0,0,0,0,0,0,0,0,0,0
40804,3,1,0,0,0,0,0,0,0,0,0,0
40805,0,1,0,16,0,21,0,0,0,0,0,0
40805,1,1,0,0,0,0,0,0,0,0,0,0
40806,1,1,0,0,0,0,0,24,21,0,0,0
40806,2,1,0,0,0,0,0,0,0,0,15,0
40807,0,1,0,0,0,0,0,0,0,0,0,0
40807,1,1,10,3,0,0,12,0,0,0,0,0
40807,2,1,0,0,20,0,0,0,0,0,0,0
40808,1,1,0,0,0,0,0,0,0,0,0,0
40808,2,1,31,13,0,0,0,0,12,0,0,0
40809,1,1,0,0,0,0,0,0,0,14,0,0
40809,2,1,0,0,9,0,17,0,0,27,21,0
40810,1,1,0,0,0,0,0,0,0,7,0,0
40810,2,1,0,0,0,0,0,0,0,0,0,0
40810,3,1,0,0,0,0,0,0,0,0,0,21
40811,0,1,0,0,0,0,0,0,0,0,0,0
40811,1,1,18,0,0,0,0,25,15,0,13,0
40812,1,1,0,0,0,0,0,0,0,0,20,0
40813,0,1,9,5,13,9,22,30,0,35,6,15
40813,1,1,0,0,0,0,10,0,0,0,0,11
40815,1,1,18,0,19,0,0,0,0,0,0,31
40815,2,1,0,0,0,0,0,0,15,0,0,0
40816,1,1,0,0,23,0,11,0,16,15,15,0
40817,1,1,0,0,16,15,0,35,0,0,18,7
40817,2,1,0,0,0,0,0,0,0,15,15,0
40817,3,1,0,13,0,0,11,24,17,0,0,0
40818,1,1,17,17,17,17,17,17,17,17,17,17
40818,2,1,0,5,0,0,6,0,0,0,0,0
40819,1,1,0,0,0,0,0,0,0,0,0,0
40819,2,1,0,0,0,0,0,0,0,0,0,0
40820,0,1,5,25,0,0,0,0,0,0,0,0
40820,1,1,0,0,0,0,0,0,0,0,0,0
40821,1,1,16,5,0,18,5,23,0,0,24,15