ST_CASE,VEH_NO,PER_NO,P1,P2,P3,P4,P5,P6,P7,P8,P9,P10
40822,1,1,13,26,17,19,24,18,21,18,11,26
40822,2,1,0,0,0,23,11,0,0,0,0,0
40823,1,1,0,0,0,0,0,0,0,0,0,10
40823,2,1,0,0,0,0,0,0,0,0,0,0
40824,1,1,0,0,0,0,0,17,0,15,24,0
40825,1,1,0,0,0,0,0,0,0,0,0,0
40825,2,1,0,0,0,0,0,0,0,0,0,0
40825,3,1,23,0,0,26,9,0,0,0,0,0
40826,1,1,0,0,0,0,0,0,0,0,0,0
40826,2,1,0,0,0,0,0,0,0,0,0,0
40827,1,1,13,0,7,0,0,0,4,0,0,0
40827,2,1,0,0,0,0,0,0,0,17,0,0
40828,1,1,0,18,0,1,16,0,28,20,0,20
40828,2,1,0,0,0,0,0,0,0,0,0,0
40829,1,1,16,38,19,41,17,11,17,16,21,28
40829,2,1,0,0,0,0,3,0,0,0,0,0
40830,1,1,0,0,0,0,0,0,13,0,0,0
40831,1,1,0,0,12,0,28,0,0,0,0,0
40832,1,1,27,20,0,17,0,0,21,0,10,19
40833,1,1,0,0,0,0,0,0,0,0,0,0
40833,2,1,0,0,0,0,0,0,0,0,0,0
40834,1,1,31,23,16,0,21,14,10,21,18,12
40834,2,1,0,0,0,0,15,0,0,0,0,26
40834,3,1,0,0,13,11,0,0,0,20,0,0
40835,1,1,11,35,0,16,0,21,14,0,24,0
40836,1,1,0,0,0,0,0,0,0,3,5,29
40837,0,1,0,0,0,8,0,0,4,0,24,10
40837,1,1,0,0,27,0,0,0,0,0,13,0
40838,1,1,0,0,0,0,0,0,0,0,0,0
40838,2,1,0,0,0,0,14,0,0,7,0,0
40839,0,1,0,0,0,0,0,0,0,0,0,0
40839,1,1,11,0,0,0,0,16,0,0,22,0
40840,1,1,0,21,0,6,0,12,0,0,17,3
40841,0,1,25,25,25,25,25,25,25,25,25,25
40841,1,1,24,8,11,0,0,0,12,0,4,18
40842,1,1,8,20,10,0,19,0,41,7,2,20
40843,1,1,0,0,15,19,0,16,18,20,0,23
40844,0,1,0,0,0,0,0,0,6,0,0,0
40844,1,1,0,0,0,0,0,0,0,0,0,0
40845,1,1,4,0,0,0,0,16,0,0,12,11
40846,1,1,0,0,0,15,0,0,0,12,0,0
40847,0,1,0,0,0,0,0,0,0,0,0,0
40847,1,1,0,0,0,0,27,13,11,0,17,29
40848,1,1,0,0,0,0,0,0,0,0,0,0
40849,1,1,0,0,0,0,10,0,0,0,0,8
40849,2,1,0,0,0,0,0,0,0,0,0,0
40850,1,1,0,0,0,0,0,21,20,0,0,0
40851,1,1,0,0,0,0,0,0,16,0,0,24
40851,2,1,0,0,0,0,0,0,0,0,0,0
40852,1,1,0,0,10,0,0,15,10,6,0,0
40852,2,1,12,0,11,0,15,0,0,0,0,20
40853,1,1,18,18,18,18,18,18,18,18,18,18
40854,1,1,15,0,0,28,12,17,0,19,26,8
40855,1,1,0,0,0,0,0,0,0,0,0,0
40855,2,1,13,0,0,0,0,0,0,0,0,0
40856,1,1,7,0,0,0,0,0,30,0,0,0
40856,2,1,0,0,0,0,0,0,0,0,0,0
40857,1,1,0,28,21,0,0,0,0,0,0,0
40857,2,1,0,0,25,0,0,21,0,0,0,0
40858,0,1,0,0,23,0,20,0,0,0,0,0
40858,1,1,8,0,26,0,0,34,21,8,11,9
40859,0,1,0,15,0,0,0,6,0,11,0,0
40859,1,1,0,0,20,0,0,0,0,0,20,0
40860,1,1,9,0,0,12,0,17,0,0,27,9
40861,1,1,0,0,0,0,0,0,0,0,0,0
40862,1,1,0,0,0,0,0,0,0,0,0,0
40862,2,1,0,16,15,0,18,18,0,0,14,0
40862,3,1,0,0,0,15,0,15,0,0,21,0
40863,1,1,0,0,0,0,0,0,0,0,0,0
40863,2,1,0,0,0,0,0,0,0,0,0,0
40864,0,1,24,24,24,24,24,24,24,24,24,24
40864,1,1,0,0,0,0,16,0,0,0,17,19
40865,0,1,21,21,21,21,21,21,21,21,21,21
40865,1,1,0,0,0,0,37,19,0,12,9,0
40866,0,1,0,0,0,14,0,0,0,0,0,0
40866,1,1,0,7,2,0,0,2,0,0,0,17
40867,1,1,10,0,44,31,0,30,0,16,0,0
40868,1,1,0,0,0,0,0,13,4,0,0,19
40869,0,1,0,0,0,0,0,0,0,0,0,0
40869,1,1,24,16,0,0,12,0,0,0,0,0
40870,0,1,0,0,17,19,10,0,0,0,0,0
40870,1,1,0,0,0,16,10,0,0,6,11,5
40870,2,1,0,0,0,0,31,0,0,25,7,0
40871,1,1,0,0,0,0,0,0,0,0,0,0
40871,2,1,0,0,0,0,0,0,0,32,0,0
40871,3,1,0,0,0,0,9,0,0,0,0,0
40872,1,1,23,0,16,0,0,0,0,0,11,21
40873,1,1,0,0,0,0,0,0,0,0,0,0
40873,2,1,0,0,13,0,6,0,37,23,0,0
40873,3,1,0,0,0,12,0,0,10,8,23,0
40874,0,1,21,22,0,21,8,0,0,15,26,0
40874,1,1,0,0,0,0,0,0,0,8,0,35
40875,1,1,21,0,0,2,0,16,0,15,20,0
40876,1,1,0,0,0,0,0,0,0,0,0,0
40876,2,1,0,0,0,0,0,0,0,0,0,0
40877,1,1,0,0,26,15,0,0,0,0,0,16
40878,1,1,0,0,20,13,6,10,0,0,9,0
40879,1,1,0,11,0,5,0,25,0,0,0,0
40879,2,1,0,8,0,6,3,32,0,0,14,8
40880,0,1,17,0,0,0,0,0,0,7,0,0
40880,1,1,0,0,0,0,0,0,0,17,13,13
40881,1,1,22,22,22,22,22,22,22,22,22,22
40882,1,1,0,0,15,0,0,0,0,0,0,0
40883,0,1,0,0,0,0,0,0,0,0,0,0
40883,1,1,0,0,0,0,0,0,0,0,0,0
40884,1,1,0,0,15,0,0,0,0,13,0,0
40884,2,1,0,0,0,0,0,0,0,0,0,0
40885,1,1,0,0,0,0,0,0,17,0,0,0
40885,2,1,0,0,0,0,0,0,3,0,0,0
40886,1,1,16,16,16,16,16,16,16,16,16,16
40886,2,1,14,9,9,10,8,6,7,14,27,16
40887,1,1,0,0,0,0,0,0,0,0,0,0
40888,1,1,39,8,9,0,24,16,0,6,0,13
40889,1,1,0,0,0,0,0,32,0,15,0,0
40889,2,1,0,0,0,0,0,0,12,0,0,0
40889,3,1,0,0,0,0,0,0,0,0,9,0
40890,0,1,0,0,16,0,0,12,36,0,0,0
40890,1,1,0,4,21,0,0,0,0,0,0,0
40891,1,1,0,0,0,0,0,0,0,0,0,0
40891,2,1,0,0,0,15,0,0,0,0,0,0
40891,3,1,0,0,17,0,0,0,0,0,0,17
40892,0,1,0,0,0,0,0,0,0,0,0,0
40892,1,1,0,0,0,0,0,0,0,0,0,0
40893,1,1,32,32,32,32,32,32,32,32,32,32
40894,1,1,11,0,0,12,0,0,0,24,0,0
40895,1,1,33,23,0,35,0,25,19,34,16,5
40896,1,1,16,0,24,0,39,0,7,13,13,11
40897,0,1,0,0,0,0,0,0,0,0,0,0
40897,1,1,19,0,14,0,0,24,3,0,12,20
40898,1,1,34,7,40,7,30,9,18,23,13,17
40899,0,1,0,30,0,54,0,0,0,0,0,0
40899,1,1,0,0,0,0,0,0,0,28,0,18
40900,1,2,14,0,0,0,5,6,6,0,0,0
40901,0,1,0,0,0,0,0,0,0,0,0,0
40901,1,1,19,11,0,0,4,0,11,6,0,0
40902,0,1,0,19,0,0,27,0,18,21,26,38
40902,1,1,9,0,0,10,0,0,0,0,3,0
40903,1,1,20,20,20,20,20,20,20,20,20,20
40905,1,1,0,0,0,0,0,0,0,0,0,0
40905,2,1,0,0,14,0,0,0,0,0,0,0
40906,1,1,0,0,0,0,0,0,0,0,0,0
40906,2,1,0,0,0,0,0,0,0,0,0,0
40907,1,1,0,0,0,0,0,0,0,0,0,0
40907,2,1,0,0,0,0,0,0,0,0,0,0
40908,0,1,22,22,22,22,22,22,22,22,22,22
40908,1,1,0,30,0,27,0,6,4,0,0,0
40909,1,1,0,0,0,0,0,0,0,0,0,0
40909,2,1,0,0,0,0,0,0,0,0,0,0
40909,3,1,0,0,0,0,0,0,0,0,0,0
40909,4,1,0,0,0,0,0,0,0,0,0,0
40909,5,1,0,0,0,0,0,0,0,0,0,0
40909,6,1,0,0,0,0,0,0,0,0,0,0
40910,1,1,4,0,0,0,0,0,0,21,0,0
40910,2,1,0,0,0,0,0,0,0,0,0,0
40911,0,1,0,33,0,0,0,0,0,0,19,0
40911,1,1,30,0,0,0,0,9,0,0,30,6
40912,0,1,0,0,0,0,0,0,12,0,0,0
40912,1,1,0,7,0,0,0,0,0,2,0,14
40913,1,1,0,0,0,33,10,23,20,19,11,39
40914,0,1,15,28,0,35,11,29,27,19,5,21
40914,1,1,0,0,6,0,12,22,11,0,0,0
40915,1,1,0,0,0,0,0,0,19,5,0,11
40916,1,1,16,9,18,7,10,18,0,27,28,0
40917,1,1,20,20,20,20,20,20,20,20,20,20
40917,2,1,0,0,0,0,3,0,0,0,0,0
40917,3,1,0,0,0,0,0,0,0,13,0,0
40918,0,1,0,0,0,14,0,0,22,0,36,0
40918,1,1,11,0,11,0,0,0,0,0,4,0
40919,1,1,12,12,12,12,12,12,12,12,12,12
40920,1,1,0,0,0,0,0,0,0,0,0,0
40920,2,1,0,0,0,0,0,0,0,0,0,0
40921,1,1,0,0,4,0,0,0,0,0,0,0
40922,1,1,0,24,12,0,0,17,0,10,0,33
40923,1,1,0,0,0,0,0,0,0,0,0,0
40923,2,1,0,0,2,0,0,0,0,0,0,0
40924,1,1,0,0,0,0,0,0,0,0,0,0
40924,2,1,0,0,0,0,0,0,0,0,0,0
40925,0,1,10,10,10,10,10,10,10,10,10,10
40925,1,1,17,0,0,32,12,0,16,0,11,0
40926,0,1,0,0,0,0,0,0,0,0,0,0
40926,1,1,0,0,0,10,0,0,0,18,22,0
40927,1,1,0,0,0,0,0,0,0,0,0,0
40928,1,1,0,15,16,0,5,0,0,3,13,18
40929,1,1,0,0,0,0,0,0,0,0,0,0
40929,2,1,0,0,0,0,0,0,7,0,0,0
40930,1,1,0,6,25,1,8,0,17,0,5,0
40931,1,1,0,0,0,0,0,0,7,0,0,0
40931,2,1,0,0,0,0,0,0,0,0,14,0
40932,1,1,28,28,28,28,28,28,28,28,28,28
40932,2,1,0,0,0,4,0,0,0,0,0,19
40932,3,1,0,8,0,0,0,0,0,0,6,0
40933,1,1,0,0,0,0,0,0,0,0,0,0
40933,2,1,0,0,0,13,0,0,0,0,7,0
40934,0,1,0,17,0,0,0,22,16,0,30,0
40934,1,1,0,3,0,9,0,0,21,0,12,0
40935,0,1,8,0,31,0,0,0,7,0,4,34
40935,1,1,0,0,0,0,0,0,0,0,0,0
40936,0,1,0,0,13,18,0,42,0,0,10,0
40936,1,1,37,0,0,0,0,0,0,0,0,0
40937,1,1,20,20,20,20,20,20,20,20,20,20
40938,1,1,16,16,16,16,16,16,16,16,16,16
40939,1,1,0,0,0,0,0,0,0,0,0,0
40939,2,1,0,0,15,5,0,0,0,0,0,0
40940,1,1,0,0,0,0,18,0,0,0,0,0
40940,2,1,1,1,1,1,1,1,1,1,1,1
40941,1,1,0,0,0,0,0,0,0,0,0,0
40942,1,1,0,24,0,0,15,0,0,0,0,12
40943,1,1,20,20,20,20,20,20,20,20,20,20
40944,1,1,27,27,27,27,27,27,27,27,27,27
40945,1,1,0,0,0,0,0,0,14,0,0,0
40946,1,1,0,0,0,0,0,0,0,0,0,0
40947,1,1,0,0,0,0,0,0,0,0,0,0
40947,2,1,0,24,0,25,0,29,0,11,0,0
40948,0,1,0,0,0,0,0,0,0,0,0,0
40948,1,1,0,0,0,16,0,15,6,0,0,0
40949,0,1,33,0,12,0,19,0,0,0,15,0
40949,1,1,0,0,0,0,0,0,7,0,0,0
40950,0,1,20,16,20,11,18,8,27,11,16,24
40950,1,1,0,0,0,0,0,0,0,0,0,0
40951,1,1,0,0,0,0,0,0,0,0,0,0
40953,0,1,0,0,0,0,0,0,0,0,0,0
40953,1,1,0,0,0,0,0,3,0,0,0,0
40954,0,1,0,0,0,0,0,0,0,25,0,0
40954,1,1,0,15,0,7,0,0,0,0,0,0
40955,1,1,19,0,0,0,14,0,0,24,0,0
40956,1,1,3,14,19,13,0,10,10,0,9,31
40956,2,1,0,0,0,0,0,0,0,0,0,0
40957,0,1,0,0,0,17,0,0,22,0,0,0
40957,1,1,0,0,0,0,0,0,0,0,0,0
40958,1,1,29,19,15,11,7,19,15,18,0,24
40959,0,1,22,22,22,22,22,22,22,22,22,22
40959,1,1,19,20,0,0,17,0,0,0,0,0
40960,0,1,0,0,0,15,0,0,0,0,28,21
40960,1,1,12,7,0,21,19,0,9,0,0,19
40960,2,1,9,0,0,4,0,0,9,11,9,5
40960,3,1,22,0,0,3,0,0,11,0,0,0
40961,1,1,12,13,1,0,10,12,10,10,12,0
40962,0,1,0,0,0,0,0,0,0,0,0,0
40962,1,1,13,0,0,0,0,32,0,0,0,10
40963,0,1,0,0,0,0,0,0,0,0,0,0
40963,1,1,10,0,2,14,0,0,4,16,14,0
40964,1,1,12,24,11,20,17,13,0,11,16,26
40965,1,1,11,10,20,11,0,9,7,21,26,12
40966,1,1,14,24,0,18,14,19,19,0,15,0
40967,1,1,0,0,0,17,0,27,0,24,10,16
40968,0,1,0,0,0,0,0,0,0,0,0,0
40968,1,1,0,0,0,0,0,32,24,0,0,0
40969,0,1,0,0,0,0,0,0,0,0,0,0
40969,1,1,0,0,0,0,0,22,0,0,0,0
40970,0,1,30,30,30,30,30,30,30,30,30,30
40970,1,1,20,4,21,8,0,0,0,0,9,22
40971,0,1,0,0,0,0,0,0,0,0,0,0
40971,1,1,10,0,0,0,0,0,0,0,12,0
40972,0,1,2,2,2,2,2,2,2,2,2,2
40972,1,1,0,0,0,0,0,0,0,0,0,0
40973,1,1,0,0,0,0,15,0,0,39,0,0
40973,2,1,0,20,0,0,0,0,0,0,8,0
40973,3,1,33,3,0,0,0,0,0,0,0,0
40974,1,1,0,0,0,0,0,0,0,0,0,0
40975,0,1,0,0,35,0,26,0,0,0,0,0
40975,1,1,0,0,0,0,0,18,0,0,0,0
40976,1,1,21,21,21,21,21,21,21,21,21,21
40977,1,1,0,10,0,15,0,0,0,0,6,0
40977,2,1,0,0,0,0,0,0,0,0,0,0
40979,1,1,0,0,0,16,0,0,0,18,0,0
40979,2,1,0,0,0,0,0,0,0,0,0,0
40980,0,1,18,24,46,0,0,0,2,19,50,0
40980,1,1,0,0,0,0,0,0,0,0,0,0
40981,1,1,0,0,0,0,0,0,0,0,0,0
40982,1,1,0,0,0,0,0,0,22,0,0,0
40982,2,1,0,0,0,0,25,0,0,0,0,0
40983,1,1,13,20,9,19,18,13,0,21,0,0
40983,2,1,0,0,0,0,0,0,0,0,0,0
40984,0,1,0,27,0,9,0,8,0,23,4,15
40984,1,1,8,0,0,17,0,46,7,5,4,33
40985,0,1,0,0,0,29,20,0,38,0,0,0
40985,1,1,0,0,0,0,0,16,0,0,0,0
40985,2,1,0,0,15,0,0,0,15,0,7,19
40986,1,1,0,0,0,0,23,0,26,0,14,10
40986,2,1,0,0,0,0,0,0,0,0,0,0
40987,1,1,13,0,15,0,0,39,21,15,15,0
40988,1,1,0,0,0,0,18,0,19,0,0,0
40988,2,1,0,18,0,4,0,0,0,0,30,12
40989,0,1,0,0,0,0,0,0,0,0,0,0
40989,1,1,5,12,0,0,0,0,0,19,14,0
40990,0,1,0,0,11,0,23,0,31,0,15,11
40990,1,1,0,0,20,0,0,0,0,19,0,8
40991,1,1,0,0,0,0,0,0,0,0,0,0
40991,2,1,0,0,0,0,0,0,20,0,0,9
40992,1,1,18,0,21,18,12,0,8,15,15,0
40993,1,1,0,0,0,0,0,0,0,0,0,0
40994,1,1,4,0,0,5,8,19,17,0,0,0
40994,2,1,0,0,0,0,0,0,0,0,0,0
40995,1,1,0,0,19,0,0,12,0,20,39,0
40996,0,1,5,17,23,41,10,18,11,26,13,14
40996,1,1,11,6,0,0,0,7,0,0,0,0
40996,2,1,12,23,0,0,0,12,0,0,7,0
40997,0,1,0,0,0,26,36,35,0,0,22,11
40997,1,1,0,0,5,0,0,0,0,10,0,0
40998,0,1,0,0,13,25,0,0,0,0,0,0
40998,1,1,0,18,0,19,10,0,7,12,8,14
40999,1,1,0,0,6,0,7,21,14,21,11,18
41000,1,1,0,0,0,0,22,0,0,0,15,0
41001,1,1,0,0,0,0,0,0,0,0,0,0
41001,2,1,0,0,0,0,0,0,0,0,0,0
41002,0,1,39,39,39,39,39,39,39,39,39,39
41002,1,1,0,0,0,0,20,0,0,0,0,0
41003,1,1,20,20,20,20,20,20,20,20,20,20
41003,2,1,0,22,0,0,20,0,18,0,19,0
41004,1,1,18,18,18,18,18,18,18,18,18,18
41005,0,1,17,32,0,0,13,36,11,0,3,37
41005,1,1,0,0,0,0,0,0,0,0,0,0
41006,0,1,0,0,0,0,0,0,0,0,0,0
41006,1,1,16,5,12,7,17,25,19,19,6,17
41007,1,1,12,12,12,12,12,12,12,12,12,12
41007,2,1,8,15,0,17,21,0,0,0,18,0
41007,3,1,0,17,12,0,0,23,0,0,0,0
41007,4,1,0,0,0,0,5,0,0,0,0,0
41008,0,1,0,34,0,0,11,0,0,0,23,0
41008,1,1,0,0,0,0,0,0,0,5,0,0
41009,1,1,19,19,19,19,19,19,19,19,19,19
41009,2,1,0,0,0,39,0,0,20,0,0,0
41011,0,1,28,28,28,28,28,28,28,28,28,28
41011,1,1,13,11,0,13,5,0,24,0,0,0
41012,0,1,0,0,0,0,0,0,0,0,0,0
41012,1,1,19,0,0,17,0,0,0,0,0,7
41013,0,1,0,0,0,0,0,0,0,0,0,0
41013,1,1,0,0,0,0,0,0,0,0,0,0
41014,1,1,0,0,0,0,0,0,0,0,0,0
41014,2,1,0,0,26,10,0,8,13,25,0,6
41015,1,1,0,0,0,0,0,0,0,0,0,0
41016,1,1,0,0,0,0,0,0,0,0,0,0
41016,2,1,0,0,0,0,0,0,14,0,14,0
41017,1,1,0,0,0,0,0,0,0,0,0,0
41017,2,1,0,0,0,0,0,0,0,0,0,0
41018,0,1,0,0,0,0,0,0,0,0,0,0
41018,1,1,5,0,0,0,0,0,5,0,19,0
41019,0,1,8,8,8,8,8,8,8,8,8,8
41019,1,1,0,0,8,0,6,0,0,0,0,0
41020,0,1,0,0,0,0,0,0,0,19,32,0
41020,1,1,0,0,0,0,0,0,0,0,0,0
41021,1,1,20,0,12,16,8,4,19,11,0,18
41022,1,1,0,0,0,0,0,0,0,0,0,0
41022,2,1,14,0,0,0,0,0,0,0,0,0
41023,0,1,0,0,0,10,0,0,0,0,0,0
41023,1,1,0,0,0,0,0,0,0,0,0,0
41023,2,1,0,0,0,0,0,0,0,0,0,0
41024,0,1,0,8,0,0,25,0,22,16,17,0
41024,1,1,0,0,6,0,0,0,14,18,0,0
41025,1,1,13,13,13,13,13,13,13,13,13,13
41026,1,1,14,10,0,0,28,17,0,25,0,24
41026,2,1,0,0,0,6,0,0,0,0,0,0
41026,3,1,0,0,0,12,9,0,0,0,0,0
41026,4,1,0,0,0,0,12,0,0,0,0,0
41027,1,1,0,0,0,0,0,0,0,0,0,0
41028,1,1,0,0,9,19,19,0,0,10,0,0
41028,2,1,0,19,0,5,0,0,0,0,0,0
41029,1,1,0,0,0,9,0,23,0,0,0,0
41029,2,1,0,0,0,0,0,0,8,21,0,0
41030,1,1,0,0,0,0,0,0,0,0,0,0
41031,1,2,13,14,0,28,5,17,0,5,0,22
41032,0,1,0,0,0,0,0,0,0,16,37,15
41032,1,1,7,0,9,15,0,8,8,0,0,0
41033,0,1,0,0,0,0,0,0,0,0,0,0
41033,1,1,0,0,0,0,0,0,0,0,0,0
41034,1,1,0,0,0,0,0,0,0,0,0,0
41035,1,1,0,0,0,0,0,0,0,0,0,0
41035,2,1,0,0,0,0,0,0,0,0,0,0
41036,1,1,15,0,5,0,16,16,10,0,0,0
41036,2,1,18,15,0,7,4,0,0,0,15,0
41037,1,1,0,0,0,0,0,0,0,0,0,0
41038,0,1,0,0,0,0,0,0,0,0,0,0
41038,1,1,0,0,18,0,0,0,19,0,0,0
41039,0,1,0,0,0,0,0,0,0,0,0,0
41039,1,1,0,0,0,0,0,0,0,0,0,0
41040,1,1,0,0,10,0,0,0,0,0,0,0
41040,2,1,0,0,0,0,0,0,0,0,0,0
41042,0,1,27,27,27,27,27,27,27,27,27,27
41042,1,1,0,14,15,0,0,0,0,0,10,0
41043,1,1,41,0,0,0,34,0,0,20,0,0
41044,0,1,31,0,0,0,0,0,34,17,0,24
41044,1,1,0,10,6,6,18,21,6,36,0,14
41045,1,1,7,0,25,0,0,24,29,31,20,15
41046,0,1,0,0,0,33,0,0,0,0,0,0
41046,1,1,12,0,0,0,0,0,0,0,0,0
41047,1,1,21,0,0,0,0,6,0,0,11,14
41048,1,1,27,12,13,0,36,23,24,15,17,9
41048,2,1,0,19,21,0,11,0,0,14,18,18
41048,3,1,8,0,0,0,0,0,0,23,0,0
41048,4,1,20,0,10,0,0,10,0,0,17,0
41049,1,1,13,13,13,13,13,13,13,13,13,13
41049,2,1,0,0,0,0,8,0,0,7,25,20
41050,1,1,0,0,0,0,0,0,0,0,0,0
41050,2,1,0,0,0,0,0,0,0,0,0,0
41051,1,1,0,0,0,0,0,0,19,0,0,0
41051,2,1,33,22,0,9,0,0,16,0,0,0
41052,0,1,31,31,31,31,31,31,31,31,31,31
41052,1,1,0,0,0,0,0,0,0,0,9,0
41053,0,1,0,0,0,0,0,0,0,0,0,0
41053,1,1,0,0,0,0,13,0,9,24,16,6
41054,1,1,0,0,0,0,0,0,0,0,0,0
41054,2,1,0,0,0,0,0,0,0,0,0,0
41055,1,1,10,10,10,10,10,10,10,10,10,10
41055,2,1,0,0,0,0,0,0,9,0,0,0
41056,1,1,0,25,0,0,22,6,0,23,0,0
41056,2,1,0,0,0,0,0,0,0,0,0,0
41057,1,1,0,0,0,0,0,19,0,0,0,0
41057,2,1,0,0,0,0,0,0,0,0,0,0
41057,3,1,0,0,0,0,0,0,0,0,0,0
41058,1,1,0,0,0,0,17,0,0,0,0,0
41059,0,1,0,0,0,0,0,0,0,0,0,0
41059,1,1,0,19,0,0,0,7,0,0,0,0
41060,1,1,0,13,12,16,22,14,13,14,0,19
41061,0,1,0,11,0,0,0,0,0,13,0,0
41061,1,1,0,0,0,0,0,0,0,0,0,0
41062,0,1,0,0,0,0,0,0,0,0,0,0
41062,1,1,0,0,0,0,24,13,0,0,14,0
41063,1,1,0,0,0,0,0,0,0,0,0,0
41064,1,1,0,0,0,0,0,0,0,0,0,0
41065,0,1,29,0,0,0,18,0,20,0,0,0
41065,0,2,0,0,0,28,0,0,0,0,15,21
41065,0,3,0,0,6,0,0,0,26,7,0,0
41065,1,1,0,0,0,0,0,0,0,0,0,0
41065,2,1,0,20,0,15,0,16,10,0,13,13
41065,3,1,5,0,14,0,0,0,0,16,30,0
41066,1,1,0,0,0,0,0,0,0,0,0,0
41066,2,1,0,0,0,0,0,0,0,0,0,0
41067,1,1,20,20,20,20,20,20,20,20,20,20
41068,1,1,0,0,0,15,0,0,0,7,16,0
41068,2,1,0,0,0,0,0,0,0,0,0,0
41069,1,1,9,9,9,9,9,9,9,9,9,9
41070,0,1,0,0,0,0,0,0,0,0,0,0
41070,1,1,0,17,0,8,0,0,0,0,0,0
41071,0,1,18,18,18,18,18,18,18,18,18,18
41071,1,1,0,23,18,18,0,0,0,4,20,0
41072,1,1,0,0,0,0,0,0,0,0,0,0
41073,1,1,0,0,0,0,0,0,0,0,0,0
41073,2,1,0,0,0,0,0,0,0,0,0,0
41074,0,1,0,0,21,0,13,0,0,0,0,0
41074,1,1,0,0,0,0,0,0,0,0,0,0
41075,1,1,0,0,0,0,0,0,0,0,0,0
41075,2,1,0,0,0,0,0,0,0,0,0,0
41076,1,1,13,14,9,5,13,10,0,10,14,0
41076,2,1,0,0,0,0,4,0,0,17,0,0
41077,1,1,2,0,18,10,13,2,12,9,22,25
41078,1,1,23,23,23,23,23,23,23,23,23,23
41079,0,1,26,26,26,26,26,26,26,26,26,26
41079,1,1,0,0,8,0,0,7,0,16,0,0
41080,1,1,0,0,0,0,0,0,0,0,0,0
41080,2,1,0,0,0,0,0,0,0,0,0,0
41081,1,1,0,0,0,0,0,0,0,0,0,0
41082,0,1,0,0,0,0,0,0,0,0,0,0
41082,1,1,14,0,0,0,0,0,0,0,10,0
41082,2,1,0,0,0,0,36,0,0,0,0,0
41083,0,1,11,0,0,0,10,6,0,0,0,18
41083,1,1,0,11,0,17,33,0,0,0,0,0
41084,1,1,18,18,18,18,18,18,18,18,18,18
41084,2,1,0,0,0,0,0,0,0,4,0,0
41085,1,1,26,0,6,0,0,0,0,13,0,10
41085,2,1,0,0,0,0,0,0,0,0,0,0
41086,0,1,7,0,19,11,0,0,5,0,37,0
41086,1,1,18,18,0,0,4,0,0,16,25,18
41087,1,1,0,0,16,12,32,31,0,0,16,0
41088,0,1,0,0,0,0,0,0,0,0,0,0
41088,1,1,0,0,0,0,0,0,0,0,0,0
41089,1,1,0,26,0,0,24,0,10,0,13,0
41089,2,1,0,0,0,5,0,0,0,0,0,0
41090,1,1,13,13,13,13,13,13,13,13,13,13
41090,2,1,0,0,0,0,0,0,0,0,0,0
41090,3,1,0,0,0,0,0,0,0,0,0,0
41091,0,1,15,38,21,0,0,0,0,0,0,0
41091,1,1,0,0,0,0,16,41,0,0,0,7
41092,1,1,0,0,0,0,0,0,0,0,0,0
41092,2,1,0,0,0,0,0,0,0,0,0,0
41093,1,1,0,0,0,0,0,0,0,0,0,0
41093,2,1,0,0,0,0,0,0,0,0,0,0
41094,0,1,23,15,15,24,10,21,0,11,22,26
41094,1,1,0,0,0,7,0,8,0,0,0,0
41095,0,1,15,23,13,20,35,12,26,28,13,0
41095,1,1,0,0,0,0,9,21,0,0,0,0
41096,0,1,0,23,0,0,34,11,0,0,0,0
41096,1,1,0,0,0,0,0,0,0,0,0,0
41097,0,1,44,0,17,24,0,7,0,0,0,0
41097,1,1,14,8,0,19,17,35,0,0,0,0
41098,1,1,0,0,0,0,0,0,7,0,0,0
41098,2,1,0,0,0,0,10,0,0,0,0,0
41098,3,1,0,0,0,0,9,0,0,0,0,0
41099,1,1,0,0,0,0,0,0,0,0,0,0
41100,0,1,0,0,0,0,0,0,0,0,0,0
41100,1,1,0,0,0,0,0,10,35,14,0,9
41101,1,1,0,0,32,0,24,0,0,16,0,0
41101,2,1,12,12,12,12,12,12,12,12,12,12
41102,1,1,22,20,0,0,0,0,0,0,24,0
41103,0,1,0,0,0,0,0,0,0,0,0,0
41103,1,1,0,0,0,0,0,13,0,0,0,22
41104,1,1,2,2,2,2,2,2,2,2,2,2
41105,0,1,34,34,34,34,34,34,34,34,34,34
41105,1,1,0,11,0,40,0,0,0,0,18,0
41106,1,1,0,2,0,0,0,12,0,0,0,0
41106,2,1,0,0,0,12,0,0,0,0,0,0
41107,0,1,0,0,0,0,0,0,0,0,0,0
41107,1,1,13,0,0,0,0,0,5,17,0,0
41108,1,1,0,0,0,0,0,0,0,0,0,0
41108,2,1,0,0,0,0,9,0,0,11,0,0
41109,0,1,0,0,0,0,0,0,0,0,0,0
41109,1,1,10,0,13,5,17,0,0,20,13,9
41109,2,1,8,18,0,14,4,0,13,0,0,0
41110,0,1,0,0,0,0,0,0,0,0,0,0
41110,1,1,0,0,19,15,0,0,0,0,0,16
41111,1,1,0,10,0,0,0,0,0,0,0,0
41111,2,1,0,0,0,0,0,0,0,0,0,0
41112,0,1,0,0,0,0,0,0,0,0,0,0
41112,1,1,0,16,0,0,0,0,0,0,0,0
41113,1,1,0,0,0,0,0,0,0,0,0,0
41114,1,1,0,0,0,0,0,0,0,0,0,0
41114,2,1,0,0,0,0,0,0,0,0,0,0
41115,1,1,0,0,7,12,0,0,0,0,12,12
41116,0,1,12,0,0,0,0,0,0,0,17,0
41116,1,1,0,0,5,0,9,0,0,0,0,8
41116,2,1,16,7,18,7,0,22,0,0,4,4