ST_CASE,VEH_NO,PER_NO,P1,P2,P3,P4,P5,P6,P7,P8,P9,P10
80221,3,1,0,0,0,0,0,0,0,0,0,0
80222,1,1,0,0,0,0,0,0,0,0,0,0
80223,1,1,0,0,0,0,0,0,0,0,0,0
80224,1,1,22,22,22,22,22,22,22,22,22,22
80225,1,1,0,0,0,0,0,0,0,0,0,0
80226,1,1,5,5,5,5,5,5,5,5,5,5
80226,2,1,0,0,0,0,0,0,0,0,0,0
80227,1,1,0,0,0,0,0,0,0,0,0,0
80227,2,1,0,0,0,0,0,0,0,0,0,0
80228,1,1,0,0,0,0,0,0,0,0,0,0
80228,2,1,0,0,0,0,0,0,0,0,0,0
80228,3,1,0,0,0,0,0,0,0,15,0,0
80229,1,1,27,27,27,27,27,27,27,27,27,27
80230,1,1,0,0,0,0,0,0,0,0,0,0
80231,1,1,0,0,0,0,0,0,0,0,0,0
80231,2,1,0,0,0,0,0,0,0,0,0,0
80232,0,1,23,23,23,23,23,23,23,23,23,23
80232,1,1,0,0,0,0,0,0,0,0,0,0
80233,1,1,14,14,14,14,14,14,14,14,14,14
80234,1,1,16,16,16,16,16,16,16,16,16,16
80235,1,1,15,15,15,15,15,15,15,15,15,15
80236,1,1,0,0,0,0,0,0,0,0,0,0
80237,1,1,8,9,0,21,15,0,0,42,13,0
80238,1,1,0,5,0,0,0,26,0,0,19,0
80239,1,1,0,0,0,0,0,0,0,0,0,0
80239,2,1,0,0,0,0,0,0,0,0,0,0
80240,1,1,5,5,5,5,5,5,5,5,5,5
80240,2,1,0,0,0,0,0,0,0,0,0,0
80241,1,1,17,17,17,17,17,17,17,17,17,17
80241,2,1,0,0,0,0,0,0,0,0,0,0
80242,1,1,0,0,0,0,0,0,0,0,0,0
80242,2,1,0,0,0,0,0,0,0,0,0,0
80242,3,1,0,0,0,0,0,0,0,0,0,0
80243,1,1,0,0,0,0,0,0,0,0,0,0
80243,2,1,0,0,0,0,0,0,0,0,0,0
80244,0,1,0,0,0,0,0,0,0,0,0,0
80245,1,1,15,15,15,15,15,15,15,15,15,15
80246,1,1,0,0,0,0,0,0,0,0,0,0
80247,1,1,22,22,22,22,22,22,22,22,22,22
80248,1,1,21,21,21,21,21,21,21,21,21,21
80248,2,1,0,0,0,0,0,0,0,0,0,0
80249,1,1,0,0,0,0,0,0,0,0,0,0
80250,1,1,21,21,21,21,21,21,21,21,21,21
80250,2,1,16,0,0,0,0,0,0,0,0,0
80251,1,1,0,0,0,0,0,0,0,0,0,0
80251,2,1,0,0,0,0,0,0,0,0,0,0
80252,0,1,0,0,0,0,0,0,0,0,0,0
80252,1,1,0,0,0,0,0,0,0,21,0,0
80252,2,1,4,0,0,26,0,0,0,0,0,0
80253,1,1,0,0,0,0,0,0,0,0,0,0
80253,2,1,0,0,0,0,0,0,0,0,0,0
80253,3,1,0,0,0,0,0,0,0,24,0,0
80253,4,1,0,0,0,0,0,0,0,0,0,0
80254,1,1,19,19,19,19,19,19,19,19,19,19
80255,1,1,27,27,27,27,27,27,27,27,27,27
80255,2,1,0,0,0,0,0,0,17,0,0,0
80255,3,1,0,0,0,0,0,0,0,0,0,0
80256,1,1,18,18,18,18,18,18,18,18,18,18
80256,2,1,0,0,0,22,0,0,0,0,28,0
80257,1,1,6,6,6,6,6,6,6,6,6,6
80258,1,1,0,0,0,0,0,0,0,0,0,0
80259,1,1,0,0,0,0,0,0,0,0,0,0
80260,1,1,11,11,11,11,11,11,11,11,11,11
80261,1,1,19,19,19,19,19,19,19,19,19,19
80262,1,1,0,0,0,0,0,0,0,0,0,0
80263,1,1,0,0,0,0,0,0,0,0,0,0
80264,1,1,0,0,0,0,8,0,0,0,0,0
80264,2,1,0,0,0,0,0,0,0,0,0,17
80265,1,1,8,8,8,8,8,8,8,8,8,8
80266,1,1,0,0,0,0,0,0,0,0,0,0
80266,2,1,0,0,0,0,0,0,0,0,0,0
80267,1,1,11,11,11,11,11,11,11,11,11,11
80267,2,1,0,0,0,0,0,0,0,0,0,6
80268,0,1,0,0,0,0,0,0,0,0,0,0
80268,1,1,18,23,17,27,14,16,10,21,27,7
80269,1,1,17,17,17,17,17,17,17,17,17,17
80270,1,1,0,0,0,0,0,0,0,0,0,0
80270,2,1,0,0,0,0,16,0,0,0,0,0
80271,1,1,0,0,0,0,0,0,0,0,0,0
80271,2,1,0,0,0,0,0,0,0,0,0,0
80272,0,1,18,18,18,18,18,18,18,18,18,18
80272,1,1,18,18,18,18,18,18,18,18,18,18
80273,1,1,6,0,0,0,0,0,0,0,0,0
80273,2,1,0,0,0,0,0,0,0,0,0,0
80274,1,1,0,0,0,0,0,0,0,0,0,0
80274,2,1,0,0,0,0,0,0,0,0,0,0
80274,3,1,19,0,0,0,0,0,0,0,0,0
80275,1,1,0,0,0,0,0,0,0,0,0,0
80276,1,1,8,8,8,8,8,8,8,8,8,8
80276,2,1,0,0,0,0,0,0,0,0,0,0
80277,1,1,0,0,0,0,0,0,0,0,0,0
80277,2,1,6,0,0,0,0,0,0,0,0,0
80278,1,1,0,0,0,0,0,0,0,0,0,0
80278,2,1,0,0,0,0,0,0,0,0,0,0
80279,1,1,0,0,0,0,0,0,0,0,0,0
80279,2,1,2,0,0,0,0,0,0,0,21,0
80280,0,1,11,11,11,11,11,11,11,11,11,11
80280,1,1,0,0,0,7,18,0,0,0,0,0
80281,1,1,0,0,0,0,0,0,0,0,0,0
80281,2,1,1,1,1,1,1,1,1,1,1,1
80282,1,1,0,0,0,0,0,0,0,0,0,0
80282,2,1,0,12,0,0,8,0,0,0,0,5
80283,1,1,0,0,0,0,0,0,0,0,0,0
80283,2,1,0,0,0,0,2,0,0,0,0,0
80284,0,1,12,12,12,12,12,12,12,12,12,12
80284,1,1,0,0,0,0,0,0,0,0,0,0
80285,1,1,25,25,25,25,25,25,25,25,25,25
80286,1,1,19,19,19,19,19,19,19,19,19,19
80287,1,1,0,0,0,0,0,0,0,0,0,0
80287,2,1,0,0,0,0,0,0,0,0,0,0
80288,1,1,0,0,0,0,0,0,0,0,0,0
80288,2,1,0,0,0,0,0,0,0,0,0,0
80289,1,1,15,31,14,12,19,20,19,3,22,11
80289,2,1,0,0,0,0,0,0,0,0,0,0
80290,1,1,0,0,0,0,0,0,0,0,0,0
80290,2,1,0,0,0,0,0,0,0,0,0,0
80291,1,1,0,0,0,0,0,0,0,0,0,0
80291,2,1,0,0,0,0,0,0,0,0,0,0
80292,1,1,0,0,0,0,0,0,0,0,0,0
80292,2,1,0,0,0,0,0,0,0,0,0,0
80293,1,1,0,0,0,0,0,0,0,0,0,0
80293,2,1,0,0,0,0,0,0,0,0,0,0
80294,1,1,19,19,19,19,19,19,19,19,19,19
80294,2,1,0,0,9,0,0,0,0,0,0,7
80295,1,1,0,0,0,0,0,0,0,0,0,0
80295,2,1,0,0,0,0,0,0,0,0,0,0
80296,1,1,0,0,0,0,0,0,0,0,0,0
80297,0,1,0,0,0,0,0,0,0,0,0,0
80297,1,1,0,0,0,0,0,0,0,0,0,0
80298,1,1,0,0,0,0,0,0,0,0,0,0
80299,1,1,0,0,0,0,0,0,0,0,0,0
80300,1,1,0,0,0,0,0,0,0,0,0,0
80300,2,1,0,0,0,0,0,22,0,0,7,0
80300,3,1,0,0,0,0,2,0,0,0,0,0
80301,1,1,0,0,0,0,0,0,0,0,0,0
80302,1,1,20,20,20,20,20,20,20,20,20,20
80303,1,1,0,0,0,0,0,0,0,0,0,0
80303,2,1,0,0,0,0,0,0,0,0,0,0
80303,3,1,0,0,0,0,0,0,0,0,0,0
80304,1,1,0,0,0,0,0,0,0,0,0,0
80304,2,1,0,0,19,15,0,0,0,0,0,0
80304,3,1,0,0,0,0,0,0,0,0,0,0
80305,0,1,14,14,14,14,14,14,14,14,14,14
80305,1,1,10,10,10,10,10,10,10,10,10,10
80306,1,1,12,12,12,12,12,12,12,12,12,12
80307,1,1,28,28,28,28,28,28,28,28,28,28
80307,2,1,0,0,0,0,0,0,0,0,0,0
80308,1,1,0,0,0,0,0,0,0,0,0,0
80309,1,1,0,0,0,0,0,0,0,0,0,0
80309,2,1,0,0,0,0,0,0,0,0,0,0
80310,1,1,0,0,0,0,0,0,0,0,0,0
80310,2,1,0,0,0,0,0,0,0,0,0,0
80311,1,1,0,0,0,0,0,0,0,0,0,0
80312,1,1,0,0,0,0,0,8,0,0,0,9
80313,1,1,1,1,1,1,1,1,1,1,1,1
80314,0,1,0,0,0,0,0,0,0,0,0,0
80314,1,1,0,0,0,0,0,0,0,16,20,6
80315,1,1,7,7,7,7,7,7,7,7,7,7
80316,1,1,28,28,28,28,28,28,28,28,28,28
80317,1,1,0,0,0,0,0,0,0,0,0,0
80318,1,1,21,21,21,21,21,21,21,21,21,21
80319,1,1,10,10,10,10,10,10,10,10,10,10
80319,2,1,0,0,0,0,0,0,0,0,0,0
80320,1,1,0,0,0,0,0,0,0,0,0,0
80320,2,1,0,0,0,0,0,0,0,0,0,0
80321,1,1,19,19,19,19,19,19,19,19,19,19
80322,1,1,24,24,24,24,24,24,24,24,24,24
80323,1,1,15,15,15,15,15,15,15,15,15,15
80324,1,1,15,15,15,15,15,15,15,15,15,15
80325,1,1,0,0,0,0,0,0,0,0,0,0
80326,1,1,21,21,21,21,21,21,21,21,21,21
80327,1,1,0,0,0,0,0,0,0,0,0,0
80328,1,1,32,32,32,32,32,32,32,32,32,32
80329,1,1,17,0,0,0,0,0,0,0,0,0
80329,2,1,0,0,0,0,0,0,0,0,0,0
80330,1,1,0,0,0,0,0,0,17,0,0,0
80330,2,1,0,0,0,10,0,20,0,0,31,0
80331,1,1,0,0,0,0,0,0,0,0,0,0
80331,2,1,0,0,0,0,0,0,0,0,0,0
80332,1,1,0,0,0,0,0,0,0,0,0,0
80333,1,1,23,23,23,23,23,23,23,23,23,23
80334,1,1,0,0,0,0,0,0,13,0,0,0
80334,2,1,0,0,0,0,0,0,0,0,0,0
80335,1,1,0,0,0,0,0,0,0,0,0,0
80335,2,1,0,0,0,0,0,0,0,0,0,0
80336,1,1,10,10,10,10,10,10,10,10,10,10
80336,2,1,0,0,0,0,0,0,0,0,0,0
80337,1,1,22,22,22,22,22,22,22,22,22,22
80337,2,1,0,0,0,0,0,0,0,0,0,0
80338,0,1,0,0,0,0,0,0,0,0,0,0
80338,1,1,16,9,0,14,0,0,0,0,0,0
80339,1,1,7,7,7,7,7,7,7,7,7,7
80340,1,1,3,3,3,3,3,3,3,3,3,3
80340,2,1,0,0,0,0,0,0,0,0,0,0
80341,1,1,0,0,0,0,0,0,0,0,0,0
80342,1,1,0,0,0,0,0,33,0,0,0,0
80343,0,1,19,19,19,19,19,19,19,19,19,19
80343,2,1,14,0,0,0,0,0,0,0,0,0
80343,3,1,0,4,0,0,0,0,0,0,0,0
80344,1,1,11,11,11,11,11,11,11,11,11,11
80344,2,1,0,0,0,0,0,0,0,0,0,0
80345,0,1,10,10,10,10,10,10,10,10,10,10
80345,1,1,19,0,0,0,0,0,0,0,0,0
80346,1,1,9,9,9,9,9,9,9,9,9,9
80347,1,1,0,0,0,0,0,0,0,0,0,0
80347,2,1,17,12,0,19,0,17,16,17,24,16
80348,1,1,22,22,22,22,22,22,22,22,22,22
80349,1,1,0,0,0,0,0,0,0,0,0,0
80350,0,1,0,0,0,0,0,0,0,0,0,0
80350,1,1,0,0,0,0,0,0,0,0,0,0
80351,1,1,0,0,0,0,0,0,0,0,0,0
80352,1,1,0,0,0,0,0,0,0,0,0,0
80353,1,1,4,0,0,0,0,0,25,0,0,0
80353,2,1,0,0,0,0,0,0,0,0,0,0
80354,1,1,0,0,0,0,0,0,0,0,0,0
80354,2,1,0,0,0,0,0,0,0,0,0,0
80355,1,1,0,0,0,0,0,0,0,0,0,0
80356,1,1,9,9,9,9,9,9,9,9,9,9
80356,2,1,0,0,0,0,0,0,0,0,0,0
80356,3,1,0,0,0,0,0,0,0,0,0,0
80357,0,1,0,0,0,0,0,0,0,0,0,0
80357,1,1,0,0,0,0,0,0,11,18,9,0
80358,0,1,12,12,12,12,12,12,12,12,12,12
80358,1,1,18,14,5,0,0,6,14,0,0,0
80358,2,1,0,15,0,0,23,0,22,0,9,6
80358,3,1,14,0,0,0,0,3,0,23,0,14
80358,4,1,21,0,0,0,8,14,0,14,10,8
80359,1,1,22,22,22,22,22,22,22,22,22,22
80359,2,1,0,0,0,0,0,0,0,0,0,0
80360,0,1,10,10,10,10,10,10,10,10,10,10
80360,1,1,0,0,0,0,0,0,0,0,0,0
80362,0,1,0,0,0,0,0,0,0,0,0,0
80362,1,1,0,0,9,4,0,0,0,11,7,0
80363,1,1,0,0,0,0,0,0,0,0,0,0
80364,1,1,0,0,0,0,0,0,0,0,0,0
80364,2,1,0,0,0,18,0,22,0,0,0,0
80365,0,1,9,9,9,9,9,9,9,9,9,9
80365,1,1,0,0,0,0,0,0,0,0,0,0
80366,1,1,4,0,0,0,0,0,0,0,0,0
80367,1,1,15,0,0,0,0,0,0,0,0,0
80368,1,1,17,17,17,17,17,17,17,17,17,17
80369,0,1,0,0,0,0,0,0,0,0,0,0
80369,1,1,0,0,27,0,0,0,5,0,4,14
80370,1,1,9,9,9,9,9,9,9,9,9,9
80370,2,1,0,0,0,0,20,0,0,0,10,10
80371,1,1,0,0,0,0,0,0,0,0,0,0
80371,2,1,4,4,4,4,4,4,4,4,4,4
80372,0,1,26,26,26,26,26,26,26,26,26,26
80372,1,1,0,0,0,0,0,0,0,0,0,0
80373,0,1,19,19,19,19,19,19,19,19,19,19
80373,1,1,9,9,9,9,9,9,9,9,9,9
80374,1,1,19,19,19,19,19,19,19,19,19,19
80374,2,1,0,0,0,0,0,0,0,0,0,0
80375,1,1,0,0,0,0,0,0,0,0,0,0
80375,2,1,0,0,0,0,0,0,0,0,0,0
80376,1,1,0,0,0,0,0,0,0,0,0,0
80377,0,1,0,27,0,0,0,24,0,15,0,0
80377,1,1,0,0,0,0,0,0,0,0,0,0
80378,1,1,0,0,0,0,0,0,0,0,0,0
80378,2,1,0,9,0,0,0,0,0,0,0,0
80379,1,1,1,1,1,1,1,1,1,1,1,1
80380,1,1,17,17,17,17,17,17,17,17,17,17
80381,1,1,22,22,22,22,22,22,22,22,22,22
80382,1,1,0,0,0,0,0,0,0,0,0,0
80383,1,1,0,0,0,0,0,0,0,0,0,0
80383,2,1,0,0,0,0,0,0,0,0,0,0
80383,3,1,0,0,0,0,0,0,0,0,0,0
80384,1,1,0,0,0,0,0,0,0,0,0,0
80384,2,1,0,0,0,0,0,0,0,0,0,10
80385,1,1,0,0,0,0,0,0,0,0,0,0
80385,2,1,0,0,0,0,0,0,0,0,0,0
80386,1,1,0,0,0,0,0,0,0,0,0,0
80387,1,1,0,0,0,0,0,0,0,0,0,0
80387,2,1,0,0,0,0,0,0,0,0,0,0
80388,1,1,0,0,0,0,0,0,0,0,0,0
80388,2,1,0,0,0,0,0,0,26,0,0,0
80389,1,1,0,0,0,0,0,0,0,0,0,0
80390,1,1,21,21,21,21,21,21,21,21,21,21
80390,2,1,0,0,0,0,0,0,0,0,0,0
80391,1,1,13,13,13,13,13,13,13,13,13,13
80392,0,1,0,0,0,0,0,20,0,0,0,0
80392,0,2,0,0,0,0,0,0,0,0,0,0
80392,1,1,28,0,0,13,9,12,5,29,0,21
80392,2,1,0,0,0,0,14,0,0,0,0,0
80392,3,1,0,0,0,0,0,0,8,19,0,0
80393,1,1,0,0,0,0,0,0,0,0,0,0
80394,0,1,0,0,0,0,0,0,0,0,0,0
80394,1,1,0,21,16,0,0,0,0,0,0,0
80395,1,1,18,18,18,18,18,18,18,18,18,18
80396,1,1,10,10,10,10,10,10,10,10,10,10
80396,2,1,0,0,0,0,0,0,0,0,0,0
80397,1,1,0,0,0,0,0,0,0,0,0,0
80398,1,1,0,0,0,0,0,0,0,0,0,0
80398,2,1,0,0,0,0,0,0,0,0,0,0
80399,1,1,0,0,0,0,0,0,0,0,0,0
80399,2,1,0,0,0,0,0,0,0,0,0,0
80400,1,1,0,0,0,0,0,0,0,0,0,0
80400,2,1,0,0,0,0,0,0,0,0,0,0
80401,1,1,19,19,19,19,19,19,19,19,19,19
80402,1,1,0,0,0,0,0,0,0,0,0,0
80402,2,1,0,0,0,0,0,0,0,0,0,0
80403,1,1,32,32,32,32,32,32,32,32,32,32
80404,1,1,0,0,0,0,0,0,0,0,0,0
80405,0,1,7,7,7,7,7,7,7,7,7,7
80405,1,1,0,0,0,0,0,36,0,0,0,0
80406,1,1,19,19,19,19,19,19,19,19,19,19
80407,1,1,0,0,0,0,0,0,0,0,0,0
80407,2,1,0,0,0,0,0,0,0,0,0,0
80408,1,1,0,0,0,0,0,0,0,0,0,0
80408,2,1,0,0,0,0,0,0,7,0,0,0
80409,1,1,2,2,2,2,2,2,2,2,2,2
80409,2,1,0,0,0,0,0,0,0,0,0,0
80410,1,1,0,0,0,0,0,0,0,0,0,0
80411,0,1,0,0,0,0,0,0,0,0,0,0
80411,1,1,0,0,0,0,0,0,0,0,0,0
80412,1,1,0,0,0,0,0,0,0,21,0,0
80412,2,1,0,0,0,0,0,0,0,0,0,0
80413,1,1,18,6,21,17,19,21,19,15,13,22
80414,1,1,20,20,20,20,20,20,20,20,20,20
80414,2,1,0,0,0,0,10,0,0,0,0,0
80414,3,1,0,0,0,0,0,0,0,0,0,0
80415,1,1,0,0,0,0,0,0,0,0,0,0
80416,1,1,0,0,0,0,0,0,0,0,0,0
80416,2,1,0,0,0,12,0,0,0,0,0,0
80417,1,1,0,0,0,0,0,0,0,0,0,0
80417,2,1,0,0,0,0,0,0,0,0,0,0
80418,1,1,0,0,0,0,0,0,0,0,0,0
80419,0,1,0,0,0,0,0,0,0,0,0,0
80419,1,1,0,0,0,0,0,0,0,0,0,0
80419,2,1,0,0,0,0,0,0,0,0,0,0
80420,0,1,0,0,0,0,0,0,0,0,0,0
80420,1,1,5,0,0,0,0,16,20,0,17,0
80420,2,1,6,0,0,0,19,0,0,0,0,0
80421,1,1,11,11,11,11,11,11,11,11,11,11
80421,2,1,0,0,0,0,0,0,0,0,0,0
80422,1,1,20,20,20,20,20,20,20,20,20,20
80423,0,1,30,30,30,30,30,30,30,30,30,30
80423,1,1,0,0,0,0,0,0,0,0,0,0
80424,1,1,0,0,0,0,0,0,0,0,0,0
80424,2,1,0,0,0,0,0,0,0,0,0,0
80425,1,1,11,11,11,11,11,11,11,11,11,11
80425,2,1,0,0,0,0,0,0,0,0,0,0
80426,0,1,0,0,0,0,0,0,0,0,0,0
80426,1,1,0,0,0,0,0,0,0,0,0,0
80427,1,1,0,0,0,0,0,36,0,0,0,0
80427,2,1,0,0,0,0,0,0,0,0,0,0
80428,0,1,17,17,17,17,17,17,17,17,17,17
80428,1,1,0,0,0,0,0,0,0,0,0,0
80429,0,1,16,28,13,28,19,21,21,9,20,24
80429,1,1,0,7,0,0,0,0,23,0,10,5
80430,0,1,34,34,34,34,34,34,34,34,34,34
80430,1,1,0,0,0,0,0,25,0,0,0,0
80431,1,1,0,0,0,0,0,0,0,0,0,0
80432,1,1,0,0,0,0,0,0,0,0,0,0
80432,2,1,0,0,0,0,0,0,0,0,0,0
80432,3,1,0,0,0,0,0,0,0,0,0,0
80433,0,1,7,7,7,7,7,7,7,7,7,7
80433,1,1,0,0,0,0,0,0,0,0,0,19
80434,1,1,0,0,0,0,0,0,0,11,0,0
80435,1,1,10,10,10,10,10,10,10,10,10,10
80436,1,1,0,16,0,17,0,0,0,0,0,0
80437,1,1,24,24,24,24,24,24,24,24,24,24
80438,1,1,0,0,0,0,0,0,0,0,0,0
80439,1,1,20,20,20,20,20,20,20,20,20,20
80440,1,1,0,0,0,0,0,0,0,0,0,0
80441,1,1,0,0,0,0,0,0,0,0,0,0
80442,1,1,0,0,0,0,0,0,0,0,0,0
80442,2,1,0,0,0,0,0,0,0,0,0,0
80443,1,1,22,22,22,22,22,22,22,22,22,22
80444,1,1,7,7,7,7,7,7,7,7,7,7
80444,2,1,0,0,0,0,0,0,0,0,0,0
80445,1,1,0,0,0,0,0,0,0,0,0,0
80446,1,1,0,0,0,0,0,0,0,0,0,0
80447,1,1,0,0,0,0,0,0,0,0,0,0
80448,1,1,0,0,0,0,0,0,0,0,0,0
80448,2,1,0,0,0,0,0,0,0,0,0,0
80449,1,1,0,0,0,0,0,0,0,0,0,0
80450,1,1,0,0,0,0,0,0,0,0,0,0
80451,1,1,26,26,26,26,26,26,26,26,26,26
80452,1,1,16,16,16,16,16,16,16,16,16,16
80452,2,1,26,0,0,0,0,0,0,0,0,0
80453,1,1,2,2,2,2,2,2,2,2,2,2
80454,1,1,0,0,0,0,0,0,0,0,0,0
80455,1,1,13,13,13,13,13,13,13,13,13,13
80456,1,1,0,0,0,0,0,0,0,0,0,0
80456,2,1,0,0,0,0,0,0,0,0,0,0
80457,1,1,0,0,0,10,0,0,0,0,0,0
80457,2,1,0,0,0,0,0,0,0,0,0,0
80458,1,2,0,0,0,0,0,0,0,7,0,0
80459,1,1,15,15,15,15,15,15,15,15,15,15
80459,2,1,0,0,0,16,0,0,13,0,0,0
80459,3,1,0,0,0,0,0,0,0,0,0,0
80459,4,1,0,0,0,0,0,0,0,0,0,0
80460,0,1,0,0,0,0,0,0,0,0,0,0
80460,1,1,0,0,0,0,0,0,0,0,0,0
80461,1,1,0,0,0,0,0,0,0,0,0,0
80461,2,1,3,3,3,3,3,3,3,3,3,3
80462,1,1,10,10,10,10,10,10,10,10,10,10
80463,1,1,0,0,0,0,0,0,0,0,0,0
80464,1,1,26,19,12,0,20,11,0,0,34,11
80464,2,1,0,0,0,0,0,0,0,0,0,0
80465,1,1,21,21,21,21,21,21,21,21,21,21
80465,2,1,0,0,0,0,0,0,0,0,0,0
80466,1,1,6,6,6,6,6,6,6,6,6,6
80467,1,1,0,0,0,0,0,0,0,0,0,0
80467,2,1,0,0,0,0,0,0,0,0,0,0
80468,1,1,0,0,0,0,0,0,0,0,0,0
80468,2,1,0,0,0,0,0,0,0,0,0,0
80469,0,1,0,0,0,0,0,0,0,0,0,0
80469,1,1,0,0,0,0,0,0,0,0,0,0
80470,0,1,0,0,0,0,0,0,0,0,0,0
80470,1,1,0,0,0,0,0,0,0,0,0,0
80471,1,1,27,15,30,9,15,24,2,18,8,26
80471,2,1,0,0,0,0,0,0,0,0,0,0
80471,3,1,0,0,0,0,0,0,0,0,0,0
80471,4,1,0,0,0,0,0,0,0,0,0,0
80472,0,1,0,0,0,0,0,0,0,0,0,0
80472,1,1,0,0,0,0,0,0,0,0,6,28
80473,0,1,0,0,0,0,0,0,0,0,0,0
80473,1,1,0,0,0,0,0,0,0,0,0,0
80474,1,1,0,0,0,0,0,0,0,0,0,0
80475,1,1,14,14,14,14,14,14,14,14,14,14
80476,1,1,0,0,0,0,0,0,10,0,0,0
80476,2,1,0,0,0,0,0,0,0,0,0,0
80477,1,1,9,9,9,9,9,9,9,9,9,9
80477,2,1,0,0,0,0,0,0,0,0,0,0
80478,1,1,0,0,0,0,0,0,0,0,0,0
80478,2,1,0,0,0,0,0,0,0,0,0,0
80479,1,1,0,0,0,0,0,0,0,0,0,0
80480,0,1,4,4,4,4,4,4,4,4,4,4
80480,1,1,16,0,0,7,21,0,12,0,25,0
80481,1,1,7,7,7,7,7,7,7,7,7,7
80482,1,1,0,0,0,0,0,0,0,0,0,0
80482,2,1,0,0,0,0,0,0,0,0,0,0
80483,1,1,0,0,0,0,0,0,0,0,0,0
80484,1,1,0,0,0,0,0,0,0,0,0,0
80484,2,1,0,0,0,0,0,15,0,0,0,0
80485,1,1,18,0,0,0,0,0,0,22,0,11
80486,1,1,0,0,0,0,0,0,0,0,0,0
80486,2,1,0,0,0,0,0,0,0,0,0,0
80487,1,1,0,0,0,0,0,0,0,0,0,0
80488,1,1,31,31,31,31,31,31,31,31,31,31
80488,2,1,0,0,0,0,0,0,0,0,0,0
80489,1,1,0,0,0,0,0,0,0,0,0,0
80490,0,1,0,0,0,0,10,22,0,0,2,34
80490,1,1,0,0,14,0,0,0,0,0,0,0
80491,1,1,18,18,18,18,18,18,18,18,18,18
80492,1,1,0,0,0,0,0,0,0,0,0,0
80492,2,1,22,22,22,22,22,22,22,22,22,22
80493,1,1,0,0,0,0,0,0,0,0,0,8
80494,1,1,0,0,0,0,0,0,0,0,0,0
80494,2,1,0,0,0,0,0,0,0,0,0,0
80495,1,1,0,0,0,0,6,0,0,0,0,0
80495,2,1,0,0,0,0,0,0,0,0,0,0
80496,1,1,0,0,0,0,0,0,0,0,0,0
80496,2,1,0,0,0,0,0,0,0,0,0,0
80497,1,1,0,0,0,0,0,0,0,0,0,0
80498,1,1,9,9,9,9,9,9,9,9,9,9
80499,1,1,0,0,0,0,0,0,0,0,8,0
80500,1,1,0,0,0,0,0,0,0,0,0,0
80500,2,1,0,0,0,0,0,0,0,0,0,0
80501,1,1,0,0,0,0,0,0,0,0,0,0
80501,2,1,18,18,18,18,18,18,18,18,18,18
80502,0,1,6,6,6,6,6,6,6,6,6,6
80502,1,1,0,0,0,16,0,6,0,0,0,16
80503,1,1,0,0,0,0,0,0,0,0,0,0
80504,1,1,0,0,0,0,0,0,0,0,0,0
80504,2,1,0,0,0,0,0,0,0,0,0,0
80505,1,1,0,21,0,0,0,0,0,0,0,0
80506,0,1,0,0,0,0,0,0,0,0,0,0
80506,1,1,19,19,19,19,19,19,19,19,19,19
80507,1,1,0,0,0,0,0,0,0,0,0,0
80507,2,1,0,0,0,0,0,0,0,0,0,0
80507,3,1,0,0,0,0,31,0,0,0,0,0
80507,4,1,0,0,0,0,0,0,17,0,0,0
80508,1,1,0,0,0,0,0,0,0,0,0,0
80509,1,1,25,8,17,10,20,16,12,30,0,22
80509,2,1,0,0,0,0,0,0,0,0,0,0
80510,0,1,0,0,0,0,10,19,13,0,0,0
80510,1,1,0,0,0,0,0,0,0,0,0,21
80511,0,1,0,0,0,0,0,0,0,0,0,0
80511,1,1,0,19,0,0,0,0,0,0,22,0
80511,2,1,0,6,0,22,0,12,0,10,0,0
80511,3,1,25,16,0,12,0,0,22,6,0,0
80512,0,1,0,0,0,0,0,0,0,0,0,0
80512,1,1,0,0,0,0,0,0,0,0,0,0
80513,1,1,0,0,0,0,0,0,0,0,0,0
80513,2,1,0,0,0,0,0,0,0,0,0,0
80514,1,1,22,22,22,22,22,22,22,22,22,22
80515,1,1,0,0,0,0,0,0,0,0,0,0
80516,1,1,8,8,8,8,8,8,8,8,8,8
80517,1,1,0,0,0,0,0,0,0,0,0,0
80517,2,1,0,0,0,0,0,0,0,0,0,0
80518,1,1,0,0,18,0,0,0,0,0,15,0
80518,2,1,0,11,0,0,0,0,0,0,0,0
80519,1,1,4,4,4,4,4,4,4,4,4,4
80520,1,1,2,2,2,2,2,2,2,2,2,2
80520,2,1,0,0,0,0,0,0,0,0,0,0
80520,3,1,0,0,0,0,0,0,0,0,6,0
80521,1,1,20,20,20,20,20,20,20,20,20,20
80521,2,1,0,0,0,0,0,0,0,0,0,0
80522,1,1,5,5,5,5,5,5,5,5,5,5
80522,2,1,0,0,0,0,0,0,0,0,0,0
80523,1,1,16,16,16,16,16,16,16,16,16,16
80523,2,1,0,0,0,0,0,0,0,0,0,0
80524,1,1,0,0,0,0,0,0,0,0,0,0
80524,2,1,0,0,0,0,0,0,0,0,0,0
80525,1,1,13,13,13,13,13,13,13,13,13,13
80526,1,1,0,0,0,0,0,0,0,0,0,0
80527,1,1,0,0,0,0,0,0,0,0,0,0
80527,2,1,0,0,0,0,0,0,0,0,0,0
80528,1,1,0,0,0,0,0,0,0,0,0,0
80529,1,1,6,6,6,6,6,6,6,6,6,6
80529,2,1,0,0,0,0,0,0,0,0,0,0
80530,1,1,9,9,9,9,9,9,9,9,9,9
80531,0,1,0,0,0,0,0,0,0,0,0,0
80531,0,2,0,0,0,0,0,0,0,0,0,0
80531,1,1,13,13,13,13,13,13,13,13,13,13
80532,1,1,30,30,30,30,30,30,30,30,30,30
80533,1,1,0,0,0,0,0,0,0,0,0,0
80533,2,1,0,0,0,5,0,0,11,7,0,0
80534,1,1,0,0,0,0,0,0,0,0,0,10
80534,2,1,0,0,0,0,0,0,0,0,0,0
80534,3,1,0,0,0,0,0,11,0,0,0,0
80534,4,1,0,0,0,0,0,0,0,0,0,0