ST_CASE,VEH_NO,PER_NO,P1,P2,P3,P4,P5,P6,P7,P8,P9,P10
90147,1,1,0,0,0,0,0,0,0,0,0,0
90148,1,1,0,0,0,0,0,0,0,0,0,0
90148,2,1,0,0,0,0,0,0,0,0,0,0
90149,1,1,0,0,0,0,35,19,13,0,0,0
90150,1,1,0,14,0,0,0,0,0,0,0,0
90150,2,1,0,0,0,0,0,0,0,0,0,0
90151,1,1,0,0,0,0,0,0,0,0,0,0
90151,2,1,0,0,0,0,0,0,0,9,0,0
90151,3,1,0,0,23,0,0,0,0,0,0,11
90152,1,1,0,0,0,0,0,0,0,0,0,0
90152,2,1,0,0,0,0,0,0,0,0,0,0
90152,3,1,0,0,0,0,0,0,0,0,0,0
90153,1,1,0,0,0,0,0,0,0,0,0,0
90154,1,1,0,0,0,0,0,0,0,0,11,0
90154,2,1,0,0,0,0,0,0,0,0,0,0
90155,1,1,0,0,0,0,0,0,0,0,0,0
90156,1,1,0,0,0,0,0,0,0,0,0,0
90156,2,1,0,0,0,0,0,11,0,0,0,0
90157,1,1,31,31,31,31,31,31,31,31,31,31
90158,1,1,0,0,0,0,0,21,8,0,0,0
90159,1,1,19,0,0,0,19,0,0,25,0,0
90160,1,1,0,0,0,0,0,0,0,0,0,0
90161,1,1,0,23,0,0,29,23,0,0,0,0
90162,1,1,0,0,0,6,0,0,0,0,0,0
90162,2,1,0,0,0,21,0,0,0,0,0,0
90163,1,1,0,0,0,0,0,0,0,0,0,0
90163,2,1,0,0,0,0,0,0,0,0,0,0
90164,1,1,4,4,4,4,4,4,4,4,4,4
90166,1,1,0,0,0,0,0,0,0,0,0,0
90166,2,1,0,13,0,0,19,0,0,0,0,0
90167,0,1,0,0,0,0,0,0,0,0,0,0
90167,1,1,0,20,0,22,26,0,0,0,0,0
90168,1,1,0,0,0,0,0,0,0,0,0,0
90168,2,1,0,0,0,0,0,3,0,0,0,22
90169,0,1,0,0,0,0,0,0,0,0,0,0
90169,1,1,0,12,0,20,13,0,0,0,0,0
90170,1,1,0,0,0,0,0,0,0,0,0,0
90170,2,1,0,0,0,0,0,0,29,0,0,0
90171,1,1,0,0,0,0,0,0,0,0,0,0
90171,2,1,0,0,0,17,0,0,0,0,0,2
90172,1,1,0,0,0,0,0,0,0,0,0,0
90173,1,1,16,16,16,16,16,16,16,16,16,16
90174,1,1,21,21,21,21,21,21,21,21,21,21
90175,1,1,0,0,0,21,0,0,0,11,0,0
90176,1,1,0,0,0,0,0,0,0,0,0,0
90176,2,1,12,0,14,2,11,4,27,45,13,13
90176,3,1,0,0,0,0,0,0,0,0,0,0
90177,0,1,0,0,5,0,28,31,0,0,0,10
90177,1,1,15,6,10,16,0,0,0,12,0,13
90178,1,1,0,0,9,0,9,0,0,2,0,0
90178,2,1,19,21,15,8,0,0,0,0,10,0
90178,3,1,0,0,0,0,0,0,0,0,0,0
90178,4,1,0,0,0,0,13,15,0,0,0,0
90178,5,1,0,0,0,27,11,15,0,0,0,6
90179,0,1,18,18,18,18,18,18,18,18,18,18
90179,0,2,0,0,0,0,0,0,0,0,0,0
90179,0,3,0,20,0,26,0,0,0,0,36,0
90179,0,4,0,14,0,17,20,9,0,0,0,0
90179,3,1,30,19,32,15,32,18,19,10,5,28
90180,1,1,0,0,0,0,0,0,0,0,0,0
90180,2,1,0,0,0,0,0,0,0,0,0,16
90180,3,1,1,0,0,30,0,0,0,0,0,0
90181,1,1,0,6,16,0,29,0,0,31,27,0
90182,0,1,0,0,0,0,0,0,0,0,0,0
90182,1,1,0,0,0,15,32,0,0,0,0,0
90183,1,1,3,3,3,3,3,3,3,3,3,3
90184,1,1,0,0,0,0,0,0,0,0,0,0
90184,2,1,0,0,0,0,0,0,0,8,0,0
90185,0,1,0,0,0,0,0,0,0,0,0,0
90185,1,1,0,0,0,0,0,12,28,3,0,0
90186,1,1,12,12,12,12,12,12,12,12,12,12
90187,1,1,0,0,0,0,0,0,0,0,0,0
90187,2,1,0,0,0,0,0,0,0,0,0,0
90188,1,1,0,0,10,0,0,0,0,0,0,0
90188,2,1,30,0,0,0,0,0,12,0,0,0
90189,1,1,0,0,0,0,0,0,0,0,0,0
90189,2,1,0,0,0,0,3,0,0,0,0,0
90189,3,1,23,10,0,0,0,36,0,0,9,0
90190,1,1,0,0,6,19,0,8,5,0,18,0
90190,2,1,0,0,0,0,0,20,0,19,0,17
90190,3,1,0,14,18,13,2,0,12,0,4,31
90191,1,1,0,0,0,0,0,0,0,0,0,0
90192,1,1,0,0,0,0,0,0,0,0,0,0
90193,0,1,0,0,0,0,0,0,0,0,0,0
90193,1,1,0,0,0,0,0,10,0,0,0,0
90194,1,1,4,4,4,4,4,4,4,4,4,4
90196,0,1,28,28,28,28,28,28,28,28,28,28
90196,1,1,0,0,0,0,0,0,0,0,0,0
90197,1,1,0,0,11,0,0,0,0,0,0,0
90197,2,1,0,0,0,0,0,0,0,0,0,0
90198,1,1,0,0,0,0,0,0,0,0,0,0
90198,2,1,0,0,0,0,0,0,0,0,0,0
90199,1,1,0,0,0,0,0,0,28,0,0,0
90199,2,1,20,20,20,20,20,20,20,20,20,20
90200,1,1,12,12,12,12,12,12,12,12,12,12
90200,2,1,0,0,13,15,0,0,0,0,0,0
90200,3,1,0,0,0,0,0,0,0,0,0,0
90201,0,1,10,10,10,10,10,10,10,10,10,10
90201,1,1,13,0,0,0,0,0,0,10,15,0
90202,1,1,0,0,0,0,0,0,0,0,0,0
90202,2,1,0,13,0,0,0,0,0,0,0,0
90203,1,1,0,0,0,0,0,0,0,0,0,0
90203,2,1,0,14,0,0,3,18,0,0,0,25
90203,3,1,0,0,23,0,0,9,0,0,0,0
90204,1,1,0,0,0,26,0,0,0,0,0,0
90204,2,1,0,0,0,0,0,0,0,0,0,0
90205,1,1,0,0,0,0,0,0,0,0,0,0
90205,2,1,33,33,33,33,33,33,33,33,33,33
90206,0,1,0,0,0,0,0,0,0,0,0,0
90206,1,1,0,0,0,0,0,0,0,13,0,0
90207,0,1,0,0,0,0,0,0,0,0,0,0
90207,1,1,0,0,0,0,0,0,0,0,0,0
90208,1,1,16,16,16,16,16,16,16,16,16,16
90209,0,1,0,0,0,0,0,0,0,0,0,0
90209,0,2,0,11,0,0,0,0,0,0,0,0
90209,2,1,0,10,0,0,0,0,0,0,0,0
90209,3,1,0,16,0,0,0,0,0,0,0,0
90209,4,1,0,0,17,0,0,0,0,0,6,0
90209,5,1,0,0,0,0,0,0,0,0,10,0
90210,1,1,0,0,0,0,12,0,0,0,0,0
90210,2,1,5,5,5,5,5,5,5,5,5,5
90211,0,1,19,19,19,19,19,19,19,19,19,19
90211,1,1,12,3,0,24,18,22,0,0,0,30
90211,3,1,0,0,0,22,15,0,0,0,19,0
90212,1,1,0,0,0,0,0,0,0,0,0,0
90212,2,1,0,0,0,0,0,0,0,0,0,0
90212,3,1,0,0,9,0,0,0,0,0,0,0
90212,4,1,0,0,0,0,0,29,0,0,0,0
90212,5,1,0,0,11,0,0,0,0,0,0,0
90213,1,1,0,0,0,0,0,0,0,0,0,0
90213,2,1,8,21,11,16,15,6,26,11,17,23
90214,1,1,2,2,2,2,2,2,2,2,2,2
90214,2,1,0,0,0,0,0,18,0,8,0,0
90215,1,1,0,0,0,0,0,0,0,0,0,0
90216,1,1,12,12,12,12,12,12,12,12,12,12
90216,2,1,0,0,10,34,22,0,23,0,0,0
90217,1,1,0,5,0,0,0,0,18,11,9,0
90218,1,1,0,0,0,0,0,0,0,0,0,0
90218,2,1,0,0,0,0,9,18,12,0,0,0
90219,1,1,0,0,0,0,0,0,0,0,0,0
90220,1,1,0,0,0,0,0,0,0,0,0,0
90220,2,1,0,0,0,0,0,0,0,17,0,0
90221,1,1,0,0,0,0,0,0,0,0,0,0
90222,0,1,13,13,13,13,13,13,13,13,13,13
90222,1,1,0,0,2,10,0,0,0,0,0,0
90223,1,1,0,0,0,0,0,0,0,0,0,0
90224,1,1,0,0,0,0,0,0,0,0,0,0
90224,2,1,0,0,0,0,0,0,0,0,0,0
90225,0,1,0,0,0,0,0,0,0,0,0,0
90225,1,1,0,18,0,0,0,17,0,0,0,0
90226,1,1,0,0,0,0,0,0,0,0,0,0
90227,1,1,0,0,0,13,11,0,20,0,0,0
90227,2,1,0,16,0,0,12,14,0,0,0,0
90228,1,1,0,20,17,12,0,0,9,14,0,0
90228,2,1,11,11,11,11,11,11,11,11,11,11
90229,1,1,0,0,0,0,0,0,0,0,0,0
90229,2,1,0,12,0,12,17,0,0,0,20,0
90230,0,1,0,0,0,0,0,0,0,0,0,0
90230,1,1,26,17,0,0,0,0,0,0,0,0
90231,1,1,0,12,14,34,0,0,19,0,0,32
90231,2,1,0,0,0,0,0,0,0,0,0,0
90232,1,1,6,0,14,17,9,13,18,16,15,26
90233,1,1,0,0,0,0,0,0,0,0,0,0
90234,1,1,0,0,0,0,0,0,0,0,0,0
90234,2,1,0,0,0,0,0,0,0,0,0,0
90235,1,1,0,8,15,17,0,0,37,0,0,21
90237,0,1,0,4,0,0,0,0,0,0,26,27
90237,1,1,0,0,0,20,0,25,0,0,0,0
90238,0,1,12,12,12,12,12,12,12,12,12,12
90238,1,1,28,0,0,11,0,0,0,23,0,0
90239,1,1,0,0,0,0,0,0,0,0,0,0
90239,2,1,0,0,0,0,0,0,0,0,0,0
90240,0,1,0,0,0,0,0,0,0,0,0,0
90240,1,1,11,0,0,0,0,0,0,0,0,10
90241,1,1,19,19,19,19,19,19,19,19,19,19
90242,1,1,18,18,18,18,18,18,18,18,18,18
90244,1,1,0,0,0,0,0,0,0,0,0,0
90244,2,1,0,0,0,0,0,0,0,0,0,0
90245,1,1,15,15,15,15,15,15,15,15,15,15
90246,1,1,11,19,20,6,0,0,0,0,25,15
90247,1,1,0,15,24,5,0,0,0,0,17,0
90248,1,1,18,18,18,18,18,18,18,18,18,18
90249,1,1,0,0,0,0,0,0,0,0,0,0
90249,2,1,0,0,0,0,0,0,0,0,0,0
90250,1,1,0,0,0,0,0,0,0,0,0,0
90250,2,1,0,0,28,0,0,0,0,0,21,25
90251,1,1,0,0,0,0,28,0,0,35,0,10
90251,2,1,0,0,0,0,0,0,26,0,0,0
90251,3,1,0,0,0,0,0,0,0,0,0,0
90252,1,1,0,0,0,0,19,0,0,0,0,0
90253,0,1,28,28,28,28,28,28,28,28,28,28
90253,1,1,0,0,0,0,0,0,0,0,0,0
90254,1,1,0,0,0,0,0,0,0,0,0,0
90254,2,1,0,0,0,0,27,0,0,0,0,0
90255,0,1,0,0,0,0,0,0,0,0,0,0
90255,0,2,0,0,0,0,0,0,0,0,0,0
90255,1,1,15,13,19,25,9,13,23,7,16,27
90256,1,1,0,0,0,0,0,0,0,0,0,0
90257,1,1,0,0,0,0,0,0,0,0,0,0
90258,1,1,20,20,20,20,20,20,20,20,20,20
90259,1,1,0,0,0,0,0,0,0,0,0,0
90260,1,1,0,0,0,0,0,0,0,0,0,0
90260,2,1,18,18,18,18,18,18,18,18,18,18
90261,1,1,24,24,24,24,24,24,24,24,24,24
90262,1,1,0,0,0,0,0,0,0,0,0,0
90262,2,1,0,0,0,0,0,0,0,0,0,0
90263,1,1,0,0,38,0,24,18,16,0,0,4
90264,0,1,29,29,29,29,29,29,29,29,29,29
90264,1,1,0,0,0,0,0,0,0,0,0,0
90265,0,1,32,21,26,44,13,45,24,19,20,32
90265,1,1,0,0,0,15,0,0,0,0,0,15
90266,1,1,0,0,6,0,0,0,0,17,0,0
90266,2,1,0,0,0,0,0,0,0,0,0,0
90267,0,1,0,0,0,0,0,0,0,0,0,0
90267,1,1,0,11,0,0,0,0,0,0,0,0
90268,1,1,4,12,0,0,0,12,0,0,0,0
90268,2,1,0,0,0,0,0,0,0,0,0,0
90269,1,1,41,32,18,16,24,5,13,18,26,19
90270,1,1,0,0,12,0,0,0,9,0,10,13
90272,0,1,20,14,15,14,9,0,0,0,0,13
90272,1,1,20,0,7,0,0,0,0,10,0,13
90273,1,1,8,0,0,8,14,0,23,8,14,13
90274,0,1,0,0,0,0,0,0,0,0,0,0
90274,1,1,22,0,0,0,0,11,0,20,0,0
90275,1,1,0,0,0,0,12,0,0,0,9,25
90276,1,1,0,0,0,0,0,0,0,0,0,0
90276,2,1,0,0,0,0,0,0,16,0,0,0
90277,1,1,0,0,0,9,15,0,0,0,18,22
90278,1,1,0,0,15,0,0,0,0,0,0,0
90278,2,1,26,0,0,0,0,0,0,0,0,0
90279,0,1,34,0,0,0,0,16,6,0,0,0
90279,1,1,0,0,0,14,9,0,0,0,0,31
90280,0,1,0,0,0,0,0,0,23,0,0,0
90280,1,1,0,0,0,0,0,0,0,0,0,0
90281,1,1,8,19,22,16,20,42,35,9,0,0
90282,1,1,0,0,0,0,0,20,0,0,0,0
90282,2,1,0,0,0,0,0,0,0,0,0,0
90283,1,1,0,0,10,12,16,0,36,0,0,0
90284,0,1,0,0,0,0,0,0,0,0,0,0
90284,0,2,0,0,0,0,0,0,0,0,0,0
90284,1,1,0,0,0,0,0,0,0,0,0,0
90285,0,1,15,15,15,15,15,15,15,15,15,15
90285,1,1,0,0,0,0,0,0,0,0,0,0
90286,0,1,34,34,34,34,34,34,34,34,34,34
90286,1,1,2,12,19,11,21,27,0,28,11,37
90287,1,1,0,0,0,0,0,0,0,0,0,0
90288,1,1,0,0,0,0,0,0,0,0,0,0
90289,0,1,0,0,0,0,0,0,0,0,0,0
90289,1,1,0,0,0,0,0,0,0,0,0,0
90290,1,1,0,0,0,0,0,0,0,0,0,5
90290,2,1,0,0,0,0,0,0,0,0,0,0
90291,1,1,0,0,0,0,0,0,0,0,0,0
90291,2,1,0,0,0,0,0,0,0,0,0,0
90291,3,1,0,0,0,0,0,0,0,0,0,0
90292,0,1,0,0,0,0,0,0,0,0,0,0
90292,1,1,0,0,0,0,0,0,0,0,0,0
90293,1,1,0,0,0,0,0,0,0,0,0,0
90293,2,1,0,0,0,0,0,0,0,0,3,0
90293,3,1,0,0,0,0,0,4,0,0,0,0
90294,0,1,0,0,0,0,0,0,0,0,0,0
90294,1,1,0,0,0,0,0,0,0,0,0,0
90295,0,1,0,0,0,0,0,0,0,0,0,0
90295,1,1,10,0,14,0,0,27,10,16,14,12
90296,1,1,0,10,23,0,0,0,0,0,0,0
90297,1,1,11,11,11,11,11,11,11,11,11,11
90298,1,1,19,0,0,0,13,0,0,18,0,0
90298,2,1,0,0,0,0,0,0,0,0,0,0
90299,1,1,0,0,0,15,0,0,0,0,0,25
90299,2,1,0,0,0,0,0,0,0,0,0,0
90301,0,1,0,0,0,0,0,0,0,0,0,0
90301,1,1,0,0,0,0,0,0,0,0,0,0
90302,1,1,0,23,12,11,0,12,0,0,0,0
90302,2,1,26,26,26,26,26,26,26,26,26,26
90303,1,1,0,0,0,0,0,0,0,0,0,0
90303,2,1,0,0,0,0,0,0,0,0,0,0
90303,3,1,0,0,0,0,0,0,0,0,0,0
90304,1,1,0,0,0,0,0,16,31,0,0,0
90304,2,1,0,14,0,0,0,0,13,0,0,0
90306,1,1,7,7,7,7,7,7,7,7,7,7
90306,2,1,0,0,0,0,0,5,21,15,41,0
90307,1,1,0,0,0,0,0,0,0,0,0,0
90308,0,1,0,0,26,0,0,0,0,0,33,0
90308,1,1,0,0,0,0,0,0,0,0,0,0
90309,1,1,0,20,0,0,0,5,8,31,0,14
90310,0,1,4,4,4,4,4,4,4,4,4,4
90310,1,1,0,0,0,0,0,0,0,0,0,0
90311,0,1,0,0,3,0,0,0,6,0,0,0
90311,1,1,0,0,0,0,0,0,0,0,0,0
90312,0,1,0,0,0,0,0,0,0,0,0,0
90312,1,1,0,5,0,0,0,0,0,0,0,0
90313,1,1,0,0,0,0,0,0,0,0,0,0
90313,2,1,0,0,0,0,0,0,0,0,0,0
90314,1,1,22,22,22,22,22,22,22,22,22,22
90315,1,1,0,0,0,0,0,0,0,0,0,0
90315,2,1,20,0,6,0,0,0,0,0,0,0
90316,1,1,0,0,0,0,0,0,0,0,0,0
90317,1,1,0,0,0,0,0,0,0,0,0,0
90318,1,1,0,0,0,0,0,0,0,0,0,0
90318,2,1,0,0,0,0,0,0,0,0,0,0
90321,1,1,0,0,0,0,0,0,0,0,0,0
90321,2,1,0,0,0,0,0,0,0,0,0,0
90321,3,1,0,0,0,33,0,0,0,0,0,0
90322,1,1,0,0,0,0,0,0,0,0,0,0
90322,2,1,0,0,0,0,0,0,0,0,0,0
90323,1,1,0,0,0,0,0,0,0,0,0,0
90323,2,1,0,0,0,0,0,15,12,0,0,0
90323,3,1,0,0,0,0,0,0,0,0,0,11
90324,1,1,0,0,9,0,13,0,0,11,0,0
90324,2,1,12,12,12,12,12,12,12,12,12,12
90325,1,1,0,0,0,0,0,0,0,0,0,0
90326,1,1,18,18,18,18,18,18,18,18,18,18
90327,0,1,0,0,0,0,0,0,0,0,0,0
90327,1,1,0,0,0,0,0,0,0,14,0,13
90328,1,1,0,0,0,0,0,0,0,0,0,0
90328,2,1,0,21,0,0,9,0,0,0,0,0
90329,2,1,0,0,0,0,0,0,0,0,0,0
90330,1,1,0,2,0,0,0,0,0,0,0,0
90330,2,1,25,25,25,25,25,25,25,25,25,25
90331,1,1,0,0,0,0,0,0,0,0,0,0
90331,2,1,0,0,0,0,0,0,0,0,0,0
90332,0,1,0,0,0,0,0,0,0,0,0,0
90332,1,1,0,0,0,0,0,0,0,0,0,0
90333,1,1,0,0,0,0,0,0,0,0,0,0
90333,2,1,0,12,0,17,0,11,0,0,0,0
90333,3,1,3,0,0,0,0,0,0,0,0,0
90333,4,1,0,17,0,0,13,0,0,30,0,19
90333,5,1,0,0,0,0,0,0,0,0,4,0
90333,6,1,15,0,0,3,8,0,0,0,0,0
90333,7,1,0,0,0,0,0,0,0,0,0,0
90334,0,1,0,0,0,0,22,0,0,0,0,0
90334,1,1,0,0,0,0,0,0,0,0,0,0
90335,1,1,15,15,15,15,15,15,15,15,15,15
90335,2,1,0,0,0,0,0,0,0,0,0,0
90336,1,1,26,26,26,26,26,26,26,26,26,26
90336,2,1,0,0,0,0,0,0,0,0,0,0
90337,0,1,0,0,0,0,0,0,0,0,0,0
90337,1,1,0,0,0,0,0,0,0,0,0,0
90338,0,1,0,0,0,0,0,0,0,0,0,0
90338,1,1,0,0,0,0,0,0,0,0,0,0
90339,1,1,0,0,0,0,0,0,0,0,0,0
90339,2,1,0,0,0,0,0,0,0,0,0,0
90340,1,1,0,0,0,0,0,0,0,0,0,0
90340,2,1,0,0,0,0,0,0,0,0,0,0
90341,1,1,0,0,0,0,0,0,0,0,0,0
90341,2,1,0,0,0,0,0,0,0,0,0,0
90342,1,1,0,0,0,0,0,0,0,0,0,0
90342,2,1,0,0,0,0,0,0,0,0,0,0
90343,1,1,20,20,20,20,20,20,20,20,20,20
90344,1,1,3,0,0,0,0,0,0,0,0,0
90344,2,1,0,0,0,0,0,0,0,0,0,0
90345,1,1,0,0,0,0,0,0,0,0,0,0
90346,0,1,0,0,25,0,0,0,0,0,0,39
90346,1,1,6,8,7,14,18,12,10,15,20,3
100001,1,1,0,0,0,0,0,0,0,0,0,0
100001,2,1,0,0,0,0,0,0,0,0,0,0
100002,1,1,0,0,0,0,0,0,0,0,0,0
100003,1,1,0,22,0,0,0,0,0,0,8,27
100003,2,1,0,0,0,0,0,0,0,0,9,0
100004,0,1,0,0,0,0,0,0,0,0,0,0
100004,1,1,0,0,0,0,0,0,0,0,0,0
100005,1,1,0,0,0,0,0,0,0,0,0,0
100005,2,1,0,0,0,0,0,0,0,0,0,0
100006,1,1,0,0,0,0,0,0,0,0,0,0
100006,2,1,0,0,0,0,0,0,0,0,0,0
100007,1,1,0,0,0,0,0,0,0,0,0,0
100007,2,1,0,0,0,0,0,0,0,0,0,0
100008,1,1,0,0,0,0,0,0,0,0,0,0
100009,1,1,0,0,0,0,0,0,0,0,0,0
100009,2,1,0,0,0,0,0,0,0,0,0,0
100010,1,1,17,17,17,17,17,17,17,17,17,17
100010,2,1,0,0,0,0,0,0,0,0,0,0
100011,1,1,0,0,0,0,0,0,0,0,0,0
100011,2,1,0,0,0,0,0,0,0,0,0,0
100012,1,1,0,0,0,0,0,0,0,0,0,0
100012,2,1,0,0,0,0,0,0,0,5,0,0
100013,0,1,0,0,0,0,0,0,0,0,0,0
100013,1,1,0,5,0,15,0,2,0,0,17,2
100014,0,1,0,0,0,0,0,0,0,0,0,0
100014,1,1,0,0,0,0,0,0,0,0,0,0
100014,2,1,0,0,0,0,0,0,0,0,0,0
100014,3,1,0,0,0,0,0,0,0,0,0,0
100015,1,1,0,0,0,0,0,0,0,0,0,0
100016,1,1,0,0,0,0,0,0,0,0,0,0
100017,1,1,0,0,0,0,0,0,0,0,0,0
100017,2,1,0,0,0,0,0,0,0,0,0,0
100018,0,1,0,0,0,0,0,0,0,0,0,0
100018,1,1,0,0,0,14,27,17,0,0,0,14
100019,0,1,44,0,18,0,0,0,36,23,27,6
100019,1,1,7,25,0,16,0,0,0,0,22,0
100020,0,1,0,0,10,13,0,0,0,0,0,11
100020,1,1,0,0,11,0,0,0,0,0,0,0
100021,1,1,17,0,0,9,0,0,0,0,0,0
100021,2,1,0,0,0,0,7,0,0,0,0,0
100022,1,1,0,0,0,0,0,0,0,0,0,0
100023,0,1,0,0,0,0,0,0,0,0,0,0
100023,1,1,0,0,0,0,0,0,0,0,0,0
100024,0,1,0,0,0,0,0,0,0,0,0,0
100024,1,1,0,0,0,0,0,0,10,0,0,0
100025,1,1,18,18,18,18,18,18,18,18,18,18
100025,2,1,0,0,0,0,0,0,0,0,0,16
100026,1,1,0,0,0,0,0,0,0,0,0,0
100028,1,1,0,0,0,0,0,0,0,0,0,0
100028,2,1,0,0,0,0,0,0,0,0,0,0
100029,1,1,28,28,28,28,28,28,28,28,28,28
100030,1,1,9,9,9,9,9,9,9,9,9,9
100030,2,1,0,0,0,0,0,0,0,0,0,0
100031,1,1,9,9,9,9,9,9,9,9,9,9
100032,1,1,0,26,0,0,22,0,0,0,30,0
100032,2,1,0,21,9,0,0,0,0,0,19,16
100033,1,1,0,0,0,0,0,0,0,0,0,0
100033,2,1,0,0,0,0,0,0,0,0,0,0
100034,1,1,9,10,0,0,11,18,0,26,29,17
100034,2,1,2,2,2,2,2,2,2,2,2,2
100035,1,1,12,0,0,29,0,11,4,0,0,14
100035,2,1,0,10,28,0,0,0,0,0,0,0
100036,1,1,0,0,0,0,26,30,0,0,0,0
100036,2,1,21,0,0,0,0,0,10,0,0,0
100036,3,1,0,0,0,0,0,0,0,0,0,0
100036,4,1,0,0,0,0,0,0,0,12,0,14
100036,5,1,0,26,0,0,0,0,0,0,0,0
100036,6,1,0,0,0,0,0,0,0,0,0,0
100036,7,1,0,0,0,0,0,0,0,0,0,0
100037,1,1,0,0,0,0,0,0,0,0,0,13
100037,2,1,0,0,0,0,0,0,0,0,0,0
100038,1,1,20,20,20,20,20,20,20,20,20,20
100039,1,1,0,0,0,0,0,0,0,0,0,0
100039,2,1,0,0,0,0,0,0,0,0,0,0
100040,1,1,0,0,0,0,0,0,0,0,0,0
100040,2,1,0,0,0,0,0,0,0,0,0,0
100041,1,1,0,0,0,0,0,0,0,0,0,0
100041,2,1,0,0,0,0,0,0,0,16,21,0
100042,0,1,0,0,0,0,0,0,0,0,0,0
100042,1,1,0,0,0,0,0,0,0,0,0,0
100043,1,1,11,11,11,11,11,11,11,11,11,11
100044,1,1,0,0,0,0,0,0,0,0,0,0
100045,1,1,0,0,0,0,0,0,0,0,0,0
100045,2,1,0,0,0,0,0,0,13,0,0,0
100046,1,1,0,0,10,0,0,0,0,0,0,0
100046,2,1,0,0,0,0,0,0,0,0,0,0
100046,3,1,0,0,0,10,0,19,0,14,0,0
100046,4,1,0,0,0,0,0,0,0,0,0,0
100047,1,1,0,0,0,0,0,0,0,0,0,0
100048,0,1,15,15,15,15,15,15,15,15,15,15
100048,1,1,0,0,9,0,7,0,5,0,0,0
100049,1,1,14,14,14,14,14,14,14,14,14,14
100049,2,1,0,0,0,0,0,0,0,0,0,0
100050,1,1,0,8,0,0,0,0,0,0,17,0
100050,2,1,0,0,0,0,0,0,0,0,0,0
100051,1,1,10,0,13,16,13,13,13,7,31,20
100052,1,1,0,0,0,0,0,0,0,0,0,0
100052,2,1,0,0,0,0,0,0,0,0,0,0
100053,1,1,12,12,12,12,12,12,12,12,12,12
100054,0,1,0,0,0,0,0,0,0,0,0,0
100054,1,1,0,0,0,0,0,0,0,0,0,7
100055,1,1,0,0,0,0,0,0,0,0,0,19
100055,2,1,0,0,0,0,0,0,0,0,0,0
100056,1,1,0,28,8,7,0,14,25,12,0,13
100056,2,1,0,0,0,0,0,0,0,0,0,0
100057,1,1,16,0,0,0,0,17,0,0,0,0
100058,1,1,0,0,0,0,0,0,0,0,19,0
100059,1,1,15,5,0,0,0,0,0,0,0,0
100059,2,1,0,0,17,0,0,0,0,0,0,0
100059,3,1,20,20,20,20,20,20,20,20,20,20
100060,1,1,0,0,0,0,27,0,0,0,0,0
100060,2,1,23,23,23,23,23,23,23,23,23,23
100061,1,1,7,7,7,7,7,7,7,7,7,7
100061,2,1,0,0,0,0,0,0,0,0,0,0
100062,1,1,0,0,0,0,0,0,0,0,0,0
100062,2,1,0,0,0,0,0,0,4,0,0,0
100063,1,1,7,7,7,7,7,7,7,7,7,7
100064,0,1,12,12,12,12,12,12,12,12,12,12
100064,1,1,2,2,2,2,2,2,2,2,2,2
100065,0,1,18,30,16,18,9,27,15,33,12,6
100065,1,1,20,0,17,0,0,0,0,0,0,16
100066,0,1,9,9,9,9,9,9,9,9,9,9
100066,1,1,0,0,0,0,0,0,0,0,0,0
100067,1,1,0,0,0,0,0,0,0,0,0,0
100067,2,1,0,0,0,0,0,0,0,0,0,0
100067,3,1,0,0,0,0,0,0,0,0,0,9
100067,4,1,0,0,0,0,0,0,0,0,0,0
100067,5,1,0,0,0,0,0,0,0,0,0,0
100068,1,1,7,12,0,22,0,0,0,0,0,13
100068,2,1,31,0,0,0,0,0,12,0,0,19
100069,1,1,0,0,0,0,0,0,0,0,0,0
100070,1,1,6,9,14,6,4,16,7,22,32,17
100071,1,1,0,0,0,0,0,0,0,0,0,0
100071,2,1,0,0,0,0,0,0,0,0,0,0
100072,1,1,6,6,6,6,6,6,6,6,6,6
100072,2,1,22,22,22,22,22,22,22,22,22,22
100072,3,1,0,0,0,0,0,0,0,0,0,0
100073,1,1,34,0,0,0,0,0,0,0,0,0
100073,2,1,0,25,0,0,0,0,0,10,0,13
100073,3,1,16,0,0,17,7,0,0,0,0,0
100073,4,1,0,0,0,0,0,0,0,0,0,0
100074,1,1,11,11,11,11,11,11,11,11,11,11
100075,0,1,17,17,17,17,17,17,17,17,17,17
100075,1,1,0,0,0,0,0,8,0,0,44,0
100076,1,1,19,19,19,19,19,19,19,19,19,19
100077,1,1,0,0,0,0,0,0,0,0,0,0
100077,2,1,0,0,0,0,0,0,0,0,0,0
100078,1,1,0,0,0,0,0,0,0,0,0,0
100078,2,1,0,0,0,0,0,0,0,0,0,0
100079,1,1,2,2,2,2,2,2,2,2,2,2
100079,2,1,0,0,0,0,0,0,0,0,2,0
100080,1,1,0,13,0,0,0,0,17,0,0,0
100080,2,1,0,0,0,0,0,0,0,0,0,0
100081,1,1,0,0,0,0,0,0,0,0,0,0
100082,1,1,0,0,0,0,0,0,0,0,0,0
100082,2,1,0,0,0,0,7,0,0,0,0,0
100083,1,1,0,0,0,0,0,0,0,0,17,0
100084,1,1,2,6,9,23,19,22,35,23,18,0
100085,0,1,27,27,27,27,27,27,27,27,27,27
100085,1,1,0,0,0,11,0,0,26,0,0,15
100086,1,1,0,0,0,0,0,0,0,0,0,0
100087,0,1,0,0,0,0,0,0,0,0,0,0
100087,1,1,0,0,0,0,0,0,0,0,0,0
100088,0,1,0,0,18,0,0,0,0,21,0,0
100088,1,1,17,0,0,0,20,6,0,11,0,0
100089,1,1,13,13,13,13,13,13,13,13,13,13
100089,2,1,0,0,0,0,0,0,0,10,0,0
100090,1,1,23,23,23,23,23,23,23,23,23,23
100090,2,1,0,0,0,0,0,0,0,0,0,0