ST_CASE,VEH_NO,PER_NO,P1,P2,P3,P4,P5,P6,P7,P8,P9,P10
100091,0,1,34,34,34,34,34,34,34,34,34,34
100091,1,1,12,0,6,0,12,10,0,0,11,0
100092,1,1,0,0,0,0,0,0,0,0,0,0
100092,2,1,0,0,0,0,0,0,0,0,0,0
100093,0,1,0,0,0,0,0,0,0,0,10,0
100093,1,1,0,0,0,0,0,0,0,0,0,0
100094,1,1,18,18,18,18,18,18,18,18,18,18
100095,1,1,0,0,0,0,0,0,0,0,0,0
100096,1,1,0,0,0,0,0,0,0,0,0,0
100096,2,1,0,0,0,0,0,0,0,0,0,0
100098,1,1,19,19,19,19,19,19,19,19,19,19
100098,2,1,0,6,0,0,0,0,0,0,0,10
100099,2,1,16,16,16,16,16,16,16,16,16,16
100100,0,1,37,37,37,37,37,37,37,37,37,37
100100,1,1,0,0,0,0,0,0,0,0,0,0
100101,0,1,25,25,25,25,25,25,25,25,25,25
100101,1,1,0,0,0,0,5,0,0,15,0,4
100103,1,1,0,0,0,0,0,0,0,0,0,0
100103,2,1,0,0,0,0,0,0,0,0,0,0
100104,0,1,24,24,24,24,24,24,24,24,24,24
100104,1,1,0,0,0,0,0,0,0,0,0,0
100105,0,1,4,4,4,4,4,4,4,4,4,4
100105,1,1,0,0,0,0,0,0,0,0,11,0
100105,2,1,0,0,12,0,0,0,25,0,0,0
100106,0,1,8,8,8,8,8,8,8,8,8,8
100106,1,1,9,9,0,28,0,0,0,0,0,31
100107,1,1,0,0,0,0,0,0,0,0,0,0
100107,2,1,0,0,0,0,0,0,0,0,0,0
100108,1,1,1,1,1,1,1,1,1,1,1,1
100108,2,1,0,0,0,0,0,0,0,0,0,0
100109,1,1,0,0,0,0,0,0,0,0,0,0
100110,1,1,0,0,0,22,0,0,0,0,0,0
100110,2,1,0,0,0,0,0,0,0,0,0,0
100111,0,1,0,0,0,0,0,0,0,0,0,0
100111,1,1,0,0,0,0,0,0,0,0,0,0
100112,0,1,23,0,0,0,0,0,0,0,0,14
100112,1,1,21,0,0,0,0,14,0,0,0,0
100113,0,1,16,16,16,16,16,16,16,16,16,16
100113,1,1,0,0,0,10,0,0,0,0,29,0
100114,1,1,0,0,0,0,0,0,0,0,0,0
100114,2,1,0,0,0,0,0,0,0,0,0,0
100115,1,1,35,35,35,35,35,35,35,35,35,35
100115,2,1,0,0,0,0,0,0,0,0,0,0
100116,1,1,0,0,0,0,0,0,0,5,0,17
100116,2,1,28,28,28,28,28,28,28,28,28,28
100117,1,1,17,17,17,17,17,17,17,17,17,17
100117,2,1,10,10,10,10,10,10,10,10,10,10
100118,0,1,0,0,28,0,0,0,0,0,0,0
100118,1,1,0,0,0,0,0,0,0,5,0,0
100119,1,1,0,0,0,0,0,0,0,0,0,0
100120,1,1,0,0,0,0,0,0,0,0,0,0
100120,2,1,0,0,0,0,0,0,0,0,0,0
100121,1,1,14,14,14,14,14,14,14,14,14,14
100121,2,1,0,0,0,0,0,0,0,0,0,0
100122,0,1,0,0,0,0,0,0,0,0,0,0
100122,1,1,0,0,0,16,0,0,12,0,28,0
100123,1,1,0,0,0,0,0,0,0,0,0,0
100124,1,1,0,0,0,0,0,0,0,0,0,0
100124,2,1,0,0,0,0,0,0,0,0,0,0
100125,1,1,0,0,0,0,0,0,0,0,0,3
100125,2,1,34,34,34,34,34,34,34,34,34,34
100126,0,1,19,19,19,19,19,19,19,19,19,19
100126,1,1,0,0,0,0,0,0,0,0,0,0
100127,1,1,25,25,25,25,25,25,25,25,25,25
100127,2,1,0,0,0,0,0,0,0,0,0,0
100128,1,1,9,9,9,9,9,9,9,9,9,9
100128,2,1,0,0,0,0,0,0,0,0,0,0
100129,0,1,6,6,6,6,6,6,6,6,6,6
100129,1,1,0,0,0,0,0,0,0,0,13,0
100130,1,1,0,0,0,0,0,0,0,0,0,0
100130,2,1,0,0,0,0,0,0,0,0,0,0
100131,0,1,22,22,22,22,22,22,22,22,22,22
100131,1,1,0,0,0,0,0,0,0,0,0,0
100132,1,1,0,0,0,0,0,0,0,0,0,0
100132,2,1,0,0,0,0,0,0,0,0,0,0
100133,1,1,6,0,13,0,0,0,0,0,0,0
100134,1,1,13,13,13,13,13,13,13,13,13,13
100135,0,1,8,0,34,0,0,0,18,0,0,27
100135,0,2,22,28,0,0,0,0,0,0,21,0
100135,1,1,0,0,0,0,0,5,0,0,0,0
100136,1,1,40,40,40,40,40,40,40,40,40,40
100137,1,1,0,0,0,0,0,0,0,0,0,0
100137,2,1,0,0,0,0,0,0,0,6,0,0
100137,3,1,0,0,0,0,0,0,0,0,0,0
100137,4,1,0,0,0,0,0,0,0,0,0,0
100138,1,1,0,0,0,0,0,0,0,0,0,0
100138,2,1,0,0,0,0,0,0,0,0,0,0
100139,0,1,0,0,0,0,0,0,0,0,0,0
100139,1,1,0,0,0,0,0,0,0,0,0,0
100140,1,1,0,0,0,0,0,0,0,0,0,0
100140,2,1,0,0,0,0,0,0,0,0,0,0
100140,3,1,0,0,0,0,0,0,0,0,0,0
100141,1,1,0,0,0,0,0,0,0,0,0,0
100142,1,1,24,0,12,0,0,0,0,0,0,0
100142,2,1,0,0,11,0,0,0,0,0,0,0
100143,0,1,27,27,27,27,27,27,27,27,27,27
100143,1,1,0,0,0,0,0,0,0,0,0,0
100144,1,1,11,11,11,11,11,11,11,11,11,11
100144,2,1,0,0,0,0,0,0,0,0,0,0
100145,2,1,13,13,13,13,13,13,13,13,13,13
100146,0,1,26,26,26,26,26,26,26,26,26,26
100146,1,1,0,13,0,0,0,0,0,0,0,16
110001,0,1,0,0,0,0,0,0,0,0,0,0
110001,1,1,14,0,0,0,9,0,0,0,0,0
110002,0,1,32,32,32,32,32,32,32,32,32,32
110002,1,1,0,15,12,24,21,15,32,12,15,17
110003,1,1,0,0,14,0,0,0,13,0,0,0
110003,2,1,0,0,12,0,0,23,0,11,0,19
110004,1,1,24,24,24,24,24,24,24,24,24,24
110004,3,1,0,0,0,8,0,0,0,0,0,0
110005,0,1,0,0,0,0,0,0,0,0,0,0
110005,0,2,0,0,0,0,0,10,0,0,10,0
110005,0,3,0,0,0,0,0,13,18,0,0,0
110005,0,4,0,0,0,0,0,0,0,0,0,0
110005,0,5,0,0,0,0,51,0,0,0,0,0
110005,0,6,0,0,0,20,0,0,8,0,0,0
110005,0,7,0,0,0,0,0,0,0,0,0,0
110005,0,8,37,0,0,0,0,33,0,24,0,0
110005,1,1,0,0,0,0,0,0,0,0,0,0
110006,1,1,0,0,0,15,0,0,0,10,0,11
110006,2,1,0,0,0,0,0,0,0,0,0,0
110007,0,1,0,0,0,0,0,0,0,0,0,0
110007,1,1,0,0,0,27,0,9,0,0,17,0
110007,2,1,9,10,5,0,0,4,19,19,9,0
110008,0,1,17,17,17,17,17,17,17,17,17,17
110008,1,1,22,22,22,22,22,22,22,22,22,22
110009,1,1,20,20,20,20,20,20,20,20,20,20
110009,2,1,0,7,9,4,0,0,11,0,0,0
110010,0,1,0,0,0,0,0,0,0,0,0,0
110010,1,1,16,16,16,16,16,16,16,16,16,16
110011,0,1,0,0,0,0,0,0,0,0,0,0
110011,1,1,0,0,0,0,0,0,0,0,0,0
110012,1,1,5,5,5,5,5,5,5,5,5,5
110013,0,1,0,0,0,63,0,0,0,0,21,17
110013,0,2,0,0,35,17,0,21,36,0,21,0
110013,1,1,0,0,0,0,0,0,0,0,0,0
110014,0,1,0,0,0,0,28,0,0,0,0,7
110014,1,1,0,0,0,0,0,0,0,0,0,0
110015,0,1,0,0,0,0,0,0,0,0,0,0
110015,1,1,0,0,0,0,0,0,0,0,0,0
110016,0,1,0,0,0,0,0,0,16,13,0,0
110016,1,1,0,0,0,3,0,0,0,0,0,0
110017,1,1,0,0,0,0,0,0,0,0,0,0
110017,2,1,0,0,0,0,0,0,0,0,0,16
110018,0,1,10,10,10,10,10,10,10,10,10,10
110018,1,1,0,0,11,5,0,27,7,3,26,0
110019,1,1,28,32,0,0,28,18,0,0,0,15
110019,2,1,0,0,0,10,0,0,0,0,0,0
110020,0,1,0,26,0,36,27,0,0,0,0,0
110020,1,1,0,0,0,0,0,22,0,0,0,0
110021,0,1,0,0,0,0,0,0,0,0,0,0
110021,1,1,19,8,0,24,40,21,0,0,13,25
110022,0,1,0,0,0,0,0,0,0,0,0,0
110022,1,1,28,0,17,20,0,0,0,0,0,0
110023,1,1,0,0,0,0,0,0,0,0,0,0
110023,2,1,8,8,8,8,8,8,8,8,8,8
110024,1,1,0,0,14,0,0,0,0,0,0,0
110025,1,1,18,0,7,8,0,0,19,38,0,0
110025,2,1,0,0,0,0,0,0,0,0,0,0
110026,0,1,17,6,21,17,18,22,35,46,8,16
110026,1,1,0,0,0,0,0,0,0,0,0,0
110027,1,1,0,0,0,0,0,0,0,0,0,0
110027,2,1,0,0,0,0,0,0,0,0,0,0
110028,0,1,0,0,0,0,0,0,0,0,0,0
110028,0,2,0,0,0,0,0,0,0,0,0,0
110028,1,1,15,0,0,23,0,0,0,0,0,0
110028,2,1,0,0,0,0,0,0,0,0,0,0
120001,1,1,0,0,0,0,0,0,0,0,0,0
120002,1,1,0,0,0,0,0,0,0,0,0,0
120002,2,1,0,21,0,0,0,0,0,0,0,0
120003,0,1,20,11,39,18,32,17,15,0,37,30
120003,1,1,0,0,0,0,0,0,0,0,0,0
120004,1,1,0,0,0,0,0,0,0,0,0,0
120005,1,1,0,0,0,0,0,0,0,27,0,0
120005,2,1,0,0,0,0,0,0,0,0,0,0
120006,1,1,0,32,0,0,0,0,0,0,0,23
120006,2,1,0,0,0,0,21,0,0,0,0,0
120006,3,1,0,0,0,0,0,0,8,0,0,0
120007,0,1,31,31,31,31,31,31,31,31,31,31
120007,1,1,0,0,0,0,0,0,0,0,0,0
120008,1,1,0,0,0,0,0,0,0,0,0,0
120008,2,1,20,0,0,0,0,0,0,14,0,0
120009,0,1,0,0,0,0,0,0,0,0,0,8
120009,1,1,0,0,0,0,0,0,0,0,0,0
120010,0,1,0,0,0,0,0,0,0,0,0,0
120010,1,1,0,0,0,0,0,0,0,0,0,46
120011,1,1,8,8,8,8,8,8,8,8,8,8
120011,2,1,0,0,0,0,0,0,0,0,0,0
120012,1,1,0,0,0,0,0,0,0,0,0,0
120012,2,1,0,0,0,0,0,0,0,0,0,0
120013,0,1,22,22,22,22,22,22,22,22,22,22
120013,1,1,0,0,26,0,0,0,0,0,0,0
120014,1,1,20,20,20,20,20,20,20,20,20,20
120014,2,1,0,0,0,0,0,0,20,0,0,0
120014,3,1,0,0,0,0,0,0,0,0,0,0
120015,1,1,0,0,0,0,0,0,0,0,0,0
120016,0,1,0,0,0,0,0,8,16,0,42,0
120016,1,1,0,0,0,0,0,0,0,0,0,0
120018,1,1,13,13,13,13,13,13,13,13,13,13
120018,2,1,0,0,0,0,0,0,0,0,0,0
120019,1,1,0,0,0,0,0,0,0,0,0,0
120019,2,1,0,0,0,0,0,0,0,0,0,0
120019,3,1,0,0,0,0,0,0,0,0,0,0
120020,1,1,0,10,0,0,0,0,0,0,0,0
120020,2,1,0,0,0,0,0,0,0,0,0,0
120021,0,1,0,0,0,0,0,0,0,0,0,0
120021,1,1,0,0,0,0,0,0,0,0,0,0
120022,1,1,25,25,25,25,25,25,25,25,25,25
120022,2,1,0,0,0,0,0,0,0,0,0,0
120023,1,1,0,0,0,0,0,0,0,0,0,0
120023,2,1,0,0,0,0,0,0,0,0,0,0
120024,1,1,12,12,12,12,12,12,12,12,12,12
120024,2,1,17,17,17,17,17,17,17,17,17,17
120025,0,1,0,0,0,0,0,0,0,0,0,0
120025,1,1,0,0,0,0,0,0,0,0,0,0
120026,0,1,0,0,0,0,0,0,0,0,0,0
120026,1,1,0,0,0,23,0,0,0,0,0,25
120027,1,1,0,0,0,0,0,0,0,0,0,0
120027,2,1,0,0,0,0,0,0,15,0,0,0
120028,0,1,0,0,0,0,0,0,0,0,0,0
120028,1,1,0,0,0,0,0,0,0,0,0,0
120029,0,1,0,0,0,0,0,0,0,0,0,0
120029,1,1,0,0,10,0,0,0,0,0,0,0
120030,1,1,0,0,0,0,0,0,0,16,34,10
120030,2,1,0,0,0,0,0,0,0,0,0,0
120031,1,1,0,0,0,0,0,0,0,0,0,0
120031,2,1,0,0,0,0,0,0,0,0,0,0
120032,1,1,0,18,0,9,0,0,0,0,0,0
120032,2,1,0,0,0,0,0,0,0,0,0,0
120033,1,1,0,0,0,0,0,0,0,0,0,0
120034,0,1,12,0,0,0,0,0,0,0,0,0
120034,1,1,0,0,0,0,0,0,0,0,0,0
120035,1,1,22,22,22,22,22,22,22,22,22,22
120036,1,1,14,0,0,11,4,0,13,0,0,0
120036,2,1,0,0,0,0,0,11,3,10,13,0
120037,0,1,0,0,0,0,0,0,0,0,0,0
120037,1,1,0,0,0,0,0,0,0,0,0,0
120038,1,1,0,0,0,0,0,0,0,0,0,0
120038,2,1,0,0,0,0,0,0,0,0,0,0
120038,3,1,0,0,0,0,0,0,0,0,0,0
120039,1,1,0,0,0,0,0,0,0,0,0,0
120039,2,1,0,0,0,0,0,0,0,0,0,0
120040,1,1,0,0,0,0,0,0,0,0,0,0
120040,2,1,0,0,0,0,0,0,0,13,0,0
120041,1,1,19,0,0,0,0,0,0,0,0,0
120041,2,1,0,7,0,0,0,0,0,0,25,14
120042,1,1,0,0,0,0,0,0,0,0,0,0
120042,2,1,0,0,0,0,0,0,0,0,0,0
120043,1,1,0,0,0,0,0,0,0,0,0,0
120043,2,1,0,0,0,0,0,0,0,0,0,0
120043,3,1,0,0,0,0,0,0,0,0,0,0
120044,1,1,0,0,0,0,0,0,0,0,0,0
120045,1,1,12,12,12,12,12,12,12,12,12,12
120045,2,1,0,0,0,0,0,0,0,0,0,0
120046,1,1,0,0,0,0,0,0,0,0,0,0
120047,1,1,7,33,24,14,8,26,11,4,9,5
120047,2,1,0,0,0,0,0,0,0,0,0,0
120048,1,1,0,0,29,0,0,0,0,15,0,0
120049,1,1,0,0,0,0,0,0,0,0,0,0
120049,2,1,0,0,0,0,0,0,0,0,0,0
120050,1,1,14,14,14,14,14,14,14,14,14,14
120051,1,1,0,0,0,0,0,0,0,0,0,0
120052,0,1,0,0,0,0,0,0,0,0,0,0
120052,1,1,0,0,0,0,0,0,0,0,0,0
120053,0,1,0,18,0,0,18,0,11,0,0,0
120053,1,1,0,0,0,0,0,0,0,0,0,0
120054,1,1,0,0,0,0,0,0,0,0,0,0
120054,2,1,0,0,0,0,0,0,0,0,0,0
120055,1,1,0,0,0,0,0,0,0,0,0,0
120056,0,1,0,0,0,0,0,0,0,0,0,0
120056,1,1,0,0,0,0,0,0,0,0,0,0
120058,0,1,0,0,0,0,0,0,0,0,0,0
120058,1,1,0,0,0,0,0,0,0,0,0,0
120059,1,1,0,0,0,0,0,0,0,0,0,0
120059,2,1,0,0,0,0,0,0,0,0,0,0
120060,1,1,0,0,0,0,0,0,0,0,0,0
120060,2,1,0,0,0,0,0,28,0,0,0,0
120061,1,1,17,17,17,17,17,17,17,17,17,17
120062,1,1,0,0,0,0,0,0,8,20,21,0
120063,0,1,0,0,0,0,0,0,0,0,0,12
120063,1,1,0,0,38,0,0,0,0,0,0,0
120064,1,1,22,0,19,5,0,22,0,0,22,0
120065,0,1,6,0,0,0,11,0,8,0,0,0
120065,1,1,0,0,0,0,0,0,0,0,4,0
120066,0,1,0,0,0,0,0,0,0,0,13,0
120066,1,1,0,0,0,0,0,0,8,0,0,0
120067,1,1,0,0,0,0,0,0,0,0,0,0
120067,2,1,10,17,0,0,24,10,0,0,0,0
120068,1,1,0,0,23,22,15,0,22,13,7,0
120069,1,1,26,0,0,0,0,0,0,0,0,0
120069,2,1,0,0,0,0,0,0,0,0,0,0
120070,1,1,17,17,17,17,17,17,17,17,17,17
120071,1,1,21,21,21,21,21,21,21,21,21,21
120072,1,1,0,0,0,0,0,0,0,0,0,0
120073,1,1,23,0,0,0,0,26,0,0,0,0
120073,2,1,0,0,0,0,0,0,0,0,0,0
120074,0,1,14,14,14,14,14,14,14,14,14,14
120074,1,1,0,0,0,0,0,0,0,0,0,0
120075,1,1,21,21,21,21,21,21,21,21,21,21
120075,2,1,0,0,0,0,0,0,0,0,0,0
120075,3,1,0,0,0,0,0,0,0,0,0,0
120076,0,1,0,0,0,0,0,0,0,0,0,0
120076,1,1,0,0,0,0,0,0,0,0,0,0
120077,1,1,0,0,0,0,0,0,0,18,12,0
120077,2,1,0,24,0,0,0,0,0,0,0,0
120078,0,1,0,0,0,0,0,0,0,0,0,0
120078,1,1,0,0,0,0,0,36,0,0,0,0
120079,0,1,8,0,13,0,12,0,10,0,0,17
120079,1,1,0,0,8,0,0,0,0,0,0,27
120080,0,1,0,0,0,0,0,0,0,0,0,0
120080,1,1,0,10,0,0,0,0,0,0,0,0
120081,1,1,0,0,0,0,0,0,0,0,0,0
120081,2,1,0,0,0,0,0,0,0,0,0,0
120081,3,1,0,0,0,0,14,0,0,0,0,0
120081,4,1,0,0,0,0,0,0,0,0,0,0
120082,1,1,0,0,0,0,0,0,0,0,0,0
120082,2,1,0,0,0,0,0,0,0,0,0,0
120083,1,1,0,0,0,0,0,0,0,0,0,0
120083,2,1,0,0,0,0,0,0,0,0,0,0
120083,3,1,0,0,0,0,0,0,0,0,0,0
120084,1,1,0,0,0,0,0,0,0,0,0,0
120084,2,1,34,34,34,34,34,34,34,34,34,34
120084,3,1,0,0,0,0,0,0,0,0,0,0
120085,1,1,9,9,9,9,9,9,9,9,9,9
120086,1,1,16,16,16,16,16,16,16,16,16,16
120087,0,1,12,31,14,9,19,0,19,8,25,14
120087,1,1,0,0,0,0,0,0,0,0,0,0
120088,1,1,16,0,0,0,0,8,0,0,0,0
120088,2,1,0,0,0,0,0,16,0,0,0,0
120089,0,1,0,0,0,0,0,6,0,0,0,0
120089,1,1,0,0,0,0,0,0,0,0,0,0
120090,1,1,19,19,19,19,19,19,19,19,19,19
120091,1,1,16,0,11,16,23,18,12,0,15,10
120091,2,1,0,0,0,0,0,0,0,0,0,0
120091,3,1,0,0,0,0,0,0,0,0,0,0
120093,1,1,0,0,0,0,0,0,0,0,0,0
120093,2,1,0,0,0,0,0,0,0,0,0,0
120093,3,1,0,0,0,0,0,0,0,0,0,0
120094,0,1,0,0,0,0,0,0,0,0,0,0
120094,1,1,0,0,0,0,0,0,0,0,0,0
120095,0,1,0,0,0,0,0,0,0,0,0,0
120095,1,1,0,0,0,0,0,8,0,0,0,0
120096,1,1,0,0,0,0,0,0,0,0,0,0
120096,2,1,0,0,0,0,0,0,0,0,0,0
120097,1,1,0,0,0,0,0,0,0,0,0,0
120097,2,1,0,0,0,0,0,0,0,0,0,0
120098,0,1,0,0,3,0,0,0,42,0,21,25
120098,1,1,0,0,0,0,0,0,0,0,0,0
120099,1,1,0,0,0,0,0,0,0,0,0,0
120099,2,1,0,0,0,0,0,0,0,0,0,0
120100,0,1,0,0,0,0,0,0,0,0,0,0
120100,1,1,13,0,0,0,0,0,0,0,0,2
120100,2,1,0,0,0,0,0,0,0,0,0,0
120101,1,1,0,0,21,0,0,0,0,0,0,0
120101,2,1,0,0,0,0,0,0,0,0,0,0
120101,3,1,0,0,0,0,0,0,0,0,0,0
120102,1,1,0,0,0,0,0,0,0,0,0,0
120103,1,1,0,0,0,0,0,0,0,0,0,0
120104,0,1,0,0,0,0,0,0,0,0,0,0
120104,1,1,0,0,0,0,0,0,0,0,0,0
120105,1,1,0,0,0,0,0,0,0,36,0,0
120106,1,1,25,25,25,25,25,25,25,25,25,25
120107,0,1,0,0,0,0,0,0,0,0,0,0
120107,1,1,0,0,0,0,0,0,0,0,0,0
120108,0,1,0,0,0,18,0,0,0,0,0,0
120108,1,1,0,0,0,0,0,0,0,0,0,0
120110,1,1,0,0,0,0,0,0,0,0,0,0
120110,2,1,0,15,0,0,0,0,0,0,0,0
120111,1,1,19,0,25,10,45,0,10,0,13,0
120112,0,1,0,20,0,0,0,0,0,0,20,25
120112,1,1,0,0,0,0,0,0,0,0,0,0
120113,0,1,0,0,0,0,0,0,0,0,0,0
120113,1,1,29,0,4,11,0,13,0,0,19,26
120114,1,1,0,0,0,0,0,0,0,0,0,17
120114,2,1,0,0,0,0,0,0,5,0,0,0
120115,0,1,0,0,0,0,0,0,0,0,33,0
120115,1,1,0,0,0,0,0,0,0,0,0,0
120116,1,1,0,0,0,0,0,0,0,0,0,0
120116,2,1,0,0,0,0,0,0,0,0,0,0
120117,1,1,25,25,25,25,25,25,25,25,25,25
120117,2,1,0,0,0,28,0,0,0,0,0,0
120118,0,1,5,5,5,5,5,5,5,5,5,5
120118,1,1,0,0,0,0,0,0,0,0,0,0
120119,0,1,0,0,0,0,0,0,0,0,0,0
120119,0,2,0,0,0,0,0,0,0,0,0,0
120119,1,1,0,0,0,21,0,10,0,0,0,0
120120,1,1,0,0,15,0,0,6,5,0,19,10
120121,1,1,0,0,0,0,0,2,0,0,0,0
120122,0,1,0,0,0,0,0,0,0,0,0,0
120122,1,1,0,0,0,0,0,0,0,0,0,0
120123,1,1,0,0,0,0,0,0,0,0,0,0
120124,1,1,0,0,0,0,0,0,0,4,0,0
120124,2,1,0,0,0,0,0,0,0,0,0,0
120124,3,1,0,0,0,0,0,0,0,0,0,0
120124,4,1,0,0,0,0,0,0,0,0,0,0
120125,1,1,0,0,0,41,0,0,0,0,0,0
120126,1,1,18,18,18,18,18,18,18,18,18,18
120126,2,1,0,0,0,0,0,0,0,0,0,0
120126,3,1,0,0,0,0,0,0,0,0,0,0
120126,4,1,0,0,19,0,6,0,0,0,15,0
120127,0,1,0,0,0,0,0,0,0,0,0,0
120127,0,2,0,0,0,31,0,0,0,0,0,0
120127,0,3,0,19,0,0,0,0,18,0,0,0
120127,1,1,0,0,0,0,0,0,0,0,0,0
120128,1,1,18,18,18,18,18,18,18,18,18,18
120129,1,1,28,0,11,4,0,18,14,20,0,0
120129,2,1,0,0,0,0,0,0,0,0,0,0
120130,1,1,16,0,9,23,29,11,0,0,0,20
120130,2,1,0,0,0,0,0,0,0,0,0,0
120131,1,1,7,7,7,7,7,7,7,7,7,7
120131,2,1,0,0,0,16,0,0,0,0,0,0
120131,3,1,0,0,0,0,0,0,0,0,0,0
120132,1,1,0,10,17,12,7,0,9,0,0,14
120132,2,1,0,0,0,0,0,0,0,0,0,0
120133,1,1,0,0,0,0,0,0,0,24,0,0
120133,2,1,0,0,0,0,0,0,0,0,0,0
120134,1,1,14,14,14,14,14,14,14,14,14,14
120135,0,1,0,0,0,0,0,0,0,0,0,10
120135,1,1,0,0,0,10,0,0,0,0,0,0
120136,1,1,24,24,24,24,24,24,24,24,24,24
120137,1,1,16,16,16,16,16,16,16,16,16,16
120137,2,1,0,0,0,0,0,0,0,0,0,0
120138,0,1,0,0,0,0,0,0,0,0,0,0
120138,1,1,0,0,0,0,0,0,0,0,0,0
120139,1,1,0,0,0,0,0,0,0,0,0,0
120139,2,1,0,0,0,0,0,0,0,0,0,0
120140,0,1,0,0,0,0,0,0,0,0,0,0
120140,1,1,0,0,0,0,0,0,0,0,0,0
120141,0,1,0,0,17,0,0,12,0,0,0,11
120141,1,1,0,0,0,17,0,0,0,0,10,0
120142,1,1,17,0,0,0,0,0,0,0,0,0
120142,2,1,0,0,0,0,0,0,0,0,0,0
120143,0,1,0,0,0,0,8,0,43,0,0,0
120143,1,1,0,9,0,0,0,0,0,0,0,0
120144,1,1,17,17,17,17,17,17,17,17,17,17
120145,0,1,31,31,31,31,31,31,31,31,31,31
120145,1,1,0,0,0,0,0,0,0,0,0,0
120147,1,1,0,0,0,0,0,0,0,0,0,0
120147,2,1,0,0,0,0,0,0,0,0,0,0
120148,1,1,0,42,13,18,0,25,0,22,12,0
120148,2,1,0,0,0,0,0,0,0,0,0,0
120149,0,1,0,0,0,0,0,0,0,0,0,0
120149,1,1,0,0,0,0,0,0,0,0,0,0
120150,1,1,0,0,0,0,25,0,0,0,0,0
120150,2,1,0,0,0,0,0,0,0,0,0,0
120151,1,1,0,0,0,0,0,0,0,0,0,0
120151,2,1,14,14,14,14,14,14,14,14,14,14
120152,0,1,0,0,0,0,0,0,0,0,0,0
120152,1,1,0,0,0,0,0,0,0,0,0,0
120153,0,1,0,0,0,0,0,0,0,0,0,0
120153,1,1,0,0,0,0,0,0,0,0,0,0
120154,1,1,0,0,0,0,0,0,0,0,0,0
120155,1,1,0,0,0,0,0,0,0,0,0,0
120155,2,1,0,0,0,0,0,0,0,0,0,0
120156,1,1,0,0,0,0,0,0,0,0,0,0
120156,2,1,20,0,0,0,0,0,0,0,0,0
120157,0,1,14,14,14,14,14,14,14,14,14,14
120157,1,1,0,0,0,0,0,0,0,0,0,0
120158,0,1,18,0,0,21,0,0,0,11,33,21
120158,1,1,0,17,0,0,0,0,0,0,0,0
120159,0,1,0,0,0,0,0,0,0,0,0,0
120159,2,1,0,0,0,0,0,0,0,0,0,0
120159,3,1,0,0,0,0,0,0,0,14,0,0
120160,1,1,0,0,0,0,0,0,0,0,0,0
120160,2,1,0,12,0,0,0,0,0,0,0,0
120161,1,1,19,11,36,12,9,13,12,11,23,15
120161,2,1,0,0,0,0,0,0,0,2,0,0
120162,1,1,21,21,21,21,21,21,21,21,21,21
120163,1,1,3,3,3,3,3,3,3,3,3,3
120163,2,1,0,0,0,0,0,0,0,0,0,0
120164,1,1,0,0,0,0,0,0,0,0,0,0
120164,2,1,0,2,0,0,0,0,0,0,0,0
120165,1,1,0,0,24,0,0,0,0,0,0,21
120166,0,1,0,0,8,11,0,0,0,0,0,0
120166,1,1,0,0,0,0,0,0,0,0,14,0
120167,1,1,19,25,16,13,10,17,17,0,11,0
120167,2,1,0,0,0,0,10,0,14,0,0,14
120168,1,2,0,0,0,0,0,0,0,0,0,0
120168,2,1,0,0,0,0,0,0,0,0,7,0
120169,1,1,15,15,15,15,15,15,15,15,15,15
120169,2,1,0,0,0,0,0,0,0,0,0,0
120170,1,1,0,0,0,0,0,0,0,0,0,0
120170,2,1,0,0,0,0,0,0,0,0,0,0
120171,1,1,0,0,0,0,0,0,0,0,0,0
120172,1,1,15,0,0,23,0,0,18,0,16,0
120173,1,1,14,14,14,14,14,14,14,14,14,14
120174,1,1,34,34,34,34,34,34,34,34,34,34
120175,1,1,0,0,0,0,0,0,0,0,0,0
120176,1,1,0,0,0,5,0,0,0,0,0,0
120176,2,1,0,0,0,0,0,0,0,0,0,0
120177,0,1,0,0,0,0,0,0,0,0,0,0
120177,1,1,0,0,0,0,0,0,0,0,0,0
120178,1,1,0,0,0,0,0,0,0,0,0,0
120178,2,1,0,0,0,0,0,0,0,0,0,11
120179,1,1,0,0,0,0,0,0,0,0,0,0
120180,1,1,0,0,0,0,0,0,0,0,0,0
120181,1,1,0,0,0,0,0,0,0,0,0,0
120181,2,1,0,0,0,0,0,0,0,0,0,0
120181,3,1,0,0,0,0,0,13,0,0,0,0
120182,0,1,0,0,25,0,23,0,0,0,16,0
120182,1,1,0,0,0,0,0,0,0,0,15,0
120183,0,1,14,14,14,14,14,14,14,14,14,14
120183,1,1,10,10,10,10,10,10,10,10,10,10
120184,1,1,0,0,0,0,0,0,0,0,0,0
120184,2,1,0,0,0,0,0,0,0,0,0,0
120184,3,1,0,0,0,0,0,0,0,0,0,0
120185,1,1,0,0,0,0,0,0,0,0,0,0
120186,1,1,0,0,0,0,0,0,8,0,0,0
120187,1,1,2,2,2,2,2,2,2,2,2,2
120188,1,1,19,19,19,19,19,19,19,19,19,19
120189,1,1,16,16,16,16,16,16,16,16,16,16
120190,0,1,0,0,0,0,0,0,0,0,0,0