ST_CASE,VEH_NO,PER_NO,P1,P2,P3,P4,P5,P6,P7,P8,P9,P10
120463,1,1,0,0,0,0,0,0,0,0,0,0
120463,2,1,0,0,0,0,5,0,0,0,0,19
120464,0,1,0,0,0,0,0,0,0,0,0,11
120464,1,1,20,28,0,0,25,0,0,11,0,0
120465,0,1,14,33,24,21,23,13,47,28,11,43
120465,1,1,0,0,0,0,0,0,0,0,0,0
120466,1,1,0,0,0,0,0,0,0,0,0,0
120467,1,1,0,0,0,0,16,14,0,5,0,0
120467,2,1,0,0,4,0,13,0,10,0,0,0
120468,1,1,0,0,0,0,0,0,0,0,0,0
120468,2,1,0,0,0,0,0,0,0,0,0,0
120470,1,1,25,25,25,25,25,25,25,25,25,25
120471,0,1,0,0,0,0,0,0,0,0,0,0
120471,1,1,0,0,0,0,0,0,0,0,0,0
120473,0,1,0,0,0,0,0,0,0,0,0,0
120473,1,1,0,0,0,0,0,0,0,0,0,0
120474,1,1,0,0,0,0,0,0,0,0,0,0
120474,2,1,0,0,0,0,0,0,0,0,0,0
120475,1,1,0,0,0,0,0,0,0,0,0,0
120475,2,1,0,0,0,0,0,0,0,0,0,0
120476,0,1,0,0,0,0,0,0,0,0,0,0
120476,1,1,0,0,0,0,0,0,0,12,0,0
120477,0,1,22,22,22,22,22,22,22,22,22,22
120477,1,1,8,8,8,8,8,8,8,8,8,8
120478,1,1,0,0,0,0,0,0,0,0,0,0
120478,2,1,0,0,0,0,0,0,0,0,0,0
120479,1,1,16,16,16,16,16,16,16,16,16,16
120480,1,1,19,19,19,19,19,19,19,19,19,19
120483,1,1,17,17,17,17,17,17,17,17,17,17
120484,1,1,0,0,0,0,0,0,0,0,0,0
120484,2,1,9,9,9,9,9,9,9,9,9,9
120485,1,1,3,3,3,3,3,3,3,3,3,3
120485,2,1,0,0,0,0,0,0,0,0,0,0
120485,3,1,0,0,0,0,0,0,3,0,0,0
120486,1,1,0,0,0,0,0,0,0,0,0,0
120487,1,1,0,0,0,0,0,0,0,0,0,0
120487,2,1,9,9,9,9,9,9,9,9,9,9
120488,1,1,0,0,0,0,0,0,0,0,0,0
120488,2,1,0,31,0,0,0,0,0,0,0,0
120489,1,1,0,0,0,0,0,0,0,0,0,0
120490,1,1,18,18,18,18,18,18,18,18,18,18
120491,1,1,0,20,0,0,0,0,0,0,0,0
120491,2,1,0,0,0,0,0,0,0,0,0,0
120492,1,1,7,11,13,7,0,27,15,5,14,7
120493,0,1,0,0,0,0,0,0,0,0,0,0
120493,1,1,0,0,0,0,0,0,0,0,0,0
120494,1,1,0,0,0,0,0,0,0,0,0,0
120494,2,1,0,0,0,0,0,0,0,0,0,0
120495,1,1,17,17,17,17,17,17,17,17,17,17
120497,1,1,0,0,11,0,0,0,0,0,0,0
120497,2,1,0,0,0,0,22,0,0,0,0,0
120498,0,1,0,0,0,15,0,29,0,19,0,25
120498,1,1,16,0,0,0,0,6,0,0,0,0
120499,1,1,21,20,22,0,0,15,17,0,5,0
120500,0,1,17,17,17,17,17,17,17,17,17,17
120500,1,1,0,0,0,0,0,0,0,0,0,0
120501,1,1,15,0,0,0,0,0,0,0,0,9
120502,1,1,0,0,0,0,0,0,0,0,0,0
120503,0,1,17,17,17,17,17,17,17,17,17,17
120503,1,1,17,17,17,17,17,17,17,17,17,17
120504,1,1,0,0,0,0,0,0,0,0,0,0
120504,2,1,0,0,0,0,0,0,12,0,36,0
120504,3,1,0,0,0,0,0,0,0,0,0,0
120505,1,1,0,0,0,0,0,0,0,0,0,0
120505,2,1,0,0,0,0,0,0,0,0,0,0
120506,0,1,0,0,0,0,0,0,13,0,0,41
120506,1,1,0,0,0,0,0,0,0,0,0,0
120507,1,1,0,33,0,0,19,0,20,0,0,0
120507,2,1,0,0,28,0,0,0,0,0,0,0
120508,0,1,0,0,14,0,0,0,26,8,36,23
120508,1,1,0,0,0,0,0,0,0,0,0,0
120509,1,1,7,7,7,7,7,7,7,7,7,7
120510,0,1,0,0,0,0,0,0,0,0,0,0
120510,1,1,0,0,0,0,0,0,0,0,0,15
120511,1,1,0,0,0,0,0,0,0,0,0,0
120511,2,1,0,0,0,0,0,0,0,0,0,0
120512,0,1,16,23,9,24,0,0,12,18,34,38
120512,1,1,0,0,0,0,0,0,0,0,0,0
120513,0,1,0,0,0,0,0,0,0,0,0,0
120513,0,2,15,15,15,15,15,15,15,15,15,15
120513,1,1,0,0,0,0,0,0,0,0,0,0
120514,1,1,0,0,0,0,0,0,0,0,0,0
120514,2,1,0,0,0,0,0,0,0,0,0,0
120515,1,1,0,0,0,0,0,0,0,0,0,0
120516,0,1,0,0,0,0,0,0,0,0,0,0
120516,1,1,0,0,0,0,0,0,0,0,0,0
120517,1,1,0,0,0,0,0,0,0,0,0,0
120517,2,1,5,0,0,9,0,0,0,0,0,0
120518,1,1,0,0,0,0,0,0,0,0,0,0
120518,2,1,0,0,0,0,0,0,0,0,0,0
120519,0,1,0,0,0,0,0,0,0,0,0,0
120519,0,2,0,0,0,0,0,0,0,0,0,0
120519,1,1,0,0,0,0,0,0,0,0,0,0
120519,2,1,0,0,0,0,0,0,0,0,0,0
120520,1,1,24,9,21,0,0,0,11,0,0,0
120521,0,1,0,0,0,0,0,0,0,0,0,0
120521,1,1,0,0,0,0,0,0,0,0,0,0
120522,0,1,0,0,0,0,0,0,0,0,0,0
120522,1,1,0,0,0,0,0,0,0,0,0,0
120523,0,1,0,0,12,0,0,0,0,0,0,0
120523,1,1,0,0,0,0,0,0,0,0,0,0
120524,0,1,0,0,0,0,0,0,0,0,0,0
120524,1,1,0,0,0,0,0,0,0,0,0,0
120524,2,1,0,0,0,0,0,0,0,0,9,0
120524,3,1,0,0,0,0,0,0,0,0,0,0
120525,0,1,0,11,0,0,0,0,0,0,0,0
120525,1,1,0,0,0,0,0,0,0,0,9,0
120526,1,1,15,15,15,15,15,15,15,15,15,15
120527,1,1,0,0,0,0,0,0,0,0,0,0
120528,1,1,0,0,0,0,0,0,0,0,0,0
120528,2,1,10,10,10,10,10,10,10,10,10,10
120529,1,1,29,29,29,29,29,29,29,29,29,29
120529,2,1,0,0,0,0,0,0,12,9,12,0
120530,0,1,0,0,0,0,0,0,0,0,0,0
120530,1,1,0,0,0,0,0,0,0,0,0,0
120531,1,1,0,0,0,0,0,0,0,0,0,0
120532,1,1,0,0,8,0,0,0,0,0,0,0
120532,2,1,5,0,0,0,0,0,0,0,0,0
120532,3,1,0,0,0,0,0,0,0,0,0,18
120532,4,1,0,0,0,0,0,0,0,0,0,10
120533,0,1,20,0,0,0,0,0,9,0,0,13
120533,1,1,0,0,0,0,0,0,0,0,0,0
120533,2,1,0,24,0,0,0,0,0,0,0,0
120534,1,1,0,0,0,0,0,0,0,0,0,0
120535,1,1,20,20,20,20,20,20,20,20,20,20
120536,1,1,0,0,0,0,14,0,17,0,0,0
120536,2,1,0,0,0,0,0,0,0,0,0,0
120537,1,1,0,0,0,15,0,18,0,0,0,0
120538,0,1,0,0,0,0,0,0,0,0,0,0
120538,1,1,0,0,0,0,0,0,0,0,0,0
120539,1,1,0,0,0,0,0,0,0,0,0,0
120539,2,1,0,0,0,0,0,0,0,0,0,0
120540,1,1,0,0,0,0,0,0,0,0,0,0
120540,2,1,0,0,0,0,0,0,0,0,0,0
120540,3,1,0,0,0,0,0,0,0,0,0,0
120541,0,1,0,0,0,0,0,0,0,0,0,0
120541,0,2,0,0,0,0,0,0,0,0,0,0
120541,1,1,0,0,0,0,0,0,0,0,0,0
120542,0,1,0,0,0,0,0,0,43,13,0,0
120542,1,1,8,17,0,0,0,0,0,3,7,0
120543,0,1,0,0,7,0,29,0,0,15,0,10
120543,1,1,0,0,0,0,0,0,0,0,0,0
120544,1,1,0,0,0,0,0,0,0,0,0,0
120544,2,1,0,0,0,0,0,0,0,0,0,0
120545,0,1,11,37,22,29,19,18,16,28,0,35
120545,1,1,0,0,0,0,8,0,0,0,0,0
120546,0,1,0,0,0,0,0,0,0,0,0,0
120546,1,1,0,0,0,0,0,0,0,0,0,0
120547,1,1,23,23,23,23,23,23,23,23,23,23
120548,1,1,0,0,0,8,0,0,0,0,0,0
120548,2,1,0,0,0,0,0,0,0,0,0,0
120549,1,1,8,8,8,8,8,8,8,8,8,8
120550,0,1,26,26,26,26,26,26,26,26,26,26
120550,1,1,0,0,0,0,0,15,17,0,0,0
120551,1,1,0,0,0,0,0,0,0,0,0,0
120551,2,1,0,0,0,0,0,0,0,0,12,0
120552,1,1,0,0,0,0,0,20,0,0,11,0
120553,1,1,0,0,0,0,12,0,0,0,9,6
120553,2,1,0,0,0,0,0,0,0,0,0,0
120554,1,1,0,12,12,0,12,0,0,20,0,15
120555,1,1,0,0,0,0,0,0,0,0,0,0
120555,2,1,0,0,0,0,0,0,0,0,0,0
120556,0,1,15,15,15,15,15,15,15,15,15,15
120556,1,1,0,0,0,0,0,0,0,0,0,0
120557,0,1,36,36,36,36,36,36,36,36,36,36
120557,1,1,0,0,0,0,14,0,22,0,0,0
120558,1,1,29,29,29,29,29,29,29,29,29,29
120558,2,1,0,3,0,0,0,0,0,0,10,0
120559,1,1,4,4,4,4,4,4,4,4,4,4
120559,2,1,0,0,0,0,0,0,0,0,0,0
120560,1,1,0,0,0,0,0,0,0,0,0,0
120560,2,1,0,0,0,0,0,13,0,0,0,0
120560,3,1,0,0,0,0,0,0,0,0,0,0
120561,0,1,0,0,0,0,0,0,0,0,0,0
120561,1,1,0,0,0,0,0,0,0,0,0,0
120562,1,1,0,0,0,0,11,0,0,0,0,0
120562,2,1,0,13,0,0,0,0,0,15,0,0
120562,3,1,0,0,15,0,6,10,7,0,0,0
120562,4,1,0,0,0,0,0,0,0,0,0,16
120563,1,1,0,0,0,0,0,7,0,0,0,0
120563,2,1,0,0,0,0,0,0,0,0,0,7
120563,3,1,0,0,0,0,0,0,0,10,0,0
120564,0,1,0,0,0,0,10,0,0,17,0,38
120564,1,1,0,5,0,0,0,0,0,11,0,0
120565,0,1,0,0,0,0,0,0,0,0,0,0
120565,1,1,0,0,0,0,0,0,0,0,0,0
120566,1,1,0,0,0,0,0,0,0,0,0,0
120566,2,1,0,0,0,0,0,0,0,0,0,0
120567,1,1,22,22,22,22,22,22,22,22,22,22
120568,0,1,0,0,0,0,0,0,0,0,0,0
120568,1,1,0,0,0,0,0,0,0,0,0,0
120569,0,1,15,0,0,0,0,0,0,0,0,0
120569,1,1,0,0,0,0,0,0,0,15,0,0
120570,1,1,0,0,0,0,0,0,0,0,0,0
120570,2,1,0,22,0,0,0,8,0,0,0,0
120570,3,1,0,13,40,0,0,0,0,0,0,0
120571,0,1,0,0,0,0,0,31,0,7,0,0
120571,1,1,0,0,0,0,0,0,0,0,0,0
120572,1,1,0,0,0,0,0,0,0,0,0,0
120572,2,1,0,0,0,7,0,0,0,0,0,0
120573,1,1,21,21,21,21,21,21,21,21,21,21
120574,1,1,0,10,0,0,20,8,29,0,0,10
120575,0,1,31,31,31,31,31,31,31,31,31,31
120575,1,1,28,0,0,0,0,0,0,0,0,0
120576,1,1,20,20,20,20,20,20,20,20,20,20
120577,1,1,0,0,0,0,0,0,0,0,0,0
120577,2,1,7,7,7,7,7,7,7,7,7,7
120578,0,1,0,0,0,0,30,28,34,14,27,0
120578,1,1,0,0,0,0,0,0,0,0,0,0
120579,0,1,0,0,14,14,17,0,0,0,0,0
120579,1,1,0,0,0,0,0,0,0,0,0,0
120580,1,1,0,0,0,0,0,0,0,0,0,0
120580,2,1,0,0,0,0,0,0,0,0,0,0
120581,1,1,0,0,0,0,0,0,0,0,0,0
120582,1,1,0,0,0,0,0,0,0,0,0,0
120582,2,1,0,13,0,0,0,0,0,0,0,0
120584,1,1,0,0,0,0,5,0,10,0,15,0
120584,2,1,0,25,16,0,0,0,0,0,0,0
120585,1,1,0,0,0,0,0,19,0,0,0,0
120585,2,1,0,0,0,0,0,0,0,0,0,0
120585,3,1,0,0,0,13,0,0,0,0,0,0
120586,1,1,0,0,0,13,0,0,25,0,18,0
120587,1,1,0,0,0,19,0,0,0,0,0,0
120587,2,1,0,0,0,0,0,14,0,0,0,0
120588,1,1,0,0,0,0,34,0,0,0,0,25
120589,0,1,0,0,0,0,0,0,0,0,0,0
120589,0,2,0,0,0,0,0,0,0,0,0,0
120589,1,1,0,0,0,0,0,0,0,0,0,0
120590,1,1,0,0,0,0,0,0,0,0,0,0
120590,2,1,0,0,0,0,0,0,0,0,0,0
120591,1,1,11,11,11,11,11,11,11,11,11,11
120592,1,1,2,2,2,2,2,2,2,2,2,2
120592,2,1,0,0,0,0,0,0,0,0,0,0
120593,1,1,13,13,13,13,13,13,13,13,13,13
120594,0,1,0,0,0,0,0,31,0,0,0,0
120594,0,2,0,0,0,28,23,0,0,20,0,0
120594,1,1,0,0,0,21,0,0,0,0,0,0
120596,1,1,0,0,0,0,0,0,0,0,0,0
120596,2,1,0,0,0,0,0,0,0,0,0,0
120597,1,1,0,0,0,0,0,0,0,0,0,0
120597,2,1,0,0,0,0,0,0,0,0,0,0
120598,1,1,22,22,22,22,22,22,22,22,22,22
120599,1,1,7,0,0,15,0,0,19,9,12,0
120599,2,1,0,0,0,16,0,0,0,0,13,13
120600,1,1,0,0,18,16,27,0,0,0,0,6
120601,1,1,0,0,0,0,0,0,36,30,0,12
120603,1,1,0,0,21,0,0,0,0,0,0,0
120604,1,1,0,0,0,0,0,0,0,0,0,0
120604,2,1,0,0,0,0,0,0,0,0,0,0
120605,1,1,0,0,0,0,0,0,0,0,0,21
120606,0,1,0,0,0,0,0,0,43,0,0,0
120606,1,1,0,5,16,23,18,0,16,0,0,0
120607,0,1,0,0,0,0,0,0,0,0,0,0
120607,1,1,17,0,10,0,0,0,0,0,0,33
120608,0,1,0,0,0,0,0,0,0,0,0,0
120608,1,1,0,0,0,0,0,0,0,0,0,0
120608,2,1,0,0,0,0,0,25,0,0,0,0
120609,1,1,0,0,0,0,0,0,0,0,0,0
120609,2,1,0,0,0,0,0,0,0,0,0,0
120609,3,1,0,0,0,0,0,0,0,0,0,0
120610,0,1,0,43,0,0,26,19,13,11,0,16
120610,1,1,0,0,0,0,0,0,0,0,0,0
120611,1,1,0,0,0,18,0,0,0,0,0,9
120611,2,1,0,0,0,0,10,0,0,0,12,0
120611,3,1,0,0,17,0,15,43,0,14,0,0
120612,0,1,18,18,18,18,18,18,18,18,18,18
120612,1,1,0,0,0,0,0,0,0,0,0,0
120613,0,1,0,0,10,0,0,0,27,5,13,0
120613,1,1,0,0,0,0,0,0,0,0,0,0
120614,1,1,0,18,0,0,0,0,0,0,0,0
120614,2,1,0,0,0,0,0,0,0,0,0,0
120615,1,1,9,9,9,9,9,9,9,9,9,9
120616,0,1,0,0,0,0,0,26,0,11,0,0
120616,1,1,13,13,13,13,13,13,13,13,13,13
120617,1,1,22,22,22,22,22,22,22,22,22,22
120617,2,1,0,0,0,0,0,0,0,0,0,0
120618,0,1,0,0,0,0,0,0,0,0,0,0
120618,1,1,0,0,0,0,0,0,0,0,0,0
120619,1,1,0,0,0,0,0,0,0,0,0,0
120619,2,1,0,0,0,0,0,0,0,0,0,0
120620,1,1,3,3,3,3,3,3,3,3,3,3
120621,0,1,0,0,0,0,0,0,0,0,0,0
120621,1,1,0,8,0,0,0,0,0,0,0,0
120622,1,1,0,0,0,0,0,0,0,0,0,0
120622,2,1,0,0,0,0,0,0,0,0,25,0
120623,1,1,0,0,0,0,0,0,0,0,0,0
120624,1,1,0,0,0,0,0,0,0,0,0,0
120624,2,1,0,0,0,0,0,0,0,0,0,0
120625,0,1,0,0,0,0,0,0,0,0,0,0
120625,1,1,0,0,0,0,0,30,0,0,0,0
120626,1,1,0,0,0,0,15,0,0,0,0,0
120626,2,1,0,0,0,0,0,0,0,0,0,0
120628,1,1,14,20,15,13,11,4,9,12,11,14
120629,1,1,11,15,11,25,24,27,9,8,0,4
120630,1,1,0,0,0,0,0,0,0,0,0,0
120630,2,1,0,0,0,0,0,0,0,0,0,0
120631,0,1,0,22,0,0,0,0,0,0,26,0
120631,1,1,0,12,0,0,0,0,0,0,0,0
120632,1,1,0,22,0,0,0,0,0,19,21,0
120633,1,1,11,0,0,3,0,0,0,0,0,15
120634,1,1,0,0,0,0,0,0,0,0,0,0
120634,2,1,0,0,0,0,0,0,0,13,0,0
120635,1,1,27,8,28,19,10,0,0,0,0,15
120636,0,1,0,0,18,0,0,42,0,0,0,0
120636,1,1,0,0,0,0,9,0,0,0,0,0
120637,1,1,8,8,8,8,8,8,8,8,8,8
120637,2,1,0,0,0,0,0,0,0,0,0,0
120638,1,1,0,0,0,0,0,0,0,0,0,0
120639,0,1,0,0,0,0,0,0,0,0,0,0
120639,1,1,0,0,23,0,0,0,0,0,0,0
120641,0,1,0,0,0,0,0,0,0,0,0,0
120641,1,1,0,0,0,0,0,0,0,0,0,0
120642,1,1,0,0,0,0,0,0,0,0,0,0
120643,1,1,0,0,0,0,0,0,0,0,0,0
120644,0,1,0,0,0,0,0,0,0,0,0,0
120644,1,1,0,0,21,0,0,0,0,0,0,0
120645,1,1,0,0,0,0,0,0,0,0,0,0
120645,2,1,0,0,0,0,0,0,0,0,0,0
120647,0,1,0,0,0,0,0,0,0,0,0,0
120647,1,1,0,0,0,0,0,0,0,0,0,0
120648,1,1,0,0,0,0,23,0,7,0,0,0
120648,2,1,0,0,0,0,0,0,0,0,0,0
120649,1,1,0,0,0,0,0,0,0,0,0,0
120649,2,1,0,0,0,0,0,0,0,0,0,0
120650,1,1,0,0,0,0,0,0,0,0,0,0
120650,2,1,0,0,0,0,0,0,0,0,0,0
120651,1,1,0,0,0,34,21,0,0,0,0,0
120651,2,1,18,0,12,17,11,0,3,25,0,8
120652,1,1,4,4,4,4,4,4,4,4,4,4
120653,1,1,0,0,0,0,0,0,0,0,0,0
120654,1,1,0,0,0,0,0,17,0,0,0,0
120655,0,1,0,0,0,0,0,0,0,0,0,0
120655,1,1,0,0,0,0,0,18,0,0,0,0
120656,0,1,69,0,0,0,0,30,0,0,20,0
120656,1,1,0,0,0,0,0,0,0,0,0,0
120657,1,1,0,0,0,0,0,0,0,0,0,0
120657,2,1,0,0,0,0,23,0,0,0,0,12
120658,1,1,0,0,0,52,0,0,0,0,0,0
120659,1,1,0,0,0,0,0,0,0,0,0,0
120659,2,1,0,0,0,0,0,0,0,0,0,0
120660,1,1,0,0,0,0,0,0,0,0,0,0
120660,2,1,0,0,0,0,0,0,0,0,0,0
120660,3,1,0,0,0,0,0,0,0,0,0,0
120661,1,1,14,14,14,14,14,14,14,14,14,14
120662,1,1,0,0,0,0,0,0,0,0,0,0
120662,2,1,0,0,11,0,0,0,0,0,0,0
120662,3,1,0,0,0,0,0,0,0,0,0,0
120663,0,1,0,26,0,12,0,0,36,0,0,15
120663,1,1,30,0,0,16,0,0,0,0,0,0
120664,1,1,22,26,6,14,11,10,15,6,12,5
120664,2,1,0,0,12,0,0,0,0,0,0,0
120664,3,1,0,0,0,0,0,0,0,0,0,0
120664,4,1,0,0,0,0,0,0,0,0,30,9
120665,1,1,0,0,0,0,0,0,0,0,0,0
120665,2,1,0,0,0,0,0,0,0,0,0,0
120666,1,1,0,0,0,0,0,0,0,0,0,0
120666,2,1,0,0,0,0,0,0,0,0,0,0
120666,3,1,0,0,0,0,0,0,0,0,0,0
120666,4,1,0,0,0,0,0,0,0,0,0,0
120666,5,1,0,9,0,0,0,0,0,0,0,0
120666,6,1,0,0,0,0,8,0,0,0,0,0
120667,1,1,4,4,4,4,4,4,4,4,4,4
120667,2,1,25,25,25,25,25,25,25,25,25,25
120667,3,1,0,0,0,14,0,0,0,0,0,0
120668,0,1,0,0,0,0,0,0,0,0,0,0
120668,0,2,0,0,0,0,0,0,0,0,0,0
120668,1,1,0,0,0,0,18,0,0,0,0,0
120669,0,1,0,0,0,0,0,0,0,0,0,0
120669,1,1,9,17,0,4,3,0,3,25,14,0
120670,1,1,0,0,15,0,0,0,0,0,22,0
120670,2,1,7,7,7,7,7,7,7,7,7,7
120671,0,1,0,37,0,0,0,0,0,0,0,0
120671,1,1,0,0,0,0,0,0,0,0,0,0
120672,1,1,0,0,0,0,0,0,0,0,0,0
120672,2,1,0,0,0,0,0,0,0,0,0,0
120674,1,1,0,0,0,0,0,0,0,0,0,0
120676,0,1,0,0,0,0,0,0,0,0,0,0
120676,1,1,0,0,0,0,0,0,0,0,0,0
120677,1,1,0,0,0,0,0,0,0,0,0,0
120677,2,1,0,0,0,0,0,3,0,0,0,0
120678,0,1,0,0,0,0,0,0,0,0,0,0
120678,1,1,0,0,0,0,0,0,0,0,0,15
120679,1,1,0,0,0,0,0,0,0,0,0,0
120681,0,1,0,0,12,0,28,0,0,9,0,0
120681,1,1,0,19,0,0,0,0,12,0,15,2
120682,1,1,0,0,0,0,0,0,0,0,0,0
120682,2,1,0,0,0,0,0,0,0,0,0,0
120684,0,1,0,0,0,0,17,0,0,0,0,17
120684,1,1,0,0,0,0,0,0,0,0,0,17
120685,1,1,11,13,11,13,6,19,12,0,23,10
120685,2,1,0,0,0,0,0,0,24,0,0,0
120686,1,1,0,16,11,15,0,23,0,10,0,19
120687,0,1,0,0,0,20,23,0,14,33,0,0
120687,1,1,0,0,18,0,31,20,8,0,0,7
120687,2,1,0,0,0,0,0,0,0,0,0,0
120688,0,1,0,0,0,0,13,29,0,0,35,0
120688,1,1,18,18,18,18,18,18,18,18,18,18
120689,1,1,3,3,3,3,3,3,3,3,3,3
120690,1,1,0,0,0,0,0,0,0,0,0,0
120690,2,1,4,4,4,4,4,4,4,4,4,4
120691,1,1,14,14,14,14,14,14,14,14,14,14
120691,2,1,0,0,0,0,0,0,0,0,0,0
120691,3,1,20,0,0,0,0,0,0,0,0,0
120692,0,1,0,0,0,0,0,0,0,0,0,0
120692,1,1,0,0,0,0,0,0,0,0,0,0
120693,1,1,0,0,0,0,0,0,0,0,0,0
120693,2,1,0,0,0,0,0,0,0,0,0,0
120694,0,1,0,0,0,0,0,0,0,0,0,0
120694,1,1,0,0,0,0,0,0,0,0,0,0
120695,1,1,0,0,0,0,0,0,0,0,0,0
120696,1,1,0,0,0,0,0,0,0,0,0,0
120696,2,1,0,0,0,0,0,0,0,0,0,0
120697,1,1,0,0,0,0,0,0,0,0,0,0
120697,2,1,0,0,0,0,0,0,0,0,0,0
120698,0,1,0,0,0,0,0,0,0,0,0,0
120698,0,2,0,0,0,0,0,0,0,0,0,0
120698,0,3,0,0,0,0,0,0,6,0,0,0
120698,0,4,0,0,0,0,0,0,0,0,0,0
120698,1,1,0,0,0,0,0,8,0,0,0,14
120700,1,1,0,0,0,0,0,0,0,0,0,0
120700,2,1,0,0,0,0,0,0,0,0,0,0
120701,1,1,0,0,0,0,0,0,0,0,0,0
120702,1,1,0,0,0,0,0,0,0,0,0,0
120702,2,1,0,0,0,0,0,0,0,0,0,0
120702,3,1,0,0,0,0,0,0,0,0,0,0
120702,4,1,0,0,0,0,0,0,0,0,0,0
120703,1,1,19,22,3,34,13,0,31,22,22,12
120703,2,1,0,0,0,0,0,0,0,0,0,0
120703,3,1,0,0,0,0,0,0,0,0,0,0
120704,1,1,0,12,25,0,0,0,0,0,16,0
120704,2,1,0,0,0,0,0,0,0,0,0,0
120705,1,1,0,0,0,0,0,0,15,0,0,0
120705,2,1,3,3,3,3,3,3,3,3,3,3
120706,0,1,22,22,22,22,22,22,22,22,22,22
120706,1,1,4,8,0,0,3,8,0,10,0,0
120707,1,1,0,0,0,0,0,0,0,0,0,0
120708,1,1,25,25,25,25,25,25,25,25,25,25
120709,1,1,0,0,0,0,0,0,0,0,0,0
120709,2,1,0,0,0,26,0,0,0,0,0,0
120710,1,1,0,0,0,0,0,0,0,0,0,0
120711,1,1,0,0,0,5,0,14,0,0,0,0
120712,1,1,10,10,10,10,10,10,10,10,10,10
120713,0,1,0,0,0,0,0,0,0,0,0,0
120713,1,1,0,0,0,0,0,0,0,0,0,0
120714,1,1,0,15,0,0,0,0,0,0,0,0
120714,2,1,17,0,0,0,14,0,0,0,13,0
120715,1,1,0,8,0,0,0,5,0,0,12,22
120715,2,1,0,9,9,0,26,0,4,12,0,14
120716,1,1,0,0,0,0,0,0,0,0,0,0
120716,2,1,0,0,0,17,16,0,0,0,0,25
120716,3,1,0,16,0,0,0,0,0,0,9,0
120717,0,1,51,14,9,0,12,27,0,19,0,18
120717,1,1,0,0,5,0,0,0,0,0,0,0
120718,1,1,0,0,0,6,0,0,0,0,12,21
120718,2,1,0,0,0,3,0,0,0,0,0,0
120719,1,1,0,0,0,0,0,0,0,0,0,0
120719,2,1,0,0,0,0,0,0,0,0,0,0
120719,3,1,0,0,0,0,0,0,0,0,0,0
120720,1,1,10,10,10,10,10,10,10,10,10,10
120720,2,1,0,0,0,0,0,0,0,0,0,0
120721,0,1,1,1,1,1,1,1,1,1,1,1
120721,1,1,0,0,0,0,22,15,16,0,0,22
120722,1,1,1,1,1,1,1,1,1,1,1,1
120722,2,1,0,0,0,0,0,0,0,0,0,0
120723,0,1,0,0,0,0,14,0,0,19,0,0
120723,1,1,0,0,0,9,0,0,0,0,0,0
120724,0,1,0,0,0,0,0,0,0,0,0,0
120724,0,2,0,0,0,0,0,0,0,0,0,0
120724,1,1,0,0,0,0,0,0,0,0,24,0
120725,1,1,0,9,0,0,16,0,0,0,0,0
120725,2,1,6,0,0,15,0,0,0,0,0,0
120726,1,1,0,0,0,0,0,0,0,0,0,0
120726,2,1,0,0,0,0,0,0,0,0,0,0
120727,1,1,0,0,2,0,14,17,0,28,4,0
120727,2,1,0,0,24,0,0,0,39,7,19,0
120728,0,1,0,0,0,0,0,0,0,0,0,0
120728,1,1,0,0,0,0,15,0,0,0,0,0
120729,0,1,0,0,0,0,0,0,0,0,0,0
120729,0,2,0,0,0,0,29,0,0,0,0,0
120729,1,1,0,0,0,0,0,0,0,0,0,0
120730,0,1,0,0,0,0,0,0,0,0,0,0
120730,1,1,14,14,14,14,14,14,14,14,14,14
120731,1,1,25,0,0,0,0,0,0,0,12,0
120731,2,1,0,0,0,0,0,0,0,0,0,0
120732,1,1,0,0,0,0,0,0,0,0,0,0
120732,2,1,0,0,0,0,0,0,0,0,0,0
120733,1,1,16,16,16,16,16,16,16,16,16,16
120733,2,1,0,0,0,0,0,0,0,0,0,0
120734,1,1,0,0,0,0,0,0,0,0,0,0
120735,1,1,11,0,24,8,28,0,30,19,0,0
120736,1,1,0,0,0,0,0,0,0,0,0,0
120737,1,1,0,0,0,0,0,0,0,0,0,0
120737,2,1,0,0,0,0,0,0,0,0,0,0
120738,0,1,0,0,0,0,0,0,0,0,0,0
120738,1,1,0,0,0,0,0,0,0,7,0,0
120739,0,1,0,0,0,0,0,0,31,8,0,0
120739,1,1,0,0,0,0,0,0,0,0,14,0
120740,1,1,8,8,8,8,8,8,8,8,8,8
120740,2,1,0,0,0,0,0,0,0,0,0,0
120741,1,1,0,0,0,0,0,0,0,0,0,0
120741,2,1,0,0,0,0,0,0,0,0,0,0
120742,0,1,6,6,6,6,6,6,6,6,6,6
120742,1,1,0,0,0,0,0,0,0,0,0,0
120743,1,1,7,7,7,7,7,7,7,7,7,7
120744,1,1,0,0,0,0,0,0,0,0,0,0
120744,2,1,0,0,0,0,0,0,0,0,0,0
120745,1,1,18,18,18,18,18,18,18,18,18,18
120746,0,1,0,26,16,0,0,17,0,32,20,0
120746,1,1,0,0,0,0,0,0,0,0,0,0
120747,0,1,0,0,0,0,0,0,0,0,0,0
120747,1,1,0,0,0,0,0,0,0,0,24,0
120748,0,1,0,0,0,0,0,0,0,0,0,0
120748,1,1,0,0,0,0,0,0,0,0,0,10
120749,0,1,14,0,0,0,0,0,0,0,8,0
120749,1,1,0,0,0,0,0,0,0,0,0,0
120750,1,1,2,2,2,2,2,2,2,2,2,2
120750,2,1,0,0,0,0,0,0,0,0,0,0
120750,3,1,0,0,0,0,0,0,0,0,0,0