ST_CASE,VEH_NO,PER_NO,P1,P2,P3,P4,P5,P6,P7,P8,P9,P10
122210,1,1,0,0,0,0,0,0,10,0,0,0
122210,2,1,0,0,0,0,0,0,0,0,0,0
122211,1,1,0,0,0,0,24,0,0,0,11,0
122212,0,1,28,10,23,9,0,27,7,7,18,18
122212,1,1,0,22,0,0,0,0,0,0,0,0
122213,1,1,0,0,0,0,0,0,0,0,0,0
122213,2,1,0,0,0,0,0,0,0,0,0,0
122214,0,1,14,19,0,0,10,0,12,0,0,0
122214,1,1,0,0,18,0,0,0,0,0,0,0
122215,1,1,29,7,0,14,6,12,27,15,9,16
122216,1,1,20,17,18,3,12,8,7,26,30,24
122216,2,1,0,0,0,16,0,11,0,11,9,0
122217,0,1,0,0,0,0,0,0,0,0,0,0
122217,1,1,0,0,0,0,0,0,0,0,0,0
122218,0,1,0,0,0,0,0,0,0,0,0,0
122218,1,1,0,0,0,0,0,0,0,0,16,0
122219,1,1,0,0,0,0,0,0,0,0,0,0
122220,1,1,11,3,0,0,13,0,0,0,8,9
122220,2,1,19,19,19,19,19,19,19,19,19,19
122221,1,1,0,0,0,0,0,0,0,0,0,0
122222,0,1,0,0,0,0,0,0,0,0,0,0
122222,1,1,0,0,0,0,0,0,0,0,0,0
122223,1,1,0,0,0,0,0,0,0,0,0,0
122223,2,1,0,0,0,0,0,0,0,0,0,0
122224,0,1,0,0,0,0,0,0,0,0,0,0
122224,1,1,0,0,0,0,0,0,0,0,0,0
122225,0,1,0,0,17,0,0,0,0,38,40,0
122225,1,1,22,0,15,40,0,0,0,18,0,0
122226,1,1,0,0,0,0,0,25,21,0,0,17
122227,0,1,47,25,9,36,0,17,0,0,0,0
122227,1,1,0,0,0,0,0,0,0,0,0,0
122228,0,1,4,4,4,4,4,4,4,4,4,4
122228,1,1,0,0,0,0,0,0,0,0,0,0
122229,1,1,0,0,0,0,0,0,0,0,0,0
122229,2,1,0,0,0,0,0,0,23,0,0,0
122230,0,1,0,0,0,0,17,0,0,0,0,0
122230,1,1,0,0,0,0,0,0,0,0,0,0
122232,1,1,0,0,16,0,0,0,0,0,0,0
122232,2,1,0,0,0,0,0,0,0,0,0,10
122233,1,1,0,0,0,0,0,0,0,0,0,0
122233,2,1,17,11,0,0,0,0,0,0,0,16
122234,0,1,0,0,0,0,0,0,0,0,0,0
122234,1,1,0,0,0,0,0,0,0,0,0,0
122235,0,1,0,0,0,0,0,0,0,0,0,0
122235,1,1,0,0,0,0,0,0,0,0,0,0
122236,1,1,0,0,0,0,0,0,0,0,0,0
122236,2,1,0,0,0,11,0,0,0,0,10,0
122237,1,1,23,23,23,23,23,23,23,23,23,23
122238,1,1,0,0,0,0,12,0,0,0,18,0
122238,2,1,0,0,0,0,0,0,0,0,0,0
122239,1,1,26,26,26,26,26,26,26,26,26,26
122240,1,1,0,0,0,0,0,0,0,0,0,0
122240,2,1,0,0,0,0,0,0,0,0,0,0
122241,1,1,11,0,16,23,3,14,26,23,0,8
122242,0,1,0,0,0,0,0,0,8,46,0,0
122242,1,1,0,24,0,0,0,23,0,0,0,0
122242,2,1,0,0,10,15,0,0,0,0,0,0
122243,1,1,30,30,30,30,30,30,30,30,30,30
122243,2,1,0,0,0,0,0,0,0,16,11,0
122244,1,1,22,22,22,22,22,22,22,22,22,22
122245,0,1,26,26,26,26,26,26,26,26,26,26
122245,1,1,0,0,0,0,0,0,0,0,0,0
122246,0,1,0,0,0,0,0,0,0,0,0,0
122246,1,1,0,0,0,0,0,0,0,0,0,0
122247,1,1,15,15,15,15,15,15,15,15,15,15
122247,2,1,0,0,0,0,0,0,0,0,0,0
122248,1,1,0,0,0,0,0,0,0,0,0,0
122248,2,1,0,0,0,15,0,0,0,0,0,0
122249,1,1,0,0,0,0,0,0,0,0,0,0
122249,2,1,0,0,0,0,0,0,0,0,0,0
122250,1,1,0,0,0,0,0,0,0,0,0,0
122251,0,1,13,0,12,10,0,20,7,31,39,34
122251,1,1,0,18,0,0,0,0,23,0,0,0
122252,1,1,14,0,0,0,0,0,0,0,0,23
122253,1,1,0,0,0,0,0,0,13,0,0,0
122253,2,1,0,0,0,0,0,0,0,0,0,0
122254,0,1,6,19,19,28,27,38,32,5,19,23
122254,1,1,0,0,0,16,0,0,0,0,0,0
122255,0,1,0,0,0,0,0,0,0,0,0,0
122255,1,1,13,0,6,9,0,23,0,0,19,12
122255,2,1,0,0,0,0,0,0,0,0,0,0
122256,1,1,0,0,11,19,0,0,0,20,0,0
122256,2,1,0,0,0,0,24,0,0,0,0,0
122256,3,1,0,0,0,0,0,0,14,0,0,0
122256,4,1,0,0,0,0,0,0,0,0,0,0
122256,5,1,0,17,0,0,0,8,0,0,0,0
122256,6,1,0,0,0,0,0,0,0,3,0,0
122256,7,1,0,0,0,0,0,0,0,0,0,0
122257,0,1,18,18,18,18,18,18,18,18,18,18
122257,1,1,0,0,0,12,11,0,0,0,13,14
122258,1,1,0,0,0,0,0,13,0,0,0,0
122258,2,1,0,0,0,0,0,0,0,0,0,0
122259,0,1,0,0,0,0,0,0,0,0,0,0
122259,0,2,0,0,0,0,0,0,0,0,0,0
122259,1,1,0,0,0,0,13,0,0,0,0,0
122260,0,1,22,22,22,22,22,22,22,22,22,22
122260,1,1,0,0,0,0,0,0,0,0,0,0
122261,1,1,13,0,20,0,0,0,0,0,0,16
122262,0,1,0,0,0,0,0,0,0,0,0,0
122262,1,1,15,0,0,0,0,0,0,0,0,0
122263,0,1,0,0,0,0,0,22,0,0,0,0
122263,1,1,0,0,0,4,0,0,0,0,0,0
122263,2,1,0,0,0,0,0,34,0,0,0,0
122264,0,1,0,0,29,0,0,0,0,13,0,0
122264,1,1,13,0,0,29,0,0,0,0,13,0
122265,1,1,0,0,0,0,0,0,15,23,0,0
122265,2,1,0,0,0,0,0,0,0,0,0,0
122265,3,1,0,0,0,0,0,0,0,0,0,0
122267,1,1,0,0,0,0,0,0,0,0,0,0
122267,4,1,0,0,0,0,0,0,0,0,0,0
122268,1,1,16,16,16,16,16,16,16,16,16,16
122268,2,1,21,0,22,0,0,0,20,0,0,0
122269,1,1,11,0,0,0,0,19,0,0,0,0
122269,2,1,0,0,0,0,0,0,0,11,0,0
122270,0,1,0,0,0,0,0,0,0,0,0,0
122270,1,1,0,0,0,0,0,0,0,0,0,0
122271,1,1,23,23,23,23,23,23,23,23,23,23
122272,1,1,0,0,0,0,0,0,0,0,0,0
122272,2,1,0,0,0,0,0,0,0,0,0,0
122273,1,1,26,26,26,26,26,26,26,26,26,26
122273,2,1,0,0,0,0,0,0,0,0,0,0
122274,1,1,21,21,21,21,21,21,21,21,21,21
122275,0,1,0,0,22,29,0,0,29,33,28,0
122275,1,1,0,0,0,0,17,0,0,0,0,0
122276,1,1,0,0,0,0,0,0,0,0,0,0
122277,0,1,3,3,3,3,3,3,3,3,3,3
122277,1,1,0,0,0,0,0,0,0,7,0,0
122278,1,1,0,0,0,0,0,0,0,0,0,0
122279,0,1,21,15,26,36,20,22,27,28,34,54
122279,0,2,0,12,34,12,0,18,22,5,10,6
122279,1,1,20,30,0,5,0,0,0,15,12,12
122280,0,1,0,0,0,0,0,0,0,0,0,0
122280,1,1,0,0,0,0,0,0,0,0,0,0
122281,0,1,0,0,0,0,0,27,0,0,0,0
122281,1,1,0,0,14,0,0,0,0,0,26,0
122282,1,1,0,0,7,0,0,0,0,0,0,0
122282,2,1,0,0,0,0,0,0,0,0,0,0
122283,0,1,14,29,6,0,0,0,0,0,44,0
122283,1,1,0,0,0,0,0,0,0,0,0,0
122284,1,1,0,0,0,11,0,8,0,0,0,0
122285,0,1,0,0,15,0,0,0,0,0,0,0
122285,1,1,0,0,10,0,0,0,0,0,0,0
122286,0,1,28,28,28,28,28,28,28,28,28,28
122286,1,1,0,0,0,0,0,0,0,0,0,0
122287,1,1,12,12,12,12,12,12,12,12,12,12
122288,1,1,0,0,0,0,0,0,0,0,0,0
122288,2,1,0,0,0,0,0,0,0,0,0,0
122289,1,1,19,19,19,19,19,19,19,19,19,19
122289,2,1,0,0,0,0,0,0,0,0,0,0
122290,1,1,0,0,0,25,0,0,0,0,0,19
122291,0,1,0,0,0,0,0,24,0,0,0,0
122291,1,1,0,0,7,0,0,0,0,0,0,5
122292,1,1,19,19,19,19,19,19,19,19,19,19
122292,2,1,0,0,0,0,0,0,0,0,0,0
122294,0,1,0,0,0,0,0,0,0,0,0,0
122294,1,1,0,0,0,0,0,0,0,0,0,0
122295,1,1,0,0,0,0,0,0,0,0,0,0
122296,1,1,22,22,22,22,22,22,22,22,22,22
122298,0,1,22,22,22,22,22,22,22,22,22,22
122298,1,1,0,0,0,0,0,0,0,0,0,0
122299,1,1,19,19,19,19,19,19,19,19,19,19
122299,2,1,0,0,0,0,0,0,0,0,0,0
122300,1,1,0,0,0,0,0,0,0,0,0,0
122300,2,1,0,0,0,0,0,0,0,0,0,0
122300,3,1,0,0,0,0,0,0,0,0,0,0
122301,0,1,15,0,0,23,31,0,15,0,0,0
122301,1,1,0,0,0,0,0,0,0,0,0,0
122302,0,1,10,0,0,0,0,0,33,0,0,0
122302,1,1,0,0,16,0,0,0,24,0,0,0
122303,1,1,0,21,0,0,0,0,7,0,0,15
122303,2,1,0,0,0,0,0,0,0,0,0,0
122304,1,1,0,0,0,0,21,44,0,0,23,0
122305,1,1,15,15,15,15,15,15,15,15,15,15
122306,1,1,4,4,4,4,4,4,4,4,4,4
122307,1,1,0,0,0,0,0,17,0,0,0,0
122307,2,1,0,0,0,0,0,0,0,0,0,0
122308,1,1,0,0,0,0,0,0,0,0,0,0
122308,2,1,0,0,0,0,0,0,0,0,0,0
122309,0,1,19,19,19,19,19,19,19,19,19,19
122309,1,1,0,0,0,21,0,0,8,0,0,0
122310,0,1,25,25,25,25,25,25,25,25,25,25
122310,1,1,0,0,0,0,0,0,0,6,0,0
122310,2,1,23,12,0,0,0,0,0,25,14,0
122310,3,1,0,0,0,8,6,15,0,8,0,0
122311,1,1,0,18,0,14,0,19,13,0,0,0
122311,2,1,0,0,0,0,0,0,0,0,0,0
122312,1,1,0,0,0,0,0,0,0,0,0,0
122313,1,1,0,0,0,0,0,0,0,0,0,0
122313,2,1,0,0,0,0,0,0,17,0,0,0
122315,1,1,27,0,9,0,0,0,0,0,29,0
122315,2,1,16,0,0,0,0,0,0,0,0,0
122316,0,1,11,11,11,11,11,11,11,11,11,11
122316,1,1,0,0,0,16,0,0,0,0,0,0
122317,1,1,0,0,0,0,0,0,0,18,0,0
122317,2,1,0,0,0,0,0,0,0,0,0,0
122318,0,1,0,0,0,0,0,0,0,0,0,0
122318,1,1,0,0,0,0,0,0,0,0,0,0
122319,1,1,0,0,0,0,0,0,0,12,25,0
122319,2,1,0,0,0,0,0,0,0,0,0,0
122320,1,1,0,0,0,0,0,0,0,0,0,0
122320,2,1,17,0,0,0,0,0,0,0,24,0
122322,1,1,0,0,0,0,0,0,10,0,0,0
122322,2,1,0,0,0,0,0,0,0,0,0,0
122323,0,1,0,0,0,0,0,0,0,0,0,0
122323,1,1,0,16,0,24,0,0,0,0,0,0
122324,1,1,17,17,17,17,17,17,17,17,17,17
122325,1,1,26,26,26,26,26,26,26,26,26,26
122325,2,1,0,0,0,0,0,0,0,0,0,0
122326,1,1,0,0,0,0,0,0,0,0,0,0
122326,2,1,0,0,0,0,0,0,0,0,0,0
122327,1,1,10,10,10,10,10,10,10,10,10,10
122327,2,1,0,0,0,20,0,0,0,0,0,0
122328,1,1,0,0,0,0,0,0,0,0,0,0
122328,2,1,0,0,0,0,0,0,0,0,0,0
122329,0,1,0,0,0,0,0,0,0,0,0,0
122329,1,1,0,0,0,0,0,0,0,0,0,0
122330,0,1,28,28,28,28,28,28,28,28,28,28
122330,1,1,0,0,0,0,14,0,0,0,0,14
122331,0,1,0,0,0,32,0,26,0,0,31,16
122331,1,1,0,0,0,0,0,0,0,22,0,0
122333,0,1,0,0,40,14,28,17,10,0,9,0
122333,1,1,0,0,0,0,0,0,0,0,0,0
122334,1,1,0,13,0,0,0,0,0,23,2,0
122335,0,1,0,0,0,0,0,0,0,0,0,0
122335,1,1,0,0,0,0,0,0,0,0,0,0
122336,1,1,28,28,28,28,28,28,28,28,28,28
122336,2,1,0,9,0,0,0,0,0,0,0,0
122336,3,1,0,0,0,0,0,0,0,0,0,0
122337,0,1,0,10,0,0,0,0,0,0,0,0
122337,1,1,0,0,0,0,7,0,0,0,0,0
122338,1,1,0,0,0,0,0,0,0,0,0,0
122338,2,1,0,0,0,0,0,0,0,0,0,7
122339,0,1,0,0,0,0,0,0,0,0,0,0
122339,1,1,0,0,0,0,0,0,0,0,0,0
122340,0,1,0,0,0,0,0,15,0,0,0,0
122340,1,1,0,17,0,0,0,0,0,0,0,0
122340,2,1,0,0,0,0,0,16,0,0,0,0
122342,0,1,0,0,0,0,0,0,0,0,0,0
122342,1,1,0,0,0,0,0,0,0,0,0,0
122343,1,1,2,2,2,2,2,2,2,2,2,2
122343,2,1,0,0,0,0,0,0,0,0,0,0
122344,1,1,23,23,23,23,23,23,23,23,23,23
122345,1,1,0,0,0,0,0,0,0,0,0,0
122345,2,1,0,0,0,0,0,0,0,0,0,0
122346,1,1,17,17,17,17,17,17,17,17,17,17
122347,1,1,0,0,0,0,0,0,0,0,0,0
122347,2,1,0,0,0,0,0,0,0,0,0,0
122348,1,1,0,0,0,0,0,0,0,0,0,0
122349,1,1,22,22,22,22,22,22,22,22,22,22
122350,1,1,41,0,0,0,0,0,0,0,0,0
122350,2,1,0,0,0,0,0,0,0,0,0,0
122351,0,1,0,0,0,0,0,0,0,0,0,0
122351,1,1,0,0,0,0,0,0,0,0,0,0
122351,2,1,0,0,0,0,0,0,0,0,0,0
122352,1,1,0,0,0,0,0,0,0,0,0,0
122352,2,1,0,0,0,0,0,0,0,0,0,0
122352,3,1,0,0,20,0,0,0,0,0,0,0
122352,4,1,0,0,0,0,0,0,0,0,0,0
122353,0,1,0,0,0,0,0,0,0,0,0,0
122353,1,1,0,0,0,0,0,0,0,0,0,0
122354,1,1,0,0,0,0,0,0,0,0,0,0
122354,2,1,0,0,0,0,0,0,0,0,0,0
122357,1,1,0,0,0,0,0,0,0,0,0,0
122358,1,1,0,0,0,0,2,0,0,0,0,0
122358,2,1,0,0,0,0,0,0,0,0,0,0
122360,1,1,7,8,23,0,0,20,12,29,35,16
122361,1,1,0,0,0,0,0,0,0,0,0,0
122361,2,1,0,0,0,0,0,0,0,0,0,0
122362,1,1,0,0,33,0,0,0,0,0,0,0
122362,2,1,0,0,0,0,0,0,0,7,0,15
122363,0,1,0,0,0,0,0,0,0,0,0,0
122363,0,2,0,0,0,0,0,0,0,0,0,0
122363,0,3,0,0,0,0,0,0,0,0,0,0
122363,1,1,0,0,0,16,0,0,0,0,0,0
122364,1,1,28,28,28,28,28,28,28,28,28,28
122365,1,1,21,21,21,21,21,21,21,21,21,21
122365,2,1,0,0,0,0,0,0,0,0,0,0
122366,0,1,0,0,11,0,0,27,0,0,0,0
122366,1,1,8,4,11,6,13,2,26,23,12,10
122367,0,1,0,0,0,0,0,0,0,0,0,0
122367,1,1,0,0,0,0,0,0,0,0,0,0
122368,1,1,0,0,0,0,0,0,0,0,0,0
122369,1,1,0,0,0,0,0,0,0,0,0,0
122370,1,1,0,0,0,0,0,0,0,0,0,0
122370,2,1,0,0,0,0,0,0,0,0,0,0
122370,3,1,0,0,0,0,0,0,0,0,0,0
122371,1,1,0,0,0,0,0,0,0,0,0,0
122372,1,1,0,0,0,0,0,0,0,0,0,0
122372,2,1,0,0,0,0,0,0,0,0,0,0
122373,0,1,0,0,20,27,24,0,27,42,0,0
122373,1,1,0,0,0,0,0,0,14,0,0,0
122374,0,1,0,0,0,0,0,0,0,0,0,0
122374,1,1,0,21,0,0,0,0,0,3,0,0
122375,0,1,0,0,0,0,0,0,0,0,0,0
122375,1,1,0,0,0,0,0,0,0,0,0,0
122376,1,1,7,7,7,7,7,7,7,7,7,7
122377,1,1,0,0,0,0,0,0,0,0,0,0
122378,0,1,0,0,0,0,0,0,16,0,0,0
122378,1,1,0,0,0,0,10,0,0,0,0,0
122379,1,1,14,10,0,0,32,0,42,23,22,20
122380,1,1,8,8,8,8,8,8,8,8,8,8
122380,2,1,0,0,0,0,0,0,0,0,0,0
122381,0,1,0,0,0,0,0,0,0,0,0,0
122381,1,1,0,0,0,0,0,0,0,0,0,0
122382,1,1,0,0,0,0,0,0,0,0,0,0
122382,2,1,0,0,0,0,0,0,23,0,0,0
122383,1,1,0,0,0,0,0,0,0,0,0,0
122384,1,1,0,0,0,0,0,0,0,0,0,0
122385,1,1,15,15,15,15,15,15,15,15,15,15
122386,0,1,0,0,0,3,0,0,0,0,0,0
122386,0,2,0,0,0,0,0,0,0,0,0,0
122386,1,1,0,0,0,0,0,0,0,0,0,0
122387,1,1,0,0,0,0,0,0,0,0,0,0
122387,2,1,0,0,0,12,35,0,0,0,0,0
122388,1,1,8,8,8,8,8,8,8,8,8,8
122389,0,1,14,14,14,14,14,14,14,14,14,14
122389,1,1,0,0,14,0,0,0,0,0,0,7
122390,0,1,32,0,0,0,0,0,0,0,0,0
122390,1,1,0,25,0,0,0,0,0,0,0,0
122391,0,1,0,30,0,20,10,30,0,0,0,0
122391,1,1,0,12,0,0,0,0,0,0,0,0
122392,1,1,6,0,8,10,17,12,22,21,19,18
122392,2,1,0,0,6,0,0,29,0,0,0,0
122395,1,1,22,22,22,22,22,22,22,22,22,22
122396,1,1,0,0,0,0,0,0,0,0,0,0
122396,2,1,0,0,0,0,0,0,0,0,0,0
122397,0,1,0,0,0,0,0,0,0,0,0,0
122397,0,2,0,0,0,0,18,0,0,0,0,0
122397,1,1,0,14,0,0,0,0,0,23,25,0
122398,0,1,0,0,12,0,0,0,0,0,0,0
122398,1,1,0,0,16,0,0,21,8,18,22,0
122399,1,1,0,0,14,0,0,0,15,34,22,0
122400,1,1,9,0,0,0,36,0,0,0,13,0
122401,0,1,0,0,0,0,0,0,0,0,0,0
122401,1,1,0,0,0,0,0,0,13,0,0,0
122402,1,1,0,0,0,0,0,0,0,0,0,0
122402,2,1,0,0,36,0,11,0,0,0,0,0
122403,0,1,15,15,15,15,15,15,15,15,15,15
122403,1,1,0,0,0,0,0,0,0,0,0,0
122404,1,1,12,12,12,12,12,12,12,12,12,12
122404,2,1,0,0,0,0,0,0,0,0,0,0
122405,0,1,0,0,0,0,0,0,0,0,19,0
122405,1,1,18,13,14,20,26,18,27,29,16,12
122406,1,1,0,0,0,0,0,0,0,0,0,0
122406,2,1,0,0,0,0,0,0,0,0,0,0
122407,1,1,8,13,0,17,19,29,8,5,5,18
122407,2,1,0,0,0,0,0,0,0,0,0,0
122408,1,1,0,0,0,0,0,0,0,0,0,0
122408,2,1,0,0,0,0,0,0,0,0,0,0
122408,3,1,0,0,0,0,0,0,0,0,0,0
122409,1,1,1,1,1,1,1,1,1,1,1,1
122410,1,1,0,0,0,0,0,0,0,0,0,19
122410,2,1,0,0,0,0,0,0,0,0,43,0
122411,1,1,0,0,0,0,0,0,0,0,0,0
122411,2,1,0,0,0,0,0,0,0,0,0,0
122412,1,1,0,0,0,0,0,0,0,0,0,0
122412,2,1,0,0,0,0,0,0,0,0,0,0
122413,1,1,0,0,32,0,0,15,0,0,0,0
122413,2,1,0,0,0,0,0,0,0,0,0,0
122414,0,1,0,0,0,0,0,0,0,0,0,0
122414,1,1,0,0,0,0,0,0,0,0,0,0
122415,1,1,31,0,22,8,18,0,13,0,27,23
122416,0,1,11,11,11,11,11,11,11,11,11,11
122416,0,2,0,0,11,9,0,0,0,0,0,28
122416,1,1,0,0,0,0,0,0,0,0,0,0
122417,0,1,0,0,28,0,0,11,48,18,0,19
122417,1,1,0,0,0,0,0,0,0,0,0,0
122419,1,1,17,17,17,17,17,17,17,17,17,17
122419,2,1,0,0,0,0,0,0,0,0,0,5
122420,0,1,0,0,0,0,0,0,0,0,0,0
122420,1,1,0,0,0,0,0,0,0,0,10,0
122421,0,1,0,0,0,0,0,0,0,0,0,0
122421,1,1,0,0,0,10,0,0,11,0,0,0
122422,1,3,0,0,0,0,0,0,0,0,0,0
122424,1,1,0,0,0,0,0,0,0,0,0,0
122425,1,1,0,0,0,0,0,0,0,0,0,0
122425,2,1,0,0,0,0,0,0,0,0,0,0
122426,1,1,7,7,7,7,7,7,7,7,7,7
122426,2,1,0,0,19,0,0,0,0,0,0,0
122426,3,1,0,0,0,0,0,0,0,0,0,0
122427,1,1,0,0,0,0,0,0,0,0,7,0
122427,2,1,0,0,0,0,0,0,0,0,0,0
122428,1,1,0,0,0,0,0,0,0,0,0,0
122428,2,1,12,12,12,12,12,12,12,12,12,12
122429,1,1,0,0,0,0,0,0,0,19,0,0
122429,2,1,11,11,11,11,11,11,11,11,11,11
122430,1,1,0,0,0,0,0,0,0,0,0,0
122430,2,1,0,0,0,0,0,0,0,0,0,0
122431,1,1,0,0,0,0,0,0,0,0,0,0
122431,2,1,0,0,0,0,0,0,0,0,0,0
122432,0,1,0,0,40,52,33,0,0,0,0,0
122432,1,1,27,21,0,0,0,0,0,0,0,0
122433,1,1,0,0,0,0,0,0,0,0,0,0
122433,2,1,0,0,0,0,0,0,0,0,0,0
122434,1,1,32,32,32,32,32,32,32,32,32,32
122435,1,1,0,0,0,0,0,0,0,0,0,0
122435,2,1,0,0,0,0,17,0,8,9,0,6
122436,1,1,0,0,0,22,22,0,0,0,37,0
122436,2,1,0,0,0,0,0,0,0,0,9,0
122437,1,1,0,0,0,0,0,0,0,0,0,0
122437,2,1,0,0,0,0,0,0,0,0,0,0
122437,3,1,0,0,0,0,0,0,0,0,0,0
122438,1,1,0,0,0,20,0,0,19,0,0,0
122438,2,1,0,0,0,0,0,0,0,0,0,0
122439,1,1,0,0,0,14,0,0,5,0,16,6
122439,2,1,0,0,0,0,0,0,0,0,0,0
122440,1,1,0,0,0,0,0,0,0,0,0,0
122440,2,1,0,0,0,0,0,0,0,0,0,0
122440,3,1,0,0,0,0,0,0,0,0,0,0
122441,1,1,0,0,0,0,0,0,0,0,0,0
122442,1,1,0,0,0,0,0,0,0,0,0,0
122442,2,1,0,0,0,0,0,0,0,0,0,0
122443,0,1,0,0,17,18,22,0,0,0,0,0
122443,1,1,0,0,0,0,0,0,0,0,0,0
122444,1,1,0,0,0,0,0,0,0,0,0,0
122445,1,1,0,0,0,0,0,0,0,0,0,0
122445,2,1,0,0,0,0,0,0,0,0,0,0
122446,0,1,19,19,19,19,19,19,19,19,19,19
122446,1,1,0,0,0,0,14,0,0,0,0,0
122447,0,1,19,13,20,8,10,24,0,17,0,4
122447,1,1,19,0,0,0,0,14,0,0,6,0
122448,1,1,0,0,0,0,14,0,22,0,30,0
122449,0,1,0,0,24,0,0,0,28,34,0,0
122449,1,1,0,0,0,0,0,15,0,21,0,0
122450,1,1,0,0,28,0,0,0,0,0,0,0
122450,2,1,0,9,0,0,0,0,0,0,0,0
122451,1,1,0,0,0,0,0,0,0,0,0,0
122452,0,1,20,13,0,16,21,54,0,0,6,10
122452,1,1,0,0,0,0,0,0,0,0,0,0
122453,1,1,0,0,0,0,0,0,0,0,0,0
122453,2,1,0,0,0,0,0,0,15,0,0,0
122454,1,1,0,0,0,0,0,0,0,0,0,0
122454,2,1,0,0,0,0,0,0,0,0,0,0
122455,1,1,0,0,0,0,0,0,0,0,0,0
122455,2,1,0,0,0,0,0,0,0,0,0,0
122455,3,1,0,0,0,0,3,0,0,0,0,0
122456,1,1,0,0,0,0,0,0,0,0,0,0
122456,2,1,0,0,0,0,0,0,0,0,0,0
122457,1,1,0,0,0,10,0,0,0,0,0,0
122457,2,1,0,0,0,0,0,0,0,0,0,0
122458,1,1,0,0,0,0,0,0,0,0,0,0
122458,2,1,14,0,0,0,0,0,0,0,0,0
122459,1,1,0,0,13,8,0,0,0,0,8,0
122459,2,1,22,0,20,15,14,0,0,0,0,39
122460,1,1,0,0,0,0,0,0,0,0,0,0
122461,1,1,34,35,0,0,0,0,0,0,16,11
122462,1,1,0,0,0,0,0,0,0,0,0,0
122462,2,1,0,0,15,0,0,0,0,0,8,0
122463,1,1,0,0,0,0,0,0,0,0,0,0
122463,2,1,0,0,0,0,0,0,0,0,0,0
122464,1,1,0,0,7,0,0,0,0,0,0,0
122464,2,1,0,0,0,0,0,0,0,0,0,0
122465,0,1,0,0,0,36,0,0,0,0,0,0
122465,1,1,0,0,0,0,0,19,0,0,0,0
122466,1,1,23,23,23,23,23,23,23,23,23,23
122467,1,1,21,0,5,0,0,0,0,0,20,32
122467,2,1,5,5,5,5,5,5,5,5,5,5
122468,0,1,29,29,29,29,29,29,29,29,29,29
122468,1,1,0,0,0,0,0,0,0,0,0,0
122469,0,1,0,0,33,0,0,9,0,19,58,0
122469,1,1,2,14,11,23,7,0,15,31,7,6
122470,0,1,0,0,0,0,0,0,0,0,0,0
122470,1,1,0,0,0,0,0,0,0,0,0,0
122471,1,1,0,0,0,0,0,0,0,0,0,0
122471,2,1,3,3,3,3,3,3,3,3,3,3
122472,1,1,0,0,21,0,0,0,0,16,0,0
122472,2,1,0,0,0,0,0,16,0,0,0,0
122473,0,1,11,11,11,11,11,11,11,11,11,11
122473,1,1,0,20,0,0,0,0,0,0,0,0
122474,1,1,0,0,0,0,0,0,0,0,0,0
122475,1,1,0,0,0,0,0,0,0,0,0,0
122475,2,1,0,0,0,0,0,0,0,0,0,0
122476,1,1,0,0,0,0,0,0,0,0,0,0
122476,2,1,0,0,0,8,0,0,0,0,0,0
122477,1,2,23,0,0,0,0,0,0,25,0,27
122478,0,1,0,0,0,0,0,8,24,21,0,8
122478,1,1,19,13,28,3,0,15,24,0,0,0
122480,0,1,0,0,0,0,0,0,0,0,0,0
122480,1,1,0,0,0,0,0,0,0,0,0,0
122481,1,1,0,0,0,0,0,0,0,0,0,0
122481,2,1,0,0,0,0,0,0,0,0,0,0
122482,0,1,0,0,0,0,0,0,0,0,0,0
122482,1,1,0,0,0,0,0,0,0,0,0,0
122485,0,1,0,0,0,0,0,0,0,0,0,0
122485,1,1,0,0,0,0,0,0,0,0,0,0
122486,0,1,0,0,0,0,0,0,0,0,0,12
122486,1,1,0,0,0,0,0,0,0,0,0,0
122487,1,1,23,23,23,23,23,23,23,23,23,23
122487,2,1,0,0,0,0,0,0,0,0,0,0
122488,0,1,0,0,34,0,0,0,0,0,0,0
122488,1,1,0,0,0,22,24,0,0,0,0,0
122489,1,1,0,0,0,0,0,0,0,0,0,0
122489,2,1,0,0,0,0,0,0,0,0,0,0
122490,1,1,0,0,0,0,0,0,0,0,0,0
122490,2,1,0,0,0,0,0,0,0,0,0,0
122491,0,1,42,0,0,0,0,0,0,0,40,17
122491,1,1,0,0,0,0,0,0,0,0,0,0
122492,1,1,0,0,0,0,0,0,0,0,0,18
122492,2,1,0,0,0,0,0,0,0,0,0,0
122492,3,1,0,0,0,0,0,0,0,0,0,0
122493,0,1,36,36,36,36,36,36,36,36,36,36
122493,1,1,0,0,0,41,0,0,5,0,0,0
122494,1,1,0,0,0,0,0,0,0,0,0,14
122495,1,1,0,0,0,0,0,0,0,0,0,0
122495,2,1,0,0,0,0,0,0,0,0,0,0
122495,3,1,0,0,0,0,0,0,0,25,0,0
122497,0,1,0,0,0,0,0,0,0,0,0,0
122497,1,1,0,0,0,0,0,0,0,0,0,0
122499,1,1,0,0,0,0,0,0,0,0,0,0
122499,2,1,13,0,9,0,0,0,0,0,0,0
122500,1,1,0,0,23,0,15,0,0,8,0,0
122500,2,1,0,0,0,0,0,0,0,0,0,0
122501,1,1,0,0,0,0,0,0,0,0,0,0