ST_CASE,VEH_NO,PER_NO,P1,P2,P3,P4,P5,P6,P7,P8,P9,P10
122501,2,1,0,0,0,0,0,0,0,0,0,0
122502,1,1,0,0,0,0,0,0,0,0,0,0
122502,2,1,0,0,0,0,0,0,0,0,0,0
122504,0,1,0,24,0,0,0,0,0,7,0,0
122504,1,1,0,0,0,0,0,0,0,0,0,0
122505,1,1,14,0,0,0,17,0,5,0,0,0
122506,0,1,0,0,0,0,0,0,0,0,0,0
122506,1,1,0,0,0,0,0,0,0,0,0,0
122507,1,1,0,0,0,0,0,0,0,0,0,0
122508,1,1,0,0,0,0,0,0,0,0,0,0
122508,2,1,0,0,0,0,0,0,0,0,0,0
122508,3,1,0,0,0,0,0,0,0,0,0,0
122510,1,1,0,0,0,0,0,0,0,0,0,0
122511,1,1,23,0,25,7,15,13,42,0,0,0
122512,1,1,0,16,0,0,0,0,0,0,0,0
122512,2,1,0,0,0,0,0,15,0,0,0,0
122513,1,1,0,0,0,0,0,0,0,11,0,9
122514,1,1,0,0,0,0,0,0,0,0,0,0
122514,2,1,0,0,0,0,0,0,0,0,0,0
122515,0,1,0,0,0,0,0,0,0,0,0,0
122515,1,1,0,0,0,0,0,0,0,5,0,0
122516,1,1,0,0,0,0,0,0,0,0,0,0
122517,0,1,0,0,0,0,0,0,0,0,0,0
122517,1,1,0,0,0,0,0,0,0,0,0,0
122518,0,1,22,22,22,22,22,22,22,22,22,22
122518,1,1,0,0,0,0,0,0,0,0,0,0
122518,2,1,0,0,0,0,0,0,0,0,0,0
122519,1,1,0,0,17,0,0,0,17,0,0,0
122519,2,1,0,0,0,0,0,0,0,0,0,0
122520,1,1,0,0,23,16,6,0,0,0,11,19
122521,1,1,0,0,0,0,0,23,21,0,0,0
122522,0,1,0,0,0,0,0,0,0,0,0,0
122522,1,1,0,0,0,0,0,17,0,0,0,18
122523,0,1,0,0,0,0,0,0,0,0,0,0
122523,1,1,0,0,0,0,0,0,0,0,0,0
122524,1,1,18,0,0,0,21,0,0,0,0,0
122524,2,1,0,0,0,0,0,0,29,12,0,0
122525,0,1,0,0,0,0,0,0,0,0,0,0
122525,1,1,0,0,0,0,0,0,0,0,0,0
122526,0,1,21,0,0,25,0,19,0,0,0,0
122526,1,1,0,16,0,0,0,0,0,0,16,0
122527,0,1,22,17,0,0,0,0,0,0,17,15
122527,1,1,0,0,0,0,30,0,0,0,0,0
122528,0,1,0,0,0,8,0,0,0,12,0,0
122528,1,1,9,0,0,0,13,0,10,0,0,0
122529,0,1,0,0,30,0,0,0,0,0,0,0
122529,1,1,0,0,0,0,0,0,0,0,0,0
122529,2,1,0,0,3,0,0,0,0,0,0,0
122530,1,1,15,8,11,0,0,23,34,0,18,18
122530,2,1,0,0,20,0,0,0,0,0,0,14
122531,0,1,0,25,0,0,5,0,0,28,17,0
122531,1,1,0,0,16,0,26,0,0,0,16,0
122532,0,1,0,0,0,0,0,0,0,0,19,36
122532,1,1,0,0,0,18,0,0,0,0,0,0
122533,0,1,14,0,0,0,23,0,0,9,0,0
122533,1,1,0,0,0,0,0,0,0,0,9,0
122533,2,1,0,0,0,0,0,0,0,0,0,0
122534,1,1,0,0,0,0,0,0,16,0,0,0
122534,2,1,0,0,0,0,0,0,0,0,0,0
122535,1,1,0,0,0,0,0,0,0,0,0,0
122535,2,1,0,0,0,0,0,0,0,0,0,0
122535,3,1,0,0,0,0,0,0,0,0,0,0
122536,1,1,8,8,8,8,8,8,8,8,8,8
122536,2,1,0,0,0,0,0,0,0,0,0,0
122537,0,1,15,25,0,0,5,0,0,11,22,17
122537,1,1,0,0,0,0,0,0,0,0,0,22
122538,0,1,27,27,27,27,27,27,27,27,27,27
122538,1,1,0,0,17,0,21,0,0,0,0,0
122539,1,1,8,8,8,8,8,8,8,8,8,8
122539,2,1,29,0,11,0,0,0,0,0,0,0
122540,0,1,0,0,0,0,0,0,0,0,0,0
122540,0,2,0,0,0,0,5,0,14,0,0,0
122540,0,3,0,0,0,0,0,0,0,0,0,0
122540,0,4,0,0,0,0,0,0,0,14,0,0
122540,1,1,0,18,0,0,0,13,16,0,0,0
122540,2,1,0,13,0,0,13,0,0,0,21,0
122541,1,1,0,0,18,12,0,23,0,0,0,0
122541,2,1,23,0,0,0,0,0,0,0,0,0
122542,0,1,0,0,0,0,0,7,0,30,0,0
122542,1,1,0,0,0,0,0,0,0,0,0,0
122542,2,1,0,0,22,0,7,0,0,0,0,0
122543,1,1,0,0,0,0,0,0,0,0,0,0
122543,2,1,9,0,0,0,0,0,0,0,0,0
122544,1,1,0,0,0,0,0,0,0,0,9,0
122544,2,1,0,0,0,0,0,0,0,29,0,10
122545,1,1,0,0,13,11,13,0,16,21,18,6
122546,1,1,0,0,0,0,0,0,0,0,0,0
122546,2,1,0,0,26,0,17,0,0,0,0,0
122546,3,1,0,10,0,0,0,0,0,0,0,0
122546,4,1,0,0,0,0,0,0,0,0,0,0
122546,5,1,0,0,0,0,0,0,0,0,0,0
122548,1,1,11,0,23,0,0,0,0,0,0,0
122549,0,1,0,0,0,0,0,0,0,0,0,0
122549,1,1,0,0,0,0,17,0,0,0,0,0
122550,0,1,1,1,1,1,1,1,1,1,1,1
122550,1,1,0,0,0,0,0,0,0,0,0,0
122551,0,1,0,0,0,0,0,0,0,0,0,0
122551,1,1,0,0,0,0,0,0,0,3,0,0
122552,1,1,0,0,0,0,0,0,0,0,0,0
122553,1,1,19,19,19,19,19,19,19,19,19,19
122553,2,1,0,0,0,0,0,0,0,0,0,0
122554,1,1,0,0,0,0,0,0,0,0,0,0
122555,1,1,0,0,0,0,0,0,0,0,0,0
122556,1,1,0,0,0,0,0,0,0,0,0,0
122556,2,1,0,0,15,0,20,0,0,31,0,0
122557,0,1,0,0,0,0,0,0,0,0,0,0
122557,1,1,0,0,0,0,0,0,0,0,0,0
122558,1,1,0,0,0,0,0,0,0,0,0,0
122558,2,1,0,0,0,0,0,0,0,0,0,0
122559,1,1,17,17,17,17,17,17,17,17,17,17
122560,1,1,0,0,0,0,0,0,0,0,0,0
122560,2,1,12,0,0,0,0,0,0,0,0,0
122561,0,1,0,0,0,0,0,0,0,0,0,0
122561,1,1,0,0,0,0,0,0,0,0,0,0
122563,0,1,10,10,10,10,10,10,10,10,10,10
122563,2,1,0,0,0,0,0,0,0,0,0,0
122564,1,1,0,0,0,0,18,0,0,0,0,0
122565,1,1,19,0,0,0,0,0,0,0,0,0
122565,2,1,0,0,0,0,0,0,0,0,0,0
122565,3,1,0,0,0,0,0,0,0,0,0,0
122566,1,1,0,0,0,0,0,0,0,0,0,0
122566,2,1,0,0,0,0,0,0,0,0,0,0
122567,1,1,6,6,6,6,6,6,6,6,6,6
122567,2,1,0,0,0,0,0,0,0,0,0,0
122568,0,1,32,32,32,32,32,32,32,32,32,32
122568,1,1,0,0,0,0,0,0,0,0,15,0
122569,1,1,0,0,0,0,0,0,0,0,0,0
122569,2,1,0,0,0,0,0,0,0,0,0,0
122570,1,1,0,0,0,0,0,0,0,0,0,0
122571,0,1,0,0,0,0,0,0,0,0,0,0
122571,1,1,0,0,0,0,0,0,0,0,0,0
122572,1,1,27,12,0,0,0,0,0,0,0,0
122573,1,1,20,9,18,14,0,13,34,6,29,0
122574,0,1,0,0,0,0,0,0,0,0,0,0
122574,1,1,0,0,0,0,0,0,0,0,0,0
122576,0,1,0,0,0,0,0,0,0,0,0,0
122576,1,1,0,0,0,0,0,0,0,0,0,0
122577,1,1,4,21,0,15,2,6,8,37,17,0
122578,0,1,0,0,0,0,0,0,0,0,0,0
122578,1,1,0,0,0,0,0,0,0,0,0,0
122579,0,1,0,37,0,0,0,0,0,0,0,0
122579,1,1,0,0,0,0,0,21,0,0,0,0
122580,0,1,0,54,0,0,0,0,0,0,0,29
122580,1,1,0,0,0,0,0,0,0,0,0,0
122581,1,1,0,0,0,0,0,0,0,0,0,0
122582,1,1,0,0,0,0,0,0,0,0,0,0
122583,1,1,17,17,17,17,17,17,17,17,17,17
122584,1,1,16,16,16,16,16,16,16,16,16,16
122584,2,1,0,0,0,0,0,0,0,0,0,0
122585,1,1,0,0,0,0,0,0,0,0,0,0
122585,2,1,24,0,0,6,0,0,0,0,24,5
122586,1,1,0,0,0,0,0,0,24,9,0,0
122586,2,1,0,0,0,0,0,0,0,0,0,0
122587,0,1,15,0,8,0,0,0,0,0,0,25
122587,1,1,0,0,0,0,0,0,0,0,0,0
122588,1,1,0,16,0,0,14,9,0,2,0,0
122589,1,1,20,0,0,0,0,0,0,0,0,28
122589,2,1,0,0,0,0,0,0,0,11,0,0
122590,1,1,14,14,14,14,14,14,14,14,14,14
122591,1,1,0,0,0,0,0,0,0,0,0,0
122591,2,1,0,0,0,0,0,0,0,0,0,0
122591,3,1,0,0,0,0,0,0,0,0,0,0
122592,1,1,0,0,0,0,0,0,0,0,0,0
122592,2,1,0,0,0,0,0,0,0,0,36,0
122593,1,1,0,17,25,0,0,0,0,14,0,14
122594,1,1,0,0,31,0,0,0,0,0,15,0
122594,2,1,0,0,0,0,0,0,0,0,0,0
122595,0,1,0,0,0,0,0,0,0,0,0,0
122595,1,1,0,0,0,0,0,0,0,0,0,0
122596,1,1,0,0,0,0,0,0,0,0,0,0
122596,2,1,0,0,0,0,0,0,0,0,0,0
122597,1,1,38,0,0,5,0,0,0,0,0,17
122597,2,1,0,0,0,0,0,0,0,0,0,0
122597,3,1,0,0,0,0,0,0,0,0,0,0
122598,0,1,0,0,13,21,23,21,15,0,25,0
122598,1,1,0,0,17,0,0,0,0,0,34,0
122599,1,1,0,0,0,0,0,18,0,0,0,0
122599,2,1,0,0,0,0,0,0,0,0,0,0
122600,1,1,0,0,0,0,0,0,0,0,0,34
122601,1,1,0,0,0,0,0,0,0,0,0,0
122601,2,1,0,0,0,0,0,0,0,0,0,0
122602,1,1,19,12,25,0,0,20,0,0,0,0
122603,0,1,0,0,0,0,0,0,0,0,0,23
122603,1,1,0,0,0,0,0,0,0,0,0,0
122604,1,1,0,0,0,0,0,13,0,0,0,0
122605,0,1,5,5,5,5,5,5,5,5,5,5
122605,1,1,0,0,0,0,0,0,0,0,22,0
122606,1,1,0,0,0,0,0,0,0,0,0,0
122606,2,1,0,0,0,0,0,0,0,0,0,0
122607,1,1,7,7,7,7,7,7,7,7,7,7
122608,0,1,16,3,0,0,0,12,0,0,0,0
122608,1,1,0,0,0,0,0,0,11,0,31,0
122609,1,1,0,0,0,0,0,0,0,0,0,0
122609,2,1,0,0,0,0,4,0,0,0,0,0
122610,0,1,0,0,0,0,0,0,54,0,0,0
122610,0,2,0,0,0,0,0,0,0,34,0,21
122610,1,1,12,12,12,12,12,12,12,12,12,12
122611,0,1,35,0,0,0,0,0,21,0,0,0
122611,1,1,0,0,0,0,0,0,0,0,0,0
122612,1,1,0,0,0,0,19,0,0,0,0,0
122612,2,1,0,0,0,0,0,0,0,0,0,0
122614,1,1,0,0,0,0,0,0,0,0,0,0
122615,1,1,0,0,0,0,0,0,0,0,0,0
122615,2,1,0,0,0,0,0,0,0,0,0,0
122616,1,1,8,8,8,8,8,8,8,8,8,8
122616,2,1,0,0,0,0,0,0,0,12,0,0
122617,1,1,0,0,0,0,0,0,0,0,0,0
122618,1,1,0,0,0,0,0,0,0,0,0,0
122618,2,1,0,0,0,0,0,0,0,0,0,0
122619,1,1,0,0,0,0,0,0,0,0,0,0
122620,1,1,0,0,0,0,0,0,0,0,0,0
122620,2,1,0,0,0,0,0,0,0,0,0,0
122621,1,1,0,0,0,0,13,0,0,29,0,0
122622,1,1,0,0,0,0,0,0,0,0,0,0
122622,2,1,0,0,0,0,0,0,0,0,0,0
122622,3,1,0,0,14,0,0,0,0,0,0,0
122622,4,1,0,0,0,0,0,22,0,0,0,0
122623,0,1,0,0,0,0,9,15,0,0,0,0
122623,1,1,8,0,0,0,0,2,0,0,0,0
122624,1,1,19,0,0,0,0,0,0,0,0,0
122624,2,1,40,0,0,0,0,0,0,0,0,0
122626,1,1,0,0,0,0,0,0,0,0,0,0
122626,2,1,0,0,0,0,0,0,0,0,0,0
122627,1,1,0,0,0,0,0,0,0,0,0,0
122627,2,1,0,0,0,0,0,0,0,0,0,0
122627,3,1,0,0,0,0,0,0,0,0,0,0
122628,1,1,0,0,0,0,0,0,0,0,0,0
122629,1,1,0,26,0,0,0,0,0,0,0,0
122629,2,1,0,0,0,0,0,0,0,0,0,0
122630,0,1,31,31,31,31,31,31,31,31,31,31
122630,1,1,0,0,0,0,0,0,0,0,0,17
122630,2,1,0,0,0,0,0,13,0,0,0,0
122631,1,1,0,0,0,0,0,0,0,0,0,0
122631,2,1,0,0,0,0,0,0,0,0,0,0
122633,1,1,0,0,0,0,24,0,0,0,0,0
122633,2,1,0,0,14,24,9,0,0,8,0,0
122634,1,1,0,0,0,0,0,0,0,0,0,0
122634,2,1,21,0,7,0,0,0,0,10,0,11
122635,1,1,16,29,16,35,15,0,20,30,12,0
122637,0,1,0,0,0,0,0,0,0,0,0,0
122637,1,1,0,0,0,0,0,0,0,0,0,0
122638,0,1,30,30,30,30,30,30,30,30,30,30
122638,1,1,0,0,0,21,0,0,0,0,0,0
122639,1,1,0,17,0,21,0,0,0,0,0,0
122639,2,1,7,12,0,0,0,0,0,0,0,4
122640,1,1,0,0,0,9,0,0,0,31,0,0
122640,2,1,0,0,0,0,0,11,0,0,0,0
122641,1,1,0,23,0,0,0,0,0,0,0,0
122642,1,1,0,0,0,0,0,0,0,0,0,0
122642,2,1,0,0,0,0,0,0,0,0,0,0
122642,3,1,0,0,0,0,0,0,0,0,0,0
122642,4,1,0,0,0,0,0,0,0,0,0,0
122642,5,1,0,0,0,0,0,0,0,0,0,0
122643,1,1,0,0,0,0,0,0,0,0,0,0
122644,1,1,22,22,22,22,22,22,22,22,22,22
122644,2,1,12,0,15,20,0,0,0,0,0,0
122645,1,1,15,0,0,9,0,0,0,0,0,0
122645,2,1,0,0,0,0,0,0,0,0,0,0
122646,0,1,0,0,0,0,0,0,10,0,0,0
122646,1,1,0,0,0,0,0,13,0,0,0,0
122647,0,1,0,41,0,0,0,0,0,0,0,0
122647,1,1,15,0,9,0,16,16,0,0,0,0
122648,0,1,0,0,0,0,0,0,37,0,0,0
122648,1,1,11,0,35,0,0,0,0,0,0,0
122649,1,1,0,8,0,0,0,0,0,5,0,0
122650,1,1,0,0,0,0,0,0,0,0,0,0
122650,2,1,0,0,0,0,0,0,0,0,0,0
122651,1,1,0,0,30,0,0,0,13,0,21,0
122653,0,1,0,0,0,0,0,0,0,0,0,0
122653,1,1,0,0,0,0,0,0,0,0,0,0
122654,0,1,25,25,25,25,25,25,25,25,25,25
122654,1,1,0,0,27,0,5,0,0,0,0,0
122655,0,1,0,0,0,0,0,0,0,0,0,0
122655,1,1,0,0,0,0,0,0,0,0,0,0
122656,1,1,0,17,0,14,0,13,0,0,24,0
122657,1,1,0,0,0,0,0,0,0,0,0,0
122658,1,1,0,0,0,0,0,0,0,0,0,0
122658,2,1,0,0,0,0,0,0,0,0,0,0
122659,1,1,6,6,6,6,6,6,6,6,6,6
122660,1,1,0,0,0,0,0,0,0,0,0,0
122660,2,1,0,0,0,0,0,0,0,0,0,0
122661,1,1,16,16,16,16,16,16,16,16,16,16
122661,2,1,0,0,0,0,17,0,0,0,0,0
122663,0,1,16,0,0,0,0,0,0,0,0,0
122663,1,1,8,13,0,8,0,0,0,0,0,0
122664,1,1,0,0,0,0,0,0,0,0,0,0
122664,2,1,0,0,0,13,0,0,0,0,0,0
122664,3,1,0,0,0,0,0,0,0,0,0,0
122665,1,1,0,0,0,0,0,0,0,0,0,0
122666,0,1,0,0,0,0,0,0,0,0,0,0
122666,1,1,0,0,0,0,0,0,0,0,0,29
122667,1,1,0,0,0,0,0,0,0,0,0,0
122667,2,1,0,0,0,0,0,0,0,0,0,0
122668,0,1,17,17,17,17,17,17,17,17,17,17
122668,1,1,0,0,0,0,0,0,0,0,0,5
122669,0,1,5,5,5,5,5,5,5,5,5,5
122669,1,1,0,0,0,0,0,0,0,0,0,0
122670,1,1,16,16,16,16,16,16,16,16,16,16
122670,2,1,0,0,0,0,0,0,0,0,0,0
122671,1,1,24,24,24,24,24,24,24,24,24,24
122672,1,1,24,24,24,24,24,24,24,24,24,24
122672,2,1,0,12,12,0,0,0,0,0,0,0
122673,1,1,0,0,0,0,0,0,0,0,0,0
122673,2,1,0,0,0,0,0,0,0,0,0,0
122674,0,1,0,0,0,0,0,0,0,0,0,0
122674,1,1,0,0,0,0,0,0,0,0,0,0
122675,1,1,25,0,0,0,0,0,0,0,0,0
122675,2,1,0,0,0,0,0,0,0,0,0,0
122676,1,1,0,0,0,0,0,0,0,0,0,0
122676,2,1,16,0,0,0,0,0,0,0,0,0
122677,1,1,19,20,21,8,15,18,18,24,15,10
122678,1,1,0,0,0,0,0,0,0,0,0,0
122678,2,1,0,0,0,0,0,0,0,0,0,0
122679,1,1,0,0,0,0,0,0,0,0,0,0
122680,1,1,0,0,0,27,0,0,0,0,0,0
122680,2,1,0,0,0,0,0,0,0,0,0,0
122681,0,1,0,0,0,0,0,0,0,0,0,45
122681,1,1,0,0,0,0,0,0,0,0,0,0
122682,1,1,0,0,0,0,0,0,0,0,0,0
122683,0,1,0,0,0,34,0,0,0,25,0,19
122683,1,1,0,0,0,0,0,0,0,0,0,0
122684,1,1,0,0,0,0,0,0,0,0,0,0
122685,1,1,16,16,16,16,16,16,16,16,16,16
122686,1,1,33,33,33,33,33,33,33,33,33,33
122686,2,1,0,10,0,0,0,0,0,0,5,0
122687,0,1,0,0,0,0,0,0,0,0,0,0
122687,1,1,0,0,0,0,0,0,0,0,0,0
122688,0,1,0,0,0,0,0,0,0,0,0,0
122688,0,2,17,0,17,15,0,19,13,0,0,0
122688,1,1,0,0,0,0,0,25,0,0,0,10
122689,0,1,0,0,0,0,0,0,0,0,37,0
122689,0,2,33,0,0,14,0,0,0,0,0,0
122689,1,1,0,8,0,15,26,0,11,25,38,31
122689,2,1,14,13,14,11,14,17,20,23,12,8
122690,1,1,0,0,0,0,0,0,0,0,0,0
122691,1,1,0,0,8,0,0,0,0,22,0,0
122691,2,1,0,0,17,0,39,0,9,0,0,0
122692,0,1,27,27,27,27,27,27,27,27,27,27
122692,0,2,0,0,0,0,0,0,0,0,0,0
122692,1,1,0,0,20,0,0,0,0,0,0,0
122693,0,1,3,3,3,3,3,3,3,3,3,3
122693,1,1,0,0,0,0,0,0,0,0,0,0
122694,0,1,0,0,0,0,0,0,0,19,0,0
122694,1,1,0,0,10,0,0,0,0,0,0,10
122695,1,1,0,0,0,0,0,0,0,0,0,0
122696,1,1,0,0,0,0,0,0,0,0,6,0
122697,1,1,0,0,0,0,0,0,0,0,0,0
122697,2,1,0,0,0,0,0,0,0,0,0,0
122698,0,1,0,12,36,34,0,22,0,0,0,0
122698,1,1,0,0,0,0,0,0,0,0,0,0
122699,1,1,0,0,0,0,0,0,0,0,0,0
122700,1,1,0,0,0,0,0,0,0,0,0,0
122700,2,1,0,0,14,0,0,0,0,0,0,0
122701,1,1,0,0,0,0,0,0,0,0,0,0
122701,2,1,0,0,0,0,0,0,0,0,0,0
122702,0,1,0,0,0,0,0,0,0,0,0,0
122702,1,1,0,14,12,0,0,0,13,0,0,4
122703,1,1,0,0,0,0,0,0,0,0,0,0
122703,2,1,0,0,0,0,0,0,0,0,0,0
122704,0,1,0,0,0,0,0,0,0,0,0,0
122704,0,2,0,0,25,0,0,0,0,0,14,12
122704,0,3,0,0,0,0,0,0,0,0,0,0
122704,1,1,15,13,18,15,14,10,16,14,16,16
122705,0,1,0,30,0,0,0,0,0,40,0,0
122705,0,2,0,22,0,0,0,0,0,0,0,0
122705,1,1,0,0,0,0,0,0,11,0,0,6
122706,1,1,0,0,0,0,0,0,0,0,0,0
122707,1,1,18,0,0,0,0,0,0,0,0,0
122707,2,1,0,0,0,0,0,0,0,0,0,0
122708,1,1,0,0,0,10,0,34,0,0,0,0
122709,1,1,0,0,0,0,0,0,0,0,0,0
122709,2,1,0,0,0,0,0,0,0,0,0,0
122710,0,1,0,0,0,0,0,0,0,0,0,0
122710,1,1,0,0,16,0,0,0,0,0,0,0
122712,1,1,19,19,19,19,19,19,19,19,19,19
122712,2,1,0,0,0,0,0,0,0,0,0,0
122713,1,1,0,0,0,10,0,0,0,0,0,0
122713,2,1,0,0,0,0,0,0,0,0,0,8
122713,3,1,0,0,0,0,0,0,0,0,0,0
122714,0,1,18,0,0,12,6,0,0,19,0,0
122714,1,1,0,0,0,0,0,0,0,0,0,0
122715,1,1,0,0,0,0,0,0,0,0,0,0
122715,2,1,0,0,0,0,0,0,0,0,0,0
122715,3,1,0,0,0,16,0,0,0,0,0,0
122716,0,1,0,0,8,0,0,19,0,0,0,0
122716,1,1,0,0,0,0,0,0,0,0,0,0
122717,0,1,3,3,3,3,3,3,3,3,3,3
122717,0,2,6,6,6,6,6,6,6,6,6,6
122717,1,1,0,0,0,25,0,0,0,0,0,23
122718,0,1,23,0,0,0,0,0,12,19,0,0
122718,1,1,0,0,0,0,0,0,0,22,8,0
122719,1,1,0,0,11,0,22,13,0,0,0,0
122720,1,1,5,0,13,8,8,0,0,0,5,0
122721,1,1,0,0,0,0,0,0,0,0,0,0
122721,2,1,0,0,0,0,0,0,0,0,0,0
122722,0,1,24,26,36,13,37,2,29,0,11,20
122722,1,1,0,0,0,0,0,0,0,0,0,0
122723,1,1,0,0,0,0,0,0,0,0,0,0
122724,1,1,16,0,0,0,0,6,0,0,0,0
122724,2,1,0,0,0,0,0,0,0,0,0,0
122725,1,1,0,0,0,0,0,0,0,0,0,0
122725,2,1,0,0,0,0,0,0,0,0,0,0
122726,1,1,17,17,17,17,17,17,17,17,17,17
122727,0,1,0,0,0,0,0,0,0,0,0,0
122727,1,1,0,0,0,0,0,0,0,0,0,0
122728,1,1,18,18,18,18,18,18,18,18,18,18
122729,1,1,21,21,21,21,21,21,21,21,21,21
122730,0,1,0,0,0,0,9,0,0,0,0,0
122730,1,1,0,0,0,0,0,0,0,0,14,0
122731,1,1,0,0,0,0,0,0,12,10,0,9
122731,2,1,0,0,0,0,0,0,0,0,0,0
122732,0,1,0,0,18,0,0,0,0,0,25,32
122732,1,1,0,0,0,0,0,0,0,0,0,0
122733,0,1,0,7,0,15,0,0,0,13,27,0
122733,1,1,0,27,0,0,10,0,23,0,0,0
122734,0,1,0,0,12,0,0,0,0,0,0,0
122734,1,1,0,0,0,0,0,0,0,0,0,0
122735,1,1,0,20,11,4,7,35,18,23,18,12
122736,0,1,0,22,0,0,24,29,0,0,8,0
122736,1,1,14,10,0,0,0,0,32,0,0,0
122737,1,1,0,0,0,30,0,0,0,0,0,0
122738,0,1,14,0,14,25,27,0,14,27,29,0
122738,1,1,4,0,0,3,0,0,0,0,0,0
122739,1,1,0,0,0,0,16,5,12,0,0,16
122740,1,1,0,0,0,0,0,0,22,0,0,0
122740,2,1,0,0,0,0,0,19,0,0,0,0
122741,0,1,20,20,20,20,20,20,20,20,20,20
122741,1,1,19,0,0,0,0,0,0,0,0,0
122743,0,1,12,0,27,0,22,3,0,4,0,7
122743,1,1,13,13,13,13,13,13,13,13,13,13
122744,1,1,0,0,0,0,0,0,0,0,0,0
122744,2,1,0,0,0,0,0,0,0,0,0,0
122745,1,1,0,0,28,7,0,0,0,0,33,0
122745,2,1,0,0,0,18,16,0,31,0,0,15
122746,1,1,0,0,0,0,0,0,0,0,0,0
122746,2,1,0,0,0,0,0,0,0,0,0,0
122747,1,1,15,15,15,15,15,15,15,15,15,15
122749,0,1,0,0,0,0,0,0,0,0,0,0
122749,1,1,0,0,0,0,0,0,0,0,0,0
122750,1,1,18,18,27,18,28,13,15,23,22,11
122751,1,1,0,0,0,0,0,15,0,0,0,0
122751,2,1,0,0,0,0,0,0,0,0,0,0
122752,0,1,0,0,0,0,0,0,0,0,0,0
122752,1,1,0,0,0,7,0,0,0,0,0,0
122753,1,1,0,0,0,0,0,0,0,0,0,0
122754,1,1,0,0,0,0,0,0,0,0,0,0
122755,1,1,0,0,0,0,0,15,8,0,0,0
122755,2,1,0,14,0,0,0,0,0,5,0,0
122757,0,1,27,0,31,8,12,5,0,0,0,0
122757,1,1,0,0,0,0,0,0,0,0,0,0
122758,1,1,0,0,0,22,0,0,14,0,0,0
122758,2,1,0,0,0,0,0,0,20,21,0,0
122759,1,1,0,0,0,0,0,0,0,0,0,0
122759,2,1,0,0,0,0,0,0,0,0,0,0
122760,1,1,32,16,0,0,0,23,0,0,0,0
122761,0,1,0,0,0,0,0,0,0,0,0,0
122761,1,1,0,0,0,0,0,0,0,0,22,0
122762,0,1,15,15,15,15,15,15,15,15,15,15
122762,1,1,0,0,0,0,0,0,0,0,0,0
122763,1,1,0,0,0,0,0,0,0,0,0,0
122764,1,1,9,0,0,0,0,0,0,7,0,0
122764,2,1,0,0,0,0,0,0,0,0,0,0
122765,1,1,0,16,15,10,12,7,13,29,14,29
122766,1,1,0,0,0,0,0,0,0,0,0,0
122766,2,1,0,0,0,0,0,0,0,0,0,0
122767,0,1,0,0,0,0,0,0,0,15,0,0
122767,1,1,0,0,0,0,0,0,0,0,0,0
122768,1,1,0,10,14,0,12,17,0,15,0,0
122769,1,1,0,0,0,0,22,0,0,0,0,29
122769,2,1,0,0,0,0,0,0,0,0,0,0
122769,3,1,0,0,0,0,0,0,0,0,0,0
122769,4,1,0,0,0,0,0,0,0,0,0,0
122770,1,1,0,0,0,0,0,11,11,9,0,19
122771,0,1,0,0,0,0,0,0,0,0,0,0
122771,1,1,0,0,0,0,0,0,0,0,0,0
122772,1,1,0,0,0,0,0,0,0,0,0,0
122773,1,1,18,18,18,18,18,18,18,18,18,18
122774,1,1,11,11,11,11,11,11,11,11,11,11
122775,1,1,0,0,21,0,0,0,0,0,14,0
122776,1,1,0,0,28,0,30,0,0,0,0,0
122777,1,1,0,0,0,0,0,0,0,0,0,0
122777,2,1,0,0,0,0,0,0,0,0,0,0
122778,0,1,0,0,0,0,0,0,0,0,12,0
122778,1,1,0,0,0,0,0,0,0,0,0,13
122779,1,1,0,0,0,0,0,0,0,0,0,0
122779,2,1,0,0,0,0,0,18,0,26,0,0
122780,1,1,0,0,0,0,0,0,0,0,0,0
122780,2,1,0,0,0,0,0,0,0,0,0,0
122782,1,1,19,19,19,19,19,19,19,19,19,19
122782,2,1,0,18,0,0,0,0,0,0,0,0
122783,1,1,8,5,10,28,2,19,24,4,0,14
122784,1,1,0,0,0,0,0,0,10,0,0,14
122785,0,1,22,22,22,22,22,22,22,22,22,22
122785,1,1,0,0,0,0,0,0,0,3,0,0
122786,1,1,0,21,0,0,0,6,0,0,0,12
122786,2,1,0,0,0,15,0,14,0,0,0,0
122787,1,1,0,0,0,0,0,0,0,0,0,0
122787,2,1,0,0,0,0,0,0,0,0,0,0
122788,1,1,15,0,11,10,16,14,13,23,16,0
122788,2,1,5,0,0,0,0,0,0,0,0,0
122789,0,1,0,11,7,0,0,6,0,19,0,0
122789,1,1,0,0,0,0,0,0,0,0,0,0
122791,0,1,0,16,27,0,0,22,14,17,23,12
122791,1,1,0,0,0,0,0,0,0,0,0,0
122792,1,1,0,18,0,0,0,0,0,0,0,0
122792,2,1,0,0,0,0,0,0,0,0,0,0
122793,1,1,0,0,0,0,0,0,0,0,0,0
122794,1,1,0,0,0,0,0,0,0,0,0,0
122794,2,1,0,0,0,0,0,0,0,0,0,0
122795,0,1,0,0,0,0,0,0,0,0,0,0
122795,1,1,0,0,0,0,0,0,0,0,0,0
122796,1,1,28,28,28,28,28,28,28,28,28,28
122796,2,1,0,0,0,0,0,0,0,0,0,0
122797,1,1,0,0,0,0,0,0,0,0,0,0
122798,0,1,0,0,0,0,0,0,0,0,0,0
122798,1,1,0,0,0,0,0,0,0,0,0,0
122799,0,1,22,29,0,15,0,0,0,0,0,0