ST_CASE,VEH_NO,PER_NO,P1,P2,P3,P4,P5,P6,P7,P8,P9,P10
123373,1,1,0,0,0,0,0,0,0,0,0,0
123374,0,1,0,0,0,0,0,0,0,0,0,0
123374,1,1,0,0,0,0,0,0,0,0,19,0
123376,0,1,0,11,54,0,39,0,0,0,17,0
123376,1,1,18,0,0,0,0,0,11,23,16,0
123377,1,1,17,17,17,17,17,17,17,17,17,17
123378,1,1,0,0,0,0,0,0,0,0,0,9
123378,2,1,0,0,0,0,0,0,0,0,0,0
123379,1,1,5,0,12,35,0,0,0,10,0,14
123380,1,1,26,26,26,26,26,26,26,26,26,26
123380,2,1,0,0,0,0,0,0,0,0,0,0
123381,1,1,0,0,0,6,0,0,0,0,0,0
123382,1,1,8,0,0,16,20,0,16,18,0,0
123383,1,1,0,0,0,0,0,0,0,0,0,0
123383,2,1,0,23,0,0,0,0,0,15,27,0
123385,1,1,26,0,0,0,0,0,0,0,0,14
123385,2,1,16,0,0,0,0,0,0,0,0,0
123385,3,1,0,0,0,0,0,0,10,0,0,0
123386,0,1,0,0,0,0,0,0,0,0,0,0
123386,1,1,0,0,0,0,0,0,0,0,0,0
123387,1,1,0,0,5,5,0,0,0,0,16,0
123387,2,1,0,0,5,0,7,0,21,9,0,2
123387,3,1,0,0,0,0,0,0,0,0,0,0
123389,1,1,0,0,0,32,0,0,0,10,22,0
123391,1,1,0,27,0,16,0,16,4,9,0,0
123392,1,1,0,0,0,0,0,0,0,0,0,0
123392,2,1,17,17,17,17,17,17,17,17,17,17
123393,1,1,7,0,8,0,0,19,0,0,31,0
123394,0,1,0,0,0,10,0,0,0,0,0,0
123394,1,1,0,0,0,0,0,0,0,0,0,0
123395,1,1,0,0,0,0,5,14,21,0,31,3
123396,1,1,0,0,0,0,0,0,0,0,0,0
123397,0,1,0,0,13,20,0,0,0,19,0,10
123397,1,1,0,0,0,0,0,0,0,0,0,0
123398,1,1,0,0,0,0,24,0,11,0,0,0
123399,1,1,17,17,17,17,17,17,17,17,17,17
123400,0,1,0,0,24,0,0,0,19,0,0,0
123400,1,1,0,0,8,0,0,0,12,0,0,0
123400,2,1,0,0,0,0,0,0,0,0,0,0
123400,3,1,0,0,0,0,0,0,0,0,9,0
123401,1,1,0,0,0,0,0,0,0,0,0,0
123401,2,1,0,0,0,0,0,0,0,0,0,0
123402,1,1,0,0,0,0,13,0,0,0,0,0
123402,2,1,0,0,0,0,0,0,0,0,0,0
123403,0,1,0,0,0,0,34,0,0,0,0,0
123403,1,1,0,0,0,0,0,0,0,0,0,0
123403,2,1,0,0,0,0,0,0,0,0,0,0
123404,0,1,0,0,0,0,15,0,0,35,0,21
123404,1,1,0,0,12,0,0,0,0,0,0,0
123405,1,1,0,0,0,0,0,23,0,0,0,7
123405,2,1,0,0,0,0,0,0,0,0,0,0
123406,0,1,0,0,0,0,0,0,0,0,40,0
123406,1,1,0,0,0,13,0,0,0,0,0,0
123407,0,1,0,0,0,0,0,0,12,0,0,0
123407,1,1,0,0,0,0,0,0,0,0,0,0
123408,1,1,0,0,0,0,0,0,0,0,18,0
123410,1,1,0,0,0,0,0,0,0,0,0,0
123410,2,1,0,0,34,0,0,0,0,0,0,0
123410,3,1,0,0,0,0,0,0,0,0,0,0
123411,1,1,0,0,0,0,0,0,0,0,0,0
123412,1,1,0,0,0,0,0,0,0,0,0,18
123413,1,1,0,0,0,0,0,0,0,0,0,0
123413,2,1,0,0,0,0,0,0,0,0,0,0
123414,1,1,0,0,0,0,0,0,0,0,0,0
123414,2,1,0,0,0,0,0,0,0,0,0,0
123415,1,1,0,0,0,0,0,0,0,0,0,0
123416,1,1,5,18,9,0,18,0,12,24,9,0
123417,1,1,12,0,0,9,0,0,27,34,15,0
123417,2,1,0,0,0,0,0,0,2,12,0,12
123418,1,1,0,0,0,0,0,0,0,0,0,0
123418,2,1,0,0,0,0,0,0,0,0,0,0
123418,3,1,0,0,0,0,0,0,0,0,0,15
123418,4,1,0,0,0,0,0,0,0,0,0,0
123418,5,1,0,0,0,0,0,0,0,0,0,0
123418,6,1,0,0,0,0,0,0,0,0,0,0
123418,7,1,0,0,8,0,0,0,0,0,0,0
123419,0,1,0,0,0,0,0,18,0,0,0,0
123419,1,1,0,0,0,0,0,0,0,0,0,0
123420,1,1,13,0,0,0,0,0,0,0,0,0
123420,2,1,0,0,0,0,0,0,0,0,0,0
123421,0,1,0,0,0,0,0,0,0,0,46,0
123421,1,1,0,0,0,0,0,0,0,0,0,0
123422,1,1,0,0,0,0,0,0,0,0,0,0
123423,1,1,0,0,0,3,27,11,24,0,0,0
123424,1,1,0,0,0,0,0,0,0,0,0,0
123424,2,1,0,0,0,0,0,0,0,0,0,0
123425,1,1,0,0,0,0,0,0,0,0,0,0
123425,2,1,0,0,0,0,0,0,0,0,0,0
123426,1,1,15,17,11,6,8,25,11,0,0,7
123426,2,1,0,0,0,0,0,0,0,0,0,0
123426,3,1,0,0,16,0,0,0,0,0,0,0
123426,4,1,0,0,0,0,0,0,0,0,0,0
123426,5,1,0,0,0,0,0,0,0,0,0,0
123427,0,1,0,0,0,24,10,22,0,16,0,0
123427,1,1,0,0,0,0,0,0,0,0,0,0
123428,0,1,0,0,0,0,0,0,0,0,0,0
123428,1,1,0,0,0,0,0,0,0,0,0,0
123429,0,1,24,0,0,0,0,0,0,0,0,0
123429,1,1,0,0,0,0,3,0,0,26,0,0
123430,1,1,0,0,0,0,15,0,0,25,0,0
123431,0,1,0,0,0,0,0,0,0,0,0,0
123431,1,1,0,0,0,0,0,0,0,0,0,0
123432,1,1,0,0,0,0,0,0,0,0,0,0
123432,2,1,0,0,0,0,0,0,0,0,0,0
123434,0,1,22,19,8,19,18,9,0,28,18,5
123434,1,1,13,8,12,13,6,53,8,16,13,0
123435,1,1,0,0,0,0,0,0,0,0,0,0
123435,2,1,0,0,0,0,0,0,0,0,0,0
123436,1,1,0,0,18,10,0,19,23,2,9,21
123437,0,1,0,0,0,0,0,0,0,0,0,0
123437,1,1,0,0,0,0,0,0,0,0,0,0
123438,1,1,0,0,0,0,0,0,0,0,0,0
123438,2,1,33,0,0,0,0,0,0,0,0,0
123439,1,1,27,0,0,0,0,0,0,0,0,0
123439,2,1,0,0,0,0,0,0,0,0,0,0
123439,3,1,0,0,0,0,0,0,0,8,0,0
123440,0,1,0,0,0,11,0,35,0,14,0,0
123440,1,1,0,0,0,0,0,0,0,0,0,0
123441,1,1,0,0,0,0,0,0,0,0,0,0
123441,2,1,0,0,0,0,0,0,0,0,0,0
123441,3,1,0,0,0,0,0,0,0,0,0,0
123442,1,1,0,11,0,0,22,28,0,0,0,0
123442,2,1,0,0,0,0,0,0,0,0,0,0
123443,0,1,0,0,0,0,0,0,0,0,0,0
123443,1,1,0,0,0,0,0,0,0,0,9,0
123446,0,1,0,0,26,0,0,11,0,0,0,25
123446,1,1,0,0,0,22,0,10,12,20,0,0
123447,0,1,0,0,0,0,28,0,0,0,0,12
123447,1,1,0,0,0,0,0,0,0,0,0,0
123448,1,1,0,0,0,0,0,0,0,0,0,0
123448,2,1,0,0,0,0,0,0,0,0,0,0
123449,1,1,0,0,0,0,0,0,0,0,0,0
123449,2,1,5,20,0,0,0,0,0,0,0,0
123450,1,1,0,0,0,11,0,9,0,0,0,0
123450,2,1,7,0,11,16,0,20,0,0,11,0
123450,3,1,20,14,0,0,0,0,0,0,0,0
123451,1,1,23,16,5,12,11,5,23,0,0,10
123451,2,1,0,12,10,12,0,0,0,0,0,17
123452,1,1,0,0,37,0,6,28,0,17,4,9
123452,2,1,0,0,18,0,0,0,0,0,0,0
123453,0,1,0,0,0,0,14,0,0,0,0,0
123453,1,1,0,0,0,0,0,0,0,0,0,0
123454,0,1,0,0,0,0,0,0,0,0,0,0
123454,1,1,0,15,6,0,0,0,0,0,0,15
123455,1,1,0,0,0,0,0,0,0,0,0,0
123455,2,1,0,0,0,0,0,0,27,0,0,13
123455,3,1,0,0,0,0,0,0,0,0,0,0
123456,1,1,0,0,0,0,0,0,0,0,0,0
123456,2,1,0,0,0,0,0,0,0,0,0,0
123456,3,1,0,0,0,0,0,0,0,0,0,0
123457,1,1,26,20,0,0,10,5,22,10,23,23
123457,2,1,0,0,0,12,0,0,0,0,0,0
123457,3,1,0,0,0,18,12,0,0,0,0,0
123458,0,1,0,0,0,0,0,0,0,0,0,0
123458,1,1,0,0,0,0,0,0,0,0,0,0
123459,0,1,0,3,0,0,0,5,0,0,19,33
123459,1,1,0,0,0,0,0,0,0,0,0,0
123460,1,1,0,27,3,0,0,36,0,0,0,0
123462,1,1,0,0,0,0,0,0,0,0,0,0
123462,2,1,0,0,0,0,0,0,0,0,0,0
123464,1,1,24,24,24,24,24,24,24,24,24,24
123465,1,1,20,0,0,0,0,0,0,0,0,13
123465,2,1,0,0,0,0,0,0,0,0,0,0
123465,3,1,0,8,0,0,0,0,0,0,8,0
123466,0,1,0,0,0,0,0,0,0,0,0,0
123466,1,1,0,0,0,0,0,0,0,0,0,0
123466,2,1,0,0,0,0,0,0,0,0,0,0
123466,3,1,0,0,0,9,0,0,0,0,0,0
123467,0,1,0,0,0,0,0,0,0,0,0,0
123467,0,2,0,0,0,0,0,0,0,0,0,0
123467,1,1,0,0,18,15,0,0,0,0,0,0
123467,2,1,0,0,0,0,0,0,0,0,0,0
123467,3,1,0,0,0,0,0,0,0,0,0,0
123468,0,1,0,0,0,25,0,12,0,0,0,29
123468,1,1,0,0,0,0,0,0,0,0,0,0
123470,0,1,28,0,0,0,0,21,0,27,0,0
123470,1,1,0,0,0,0,0,0,0,0,0,0
123471,0,1,22,0,0,5,0,0,0,14,21,0
123471,1,1,0,0,0,0,0,0,0,0,0,0
123472,1,1,0,0,0,0,0,0,0,0,0,0
123472,2,1,0,0,0,0,0,0,0,0,0,0
123476,0,1,0,32,0,0,0,0,0,0,0,0
123476,1,1,0,0,0,0,0,0,0,0,0,0
123479,0,1,0,18,0,0,0,26,0,10,0,0
123479,1,1,0,30,9,11,0,17,24,13,6,11
123481,0,1,19,0,23,0,0,0,18,13,24,0
123481,1,1,0,0,0,0,0,9,7,10,7,5
123482,0,1,0,0,0,0,0,0,0,0,0,0
123482,1,1,0,0,0,0,0,0,0,0,0,0
123483,1,1,0,0,0,0,0,0,0,0,18,0
123483,2,1,0,0,0,0,0,0,0,0,0,0
123484,1,1,0,0,0,0,0,0,0,0,0,0
123484,2,1,15,0,0,0,0,0,0,0,0,0
123485,1,1,0,11,0,0,17,0,11,4,0,0
123485,2,1,0,0,0,0,0,0,0,0,0,0
123486,1,1,0,0,0,0,0,0,0,0,0,0
123487,1,1,21,0,0,0,20,15,0,6,0,17
123487,2,1,9,0,0,0,0,2,27,18,15,0
123488,1,1,0,0,0,0,0,0,0,0,0,0
123488,2,1,0,0,0,0,0,0,0,0,0,0
123488,3,1,0,0,0,0,0,0,0,0,0,0
123489,1,1,21,0,0,0,0,0,0,0,0,0
123489,2,1,21,0,0,0,0,0,0,0,0,0
123489,3,1,0,0,12,0,0,0,0,0,0,0
123490,1,1,0,0,0,0,0,0,0,0,0,0
123490,2,1,0,0,0,0,0,0,0,0,0,0
123491,1,1,0,0,0,6,0,0,0,0,0,0
123491,2,1,0,21,0,11,17,0,0,0,23,0
123491,3,1,0,0,0,0,0,13,0,0,0,0
123491,4,1,0,0,0,0,14,0,0,0,0,0
123492,1,1,0,0,0,0,0,0,0,0,0,0
123492,2,1,0,0,0,0,0,0,0,0,0,0
123493,1,1,0,0,0,0,0,0,0,0,0,0
123493,2,1,0,0,0,0,18,0,0,0,0,0
123494,0,1,0,0,39,0,0,0,25,24,0,0
123494,1,1,0,0,0,0,0,0,0,0,0,0
123495,0,1,0,0,0,0,0,0,0,26,0,25
123495,1,1,0,0,0,0,0,0,0,0,0,14
123496,1,1,0,0,0,0,0,0,0,0,0,0
123497,0,1,0,0,0,0,0,0,0,0,0,0
123497,1,1,0,0,19,0,0,0,0,0,0,0
123498,1,1,0,0,0,0,0,0,0,0,0,0
123499,0,1,0,0,0,0,0,0,0,0,0,0
123499,1,1,0,0,0,0,0,0,0,0,0,0
123500,1,1,0,0,0,0,0,0,0,0,0,0
123500,2,1,0,0,0,0,0,0,0,0,0,0
123500,3,1,0,0,0,0,0,0,0,0,0,0
123502,1,1,10,13,21,7,15,15,18,6,10,7
123502,2,1,0,0,0,0,0,0,0,0,0,0
123503,1,1,0,0,0,0,0,0,0,0,0,0
123503,2,1,0,0,0,0,0,0,0,0,0,0
123504,1,1,0,0,0,0,0,0,0,0,0,0
123504,2,1,0,0,0,0,0,0,0,0,0,0
123505,0,1,28,0,35,0,0,0,18,26,0,30
123505,1,1,0,0,0,0,0,18,0,0,5,0
123507,0,1,32,32,32,32,32,32,32,32,32,32
123508,0,1,0,0,0,0,0,0,27,0,0,0
123508,0,2,0,0,22,0,0,11,0,0,0,0
123508,0,3,0,0,0,0,0,0,0,0,0,0
123508,1,1,0,0,0,0,0,0,0,0,0,0
123508,2,1,0,0,0,2,0,0,0,0,0,0
123509,1,1,0,0,0,0,0,0,0,0,0,0
123509,2,1,0,0,28,0,0,0,0,0,0,0
123510,0,1,0,0,7,0,0,0,29,0,0,0
123510,1,1,0,0,0,0,0,0,0,0,0,0
123512,1,1,0,26,0,0,0,31,0,0,10,11
123513,0,1,26,26,26,26,26,26,26,26,26,26
123513,1,1,0,5,0,0,0,0,0,0,0,0
123514,1,1,0,0,0,0,0,0,0,0,0,0
123514,2,1,0,0,0,0,0,0,0,0,0,0
123515,1,1,0,32,17,0,0,12,0,0,0,0
123515,2,1,0,0,0,0,0,0,0,2,0,0
123516,0,1,0,0,0,0,0,0,0,0,0,0
123516,1,1,0,15,0,0,0,0,0,0,0,0
130001,1,1,29,29,29,29,29,29,29,29,29,29
130002,1,1,0,0,0,0,0,0,0,0,0,0
130003,1,1,22,0,25,11,2,17,41,13,34,21
130004,0,1,0,0,0,0,0,0,0,0,0,0
130004,1,1,0,0,0,0,0,0,0,0,0,0
130005,1,1,0,0,0,0,0,0,0,0,0,0
130006,0,1,0,0,0,0,0,0,0,0,0,0
130006,1,1,0,0,0,0,0,0,0,0,0,0
130007,1,1,20,0,6,19,0,0,7,13,0,0
130008,0,1,0,0,0,0,0,0,0,0,34,0
130008,1,1,0,0,9,0,0,0,0,0,0,6
130009,1,1,31,31,31,31,31,31,31,31,31,31
130010,1,1,24,24,24,24,24,24,24,24,24,24
130011,1,1,0,0,0,0,0,0,0,0,0,0
130012,1,1,19,19,19,19,19,19,19,19,19,19
130013,1,1,42,13,0,0,0,0,21,0,0,0
130013,2,1,0,0,0,0,0,0,0,0,0,0
130014,0,1,0,0,0,0,0,0,0,0,0,0
130014,1,1,0,0,0,0,0,0,0,0,0,0
130015,1,1,12,12,12,12,12,12,12,12,12,12
130015,2,1,0,0,13,0,0,0,0,0,0,0
130016,1,1,16,16,16,16,16,16,16,16,16,16
130017,1,1,0,0,0,0,0,0,0,0,0,0
130018,1,1,0,0,0,0,0,0,0,0,28,0
130018,2,1,0,0,0,0,0,0,0,0,0,0
130019,0,1,19,20,9,0,0,0,0,29,21,0
130019,1,1,0,0,0,0,0,0,0,0,16,0
130020,1,1,27,27,27,27,27,27,27,27,27,27
130021,0,1,0,0,0,0,0,0,0,0,0,0
130021,1,1,0,0,0,0,0,0,0,0,0,0
130022,1,1,13,13,13,13,13,13,13,13,13,13
130024,1,1,0,0,0,0,0,0,0,0,0,0
130025,0,1,9,0,0,0,0,0,18,0,0,0
130025,1,1,0,0,0,0,0,0,0,0,0,0
130026,0,1,0,0,9,9,14,6,0,0,18,0
130026,1,1,0,17,0,0,0,0,0,0,16,0
130027,1,2,0,0,0,0,0,0,0,0,0,0
130027,2,1,0,0,0,0,0,0,0,0,0,0
130029,1,1,17,17,17,17,17,17,17,17,17,17
130030,1,1,0,0,0,0,0,0,0,0,0,0
130030,2,1,0,0,0,0,0,0,0,0,0,0
130031,1,1,0,0,0,0,0,0,0,0,0,0
130031,2,1,0,0,0,0,0,0,0,0,0,0
130032,1,1,8,15,12,17,14,0,0,20,0,32
130033,1,1,20,20,20,20,20,20,20,20,20,20
130034,0,1,25,0,0,0,16,0,0,22,18,9
130034,1,1,0,0,0,0,0,0,0,0,0,0
130035,1,1,0,0,17,0,0,0,0,0,0,0
130036,1,1,0,0,8,10,8,11,14,0,0,0
130036,2,1,0,0,0,21,0,0,0,0,0,0
130037,0,1,0,0,0,0,0,0,0,0,0,0
130037,1,1,0,0,0,0,0,17,0,0,0,0
130037,2,1,0,0,0,0,0,0,0,0,0,0
130038,0,1,0,0,0,0,16,0,2,16,0,0
130038,1,1,0,0,0,0,0,18,0,0,0,0
130039,1,1,13,13,13,13,13,13,13,13,13,13
130040,1,1,0,0,0,0,0,0,0,0,0,0
130041,1,1,0,0,0,0,0,0,0,0,0,0
130043,1,1,0,0,15,0,0,0,0,0,0,0
130043,2,1,0,0,0,0,0,0,0,0,0,0
130044,1,1,0,0,0,0,0,0,0,0,0,0
130045,0,1,15,36,0,0,13,0,0,14,0,0
130045,1,1,9,15,8,0,0,4,12,3,0,0
130046,0,1,0,0,0,0,0,0,0,0,0,0
130046,1,1,0,0,0,0,0,0,0,0,0,0
130047,1,1,0,0,0,0,0,9,0,0,0,0
130047,2,1,0,0,0,0,0,0,0,0,0,0
130048,1,1,8,0,0,17,0,0,12,11,0,0
130049,1,1,0,12,7,13,12,0,0,6,16,0
130050,1,1,13,13,13,13,13,13,13,13,13,13
130051,0,1,0,0,0,0,42,0,0,0,0,38
130051,1,1,0,0,0,0,29,0,0,5,0,0
130052,0,1,10,10,10,10,10,10,10,10,10,10
130052,1,1,0,0,0,0,15,5,0,0,0,11
130053,1,1,0,0,0,0,0,0,0,0,0,0
130053,2,1,0,0,0,0,0,0,0,0,0,0
130054,1,1,11,11,11,11,11,11,11,11,11,11
130055,1,1,0,0,0,0,0,0,0,0,0,0
130055,2,1,0,0,0,0,0,0,0,0,0,0
130057,1,1,0,0,0,0,18,0,0,0,0,0
130058,1,1,0,0,0,0,0,0,0,0,0,0
130058,2,1,0,0,0,0,0,0,0,0,0,0
130059,1,1,0,0,0,0,0,0,0,0,0,0
130059,2,1,0,0,0,0,0,0,0,0,0,0
130059,3,1,0,0,0,0,0,0,0,0,0,0
130060,1,1,27,27,27,27,27,27,27,27,27,27
130061,1,1,0,0,0,0,0,0,0,0,0,0
130061,2,1,0,0,0,0,0,0,0,0,0,0
130062,1,1,18,18,18,18,18,18,18,18,18,18
130063,1,1,0,0,25,0,0,0,0,0,0,15
130063,2,1,0,0,0,0,0,0,0,0,0,0
130064,1,1,0,0,0,0,0,0,0,0,0,0
130065,1,1,28,28,28,28,28,28,28,28,28,28
130065,2,1,0,0,0,0,0,0,0,0,0,0
130066,1,1,10,0,0,0,13,0,0,0,7,0
130067,0,1,0,0,0,0,0,0,0,0,0,0
130067,1,1,0,0,0,0,0,0,0,0,0,0
130067,2,1,0,0,15,0,0,0,0,0,0,0
130068,0,1,31,31,31,31,31,31,31,31,31,31
130068,1,1,0,0,0,0,0,0,0,0,0,14
130069,0,1,0,0,12,0,0,0,0,16,0,17
130069,1,1,17,9,14,8,7,0,9,0,0,0
130070,0,1,2,2,2,2,2,2,2,2,2,2
130070,1,1,0,0,0,0,0,0,0,0,0,0
130071,1,1,21,21,21,21,21,21,21,21,21,21
130072,1,1,0,0,0,0,0,0,0,0,0,0
130072,2,1,0,0,0,0,0,0,0,0,0,0
130073,1,1,0,0,0,0,0,0,0,0,0,0
130073,2,1,0,0,0,0,0,0,0,0,0,0
130074,1,1,0,0,0,0,0,0,0,0,0,0
130075,1,1,0,0,0,0,0,0,0,0,0,0
130075,2,1,0,0,0,0,0,0,0,0,0,0
130076,1,1,12,28,8,17,31,21,2,20,22,14
130077,1,1,0,0,0,0,0,0,0,0,0,0
130077,2,1,0,0,0,0,0,0,0,0,0,0
130078,1,1,0,0,0,0,0,0,0,0,0,0
130079,1,1,0,0,0,0,0,0,0,0,0,0
130079,2,1,0,0,0,0,0,0,0,0,0,0
130080,1,1,6,0,28,6,16,11,6,0,0,0
130081,0,1,0,7,0,0,0,0,0,0,22,0
130081,1,1,0,0,0,9,0,13,0,0,0,0
130082,1,1,23,23,23,23,23,23,23,23,23,23
130082,2,1,0,0,0,0,0,0,0,0,0,17
130082,3,1,0,0,0,0,0,28,0,0,0,0
130083,1,1,32,32,32,32,32,32,32,32,32,32
130083,2,1,0,0,0,0,0,0,0,0,0,0
130083,3,1,0,0,0,0,0,0,0,0,0,0
130084,1,1,0,0,0,0,0,0,0,0,0,0
130084,2,1,25,25,25,25,25,25,25,25,25,25
130084,3,1,0,0,0,0,0,0,0,0,0,0
130085,1,1,0,0,0,0,0,15,0,2,0,0
130085,2,1,0,0,0,0,0,0,0,0,0,0
130086,1,1,14,0,0,13,7,0,0,16,13,30
130087,0,1,0,0,4,0,0,0,28,0,0,0
130087,1,1,0,0,0,0,0,0,0,0,0,0
130088,1,1,28,28,28,28,28,28,28,28,28,28
130088,2,1,11,0,0,0,0,0,0,0,0,0
130089,1,1,0,0,24,0,0,0,0,0,0,0
130090,1,1,0,6,0,0,0,23,0,0,0,0
130090,2,1,0,0,0,0,0,8,0,0,0,0
130090,3,1,0,0,0,0,0,0,0,0,0,0
130092,1,1,6,6,6,6,6,6,6,6,6,6
130092,2,1,0,0,0,0,0,0,0,0,0,0
130093,1,1,0,0,0,0,0,0,0,0,0,0
130093,2,1,0,0,0,0,0,0,0,0,0,0
130094,1,1,0,0,0,0,0,0,0,0,0,0
130095,1,1,17,8,7,0,0,0,0,14,16,30
130096,0,1,0,0,0,0,0,0,36,0,0,0
130096,1,1,0,0,0,15,0,15,0,0,0,0
130097,1,1,12,12,12,12,12,12,12,12,12,12
130098,0,1,24,24,24,24,24,24,24,24,24,24
130098,1,1,0,0,0,0,0,0,34,0,0,0
130099,1,1,19,19,19,19,19,19,19,19,19,19
130100,1,1,0,0,0,0,0,0,0,0,0,0
130101,1,1,0,0,0,0,0,0,0,0,0,0
130101,2,1,0,0,0,0,0,0,0,0,0,0
130102,1,1,0,0,0,0,0,0,0,0,0,0
130103,1,1,0,0,0,0,0,0,0,0,0,0
130104,0,1,18,18,18,18,18,18,18,18,18,18
130104,1,1,0,0,0,0,0,0,0,0,0,0
130105,1,1,0,0,0,0,0,0,0,0,0,0
130105,2,1,0,0,0,0,0,0,0,0,0,0
130106,0,1,0,0,0,0,0,17,0,0,0,15
130106,1,1,36,16,0,0,0,9,0,0,0,0
130107,1,1,3,3,3,3,3,3,3,3,3,3
130107,2,1,0,0,0,0,0,0,0,0,0,5
130108,1,1,18,14,0,19,0,16,0,0,0,0
130108,2,1,0,0,0,13,0,0,0,0,0,0
130109,1,1,15,0,30,0,12,0,22,0,0,19
130110,1,1,0,0,0,0,0,0,21,0,0,0
130110,2,1,0,0,0,17,0,0,0,0,0,0
130111,1,1,0,0,0,0,0,0,0,0,0,0
130112,1,1,40,40,40,40,40,40,40,40,40,40
130113,1,1,0,0,0,0,0,0,0,0,0,0
130113,2,1,0,0,0,0,0,0,0,0,0,0
130114,1,1,0,0,0,0,0,0,0,0,0,0
130114,2,1,0,0,0,0,0,0,0,0,0,0
130115,0,1,0,0,0,32,0,0,11,0,0,0
130115,1,1,0,14,0,0,0,0,0,0,0,0
130116,1,1,18,18,18,18,18,18,18,18,18,18
130117,1,1,21,0,0,0,0,0,25,20,0,0
130118,0,1,0,0,33,0,0,0,7,32,0,0
130118,1,1,0,0,0,0,0,0,0,0,0,0
130119,1,1,18,18,18,18,18,18,18,18,18,18
130120,1,1,37,37,37,37,37,37,37,37,37,37
130121,1,1,0,0,17,0,0,0,0,0,0,0
130121,2,1,0,0,0,0,0,0,0,0,0,15
130122,1,1,35,14,26,6,26,18,0,18,19,10
130122,2,1,28,0,0,0,0,0,6,0,0,0
130123,1,1,0,0,0,0,0,0,0,0,0,0
130123,2,1,0,0,0,0,0,0,0,0,0,0
130124,0,1,11,23,27,0,50,11,0,0,32,0
130124,1,1,0,0,0,0,0,0,0,0,0,0
130125,1,1,0,0,0,0,0,0,0,0,0,0
130125,2,1,0,0,0,0,0,0,0,0,0,0
130126,1,1,0,0,0,0,0,0,0,0,0,0
130126,2,1,0,0,0,0,0,0,0,0,0,0
130127,1,1,0,0,0,0,0,0,0,0,0,0
130128,1,1,27,27,27,27,27,27,27,27,27,27
130128,2,1,0,0,0,0,0,0,0,0,0,0
130129,1,1,0,0,0,0,0,0,0,0,0,0
130130,1,1,22,22,22,22,22,22,22,22,22,22
130130,2,1,0,0,0,0,0,0,0,0,0,0
130130,3,1,0,0,0,0,0,0,0,0,0,0
130131,0,1,0,0,0,0,17,0,0,0,0,0
130131,1,1,0,0,0,0,7,0,0,0,0,0
130132,1,1,0,0,0,0,0,0,0,0,0,0
130133,1,1,0,0,0,0,0,0,0,0,0,0
130133,2,1,0,0,0,0,0,0,0,0,0,0
130134,1,1,0,0,0,0,0,0,0,0,0,0
130135,1,1,9,24,0,22,20,0,4,0,15,13
130136,1,1,0,0,0,0,0,0,0,0,0,0
130136,2,1,11,0,0,0,0,0,0,0,0,0
130137,1,1,4,23,0,24,0,12,23,27,0,6
130138,1,1,0,0,0,0,0,0,0,0,0,0
130139,1,1,0,0,0,0,23,0,14,13,0,0
130141,1,1,0,0,0,0,0,0,24,0,0,0
130142,1,1,12,12,12,12,12,12,12,12,12,12
130143,1,1,28,40,6,8,0,0,21,0,0,13
130144,0,1,37,37,37,37,37,37,37,37,37,37
130144,1,1,8,8,8,8,8,8,8,8,8,8
130144,2,1,0,0,0,0,0,0,6,0,17,0
130145,1,1,14,14,14,14,14,14,14,14,14,14
130145,2,1,3,3,3,3,3,3,3,3,3,3
130145,3,1,0,0,0,0,0,0,0,0,0,0
130146,1,1,0,0,0,0,0,0,0,0,0,0
130146,2,1,0,0,0,7,0,0,0,0,0,0
130147,1,1,0,0,0,0,0,0,0,0,0,0
130147,2,1,0,0,0,0,0,0,0,0,0,0
130148,1,1,0,19,16,0,11,0,0,0,0,19
130148,2,1,0,0,0,0,0,0,0,0,0,0
130149,1,1,0,0,0,0,0,0,0,0,0,0
130149,2,1,0,0,0,0,0,0,0,0,0,0
130150,0,1,0,0,0,0,0,0,0,0,0,0
130150,1,1,0,0,0,0,0,0,0,0,0,0
130151,0,1,26,26,26,26,26,26,26,26,26,26
130151,0,2,0,35,0,23,0,23,27,0,0,0
130151,1,1,0,0,0,0,0,0,0,0,0,0
130152,1,1,0,0,0,0,0,0,0,0,0,0
130152,2,1,0,0,0,0,0,0,0,0,0,18
130153,1,1,24,24,24,24,24,24,24,24,24,24
130154,0,1,6,0,0,0,0,0,0,0,0,0
130154,0,2,0,0,0,0,52,0,0,0,0,0
130154,2,1,0,0,0,20,0,0,0,0,0,0
130155,0,1,0,15,0,0,0,0,0,0,0,0
130155,1,1,0,0,0,0,0,0,7,0,0,0
130156,0,1,22,22,22,22,22,22,22,22,22,22
130156,1,1,0,0,0,0,0,16,0,0,0,0
130157,0,1,16,13,8,27,13,29,0,29,11,8
130157,1,1,0,0,0,14,0,0,5,0,0,0
130158,1,1,0,0,0,0,0,0,0,0,0,0
130158,2,1,0,0,0,0,0,0,0,6,0,0
130159,1,1,0,0,0,0,0,0,0,0,0,0
130159,2,1,0,0,0,0,0,0,0,0,0,0
130160,0,1,0,0,0,0,0,0,0,0,0,0
130160,1,1,26,21,9,16,20,23,10,9,21,15
130161,1,1,22,15,9,56,14,14,14,20,13,12
130162,1,1,0,19,0,0,0,0,0,0,0,0
130163,0,1,0,0,0,0,0,0,0,0,0,0
130163,1,1,10,19,12,16,14,7,21,16,5,12