ST_CASE,VEH_NO,PER_NO,P1,P2,P3,P4,P5,P6,P7,P8,P9,P10
130164,1,1,19,19,19,19,19,19,19,19,19,19
130164,2,1,28,0,0,0,0,0,0,0,0,0
130165,1,1,24,24,24,24,24,24,24,24,24,24
130165,2,1,33,0,0,0,0,0,0,0,0,0
130166,1,1,3,3,3,3,3,3,3,3,3,3
130166,2,1,0,0,0,0,0,0,0,0,0,0
130167,1,1,0,0,0,0,0,0,0,0,0,0
130168,1,1,0,0,0,0,0,10,0,0,0,0
130168,2,1,0,0,0,0,0,0,0,0,0,37
130169,0,1,0,0,0,4,0,0,15,0,0,7
130169,0,2,3,0,0,0,0,23,0,26,8,0
130169,1,1,0,0,0,0,0,0,0,0,0,0
130170,0,1,2,0,23,43,0,23,26,15,22,8
130170,1,1,0,0,0,0,0,0,0,0,15,0
130171,1,1,0,0,19,0,0,0,0,0,0,14
130171,2,1,0,0,0,0,0,0,0,0,0,0
130172,1,1,0,0,0,0,0,0,0,0,0,0
130172,2,1,0,0,0,0,0,0,0,0,0,0
130173,0,1,0,0,0,0,0,0,0,0,0,0
130173,1,1,0,0,0,0,0,0,0,0,0,0
130174,1,1,0,0,0,0,0,0,0,0,0,0
130175,1,1,0,0,0,0,0,0,0,0,0,0
130176,1,1,0,0,0,0,12,28,0,28,0,21
130177,1,1,11,8,19,0,0,0,0,22,0,0
130178,1,1,0,0,0,0,0,0,0,0,0,0
130178,2,1,0,0,25,39,0,0,0,0,24,0
130179,0,1,32,32,32,32,32,32,32,32,32,32
130179,1,1,0,0,0,0,0,0,0,0,0,0
130179,2,1,0,0,0,0,0,0,0,0,0,0
130180,0,1,1,1,1,1,1,1,1,1,1,1
130180,1,1,0,0,0,10,0,0,0,0,0,0
130181,1,1,0,0,0,0,0,0,0,0,0,0
130183,1,1,15,0,0,23,0,5,22,0,16,35
130183,2,1,0,0,0,4,0,0,0,0,0,0
130184,1,1,18,0,6,0,0,6,14,0,11,38
130185,1,1,0,0,0,0,0,0,0,0,0,0
130185,2,1,0,0,0,0,0,0,0,0,0,0
130186,0,1,0,0,0,0,0,0,0,0,0,0
130186,1,1,12,0,0,0,10,5,0,0,5,0
130187,0,1,0,0,0,0,0,0,0,0,0,0
130187,1,1,10,0,0,0,0,0,0,7,0,10
130187,2,1,0,0,0,0,0,0,0,0,0,0
130187,3,1,0,0,0,0,0,0,0,0,17,0
130187,4,1,0,0,7,0,0,3,24,0,0,0
130188,0,1,0,0,0,0,0,0,0,0,0,0
130188,1,1,22,15,12,7,14,9,3,14,26,12
130189,0,1,0,24,0,20,20,8,22,13,0,0
130189,1,1,0,0,0,0,0,0,0,0,0,0
130190,1,1,14,14,14,14,14,14,14,14,14,14
130190,2,1,0,0,0,0,0,0,0,0,0,0
130191,1,1,0,0,0,0,0,0,0,0,0,0
130191,2,1,0,0,0,0,0,0,0,0,0,0
130191,3,1,0,0,0,0,0,0,0,0,0,0
130192,0,1,14,24,0,11,31,24,0,12,0,0
130192,1,1,0,0,0,0,0,0,12,0,0,0
130193,1,1,0,0,0,0,0,0,0,0,0,28
130193,2,1,0,0,0,0,0,0,0,0,0,0
130194,0,1,0,0,0,24,0,0,0,39,0,0
130194,0,2,0,0,0,0,14,0,0,0,0,48
130194,1,1,0,0,15,0,0,0,0,0,0,0
130195,0,1,0,0,0,0,0,0,0,0,0,0
130195,1,1,0,0,0,11,18,0,0,3,0,0
130196,1,1,0,0,0,0,0,0,0,0,0,0
130196,2,1,0,0,0,0,0,0,0,0,0,0
130196,3,1,0,0,0,0,0,0,0,0,0,0
130196,4,1,0,0,0,0,0,0,0,0,0,0
130196,5,1,0,0,0,0,0,0,0,0,0,0
130197,1,1,0,0,0,0,0,0,0,0,0,0
130197,2,1,0,0,0,0,0,0,0,0,0,0
130198,1,1,1,1,1,1,1,1,1,1,1,1
130199,1,1,12,10,21,7,0,0,13,19,18,13
130200,1,1,0,0,0,0,0,0,0,0,27,0
130200,2,1,0,0,0,0,0,0,0,0,0,0
130200,3,1,0,9,0,0,0,0,0,0,23,0
130201,1,1,0,0,0,0,0,17,0,0,0,0
130202,1,1,0,0,0,32,0,0,5,0,0,0
130202,2,1,0,0,0,0,0,0,0,0,0,0
130203,0,1,0,29,21,22,0,0,17,0,30,0
130203,1,1,0,0,0,0,0,0,0,0,0,0
130204,1,1,0,0,0,15,0,0,0,0,0,0
130204,2,1,0,0,0,0,0,7,0,0,0,0
130205,0,1,30,31,11,25,21,0,21,0,14,14
130205,1,1,0,0,0,0,0,0,0,0,0,0
130206,0,1,1,1,1,1,1,1,1,1,1,1
130206,1,1,0,0,0,0,0,0,0,0,0,0
130208,1,1,0,0,0,0,0,0,0,0,0,0
130208,2,1,0,0,0,0,0,0,0,0,0,0
130209,1,1,1,1,1,1,1,1,1,1,1,1
130209,2,1,0,0,0,0,0,0,0,0,0,0
130210,1,1,0,0,0,0,0,0,0,0,0,0
130210,2,1,0,0,0,0,0,0,0,0,0,0
130211,1,1,0,0,0,0,0,0,0,0,0,0
130212,1,1,11,25,3,14,15,0,0,32,17,0
130213,1,1,0,0,0,0,0,0,18,0,0,0
130213,2,1,0,0,0,0,0,0,0,0,0,0
130214,1,1,1,1,1,1,1,1,1,1,1,1
130215,1,1,0,0,10,0,15,0,29,15,0,10
130216,1,1,0,29,0,0,0,9,0,27,0,0
130216,2,1,0,0,0,0,0,0,0,0,0,0
130217,0,1,0,0,0,0,0,17,0,0,0,0
130217,1,1,2,0,0,0,0,0,0,0,0,0
130218,1,1,0,0,0,0,0,0,0,0,0,0
130219,1,1,8,8,8,8,8,8,8,8,8,8
130219,2,1,0,0,0,0,0,6,0,0,0,30
130219,3,1,0,0,0,0,0,0,0,0,7,0
130220,1,1,0,0,0,0,0,0,0,0,0,0
130221,1,1,0,0,0,12,12,0,0,0,19,0
130222,0,1,0,0,0,0,0,0,0,0,23,0
130222,1,1,0,0,0,0,0,0,0,0,0,0
130223,0,1,0,0,0,0,0,0,0,0,0,0
130223,1,1,0,0,0,0,0,0,0,0,0,0
130224,1,1,0,0,48,0,0,0,5,0,12,0
130224,2,1,0,0,0,0,0,0,0,0,0,0
130225,0,1,40,40,40,40,40,40,40,40,40,40
130225,1,1,0,0,0,24,0,0,0,0,0,0
130226,1,1,18,0,0,19,0,0,22,0,0,13
130226,2,1,0,25,0,0,0,0,0,0,0,0
130227,1,1,0,0,0,0,0,0,0,0,0,0
130227,2,1,0,0,0,0,0,0,0,0,0,0
130228,0,1,0,0,0,0,0,0,0,0,0,0
130228,1,1,0,0,0,0,0,0,0,0,0,0
130228,2,1,0,0,0,0,0,0,0,0,0,0
130229,1,1,0,0,0,13,0,0,0,0,21,0
130229,2,1,0,0,0,0,10,0,0,29,7,0
130230,0,1,17,17,17,17,17,17,17,17,17,17
130230,1,1,0,0,0,0,0,0,0,0,0,0
130231,1,1,21,21,21,21,21,21,21,21,21,21
130232,0,1,0,0,0,0,0,0,0,0,0,0
130232,1,1,26,34,0,0,0,0,0,0,18,0
130234,1,1,19,19,19,19,19,19,19,19,19,19
130234,2,1,0,0,0,0,0,0,0,0,15,0
130235,0,1,0,0,0,0,0,0,0,0,0,0
130235,1,1,0,0,0,0,0,14,0,0,0,0
130236,0,1,0,9,0,0,0,0,0,0,0,0
130236,1,1,0,10,0,0,0,0,0,0,0,0
130237,1,1,0,0,0,0,0,0,0,0,0,0
130238,1,1,0,0,0,0,0,37,0,0,0,19
130238,2,1,0,0,0,15,0,0,0,0,0,20
130239,0,1,0,0,0,0,0,0,0,0,0,0
130239,1,1,0,0,0,0,0,0,19,0,0,0
130240,1,1,0,0,0,0,0,0,0,0,0,0
130240,2,1,0,0,0,0,0,0,0,0,0,0
130240,3,1,0,0,0,0,0,0,0,0,0,0
130241,1,1,0,0,0,0,0,0,0,0,0,0
130241,2,1,0,0,0,0,6,0,0,0,0,0
130242,0,1,0,0,0,0,0,0,0,13,0,0
130242,1,1,0,0,0,0,0,3,0,0,0,0
130243,1,1,0,0,0,0,0,0,0,0,0,0
130243,2,1,0,0,0,0,0,0,0,0,0,0
130244,1,1,0,0,0,3,0,0,0,0,0,0
130244,2,1,0,0,0,0,0,0,0,0,0,0
130244,3,1,0,0,0,0,19,0,0,0,0,0
130245,0,1,23,0,0,0,0,0,0,0,0,0
130245,1,1,0,0,13,0,0,8,0,0,0,0
130246,1,1,14,0,0,0,0,0,0,0,12,0
130246,2,1,0,0,0,0,0,0,0,0,0,0
130247,1,1,0,0,7,0,31,0,0,0,0,0
130248,0,1,2,2,2,2,2,2,2,2,2,2
130248,1,1,0,0,0,0,0,0,0,0,0,0
130249,1,1,17,21,19,7,37,20,16,0,0,19
130250,1,1,0,15,19,10,0,0,0,3,20,0
130252,1,1,0,0,0,0,0,0,0,0,0,0
130252,2,1,0,0,0,0,0,0,0,0,0,0
130253,0,1,0,0,0,0,0,0,0,0,0,0
130253,1,1,0,0,0,0,0,0,0,0,0,0
130254,1,1,0,0,0,10,0,0,0,14,0,0
130255,0,1,0,0,0,0,0,0,0,15,35,0
130255,1,1,0,0,0,0,0,20,0,0,0,0
130256,0,1,0,0,0,0,0,0,19,0,0,0
130256,1,1,22,0,0,0,33,0,0,0,0,0
130257,1,1,18,18,18,18,18,18,18,18,18,18
130258,1,1,0,0,0,0,0,0,23,0,0,0
130259,0,1,0,0,0,0,0,0,0,0,0,0
130259,1,1,0,16,0,4,0,0,2,0,0,0
130260,1,1,4,4,4,4,4,4,4,4,4,4
130261,1,1,0,0,0,0,0,0,0,0,0,0
130261,2,1,0,0,0,0,0,0,0,0,0,0
130262,1,1,0,0,0,0,0,0,19,0,24,0
130263,1,1,0,0,0,0,0,4,0,0,0,0
130263,2,1,0,0,0,0,0,0,0,0,0,0
130264,1,1,0,21,0,0,0,0,0,0,0,0
130265,1,1,25,25,25,25,25,25,25,25,25,25
130265,2,1,0,0,0,0,0,0,0,0,0,0
130266,1,1,0,0,0,0,0,0,0,0,0,0
130267,0,1,0,5,0,39,0,26,0,42,16,0
130267,1,1,0,0,26,0,0,15,0,0,0,0
130268,0,1,20,20,20,20,20,20,20,20,20,20
130268,1,1,0,0,0,0,0,0,0,0,0,0
130269,0,1,0,0,0,0,0,0,0,0,0,0
130269,1,1,19,11,18,0,16,17,7,15,13,21
130270,1,1,10,0,0,0,0,21,22,16,13,13
130271,1,1,0,13,0,25,0,0,26,10,15,0
130272,1,1,2,2,2,2,2,2,2,2,2,2
130273,1,1,22,0,0,0,0,0,0,0,0,10
130274,1,1,20,20,20,20,20,20,20,20,20,20
130274,2,1,0,0,20,0,0,0,0,0,0,0
130274,3,1,0,0,0,0,0,0,0,0,0,0
130275,1,1,14,14,14,14,14,14,14,14,14,14
130276,1,1,0,0,0,0,0,0,0,0,0,0
130276,2,1,0,0,0,0,0,0,0,0,0,0
130277,1,1,0,0,0,0,0,0,0,0,0,0
130277,2,1,0,0,6,0,0,19,0,15,0,37
130278,1,1,17,17,17,17,17,17,17,17,17,17
130280,1,1,30,12,18,18,9,24,45,0,5,26
130281,1,1,0,0,0,0,0,4,0,0,0,0
130282,1,1,0,0,0,0,0,0,0,0,0,0
130282,2,1,0,0,9,12,0,0,0,0,9,0
130283,1,1,13,13,13,13,13,13,13,13,13,13
130283,2,1,0,0,0,0,0,0,0,0,0,0
130284,1,1,0,0,0,0,0,0,0,0,0,0
130285,1,1,26,26,26,26,26,26,26,26,26,26
130286,1,1,0,0,0,0,0,0,0,0,0,0
130286,2,1,0,0,0,0,0,0,20,0,0,0
130287,1,1,0,0,0,0,0,0,0,0,0,0
130288,0,1,0,0,0,0,0,0,0,0,0,0
130288,1,1,0,24,37,0,0,0,0,0,0,13
130289,1,1,0,0,0,0,0,0,0,0,24,0
130289,2,1,0,0,0,0,0,0,13,16,0,20
130290,1,1,2,21,26,14,0,4,0,0,31,12
130291,1,1,0,0,0,0,0,0,0,0,0,0
130292,1,1,28,28,28,28,28,28,28,28,28,28
130293,1,1,0,0,0,0,0,14,0,0,2,4
130294,1,1,0,0,0,0,0,0,0,23,0,0
130294,2,1,0,0,0,0,0,0,0,0,0,0
130295,0,1,0,0,0,0,0,0,0,0,0,0
130295,1,1,0,0,0,0,0,0,0,0,0,0
130296,1,1,0,19,0,0,0,0,0,0,0,0
130297,1,1,2,2,2,2,2,2,2,2,2,2
130298,1,1,8,8,8,8,8,8,8,8,8,8
130299,1,1,26,0,35,19,6,0,0,0,19,9
130300,1,1,0,0,0,0,0,0,0,0,0,0
130300,2,1,0,0,0,0,0,0,0,0,0,18
130301,0,1,39,39,39,39,39,39,39,39,39,39
130301,1,1,0,0,0,0,0,0,0,0,0,0
130302,0,1,0,0,0,0,0,0,0,0,0,0
130302,1,1,0,0,0,0,0,0,0,0,0,0
130303,1,1,0,0,0,0,0,0,0,0,0,0
130303,2,1,0,0,0,0,0,0,0,0,0,0
130304,1,1,26,26,26,26,26,26,26,26,26,26
130306,0,1,0,0,0,0,0,0,0,0,0,0
130306,1,1,0,0,0,0,0,0,0,0,0,0
130307,0,1,0,0,0,0,0,0,0,0,0,0
130307,1,1,18,18,18,18,18,18,18,18,18,18
130308,1,1,27,18,9,36,11,8,8,11,11,17
130309,1,1,23,14,0,16,0,0,0,0,0,0
130310,1,1,14,14,14,14,14,14,14,14,14,14
130311,0,1,0,0,0,0,0,0,0,0,0,0
130311,1,1,0,0,0,0,0,0,0,0,0,0
130312,0,1,0,0,0,0,0,0,0,0,0,0
130312,1,1,20,23,0,0,6,18,21,20,13,0
130313,1,1,0,0,0,15,0,0,0,0,10,0
130314,1,1,0,0,0,0,0,0,0,0,0,0
130314,2,1,0,0,0,0,0,0,0,0,0,0
130315,1,1,4,4,4,4,4,4,4,4,4,4
130316,1,1,0,15,0,8,5,0,0,15,0,21
130317,0,1,0,0,0,0,0,0,0,0,0,0
130317,1,1,0,0,0,10,0,0,0,0,9,0
130318,1,1,0,0,0,0,0,0,0,0,0,0
130319,1,1,12,19,17,6,8,27,10,22,4,7
130320,1,1,0,9,0,0,0,14,22,0,0,0
130321,0,1,0,0,0,14,0,0,0,0,0,0
130321,1,1,0,0,0,0,0,0,0,0,0,0
130322,1,1,0,0,0,0,0,0,0,0,0,0
130323,1,1,0,0,17,0,0,0,0,0,0,0
130324,0,1,0,0,4,29,0,0,0,0,42,0
130324,1,1,0,0,0,0,12,0,0,0,0,0
130325,0,1,0,0,0,0,7,0,0,0,0,0
130325,1,1,0,0,0,0,0,0,0,0,0,0
130326,1,1,2,2,2,2,2,2,2,2,2,2
130327,1,1,0,0,0,0,0,0,0,0,14,0
130327,2,1,0,0,0,0,0,0,0,0,0,0
130328,0,1,0,41,0,20,6,0,0,0,0,0
130328,1,1,0,11,0,8,12,0,18,0,0,0
130330,0,1,0,16,0,0,0,0,0,0,0,0
130330,1,1,0,0,0,0,0,0,0,0,0,0
130331,1,1,9,9,9,9,9,9,9,9,9,9
130331,2,1,0,0,0,0,0,0,0,0,0,0
130331,3,1,0,26,0,0,0,0,0,0,0,0
130332,0,1,0,0,0,0,0,0,0,0,0,0
130332,1,1,0,0,0,0,0,0,0,0,0,0
130333,1,1,0,0,0,0,0,0,0,0,0,0
130334,1,1,0,0,0,0,0,0,0,0,0,0
130334,2,1,0,0,0,0,0,0,0,0,0,0
130334,3,1,0,0,0,0,0,0,0,0,0,0
130335,1,1,0,0,0,0,0,0,0,0,0,0
130335,2,1,0,0,0,0,0,0,0,0,0,0
130336,0,1,37,0,0,0,14,0,0,28,0,0
130336,1,1,0,0,0,0,0,0,15,0,0,0
130337,0,1,1,1,1,1,1,1,1,1,1,1
130337,1,1,19,0,10,3,0,0,14,0,13,0
130338,0,1,0,0,0,0,0,0,0,0,0,0
130338,1,1,5,8,8,0,0,0,4,0,10,0
130339,1,1,0,0,0,0,0,0,0,0,0,0
130339,2,1,0,0,0,0,0,0,0,0,0,0
130340,1,1,0,0,0,0,0,0,0,0,0,0
130341,1,1,0,0,0,0,0,0,0,0,22,0
130341,2,1,30,0,12,0,0,0,0,3,0,0
130342,1,1,0,0,4,0,0,0,7,0,0,0
130342,2,1,0,8,0,5,17,6,0,9,0,0
130343,1,1,5,19,23,18,33,0,18,16,21,38
130344,1,1,0,0,0,0,0,18,0,0,0,0
130344,2,1,0,0,0,0,0,0,0,0,22,0
130344,3,1,0,0,0,12,0,0,0,0,0,0
130344,4,1,0,0,0,0,0,0,0,0,0,0
130344,5,1,0,0,0,0,0,0,0,0,0,0
130344,6,1,0,0,0,0,0,34,0,0,0,0
130344,7,1,0,0,0,0,0,0,0,0,0,0
130345,0,1,27,27,27,27,27,27,27,27,27,27
130345,1,1,10,10,10,10,10,10,10,10,10,10
130346,1,1,3,3,3,3,3,3,3,3,3,3
130347,1,1,15,15,15,15,15,15,15,15,15,15
130347,2,1,16,16,16,16,16,16,16,16,16,16
130348,1,1,9,9,9,9,9,9,9,9,9,9
130349,1,1,0,0,19,0,0,0,0,27,0,34
130350,0,1,0,0,0,0,0,0,0,0,0,0
130350,1,1,0,0,0,19,21,0,0,0,0,0
130351,0,1,0,0,0,0,0,0,0,0,0,0
130351,1,1,0,0,0,0,0,0,0,0,0,0
130352,1,1,26,26,26,26,26,26,26,26,26,26
130353,0,1,20,20,20,20,20,20,20,20,20,20
130353,1,1,0,0,0,0,0,0,0,0,0,16
130354,1,1,0,0,0,0,0,0,0,0,0,0
130355,1,1,0,0,0,0,0,0,0,0,0,0
130355,2,1,0,0,0,0,0,0,0,0,3,0
130356,0,1,0,0,0,0,0,0,0,0,0,11
130356,1,1,16,16,16,16,16,16,16,16,16,16
130357,1,1,0,0,0,0,0,0,0,0,0,0
130357,2,1,0,0,0,0,0,0,0,0,0,0
130358,1,1,0,19,21,0,0,0,9,23,0,0
130359,1,1,0,0,0,0,0,0,0,0,0,11
130359,2,1,0,0,0,17,26,0,0,13,7,0
130360,0,1,0,0,0,0,0,0,0,0,0,0
130360,1,1,0,0,0,0,0,0,0,0,0,0
130361,1,1,0,0,0,0,0,0,0,0,0,0
130362,0,1,0,0,0,0,0,0,0,0,0,0
130362,1,1,0,0,0,0,0,0,0,0,0,0
130363,1,1,0,0,0,0,0,0,0,0,0,0
130363,2,1,0,0,0,0,0,0,0,0,0,0
130364,0,1,0,20,0,0,0,0,33,0,26,0
130364,1,1,0,15,9,6,13,19,18,0,24,0
130364,2,1,0,9,0,0,0,0,0,0,0,0
130364,3,1,0,0,0,0,0,0,0,0,0,10
130364,4,1,0,0,0,0,38,0,0,0,0,0
130365,1,1,24,17,20,20,25,22,16,13,14,28
130366,1,1,12,0,0,0,0,0,0,0,0,0
130366,2,1,0,0,0,0,0,0,0,0,0,0
130367,1,1,30,30,30,30,30,30,30,30,30,30
130367,2,1,19,19,19,19,19,19,19,19,19,19
130368,1,1,14,14,14,14,14,14,14,14,14,14
130369,1,1,21,21,21,21,21,21,21,21,21,21
130369,2,1,0,0,0,0,0,0,0,0,0,0
130370,1,1,16,16,16,16,16,16,16,16,16,16
130371,1,1,0,0,0,0,0,0,23,10,0,0
130371,2,1,0,0,0,0,0,0,0,0,0,0
130372,1,1,0,0,0,0,0,0,20,0,0,0
130372,2,1,0,0,0,23,0,0,0,0,0,0
130373,0,1,0,28,0,0,16,0,0,0,33,0
130373,1,1,0,0,0,0,0,0,0,13,0,0
130374,2,1,0,0,0,0,0,0,0,0,0,0
130374,3,1,0,0,0,0,0,0,0,0,0,0
130375,1,1,0,0,0,20,0,0,0,0,0,0
130375,2,1,0,0,0,0,0,0,0,0,0,0
130376,0,1,0,18,0,0,49,0,10,0,0,28
130376,1,1,0,0,0,0,0,0,0,0,0,0
130377,0,1,0,0,0,0,0,0,0,0,0,0
130377,1,1,27,0,0,0,0,8,0,0,0,0
130378,1,1,7,13,24,25,8,23,9,8,10,11
130378,2,1,0,0,0,18,0,24,0,0,12,14
130379,0,1,0,0,0,13,0,0,0,0,12,22
130379,1,1,0,0,0,0,0,0,0,0,0,0
130380,0,1,7,0,0,0,18,0,0,9,0,0
130380,1,1,0,0,0,0,14,0,0,0,0,0
130381,1,1,20,6,0,0,0,15,13,0,0,17
130381,2,1,0,0,0,0,0,0,0,0,0,0
130382,1,1,20,20,20,20,20,20,20,20,20,20
130382,2,1,0,0,0,0,0,0,0,0,0,0
130383,1,1,0,0,0,0,0,0,0,0,0,0
130383,2,1,0,0,0,0,13,0,0,0,0,0
130384,1,1,0,0,0,0,0,0,0,0,0,0
130384,2,1,0,0,0,0,0,0,0,0,0,0
130385,1,1,0,0,0,0,0,0,0,0,0,0
130386,1,1,0,0,0,0,0,0,0,0,0,0
130388,0,1,0,0,0,0,0,15,0,0,0,0
130388,0,2,0,0,28,0,0,25,16,0,0,20
130388,1,1,0,0,0,0,0,0,0,0,0,16
130389,1,1,6,10,20,9,16,0,0,0,27,23
130389,2,1,0,0,0,0,0,0,0,0,0,0
130390,1,1,0,0,0,0,0,0,0,0,0,0
130391,1,1,0,0,0,0,16,0,0,0,0,0
130391,2,1,0,0,0,0,0,0,0,0,0,4
130392,1,1,16,0,0,0,0,0,6,0,0,12
130392,2,1,0,0,0,0,0,0,0,0,0,0
130393,1,1,0,0,0,0,0,0,0,0,0,0
130393,2,1,0,0,0,0,0,0,0,0,0,0
130394,1,1,13,0,0,0,14,15,0,19,0,8
130394,2,1,0,0,0,0,0,0,0,0,0,0
130395,1,1,0,0,0,0,28,0,0,0,0,0
130396,0,1,0,9,0,0,0,0,0,15,0,0
130396,1,1,9,16,0,0,0,10,0,0,0,0
130397,1,1,0,0,0,0,0,0,0,0,0,0
130397,2,1,0,16,0,0,0,0,0,0,0,0
130398,1,1,12,5,11,20,4,0,12,13,0,0
130398,2,1,1,1,1,1,1,1,1,1,1,1
130399,1,1,0,0,0,0,0,0,0,0,0,0
130399,2,1,0,0,0,0,0,0,0,0,0,0
130400,1,1,0,0,0,0,0,0,0,0,0,0
130400,2,1,0,0,0,0,0,0,0,0,0,0
130401,1,1,4,4,4,4,4,4,4,4,4,4
130402,1,1,0,0,0,25,0,0,0,0,0,0
130402,2,1,0,0,0,0,0,0,0,0,0,0
130403,1,1,0,0,0,0,0,0,0,0,0,0
130403,2,1,0,0,0,0,0,0,0,0,0,0
130405,1,1,0,0,0,0,0,0,0,0,0,0
130406,0,1,0,0,0,0,0,0,0,0,0,0
130406,1,1,0,0,0,0,0,0,0,0,0,0
130407,1,1,0,7,6,15,0,0,16,14,0,14
130408,1,1,13,13,13,13,13,13,13,13,13,13
130410,1,1,0,0,0,0,0,0,0,0,0,0
130411,0,1,0,0,19,0,0,36,12,0,0,0
130411,1,1,0,0,0,0,0,0,0,0,0,0
130412,1,1,1,1,1,1,1,1,1,1,1,1
130412,2,1,13,0,0,0,0,0,0,0,0,4
130413,1,1,0,0,0,0,0,0,0,0,0,0
130413,2,1,0,0,0,0,0,0,0,0,0,0
130414,1,1,0,10,0,35,0,0,17,6,0,0
130414,2,1,0,0,0,0,0,0,0,0,0,0
130415,1,1,0,0,0,0,0,0,0,0,0,0
130415,2,1,0,0,0,0,0,0,0,0,0,0
130416,1,1,0,0,0,0,0,0,0,0,0,0
130417,1,1,12,12,12,12,12,12,12,12,12,12
130418,1,1,22,22,22,22,22,22,22,22,22,22
130419,1,1,15,15,15,15,15,15,15,15,15,15
130419,2,1,0,0,0,0,0,0,0,0,0,0
130419,3,1,0,0,0,0,0,0,0,0,0,0
130420,1,1,26,29,0,13,29,10,24,27,15,0
130421,1,1,27,27,27,27,27,27,27,27,27,27
130422,1,1,18,18,18,18,18,18,18,18,18,18
130422,2,1,0,0,0,0,0,0,0,0,0,0
130423,1,1,0,0,0,0,0,0,0,0,0,0
130423,2,1,0,0,0,0,0,0,0,0,0,0
130424,1,1,15,15,15,15,15,15,15,15,15,15
130424,2,1,0,0,0,0,0,0,0,0,0,0
130425,1,1,0,0,0,0,0,0,0,2,0,0
130426,1,1,0,18,0,0,0,0,0,0,0,0
130426,2,1,0,0,0,0,0,0,0,0,0,0
130427,1,1,10,10,10,10,10,10,10,10,10,10
130428,1,1,0,0,0,0,0,6,11,0,0,0
130428,2,1,0,0,0,0,0,0,0,0,0,0
130429,1,1,0,0,0,0,0,0,0,0,0,0
130429,2,1,0,0,0,0,0,0,0,0,0,0
130430,1,1,6,6,6,6,6,6,6,6,6,6
130430,2,1,0,0,0,0,0,0,0,0,0,0
130430,3,1,0,0,0,0,0,0,0,0,0,0
130431,1,1,0,0,0,0,0,0,0,0,0,0
130431,2,1,0,0,0,0,0,0,0,0,0,0
130432,1,1,20,20,20,20,20,20,20,20,20,20
130433,1,1,18,15,10,0,0,19,15,22,3,2
130434,1,1,7,7,7,7,7,7,7,7,7,7
130435,1,1,0,0,0,0,0,0,0,0,0,0
130436,0,1,0,0,0,0,0,0,0,0,0,0
130436,1,1,0,0,0,0,0,0,0,0,0,0
130437,1,1,0,0,0,0,0,0,0,0,0,0
130437,2,1,0,0,0,0,0,0,0,0,0,0
130437,3,1,0,0,0,0,0,0,0,0,0,0
130438,1,1,1,1,1,1,1,1,1,1,1,1
130438,2,1,13,0,0,0,0,0,0,0,0,0
130439,1,1,21,21,21,21,21,21,21,21,21,21
130440,1,1,7,0,0,0,19,0,0,0,16,6
130441,0,1,0,0,0,0,0,0,0,0,0,0
130441,1,1,0,21,0,0,0,0,0,0,0,0
130442,1,1,0,0,0,0,0,0,0,0,0,0
130442,2,1,0,0,0,0,0,0,0,0,0,0
130443,1,1,0,0,0,0,0,0,0,0,0,0
130443,2,1,0,0,0,0,0,0,0,0,0,0
130444,1,1,0,0,0,0,0,0,0,0,0,0
130444,2,1,0,0,0,0,0,0,0,0,0,0
130445,0,1,0,0,35,0,0,0,0,0,0,0
130445,0,2,0,0,8,0,0,11,0,0,0,30
130445,1,1,0,0,0,0,0,0,0,0,0,0
130445,2,1,23,0,0,0,0,0,0,0,0,0
130446,1,1,3,0,19,0,0,0,0,0,0,0
130447,0,1,10,10,10,10,10,10,10,10,10,10
130447,1,1,0,5,19,0,14,27,0,16,0,0
130448,1,1,0,0,0,16,0,15,0,0,0,0
130448,2,1,30,16,0,14,0,0,0,0,27,12
130449,1,1,26,26,26,26,26,26,26,26,26,26
130450,0,1,0,0,0,0,0,0,0,0,0,0
130450,1,1,4,0,0,4,17,0,0,0,12,20
130451,1,1,23,23,23,23,23,23,23,23,23,23
130452,1,1,1,1,1,1,1,1,1,1,1,1
130452,2,1,0,0,0,0,0,0,0,0,0,0
130453,1,1,0,0,0,0,0,0,0,0,0,0
130454,0,1,33,33,33,33,33,33,33,33,33,33
130454,1,1,0,13,0,0,0,0,0,21,0,0
130455,0,1,2,2,2,2,2,2,2,2,2,2
130455,1,1,0,0,0,0,0,0,0,0,0,0
130456,1,1,0,0,0,14,14,0,32,0,11,0
130457,0,1,0,0,0,0,0,0,0,11,0,0
130457,1,1,0,0,0,0,0,0,0,0,0,23
130458,1,1,0,0,0,0,0,0,16,9,0,0
130458,2,1,0,0,0,0,0,0,0,0,0,0
130458,3,1,0,0,0,0,0,0,0,0,0,0
130459,1,1,0,0,0,0,0,0,0,0,0,0
130459,2,1,0,0,0,0,0,0,0,0,0,0
130460,1,1,0,0,0,0,0,0,0,0,0,0
130460,2,1,0,17,19,0,3,6,0,0,0,0
130461,1,1,0,0,0,0,0,0,0,0,0,0
130461,2,1,0,0,0,0,0,0,0,0,0,0
130461,3,1,0,0,0,0,0,0,0,0,0,0
130462,0,1,0,0,0,0,0,0,0,0,0,0
130462,1,1,0,0,0,0,0,0,0,0,0,0
130463,1,1,17,11,2,0,0,0,10,24,21,9
130464,1,1,0,0,0,0,0,0,0,0,0,0