ST_CASE,VEH_NO,PER_NO,P1,P2,P3,P4,P5,P6,P7,P8,P9,P10
131092,1,1,15,0,0,0,0,0,0,0,0,0
131093,0,1,27,0,0,22,0,0,0,0,47,16
131093,1,1,0,0,10,0,0,0,8,0,0,0
131094,1,1,0,0,0,0,0,0,0,0,0,0
131094,2,1,10,10,10,10,10,10,10,10,10,10
131094,3,1,24,0,0,0,0,0,0,0,0,0
131095,1,1,0,0,0,0,0,0,0,0,0,0
131096,1,1,21,8,0,0,0,25,0,0,0,0
131096,2,1,0,0,0,0,0,0,0,0,0,0
131097,1,1,0,0,0,0,0,0,0,0,0,0
131097,2,1,4,0,8,0,0,0,0,0,18,0
131098,1,1,13,9,0,0,0,0,0,0,0,25
131098,2,1,10,10,10,10,10,10,10,10,10,10
131100,1,1,16,16,16,16,16,16,16,16,16,16
131101,1,1,0,0,0,0,0,0,0,0,0,0
131101,2,1,0,0,0,0,0,0,0,0,0,0
131102,0,1,0,17,20,0,0,26,14,0,10,0
131102,1,1,0,0,0,0,0,0,0,0,0,0
131103,0,1,0,0,0,15,0,0,29,14,15,13
131103,1,1,0,0,0,0,0,0,0,0,0,0
131104,1,1,9,9,9,9,9,9,9,9,9,9
131105,1,1,12,0,7,0,0,0,0,0,0,19
131105,2,1,40,14,34,33,9,14,31,13,0,12
131106,0,1,17,0,0,0,9,31,0,5,0,31
131106,1,1,0,0,5,16,0,11,0,10,0,16
131107,0,1,0,0,0,0,0,0,0,0,0,0
131107,1,1,0,0,0,0,0,0,0,0,0,0
131108,1,1,0,0,0,0,0,7,0,0,0,27
131108,2,1,0,0,0,0,0,0,0,0,0,0
131109,1,1,22,22,22,22,22,22,22,22,22,22
131109,2,1,0,0,0,0,0,0,0,0,0,0
131110,1,1,0,0,13,12,15,0,0,27,17,0
131110,2,1,0,0,0,0,11,0,0,0,0,0
131111,1,1,21,21,21,21,21,21,21,21,21,21
131112,0,1,0,0,0,0,0,0,0,0,0,0
131112,1,1,0,0,0,0,0,0,0,0,0,0
131113,1,1,0,0,13,14,0,0,0,0,0,0
131113,2,1,0,0,0,0,0,0,0,10,0,0
131114,0,1,0,0,0,35,22,30,6,0,22,8
131114,1,1,0,0,0,0,0,0,0,0,0,0
131115,1,1,10,12,0,16,9,0,0,25,0,0
131116,0,1,0,0,0,0,0,0,0,0,0,0
131116,1,1,0,0,0,0,0,0,0,0,0,0
131117,1,1,27,12,7,0,0,9,0,23,0,0
131118,0,1,6,6,0,19,11,0,0,10,12,10
131118,1,1,0,0,0,0,0,0,0,0,0,0
131119,1,1,13,13,13,13,13,13,13,13,13,13
131120,0,1,0,0,0,0,0,0,0,0,0,0
131120,1,1,0,0,0,0,0,0,0,0,0,0
131121,1,1,0,0,12,0,0,0,0,29,0,0
131122,1,1,0,0,0,0,0,0,0,0,0,0
131122,2,1,0,0,0,0,0,0,0,0,0,0
131123,1,1,0,0,0,15,12,20,0,14,19,8
131124,1,1,18,18,18,18,18,18,18,18,18,18
131124,2,1,0,0,0,0,0,0,0,0,0,0
131125,1,1,0,0,0,0,0,0,0,0,0,0
131126,1,1,0,16,0,0,0,0,0,0,0,0
131126,2,1,0,0,0,0,0,0,0,0,0,0
131126,3,1,0,0,0,0,0,0,0,0,0,0
131128,1,1,0,0,0,0,0,0,0,0,0,0
131128,2,1,0,0,0,0,0,0,0,0,0,0
131129,1,1,17,32,0,0,0,0,0,0,15,0
131130,0,1,0,0,0,0,0,0,0,0,11,0
131130,1,1,22,0,0,5,0,0,9,0,12,6
131130,2,1,0,0,0,0,0,0,0,0,0,0
131130,3,1,0,11,0,0,0,0,0,0,0,0
131131,1,1,30,17,7,11,9,11,13,18,3,24
131131,2,1,0,0,0,12,0,0,6,0,0,0
131132,1,1,0,0,0,0,0,0,0,0,0,0
131132,2,1,0,0,0,0,0,0,0,0,0,0
131133,1,1,26,26,26,26,26,26,26,26,26,26
131134,1,1,28,28,28,28,28,28,28,28,28,28
131138,0,1,12,0,0,0,0,7,14,0,25,19
131138,0,2,46,28,11,0,0,0,11,0,0,0
131138,1,1,20,0,0,0,0,0,0,13,0,0
131139,1,1,0,0,0,0,0,0,0,0,0,0
131139,2,1,0,0,9,26,0,0,0,0,12,17
131140,1,1,28,6,17,15,0,0,0,18,34,13
131141,1,1,0,0,0,0,0,0,28,19,0,0
131141,2,1,0,0,0,0,0,0,0,0,0,0
131142,0,1,15,0,0,0,0,0,0,0,0,0
131142,1,1,0,0,0,0,0,18,0,0,0,0
131143,1,1,0,0,0,0,0,0,0,0,0,0
131143,2,1,0,0,0,0,0,0,0,0,0,0
131144,0,1,0,0,0,23,0,0,0,0,0,39
131144,1,1,0,0,0,24,0,0,0,0,0,15
131144,2,1,0,0,0,0,0,0,29,0,0,0
131145,1,1,0,0,0,0,0,0,0,0,0,0
131145,2,1,0,0,0,0,0,0,0,0,0,0
131146,0,1,16,0,0,0,0,0,0,0,0,0
131146,1,1,0,15,0,0,14,0,0,0,0,0
131146,3,1,0,23,0,0,0,0,0,0,0,0
131147,1,1,0,0,0,0,0,0,0,0,0,0
131148,1,1,0,0,0,0,0,0,0,0,0,0
131149,1,1,4,4,4,4,4,4,4,4,4,4
131149,2,1,0,0,0,0,0,0,0,0,0,0
131150,1,1,21,21,21,21,21,21,21,21,21,21
131151,1,1,0,0,0,0,0,0,0,0,0,0
131152,0,1,23,0,6,26,0,38,0,0,34,0
131152,1,1,0,7,0,0,0,0,11,0,0,0
131153,1,1,0,0,0,0,0,0,0,0,0,0
131153,2,1,0,0,0,0,0,0,0,0,0,4
131154,1,1,9,0,0,25,0,26,0,7,0,0
131155,0,1,26,0,0,12,8,0,0,5,0,0
131155,0,2,0,0,0,0,11,0,15,0,0,0
131155,1,1,0,0,0,0,0,0,0,0,0,0
131156,0,1,0,0,0,8,28,8,29,9,0,36
131156,1,1,0,0,0,0,17,0,0,0,0,0
131157,1,1,27,27,27,27,27,27,27,27,27,27
131158,1,1,0,0,0,0,0,0,0,0,0,0
131158,2,1,0,0,0,0,0,0,0,0,0,0
131158,3,1,0,0,0,0,0,0,0,0,0,0
131158,4,1,0,0,0,0,0,0,0,0,0,0
131160,1,1,0,8,21,19,23,12,27,13,20,13
131161,1,1,14,14,14,14,14,14,14,14,14,14
131162,1,1,8,0,0,12,11,31,16,18,21,0
131163,0,1,15,15,15,15,15,15,15,15,15,15
131163,1,1,0,0,0,0,0,0,0,0,0,0
131163,2,1,0,0,0,0,2,0,0,0,0,0
131163,3,1,0,0,0,0,0,0,0,0,0,0
131164,0,1,19,19,19,19,19,19,19,19,19,19
131164,1,1,0,0,0,0,0,16,0,0,0,0
131165,0,1,0,0,0,0,0,0,0,0,0,0
131165,1,1,0,0,0,0,0,0,0,0,0,0
131166,0,1,32,0,0,0,0,18,0,27,8,8
131166,1,1,0,0,12,16,20,0,0,0,0,0
131167,1,1,0,11,0,0,0,0,0,17,0,0
131167,2,1,0,0,0,0,0,0,0,0,0,0
131168,1,1,0,0,0,0,12,0,0,0,0,0
131168,2,1,0,0,0,0,0,0,0,0,0,0
131168,3,1,0,0,0,0,0,0,0,0,0,0
131169,1,1,0,0,0,0,0,0,0,0,0,0
131169,2,1,0,0,0,0,0,0,0,0,0,0
131170,1,1,6,0,0,0,0,0,0,0,0,0
131171,1,1,0,0,0,0,0,0,0,0,0,0
131172,1,1,25,25,25,25,25,25,25,25,25,25
131173,1,1,0,0,0,0,0,0,0,0,0,0
131173,2,1,0,0,0,0,0,0,0,0,0,0
131175,1,1,0,0,0,0,0,0,0,0,0,0
131176,1,1,22,22,22,22,22,22,22,22,22,22
131177,0,1,0,0,0,0,0,0,0,0,12,0
131177,1,1,0,0,0,0,0,0,0,0,0,0
131178,1,1,0,0,0,0,0,0,0,0,0,0
131178,2,1,0,0,0,0,0,0,0,0,0,0
131178,3,1,0,0,0,0,0,0,0,0,0,0
131179,1,1,0,0,0,0,0,0,0,0,0,0
131180,1,1,17,17,17,17,17,17,17,17,17,17
131181,1,1,16,9,15,8,14,0,11,18,0,0
131182,1,1,0,0,0,0,0,0,0,0,0,0
131182,2,1,0,0,0,0,0,0,0,0,0,0
131183,1,1,0,0,0,0,0,0,0,0,0,0
131183,2,1,0,0,0,0,0,8,0,18,0,0
131184,1,1,19,19,19,19,19,19,19,19,19,19
131185,0,1,0,0,41,0,0,0,0,13,0,0
131185,1,1,0,0,0,17,0,0,0,7,0,0
131186,1,1,0,0,0,0,0,0,0,0,0,0
131187,1,1,0,0,0,0,0,0,0,0,0,0
131187,2,1,0,0,0,0,0,0,0,0,0,0
131188,1,1,1,1,1,1,1,1,1,1,1,1
131189,1,1,0,0,0,0,0,0,0,0,0,0
131190,1,1,0,0,0,0,0,0,24,0,0,0
131190,2,1,0,0,0,0,0,0,0,0,0,0
131191,1,1,0,0,0,0,0,0,0,0,0,0
131191,2,1,0,13,0,0,0,0,0,0,0,0
131191,3,1,0,0,0,0,0,18,0,0,0,0
131191,4,1,0,0,0,8,0,0,0,0,0,0
131191,5,1,0,25,0,0,0,0,0,0,0,0
131191,6,1,0,0,0,0,0,0,0,0,0,0
131192,0,1,0,0,0,0,18,0,17,0,0,0
131192,0,2,0,0,3,20,0,0,0,0,0,0
131192,1,1,0,16,0,0,6,6,0,4,0,0
131194,0,1,0,0,0,0,0,0,0,0,0,0
131194,1,1,0,0,0,0,0,0,0,0,0,0
131195,1,1,0,0,0,0,0,0,0,0,0,0
131195,2,1,0,0,0,0,0,0,0,0,0,0
131195,3,1,0,0,0,0,0,0,0,0,0,0
131196,1,1,25,0,0,0,0,0,0,19,0,0
131196,2,1,0,0,0,0,0,0,0,0,0,0
131198,1,1,0,0,0,0,28,0,0,0,0,0
131198,2,1,0,0,0,0,0,0,0,0,0,0
131199,0,1,0,31,0,0,0,0,0,0,10,0
131199,1,1,0,0,0,0,0,0,0,0,0,0
131200,0,1,0,0,0,0,0,0,0,0,0,0
131200,1,1,0,0,0,0,0,0,0,0,0,0
131201,1,1,5,5,5,5,5,5,5,5,5,5
131202,1,1,1,1,1,1,1,1,1,1,1,1
131202,2,1,0,0,0,0,0,0,0,0,0,0
131202,3,1,0,0,0,0,0,0,0,0,0,0
131203,1,1,5,5,5,5,5,5,5,5,5,5
131203,2,1,0,0,15,0,0,0,0,18,0,0
131205,1,1,0,0,16,0,0,8,0,0,0,0
131206,1,1,0,0,0,0,0,0,0,0,0,0
131208,1,1,0,0,0,0,22,0,13,11,23,12
131208,2,1,0,0,0,0,0,0,11,0,0,0
131209,1,1,19,19,19,19,19,19,19,19,19,19
131210,1,1,0,0,0,10,0,0,0,0,0,0
131211,1,1,20,0,22,0,1,18,27,0,12,0
131212,1,1,5,0,0,0,19,0,19,0,0,0
131214,1,1,0,0,0,0,0,0,0,0,0,0
131215,1,1,0,0,0,0,0,0,0,0,0,0
131215,2,1,0,0,0,0,0,0,0,0,0,0
131216,1,1,0,0,0,0,0,0,0,0,0,0
131216,2,1,0,16,0,26,0,0,37,25,0,0
131217,1,1,0,0,0,17,0,0,0,0,0,0
131217,2,1,0,0,0,0,0,0,0,0,0,0
131218,1,1,0,0,0,0,0,0,0,0,0,0
131219,1,1,0,0,0,0,0,0,0,0,0,0
131219,2,1,0,0,0,0,0,0,0,0,0,0
131220,1,1,0,29,0,0,27,27,9,0,11,12
131221,0,1,0,3,0,0,20,0,0,38,5,0
131221,1,1,0,18,7,0,0,0,12,0,0,0
131222,0,1,0,0,0,0,0,0,0,0,26,0
131222,1,1,24,0,0,2,0,0,0,0,0,0
131223,1,1,0,28,12,0,0,0,0,18,0,0
131224,1,1,19,19,19,19,19,19,19,19,19,19
131225,0,1,0,0,0,0,0,0,0,0,0,0
131225,1,1,0,0,0,0,0,0,0,0,0,0
131226,1,1,15,17,19,18,15,0,0,9,0,5
131226,2,1,0,0,0,0,0,0,0,0,0,0
131227,0,1,4,4,4,4,4,4,4,4,4,4
131227,1,1,0,0,26,0,0,0,15,0,16,0
131228,1,1,10,10,10,10,10,10,10,10,10,10
131228,2,1,0,0,0,0,0,0,10,0,0,0
131229,1,1,0,0,0,0,0,0,0,0,0,0
131229,2,1,5,5,5,5,5,5,5,5,5,5
131230,1,1,0,0,0,0,0,16,0,0,28,0
131230,2,1,0,0,0,0,0,0,0,0,0,0
131231,1,1,0,0,0,0,11,0,17,0,0,0
131232,1,1,0,0,0,0,0,0,0,0,0,0
131232,2,1,0,0,0,2,0,0,0,0,0,0
131233,1,1,0,0,0,0,0,0,0,0,0,0
131234,1,1,0,0,0,0,0,0,0,0,0,0
131234,2,1,0,0,0,0,0,0,0,0,0,0
131235,0,1,0,14,0,0,0,0,16,0,0,29
131235,1,1,0,0,0,0,0,0,0,0,0,0
131236,1,1,0,0,0,0,0,0,0,0,0,0
131236,2,1,0,0,0,0,0,26,0,0,30,0
131236,3,1,0,0,0,0,0,0,0,0,0,0
131237,1,1,0,0,0,0,0,0,0,0,0,0
131237,2,1,0,0,0,0,0,0,0,0,0,0
131238,1,1,20,20,20,20,20,20,20,20,20,20
131238,2,1,16,16,16,16,16,16,16,16,16,16
131239,1,1,0,0,0,0,0,0,0,0,0,4
131240,0,1,0,0,9,0,0,0,0,0,30,19
131240,1,1,0,0,0,0,0,0,0,0,0,0
131241,0,1,0,0,0,0,25,0,0,47,0,0
131241,1,1,0,0,0,0,0,0,25,0,0,0
131242,0,1,16,0,0,11,0,0,21,0,30,0
131242,1,1,0,0,0,0,0,0,0,0,0,0
131243,0,1,0,0,0,0,0,29,17,0,0,0
131243,1,1,0,0,0,22,0,0,0,0,0,0
131244,1,1,13,0,0,0,0,34,28,0,22,0
131245,0,1,0,28,0,0,0,10,0,25,0,0
131245,1,1,0,0,0,0,0,0,0,17,0,0
131245,2,1,0,0,0,0,0,0,0,0,0,0
131246,1,1,22,22,22,22,22,22,22,22,22,22
131246,2,1,0,0,0,0,0,0,0,0,0,0
131248,1,1,0,0,0,0,0,0,0,0,0,0
131250,1,1,18,18,18,18,18,18,18,18,18,18
131251,1,1,19,0,3,21,3,29,12,0,27,21
131252,1,1,34,31,6,14,0,4,0,11,28,18
131253,1,1,0,18,0,23,0,21,16,0,0,0
131254,1,1,0,0,0,0,0,0,0,0,0,0
131255,1,1,12,0,0,15,0,8,15,0,0,18
131256,0,1,0,0,18,0,0,0,0,0,20,0
131256,1,1,0,0,0,0,0,0,0,0,0,0
131257,1,1,0,0,30,0,0,0,0,0,0,0
131257,2,1,0,0,0,0,0,0,0,0,0,0
131258,1,1,0,0,0,0,0,0,0,0,0,0
131258,2,1,0,0,0,0,0,0,0,0,0,0
131259,1,1,0,20,0,0,15,24,0,0,0,0
131260,1,1,0,0,0,17,0,0,0,0,0,0
131261,1,1,0,0,13,13,13,0,0,28,12,18
131262,0,1,0,0,0,0,35,21,34,10,9,14
131262,1,1,0,4,0,0,0,0,0,0,0,0
131264,1,1,19,19,19,19,19,19,19,19,19,19
131265,1,1,0,0,0,0,0,0,0,0,0,0
131265,2,1,0,12,0,0,0,0,0,0,0,0
131266,1,1,11,11,11,11,11,11,11,11,11,11
131266,2,1,0,0,0,0,0,0,0,0,0,0
131267,0,1,18,0,0,0,21,0,0,0,19,3
131267,1,1,0,0,0,0,0,0,0,0,0,0
131268,1,1,0,0,0,0,0,0,0,0,0,0
131268,2,1,0,0,0,0,0,0,0,0,0,0
131269,1,1,16,16,16,16,16,16,16,16,16,16
131269,2,1,9,9,9,9,9,9,9,9,9,9
131270,0,1,0,0,0,0,0,0,0,29,0,0
131270,1,1,0,0,0,0,0,0,0,0,0,0
131272,1,1,15,15,15,15,15,15,15,15,15,15
131272,2,1,0,0,0,0,0,0,0,0,0,0
131273,1,1,8,8,8,8,8,8,8,8,8,8
131273,2,1,0,0,0,0,0,27,15,0,0,0
131273,3,1,0,0,19,0,0,0,0,0,0,0
131274,1,1,20,20,20,20,20,20,20,20,20,20
131275,1,1,27,27,27,27,27,27,27,27,27,27
131276,1,1,0,0,0,0,0,0,0,0,0,0
131277,1,1,0,0,0,0,0,0,0,0,0,0
131277,2,1,0,0,0,0,0,0,0,0,0,0
131277,3,1,0,0,0,0,0,0,0,0,0,0
131278,0,1,0,0,0,0,0,0,0,0,0,0
131278,1,1,0,0,0,0,0,0,0,0,0,0
131278,2,1,0,0,0,0,0,0,0,14,23,0
131279,1,1,0,0,45,0,0,0,0,0,0,0
131279,2,1,0,0,0,0,0,0,26,0,0,0
131280,1,1,0,0,0,0,0,0,0,0,0,0
131281,1,1,0,14,23,26,32,0,30,21,22,10
131282,1,1,26,26,26,26,26,26,26,26,26,26
131284,1,1,10,10,10,10,10,10,10,10,10,10
131284,2,1,0,0,0,8,0,8,0,15,0,0
131285,0,1,0,37,0,32,0,0,0,0,0,13
131285,1,1,0,20,0,21,0,0,0,0,0,11
131286,1,1,0,0,0,0,0,0,0,0,0,0
131286,2,1,0,0,0,0,0,0,0,0,0,0
131287,1,1,10,10,10,10,10,10,10,10,10,10
131287,2,1,0,0,0,0,0,0,0,0,0,0
131288,1,1,0,0,0,0,0,0,0,0,0,0
131289,0,1,0,24,0,0,0,0,0,23,0,0
131289,1,1,0,0,0,0,0,0,0,14,0,0
131290,1,1,11,0,0,0,0,0,0,0,0,0
131290,2,1,0,0,0,0,0,0,0,0,0,0
131291,1,1,10,10,10,10,10,10,10,10,10,10
131293,1,1,13,0,0,4,19,0,8,0,0,6
131294,1,1,16,16,16,16,16,16,16,16,16,16
131295,1,1,0,0,0,0,0,0,0,0,0,0
131296,1,1,0,0,0,0,0,0,0,0,0,0
131297,1,1,9,0,0,13,14,0,0,30,0,0
131298,0,1,0,0,25,32,0,0,0,7,0,0
131298,1,1,0,0,0,0,0,0,0,0,0,0
131299,1,1,0,0,0,0,0,0,0,0,0,0
131299,2,1,0,0,0,0,0,0,0,0,0,0
131300,0,1,0,0,0,0,0,0,0,0,0,0
131300,0,2,0,0,0,0,0,0,0,0,0,0
131300,1,1,0,0,0,37,27,0,0,0,0,0
131301,1,1,0,0,0,0,0,0,0,0,0,0
131301,2,1,0,0,0,0,0,0,0,0,0,0
131302,1,1,0,0,0,0,22,0,0,0,0,0
131303,1,1,0,0,0,0,0,0,0,0,0,0
131303,2,1,0,0,0,0,0,0,0,0,0,0
131304,1,1,0,8,0,14,0,0,0,7,24,9
131305,1,2,0,0,0,0,11,13,0,0,0,0
131306,1,1,0,0,0,0,0,0,0,0,0,0
131306,2,1,0,0,0,0,0,0,0,0,0,0
131308,1,1,0,0,0,0,0,0,0,0,0,0
131308,2,1,0,0,0,0,0,0,0,0,0,0
131309,1,1,0,0,0,0,0,0,0,0,0,0
131309,2,1,0,0,0,0,0,0,0,0,0,0
131310,0,1,0,0,0,0,26,21,24,31,0,0
131310,1,1,0,0,0,0,0,0,0,0,0,0
131311,1,1,0,0,0,0,0,0,0,0,0,0
131312,1,1,10,10,10,10,10,10,10,10,10,10
131312,2,1,3,3,3,3,3,3,3,3,3,3
131313,1,1,0,0,0,0,0,0,0,23,0,0
131313,2,1,0,0,0,0,0,0,0,0,0,0
131314,0,1,0,0,2,0,0,0,0,22,0,0
131314,1,1,0,0,0,0,0,0,0,0,0,0
131315,0,1,0,0,0,0,0,0,0,0,0,0
131315,1,1,25,0,18,5,7,0,0,0,0,0
131315,2,1,0,0,0,32,25,8,0,19,0,0
131316,1,1,23,23,23,23,23,23,23,23,23,23
131316,2,1,0,0,0,0,0,0,0,0,0,0
131317,1,1,0,14,21,20,7,0,0,23,23,0
131318,1,1,0,0,0,0,0,0,0,0,0,0
131318,2,1,0,0,0,0,0,0,0,0,0,0
131319,1,1,18,18,18,18,18,18,18,18,18,18
131320,1,1,0,0,0,0,0,0,0,0,0,0
131320,2,1,35,0,0,0,0,0,0,0,0,0
131321,1,1,23,23,23,23,23,23,23,23,23,23
131321,2,1,0,0,0,0,0,0,0,0,0,0
131323,0,1,0,17,0,0,0,0,0,0,0,0
131323,1,1,0,0,0,0,0,0,0,0,0,0
131324,1,1,0,0,0,0,0,0,0,0,0,0
131325,1,1,0,21,0,0,33,0,0,22,0,9
131325,2,1,0,9,15,0,0,0,0,0,0,0
131326,1,1,24,24,24,24,24,24,24,24,24,24
131327,1,1,24,24,24,24,24,24,24,24,24,24
131328,0,1,0,0,0,0,0,0,0,0,0,0
131328,1,1,6,4,11,0,0,0,12,0,0,0
131329,1,1,0,0,0,0,0,0,0,0,0,0
131329,2,1,0,0,0,0,0,0,0,0,0,0
131330,1,1,0,0,0,0,0,0,0,0,0,0
131331,1,1,9,9,9,9,9,9,9,9,9,9
131332,1,1,27,13,14,16,16,12,19,3,5,0
131333,1,1,0,0,0,0,0,0,0,20,0,0
131333,2,1,0,0,0,0,0,0,0,0,33,19
131334,1,1,0,0,0,0,0,0,0,0,0,0
131336,1,1,0,0,10,0,0,0,0,22,0,0
131336,2,1,0,0,0,0,0,0,0,0,12,0
131337,1,1,0,0,0,0,0,0,0,0,0,0
131337,2,1,0,0,0,0,0,0,0,0,0,0
131337,3,1,0,0,0,0,0,0,0,0,0,0
131338,0,1,0,0,0,8,0,0,0,10,10,0
131338,1,1,0,5,0,0,0,0,0,0,16,0
131339,1,1,0,0,0,0,31,0,0,41,7,14
131340,1,1,0,0,0,0,0,0,0,0,0,0
131341,1,1,0,0,0,0,0,0,0,0,0,0
131341,2,1,0,0,0,0,0,0,0,0,0,0
131341,3,1,0,0,0,0,0,0,0,0,0,0
131342,1,1,0,0,0,14,0,27,0,33,0,0
131343,1,1,0,0,0,0,0,0,0,0,0,0
131343,2,1,0,0,0,0,0,0,0,0,0,0
131343,3,1,0,0,0,0,0,0,0,0,0,0
131344,0,1,0,23,0,0,0,0,0,0,0,0
131344,1,1,0,0,0,0,0,0,12,0,0,19
131345,1,1,0,0,0,0,0,0,0,0,0,0
131346,1,1,0,0,0,0,0,0,0,0,0,0
131347,1,1,0,4,0,0,0,7,9,0,0,0
131347,2,1,0,16,0,0,0,16,0,0,0,0
131348,1,1,0,0,0,0,0,0,0,0,0,0
131349,0,1,0,0,27,5,29,0,0,30,0,0
131349,1,1,0,0,0,0,0,0,19,0,0,14
131350,1,1,0,0,0,0,0,13,0,0,0,0
131351,1,1,29,29,29,29,29,29,29,29,29,29
131352,1,1,7,0,18,16,4,30,8,22,7,11
131352,2,1,0,0,0,11,0,0,0,7,0,0
131353,1,1,0,0,0,0,0,0,0,0,0,0
131354,1,1,17,0,0,0,0,0,0,0,0,0
131354,2,1,0,0,0,0,0,0,0,0,0,0
131355,1,1,20,0,0,0,0,0,0,0,0,0
131355,2,1,0,0,0,0,0,0,0,0,0,0
131356,1,1,0,0,0,0,0,0,0,0,0,0
131357,1,1,23,23,23,23,23,23,23,23,23,23
131357,2,1,0,0,0,0,0,0,0,0,0,0
131360,2,1,0,0,0,16,8,0,0,0,0,20
131361,1,1,34,34,34,34,34,34,34,34,34,34
131363,1,1,0,0,0,0,0,0,0,0,0,0
131363,2,1,0,0,0,0,0,0,0,0,0,11
131364,0,1,0,2,0,0,0,0,0,0,0,0
131364,1,1,0,0,0,0,0,0,0,0,0,0
131365,0,1,0,0,0,0,0,0,0,0,0,0
131365,1,1,0,0,0,0,0,0,0,0,0,0
131366,0,1,0,0,0,0,18,0,0,0,0,0
131366,1,1,0,0,0,0,0,0,0,0,0,0
131368,1,1,38,0,0,0,0,19,0,0,28,0
131368,2,1,10,10,10,10,10,10,10,10,10,10
131369,1,1,0,14,21,0,12,21,14,0,11,0
131370,1,1,17,17,17,17,17,17,17,17,17,17
131371,1,1,0,0,0,0,0,0,0,0,0,0
131371,2,1,0,0,0,0,0,0,0,0,0,0
131372,1,1,0,21,0,30,0,0,6,0,0,0
131373,1,1,0,0,0,0,0,0,0,0,0,0
131374,1,1,0,0,0,0,0,0,0,0,0,0
131375,1,1,22,32,0,0,5,0,16,0,27,0
131376,1,1,0,0,0,0,0,0,0,0,0,0
131376,2,1,0,0,0,0,0,0,0,0,0,0
131377,1,1,0,0,0,0,0,0,0,9,0,0
131377,2,1,0,0,0,0,0,0,0,0,0,0
131378,0,1,0,0,0,0,0,0,0,0,0,0
131378,1,1,0,0,0,0,0,0,0,0,0,0
131379,1,1,0,0,0,0,0,0,0,0,0,0
131379,2,1,0,0,0,0,0,0,0,0,0,0
131380,1,1,12,12,12,12,12,12,12,12,12,12
131381,1,1,0,0,0,0,0,0,0,0,0,20
131382,1,1,0,0,0,0,0,0,0,0,0,0
131382,2,1,0,0,0,0,0,0,0,0,0,0
131383,0,1,28,28,28,28,28,28,28,28,28,28
131383,1,1,0,0,0,0,0,0,0,0,0,0
131384,1,1,13,0,13,0,0,0,0,0,10,0
131384,2,1,0,0,0,0,0,0,0,0,0,0
131385,1,1,7,7,7,7,7,7,7,7,7,7
131386,0,1,25,8,31,0,32,0,0,11,0,0
131386,1,1,0,0,0,0,0,0,0,0,0,0
131387,1,1,0,11,24,18,0,33,40,24,17,21
131388,1,1,0,0,0,0,0,0,0,0,0,0
131388,2,1,0,0,0,0,0,0,0,0,0,0
131389,1,1,0,0,0,0,0,0,0,0,0,0
131389,2,1,0,0,0,0,0,0,0,0,0,0
131390,1,1,0,0,28,0,6,0,0,0,0,0
131391,0,1,0,0,0,0,0,0,0,0,0,0
131391,1,1,0,0,0,0,0,0,0,0,0,0
131392,1,1,0,0,0,0,0,0,0,0,0,0
131393,1,1,27,27,27,27,27,27,27,27,27,27
131394,1,1,17,17,17,17,17,17,17,17,17,17
131394,2,1,0,0,0,0,0,0,0,15,0,0
131395,0,1,17,17,17,17,17,17,17,17,17,17
131395,1,1,0,0,2,7,18,11,17,0,2,0
131396,1,1,0,0,0,0,0,0,0,0,0,0
131396,2,1,0,0,0,0,0,0,0,0,0,0
131397,0,1,16,0,0,32,0,26,0,0,0,0
131397,1,1,18,9,0,0,9,9,0,12,9,0
131398,1,1,1,1,1,1,1,1,1,1,1,1
131398,2,1,2,2,2,2,2,2,2,2,2,2
131398,3,1,0,0,0,0,0,0,0,0,0,0
131399,1,1,0,0,0,0,0,0,0,20,0,0
131399,2,1,0,0,0,0,0,0,0,0,0,0
131400,0,1,0,0,0,0,0,0,0,0,0,0
131400,2,1,0,0,0,0,14,0,0,0,0,22
131400,3,1,0,0,0,15,0,0,0,0,0,0
131400,4,1,0,0,0,9,0,0,0,0,0,0
131400,5,1,0,0,0,26,0,0,0,0,0,0
131401,1,1,0,0,0,0,0,0,9,0,0,0
131402,1,1,0,0,0,0,0,0,0,0,0,0
131402,2,1,0,0,0,0,0,0,0,0,0,0
131403,1,1,24,0,12,17,0,0,17,0,0,0
131404,0,1,0,2,0,0,0,0,22,0,0,0
131404,1,1,0,0,0,0,0,0,0,0,0,0
131405,0,1,0,0,0,0,0,0,0,0,0,0
131405,1,1,0,7,0,0,0,11,0,16,0,0
131406,1,1,0,0,0,0,0,0,24,0,37,8
131407,0,1,0,0,0,0,0,0,0,0,0,0
131407,1,1,0,0,0,0,0,0,0,0,0,0
131408,0,1,0,20,0,26,0,0,0,0,0,17
131408,1,1,0,0,0,0,0,0,0,0,0,11
131409,1,1,15,0,0,11,0,14,0,0,14,0
131410,0,1,0,0,0,0,0,0,0,0,0,0
131410,1,1,0,0,0,0,0,0,0,0,0,0
131411,1,1,0,0,0,0,0,0,0,0,0,13
131412,1,1,0,12,0,0,18,19,0,0,0,0
131414,1,1,0,0,0,0,18,0,0,0,0,0
131414,2,1,0,0,0,0,0,0,0,0,0,0
131415,0,1,24,0,18,7,0,0,0,9,6,0
131415,1,1,0,0,0,0,2,0,0,0,17,0