ST_CASE,VEH_NO,PER_NO,P1,P2,P3,P4,P5,P6,P7,P8,P9,P10
131417,1,1,0,0,0,0,0,0,0,0,0,0
131417,2,1,0,0,0,0,0,0,0,0,0,0
131418,1,1,0,11,0,23,0,0,22,22,9,20
131419,0,1,24,20,12,0,35,2,11,0,0,15
131419,1,1,0,0,0,0,0,0,0,0,0,0
131420,1,1,7,12,0,0,0,0,0,0,0,0
131421,1,1,23,0,12,0,12,0,0,10,0,0
131421,2,1,0,0,0,0,0,0,0,0,0,0
131422,1,1,0,0,0,0,0,0,23,0,0,0
131422,2,1,0,0,0,0,0,0,0,0,0,0
131423,1,1,0,0,0,0,0,0,0,0,0,0
131424,1,1,0,0,0,0,0,0,0,0,0,0
131424,2,1,0,0,0,0,0,0,0,0,0,0
131424,3,1,0,0,0,0,0,0,0,0,0,0
131425,1,1,0,0,0,0,0,0,0,0,0,0
131425,2,1,10,10,10,10,10,10,10,10,10,10
131426,0,1,0,0,0,0,0,0,0,0,0,0
131426,1,1,0,0,0,0,0,0,0,0,0,0
131427,1,1,0,0,0,0,0,0,0,0,0,0
131428,1,1,0,0,43,0,24,27,22,0,13,31
131429,1,1,0,0,0,0,0,0,0,0,0,17
131430,1,1,0,0,0,0,0,0,0,0,0,0
131430,2,1,0,0,0,0,0,10,0,0,0,0
131430,3,1,0,0,0,0,0,0,0,0,0,0
131431,1,1,29,29,29,29,29,29,29,29,29,29
131432,1,1,9,9,9,9,9,9,9,9,9,9
131433,0,1,0,29,0,22,8,13,0,0,0,27
131433,1,1,0,0,0,0,0,0,0,0,0,0
131434,0,1,28,0,9,0,0,19,0,23,0,14
131434,0,2,30,0,0,0,26,24,0,0,0,0
131434,1,1,19,0,19,0,0,13,0,0,0,0
131435,1,1,0,0,0,0,0,0,0,0,0,0
131435,2,1,0,0,0,0,0,0,0,0,0,0
131436,1,1,9,6,19,0,0,14,14,2,9,0
131436,2,1,0,0,0,13,0,0,0,7,0,0
131437,1,1,0,0,0,0,0,0,0,0,0,0
131438,1,1,0,0,0,0,0,19,0,0,26,0
131439,1,1,8,0,0,19,0,0,0,0,0,0
131439,2,1,0,0,0,0,0,0,0,0,0,0
131440,1,1,0,0,0,0,0,0,0,0,0,0
131440,2,1,0,0,0,0,0,0,0,0,0,0
131441,1,1,0,0,0,0,0,0,0,0,0,0
131442,1,1,13,17,0,10,14,20,0,17,0,20
131442,2,1,0,0,0,0,0,0,0,0,0,0
131443,1,1,0,0,0,0,0,0,0,0,0,0
131443,2,1,0,0,0,0,0,0,0,0,0,0
131443,3,1,0,0,0,0,0,0,0,0,0,0
131444,1,1,15,11,18,20,20,0,44,17,23,11
131445,1,1,0,0,0,0,0,0,0,0,0,0
131445,2,1,0,0,0,0,0,0,0,0,0,0
131445,3,1,16,0,0,0,0,0,0,0,0,0
131446,0,1,0,0,0,0,0,0,0,0,0,0
131446,1,1,0,0,0,0,0,0,0,0,0,0
131447,1,1,0,0,0,0,0,0,0,0,0,0
131447,2,1,0,0,0,0,0,0,0,0,0,0
131448,1,1,0,0,0,0,0,0,0,0,0,0
131448,2,1,0,0,0,0,0,0,0,0,0,0
131448,3,1,0,0,0,0,0,0,0,0,0,0
131449,1,1,0,0,0,0,0,0,0,0,0,0
131450,1,1,0,28,7,0,0,0,8,0,0,12
131451,1,1,16,16,16,16,16,16,16,16,16,16
131452,1,1,0,0,0,0,0,0,0,0,0,0
131452,2,1,0,0,0,0,0,0,0,0,0,0
131452,3,1,0,0,0,0,0,0,0,0,0,0
131453,1,1,0,0,0,0,0,0,0,0,0,0
131453,2,1,0,0,0,0,0,0,0,0,0,0
131454,1,1,0,0,0,0,0,0,0,0,0,0
131454,2,1,0,0,0,0,0,0,0,0,0,0
131455,0,1,0,0,0,0,0,0,0,0,0,0
131455,1,1,0,0,0,0,0,0,0,0,0,0
131456,1,1,0,0,0,8,0,0,0,0,0,0
131456,2,1,0,0,0,0,0,0,0,0,9,14
131457,0,1,0,0,0,0,0,0,0,0,0,0
131457,1,1,0,0,0,0,3,0,0,0,0,0
131458,1,1,0,0,0,0,0,0,0,0,0,0
131460,1,1,0,0,0,0,0,0,0,0,0,10
131460,2,1,0,0,0,0,0,0,0,0,0,0
131461,1,1,0,0,0,0,0,0,0,0,0,0
131461,2,1,0,0,0,0,0,0,0,0,0,0
131463,1,1,0,20,0,0,4,0,0,0,14,0
131463,2,1,0,0,0,0,11,0,0,0,0,0
131464,0,1,0,0,0,0,16,46,0,9,21,2
131464,1,1,0,0,0,0,0,0,0,13,0,0
131465,1,1,0,0,0,0,0,0,0,0,13,0
131466,1,1,0,0,0,0,0,0,0,0,0,0
131466,2,1,0,0,0,0,0,0,0,0,0,0
131467,1,1,0,0,0,0,0,0,0,0,0,0
131467,2,1,0,0,0,0,0,10,0,0,0,0
131468,0,1,0,0,0,0,0,0,0,0,0,0
131468,1,1,0,0,0,0,0,0,0,0,0,0
131470,0,1,0,0,0,0,0,0,0,0,0,0
131470,1,1,0,0,0,0,0,0,0,0,0,0
131471,0,1,14,0,6,23,18,0,18,23,0,0
131471,1,1,13,0,0,20,0,0,0,0,0,0
131472,1,1,0,21,0,0,0,0,0,0,0,0
131473,1,1,0,0,0,0,0,0,0,0,0,0
131473,2,1,0,0,0,0,0,0,0,0,0,0
131474,1,1,0,0,0,0,0,0,0,0,0,0
131475,1,1,0,0,0,0,0,0,8,0,0,0
131475,2,1,0,0,0,0,0,0,0,0,0,0
131476,0,1,27,11,0,21,20,40,9,11,25,7
131476,1,1,0,0,0,0,0,7,0,0,0,15
131477,1,1,0,0,0,0,0,0,0,0,0,0
131477,2,1,0,0,0,0,0,0,0,0,0,33
131478,1,1,1,1,1,1,1,1,1,1,1,1
131479,1,1,15,12,0,0,0,0,0,0,0,0
131479,2,1,0,0,0,0,0,0,0,0,0,0
131480,1,1,0,0,0,13,0,0,0,0,0,7
131481,1,1,0,0,0,0,0,0,0,0,0,0
131481,2,1,0,0,0,0,0,0,0,0,0,0
131482,1,1,0,0,0,0,0,0,0,26,0,0
131482,2,1,0,0,0,0,0,0,0,0,0,0
131482,3,1,0,0,0,0,0,0,0,0,0,0
131482,4,1,0,0,0,0,0,0,0,0,0,0
131483,1,1,18,18,18,18,18,18,18,18,18,18
131483,2,1,0,0,0,0,0,0,0,0,0,0
131483,3,1,0,0,0,0,0,0,0,0,0,0
131483,4,1,0,0,0,0,0,0,3,0,0,0
131484,0,1,0,0,0,0,0,0,0,0,0,0
131484,1,1,0,0,0,0,0,0,0,0,0,0
131485,0,1,0,0,0,0,0,0,0,0,0,0
131485,1,1,0,0,0,0,0,0,0,0,0,0
131485,2,1,0,0,0,0,21,0,0,0,0,0
131486,1,1,0,0,0,0,0,12,10,27,19,0
131487,1,1,0,0,0,0,0,0,0,11,0,0
131487,2,1,0,6,0,0,0,0,0,0,0,0
131488,0,1,0,0,0,19,0,0,0,0,0,0
131488,1,1,0,0,0,0,0,0,0,0,0,0
131489,0,1,25,0,15,0,0,0,18,7,0,0
131489,1,1,0,0,0,0,15,0,0,0,21,0
131490,1,1,0,0,23,0,0,0,0,0,0,7
131490,2,1,0,10,0,0,16,0,0,0,0,0
131491,1,1,0,0,0,0,0,0,0,0,0,0
131491,2,1,0,0,0,0,0,0,0,0,0,0
131492,1,1,13,0,7,0,0,0,0,0,0,0
131493,1,1,0,0,33,0,14,0,0,0,0,0
131494,1,1,0,0,0,0,4,0,0,0,0,0
131494,2,1,0,0,0,0,0,0,0,0,0,0
131495,1,1,28,28,28,28,28,28,28,28,28,28
131495,2,1,0,0,0,0,9,0,0,0,0,0
131495,3,1,0,0,0,0,0,0,0,0,0,0
131496,1,1,16,0,27,14,18,0,0,10,12,21
131497,1,1,16,16,16,16,16,16,16,16,16,16
131498,1,1,0,0,0,0,0,0,0,0,0,0
131498,2,1,0,0,0,0,0,21,0,0,0,0
131499,1,1,0,0,0,0,0,0,0,0,0,0
131499,2,1,0,0,0,0,0,0,0,0,0,0
131500,1,1,17,16,13,34,47,8,7,15,11,11
131501,1,1,0,0,0,0,0,0,0,0,0,0
131502,0,1,22,22,22,22,22,22,22,22,22,22
131502,1,1,0,0,0,7,0,0,0,0,0,0
131503,1,1,10,10,10,10,10,10,10,10,10,10
131504,1,1,0,35,17,13,0,0,0,5,5,0
131505,1,1,15,15,15,15,15,15,15,15,15,15
131506,1,1,18,18,18,18,18,18,18,18,18,18
131507,1,1,14,0,0,3,23,0,18,0,0,39
131508,1,1,17,0,0,11,16,11,0,2,11,0
131509,0,1,0,0,0,0,0,0,0,0,0,0
131509,1,1,0,0,0,0,0,0,0,0,0,0
131510,1,1,0,0,0,0,0,0,0,0,0,0
131510,2,1,0,0,0,0,0,0,0,0,0,0
131511,1,1,0,0,0,12,0,0,0,0,0,0
131512,1,1,21,21,21,21,21,21,21,21,21,21
131513,0,1,0,0,0,0,30,33,0,0,0,0
131513,1,1,0,22,0,0,0,0,0,0,0,0
131514,0,1,31,31,31,31,31,31,31,31,31,31
131514,1,1,0,0,0,0,0,0,0,0,0,0
131515,1,1,18,18,18,18,18,18,18,18,18,18
131516,0,1,9,15,35,0,0,0,0,0,21,19
131516,1,1,0,0,0,0,0,0,0,0,0,0
131516,2,1,0,0,0,0,7,0,0,0,0,0
131517,0,1,0,0,0,0,0,0,33,0,0,0
131517,1,1,0,0,0,0,0,0,0,0,0,0
131518,0,1,0,0,0,0,0,31,0,0,0,0
131518,0,2,0,19,0,0,0,0,0,0,0,0
131518,1,1,0,0,0,0,0,0,0,0,0,8
131518,2,1,0,3,0,0,0,0,0,0,0,0
131519,0,1,17,30,22,25,6,37,13,24,12,7
131519,1,1,0,0,0,0,0,0,0,24,0,0
131520,1,1,0,0,0,0,0,0,0,0,0,0
131520,2,1,0,0,0,0,0,0,0,0,0,0
131520,3,1,0,0,0,0,0,0,0,0,0,0
131521,1,1,0,0,0,0,0,0,0,0,5,0
131521,2,1,0,0,0,0,0,0,0,0,0,0
131522,1,1,20,20,20,20,20,20,20,20,20,20
131523,0,1,0,0,0,0,0,0,32,0,0,0
131523,1,1,0,0,0,0,0,0,0,0,0,0
131524,1,1,33,10,19,20,11,22,14,0,0,4
131525,0,1,0,0,0,0,0,0,0,0,0,0
131525,1,1,0,0,0,0,0,0,0,0,0,0
131526,1,1,17,21,14,21,18,0,0,0,22,20
131527,0,1,0,0,0,33,0,0,0,10,0,0
131527,1,1,0,0,0,0,0,0,0,0,0,0
131528,1,1,0,0,0,0,0,0,0,0,0,0
131529,1,1,24,24,24,24,24,24,24,24,24,24
131529,2,1,0,0,0,0,0,0,0,0,0,0
131530,1,1,0,0,0,0,0,0,0,0,0,0
131530,2,1,0,0,0,0,0,0,0,0,0,0
131531,0,1,0,24,15,0,0,0,39,44,0,11
131531,1,1,0,0,0,0,0,0,7,0,0,0
131532,0,1,2,2,2,2,2,2,2,2,2,2
131532,1,1,4,0,0,0,0,0,0,21,6,7
131532,2,1,0,0,0,0,0,0,0,0,0,20
131533,1,1,0,0,16,6,17,16,7,12,24,0
131534,1,1,0,0,0,0,0,0,0,0,0,0
131534,2,1,0,0,0,0,0,0,0,0,0,0
131535,1,1,0,0,0,0,0,0,0,0,0,0
131535,2,1,0,0,30,0,0,0,29,0,0,0
131537,1,1,0,0,0,0,0,0,0,0,0,0
131538,1,1,0,0,0,0,0,0,0,0,0,0
131538,2,1,0,0,0,0,0,0,0,0,0,0
131539,1,1,0,0,0,0,0,0,0,0,0,0
131539,2,1,0,0,0,0,0,0,0,0,0,0
131539,3,1,12,0,0,0,0,0,0,0,0,0
131539,4,1,0,0,0,0,0,0,0,0,0,0
131540,1,1,0,0,0,0,0,0,0,0,0,0
131540,2,1,0,0,0,0,0,0,0,0,0,0
131541,1,1,0,0,0,0,0,0,0,0,0,0
131542,0,1,0,0,0,0,0,0,0,0,0,0
131542,1,1,0,0,0,0,0,0,0,0,0,0
131543,1,1,0,0,0,0,0,0,0,0,0,0
131543,2,1,0,0,0,0,0,0,0,0,0,0
131544,1,1,0,0,0,0,0,0,0,0,0,0
131544,2,1,0,0,0,0,0,0,0,0,0,0
131545,1,1,0,0,0,0,0,0,0,0,0,0
131545,2,1,0,0,0,20,0,0,0,0,0,0
131546,0,1,23,23,23,23,23,23,23,23,23,23
131546,1,1,0,0,0,0,0,0,0,0,0,0
131547,1,1,0,0,0,0,0,0,0,0,0,0
131548,1,1,0,0,0,0,0,0,0,0,0,0
131548,2,1,0,0,0,0,0,0,0,0,0,0
131548,3,1,0,0,0,0,0,0,0,0,0,0
131549,1,1,0,0,0,0,0,0,0,0,0,0
131550,1,1,0,0,0,0,0,0,0,0,0,0
131550,2,1,0,0,0,0,0,0,0,0,0,0
131551,1,1,11,0,13,7,0,0,0,0,11,0
131551,2,1,0,0,0,0,0,0,0,0,0,0
131552,1,1,0,0,0,0,0,0,0,0,0,0
131553,1,1,0,0,0,0,21,0,0,0,0,0
131553,2,1,0,0,0,0,0,0,0,0,0,0
131554,1,1,0,0,0,0,0,0,0,0,0,0
131554,2,1,0,0,0,0,0,0,0,0,0,0
131554,3,1,0,0,0,0,0,0,0,0,0,0
131555,1,1,12,12,12,12,12,12,12,12,12,12
131555,2,1,0,0,0,0,0,0,0,0,0,0
131556,1,1,0,0,0,0,0,0,0,0,0,0
131556,2,1,0,0,0,0,0,0,0,0,0,18
131557,1,1,0,0,0,0,0,0,0,0,0,0
131558,1,1,0,0,0,0,0,0,0,0,0,0
131558,2,1,0,0,0,0,0,0,0,0,0,0
131559,1,1,0,0,0,0,0,0,0,0,0,0
131560,1,1,0,0,0,0,0,0,0,0,0,0
131560,2,1,0,0,0,0,0,24,0,0,0,24
131560,3,1,0,0,0,0,0,0,0,0,0,0
131561,1,1,0,0,0,0,0,13,0,0,0,0
131562,0,1,28,28,28,28,28,28,28,28,28,28
131562,1,1,2,0,0,6,0,0,0,0,0,0
131563,1,1,0,0,0,0,0,0,6,0,0,0
131563,2,1,0,0,11,0,0,0,0,0,0,0
131563,3,1,0,0,0,0,0,0,0,0,0,0
131564,1,1,13,13,13,13,13,13,13,13,13,13
131565,1,1,0,0,0,0,0,0,0,0,0,0
131565,2,1,0,0,0,0,0,0,0,0,0,0
131566,1,1,0,0,0,0,0,0,0,0,0,0
131567,1,1,6,0,9,0,0,0,0,17,22,0
131568,1,1,0,0,0,0,0,0,0,0,0,0
131568,2,1,0,0,0,0,0,0,0,0,0,0
131569,1,1,16,0,0,0,0,0,16,0,0,0
131570,1,1,0,16,0,33,0,16,0,0,0,0
131570,2,1,0,0,0,0,0,0,0,0,0,0
131572,1,1,0,0,0,0,0,0,0,0,0,0
131572,2,1,0,7,0,0,0,0,0,0,0,21
131573,1,1,0,0,0,0,0,0,0,0,0,0
131573,2,1,0,0,0,0,0,0,0,0,0,0
131574,1,1,0,0,0,0,0,0,0,0,0,0
131574,2,1,0,0,0,0,0,0,0,0,0,0
131575,1,1,0,0,0,0,0,0,0,0,0,0
131575,2,1,0,0,0,0,0,0,0,0,0,0
131575,3,1,0,0,0,0,0,0,0,0,0,0
131576,1,1,17,6,11,0,15,0,0,0,14,0
131577,1,1,20,0,0,0,22,0,0,0,20,0
131578,1,1,7,0,5,0,10,26,23,0,0,0
131579,1,1,0,17,15,0,0,0,0,0,0,0
131580,1,1,0,0,0,0,0,0,0,0,0,0
131580,2,1,0,0,0,0,0,0,0,0,0,0
131581,1,1,0,20,27,0,0,0,0,0,0,35
131581,2,1,0,0,0,0,0,0,0,0,0,0
131582,0,1,0,33,0,0,0,0,0,37,15,18
131582,1,1,13,13,0,23,0,20,0,0,12,10
131583,1,1,27,27,27,27,27,27,27,27,27,27
131583,2,1,0,0,0,0,0,0,0,0,0,0
131583,3,1,0,0,0,0,0,0,0,0,0,0
131584,1,1,0,0,0,0,0,0,0,0,0,0
131585,0,1,0,0,0,0,0,0,14,19,0,0
131585,1,1,6,17,0,0,0,0,14,10,10,5
131586,0,1,0,17,20,13,14,37,6,0,0,0
131586,1,1,11,11,11,11,11,11,11,11,11,11
131587,0,1,0,0,3,0,0,9,13,0,0,0
131587,1,1,0,0,0,0,10,0,0,0,0,0
131588,1,1,14,14,14,14,14,14,14,14,14,14
131589,0,1,15,15,15,15,15,15,15,15,15,15
131589,1,1,0,0,0,0,0,0,0,0,0,0
131590,1,1,0,7,0,0,0,9,0,0,0,0
131591,1,1,0,0,0,0,0,0,0,0,0,0
131592,1,1,0,0,0,0,0,0,0,0,0,0
131592,2,1,0,0,0,0,0,0,0,0,0,0
131593,1,1,0,0,0,0,0,0,0,0,0,0
131594,1,1,22,22,8,0,0,0,17,0,7,0
131595,1,1,16,16,16,16,16,16,16,16,16,16
131596,0,1,4,4,4,4,4,4,4,4,4,4
131596,1,1,0,0,0,0,0,0,0,0,0,0
131597,0,1,0,0,0,0,0,0,0,0,0,0
131597,1,1,11,0,0,0,0,0,0,0,0,0
131597,2,1,0,0,0,0,0,0,0,0,0,0
131598,1,1,6,6,6,6,6,6,6,6,6,6
131599,1,1,15,15,15,15,15,15,15,15,15,15
131600,1,1,14,0,21,20,0,39,0,0,0,0
131601,1,1,0,0,0,0,0,0,0,0,0,0
131601,2,1,0,0,0,0,8,0,0,0,0,0
131602,1,1,21,21,21,21,21,21,21,21,21,21
131602,2,1,0,0,0,0,0,0,0,0,0,0
131602,3,1,0,0,0,0,0,0,0,0,0,0
131602,4,1,0,0,0,0,0,0,0,0,0,0
131603,1,1,17,17,17,17,17,17,17,17,17,17
131604,1,1,0,28,0,0,0,0,0,28,7,0
131604,2,1,0,0,0,0,0,0,0,0,0,0
131605,1,1,33,33,33,33,33,33,33,33,33,33
131606,0,1,0,0,0,0,0,0,0,0,0,0
131606,1,1,0,0,0,0,0,11,0,0,0,0
131607,1,1,0,0,0,0,0,0,0,0,0,0
131608,1,1,0,0,0,0,0,0,0,0,0,0
131608,2,1,0,0,0,0,0,0,0,0,0,0
131609,0,1,0,0,0,0,0,0,0,0,17,21
131609,1,1,0,0,0,0,0,0,0,0,0,0
131610,1,1,0,0,0,0,0,0,0,0,0,0
131610,2,1,0,0,0,0,0,0,0,0,0,0
131611,1,1,0,0,0,0,0,0,0,0,0,0
131612,1,1,5,5,5,5,5,5,5,5,5,5
131612,2,1,0,0,0,0,0,20,0,0,0,0
131613,1,1,0,0,0,0,0,0,0,0,0,0
131613,2,1,0,0,0,0,0,0,0,0,0,0
131614,0,1,0,0,0,0,0,0,0,0,0,0
131614,1,1,11,0,0,0,0,0,0,0,0,0
131615,1,1,0,0,0,0,31,5,0,0,0,14
131616,0,1,0,0,0,0,0,0,0,18,0,0
131616,1,1,0,0,0,0,0,0,0,0,0,0
131617,1,1,0,0,0,0,0,0,0,0,0,0
131617,2,1,0,0,0,0,0,0,0,0,0,0
131618,1,1,0,0,0,0,0,0,0,0,0,0
131619,1,1,0,0,0,0,0,0,0,0,0,0
131619,2,1,0,0,0,0,0,0,0,0,0,0
131620,0,1,19,0,12,0,0,30,22,0,0,15
131620,1,1,0,0,0,0,0,0,0,0,0,0
131621,1,1,0,0,0,0,0,0,0,0,0,0
131622,1,1,0,26,10,0,0,0,0,0,0,0
131623,1,1,0,0,0,0,0,0,0,0,0,0
131623,2,1,0,0,0,0,0,0,0,0,0,0
131623,3,1,0,0,0,0,0,0,0,0,0,0
131624,1,1,0,0,0,0,0,0,0,0,0,0
131625,0,1,49,49,49,49,49,49,49,49,49,49
131625,1,1,9,0,0,0,4,0,25,12,8,8
131626,1,1,0,0,0,0,0,0,0,0,0,0
131627,1,1,0,24,0,29,6,24,0,0,0,30
131627,2,1,0,0,0,0,0,0,0,0,0,0
131628,1,1,0,0,0,0,0,0,0,0,0,0
131628,2,1,0,0,0,0,0,0,0,0,0,0
131628,3,1,0,0,0,0,0,0,0,0,0,0
131629,1,1,0,0,0,0,0,0,0,0,0,0
131629,2,1,0,0,0,0,0,0,0,0,0,0
131630,1,1,0,0,0,0,0,0,0,0,0,0
131631,1,1,0,0,0,0,0,0,0,0,0,0
131632,1,1,0,0,0,0,0,0,0,0,0,0
131632,2,1,0,0,0,0,0,0,0,30,0,0
131633,0,1,16,0,0,0,15,12,0,0,0,0
131633,1,1,7,0,0,0,0,10,0,0,0,0
131634,1,1,18,18,18,18,18,18,18,18,18,18
131635,1,1,25,25,25,25,25,25,25,25,25,25
131636,1,1,25,25,25,25,25,25,25,25,25,25
131637,1,1,0,0,0,0,0,0,0,0,0,0
131638,1,1,2,2,2,2,2,2,2,2,2,2
131639,1,1,15,0,38,0,0,0,0,0,0,0
131640,1,1,0,0,0,0,0,0,0,0,0,0
131641,1,1,16,16,16,16,16,16,16,16,16,16
131642,0,1,3,0,0,0,0,0,0,12,0,25
131642,1,1,0,0,0,0,0,0,0,0,0,0
131643,0,1,4,0,19,29,12,15,0,22,0,28
131643,1,1,0,0,0,0,0,0,0,0,0,20
131644,1,1,0,0,0,0,0,0,0,0,0,0
131644,2,1,0,0,0,0,0,0,0,0,0,0
131646,1,1,0,0,28,0,0,0,0,0,0,0
131647,1,1,12,12,12,12,12,12,12,12,12,12
131647,2,1,0,0,0,0,0,0,0,0,0,0
131648,1,1,0,0,0,0,0,0,0,0,0,0
131648,2,1,0,0,0,0,0,18,0,0,0,0
131648,3,1,0,0,0,4,0,13,0,0,0,0
131649,1,1,0,34,0,0,5,0,0,0,0,0
131650,1,1,4,4,4,4,4,4,4,4,4,4
131651,1,1,0,0,0,0,0,0,0,0,0,0
131652,1,1,0,0,0,0,0,0,0,0,0,0
131652,2,1,0,0,0,0,0,0,0,0,0,0
131653,1,1,16,9,0,0,0,10,12,0,0,0
131653,2,1,0,0,0,17,0,0,0,0,0,0
131654,1,1,0,0,0,15,0,0,0,17,0,0
131655,1,1,0,0,0,0,0,0,0,0,0,0
131655,2,1,0,0,0,0,0,0,0,0,0,0
131655,3,1,0,0,0,0,0,0,0,0,0,0
131656,1,1,0,0,0,0,0,0,0,0,0,0
131657,0,1,0,0,0,0,0,23,21,0,0,0
131657,1,1,0,0,0,0,0,0,0,0,0,0
131657,2,1,0,0,0,0,0,0,0,0,14,0
131658,0,1,23,0,0,21,23,0,12,14,32,0
131658,1,1,0,0,0,0,0,0,8,0,0,0
131659,0,1,0,26,0,0,0,0,0,0,0,0
131659,1,1,0,0,0,0,0,0,0,0,0,0
131660,0,1,0,0,10,20,0,0,0,0,0,0
131660,1,1,25,30,0,0,0,17,0,23,0,0
131661,1,1,0,6,0,0,13,0,0,0,0,0
131661,2,1,0,0,0,0,0,0,24,0,0,6
131662,1,1,16,13,19,16,22,18,15,17,6,43
131663,1,1,0,0,0,0,0,0,0,0,12,0
131663,2,1,0,27,0,6,0,0,0,0,0,0
131664,1,1,0,0,0,0,0,0,0,0,0,0
131665,1,1,0,0,14,0,0,0,0,0,17,0
131665,2,1,0,0,0,0,0,9,0,0,0,0
131666,0,1,0,0,0,0,0,0,0,0,0,0
131666,1,1,0,0,0,0,0,0,0,0,0,0
131667,0,1,0,0,0,0,0,0,0,0,0,0
131667,1,1,0,8,0,39,0,13,0,12,26,9
131668,1,1,24,24,24,24,24,24,24,24,24,24
131669,1,1,0,0,0,0,0,0,0,0,0,0
131670,1,1,0,0,0,0,0,0,0,0,0,0
131670,2,1,0,0,0,0,0,0,0,0,0,0
131671,0,1,0,0,0,0,26,0,0,0,0,0
131671,1,4,0,0,0,0,0,0,0,0,0,0
131672,0,1,0,0,0,0,0,40,0,0,0,0
131672,1,1,0,22,0,0,0,0,12,0,0,0
131673,1,1,19,19,19,19,19,19,19,19,19,19
131674,0,1,17,24,0,0,0,0,31,0,0,0
131674,1,1,0,0,0,0,0,0,0,0,0,0
131675,1,1,21,0,19,0,5,10,19,20,23,0
131676,1,1,0,14,22,20,15,0,0,12,0,16
131677,1,1,0,0,0,0,0,0,0,0,0,0
131677,2,1,0,0,0,0,0,0,0,0,0,0
131678,1,1,17,35,27,9,0,0,24,5,0,0
131678,2,1,0,0,0,0,0,0,0,0,0,0
131679,1,1,0,0,0,0,0,0,0,0,0,0
131679,2,1,0,0,0,0,0,0,0,0,0,0
131679,3,1,0,0,0,0,0,0,0,0,0,0
131679,4,1,0,0,0,0,0,0,0,0,0,0
131680,0,1,4,20,0,12,0,0,0,34,20,0
131680,1,1,15,29,8,5,0,0,0,0,0,0
131681,0,1,36,0,0,0,0,0,0,0,0,0
131681,1,1,0,0,6,0,4,0,0,0,0,0
131681,2,1,0,8,0,0,0,13,0,0,0,0
131681,3,1,0,0,0,25,2,0,0,0,0,0
131682,0,1,0,0,17,0,0,0,0,32,12,0
131682,1,1,17,0,0,0,11,0,0,14,0,0
131683,1,1,0,0,0,0,0,0,0,0,0,0
131683,2,1,0,0,0,0,0,0,0,0,0,0
131684,0,1,0,0,12,0,0,8,0,21,0,31
131684,1,1,0,0,0,0,0,0,0,0,0,0
131685,1,1,0,0,0,0,0,0,0,0,0,0
131685,2,1,0,0,0,0,0,0,0,0,0,0
131685,3,1,0,0,0,0,0,0,0,0,0,0
131685,4,1,0,0,0,0,0,0,0,0,0,0
131685,5,1,0,0,0,0,0,0,0,0,0,0
131686,1,1,32,17,9,0,12,17,0,29,18,19
131687,1,1,0,0,0,21,0,32,0,0,0,0
131688,1,1,0,0,0,19,0,27,0,0,0,0
131688,2,1,0,0,0,0,0,0,0,0,0,0
131689,1,1,0,0,0,0,0,0,0,0,0,0
131690,0,1,20,20,20,20,20,20,20,20,20,20
131690,1,1,0,0,0,0,0,0,0,0,0,0
131691,1,1,0,0,0,0,0,0,0,0,0,0
131692,0,1,22,0,0,0,0,0,0,0,0,0
131692,1,1,0,0,0,0,0,0,0,0,0,0
131693,0,1,16,16,16,16,16,16,16,16,16,16
131693,1,1,0,0,0,0,0,0,0,0,0,0
131693,2,1,0,0,11,0,0,0,29,0,0,0
131694,1,1,40,16,13,20,27,29,0,8,10,6
131694,2,1,0,0,0,0,0,0,11,0,0,0
131695,1,1,0,0,0,0,0,0,0,0,0,0
131697,1,1,27,0,0,28,42,0,0,0,0,18
131698,1,1,0,0,0,0,0,0,0,0,0,0
131699,1,1,18,0,14,0,0,0,0,19,16,0
131700,1,1,0,0,0,0,0,0,0,0,0,0
131700,2,1,0,0,0,0,0,0,0,0,0,0
131701,1,1,15,15,15,15,15,15,15,15,15,15
131702,1,1,0,0,0,0,0,0,0,0,0,0
131703,1,1,0,0,0,0,0,0,0,0,0,0
131703,2,1,0,0,0,0,0,0,0,0,0,0
131704,0,1,0,28,0,19,0,0,37,24,0,0
131704,1,1,0,11,0,0,0,0,0,0,0,0
131705,1,1,0,0,0,0,0,0,0,0,0,0
131706,0,1,16,16,16,16,16,16,16,16,16,16
131706,1,1,0,0,0,0,0,0,0,0,0,0
131707,1,1,0,19,35,29,0,12,0,0,14,19
131708,0,1,0,0,0,17,0,0,0,0,0,0
131708,0,2,0,0,0,0,0,0,0,0,0,0
131708,1,1,0,0,0,13,6,16,14,9,4,0
131711,1,1,23,23,23,23,23,23,23,23,23,23
131711,2,1,0,0,0,0,0,0,0,0,0,0
131712,1,1,0,0,0,0,0,0,0,0,0,0
131712,2,1,0,0,0,0,0,0,0,0,0,0
131713,1,1,0,17,0,0,0,0,23,24,0,15
131714,1,1,0,0,0,0,0,0,0,0,0,0
131714,2,1,0,0,0,0,0,0,0,0,0,0
131715,1,1,0,23,0,5,0,18,21,0,15,9
131716,1,1,14,14,14,14,14,14,14,14,14,14
131716,2,1,0,0,0,0,0,0,0,0,0,27
131717,0,1,11,22,0,0,39,10,32,0,0,0
131717,1,1,0,23,0,8,0,17,0,16,0,0
131718,1,1,18,18,6,24,9,25,17,28,15,7
131719,1,1,0,0,0,0,0,26,0,0,0,0
131719,2,1,0,0,0,28,14,0,0,0,0,0