ST_CASE,VEH_NO,PER_NO,P1,P2,P3,P4,P5,P6,P7,P8,P9,P10
131720,1,1,0,0,0,0,0,0,0,0,0,0
131720,2,1,0,0,0,0,0,0,0,0,0,0
131721,1,1,23,23,23,23,23,23,23,23,23,23
131722,1,1,0,0,0,0,0,0,0,0,0,0
131722,2,1,0,0,0,0,0,0,0,0,0,0
131722,3,1,0,0,0,0,0,0,0,0,0,0
131731,1,1,0,0,0,0,0,0,0,0,0,0
131731,2,1,22,0,0,0,0,0,0,0,0,0
131734,1,1,0,0,0,0,0,0,0,0,0,0
131734,2,1,13,14,0,22,19,8,17,21,39,20
131735,0,1,16,0,0,0,0,0,0,0,0,0
131735,0,2,0,0,18,0,25,0,0,0,0,0
131735,1,1,0,0,0,0,0,0,0,0,0,0
131736,1,1,0,22,0,0,0,0,0,0,34,0
131736,2,1,0,0,0,0,0,0,0,0,0,0
131737,1,1,0,0,0,0,0,0,0,0,0,0
131738,0,1,0,30,0,0,0,0,28,0,0,17
131738,1,1,0,0,0,0,0,0,0,0,0,0
131739,1,1,19,24,6,16,0,0,0,0,9,0
131739,2,1,0,0,0,0,9,0,0,0,0,0
131740,1,1,21,12,0,0,0,19,0,0,0,0
131740,2,1,0,0,0,0,0,0,0,0,0,0
131741,1,1,20,17,0,0,0,0,0,25,0,0
131745,1,1,0,0,0,0,0,0,0,0,0,0
131745,2,1,0,0,0,0,0,0,0,0,0,0
131745,3,1,0,0,0,0,0,0,0,0,0,0
131745,4,1,0,0,0,0,0,0,0,0,0,0
131746,1,1,0,0,0,0,0,26,0,0,0,0
131747,1,1,20,20,20,20,20,20,20,20,20,20
131747,2,1,0,0,0,19,0,0,0,0,0,0
131748,1,1,0,0,0,0,0,0,0,0,0,0
131748,2,1,0,0,0,0,0,0,0,0,0,0
131748,3,1,0,0,0,0,0,0,0,0,0,0
131749,1,1,0,0,0,0,0,0,12,0,0,0
131749,2,1,0,0,0,0,0,0,0,0,0,0
131752,0,1,0,0,0,0,0,0,21,16,0,0
131752,1,1,0,0,0,0,0,0,0,0,0,0
131753,1,1,0,0,0,0,0,0,0,0,0,0
131754,1,1,31,31,31,31,31,31,31,31,31,31
131756,1,1,0,0,0,0,0,0,0,0,0,0
131756,2,1,0,0,0,0,0,0,0,0,0,0
131757,1,1,0,2,29,28,0,0,0,0,14,11
131758,1,1,0,0,0,0,0,0,0,0,0,0
131759,1,1,0,43,0,35,0,0,0,0,0,0
131760,0,1,0,0,0,0,0,0,0,0,0,0
131760,1,1,0,0,0,0,0,0,0,0,4,0
131761,0,1,0,0,0,0,0,0,0,0,0,0
131761,1,1,0,0,0,0,0,0,0,0,0,0
131761,2,1,0,0,0,0,0,0,0,0,0,0
131761,3,1,0,0,0,0,0,0,0,0,0,0
131762,1,1,0,0,0,0,0,0,0,0,0,0
131762,2,1,0,0,0,0,0,0,0,0,0,0
131763,1,1,12,10,12,11,0,0,15,15,12,0
131764,0,1,0,0,0,0,0,0,0,0,0,0
131764,1,1,0,0,0,0,0,0,0,0,0,0
131765,1,1,0,0,10,0,0,0,8,0,0,0
131765,2,1,0,0,0,0,0,0,0,15,0,0
131766,1,1,0,0,0,27,0,24,0,0,0,0
131766,2,1,0,0,0,0,0,0,0,28,13,12
131768,0,1,28,28,28,28,28,28,28,28,28,28
131768,2,1,0,0,0,0,0,0,0,0,0,0
131769,1,1,12,0,0,0,0,0,0,0,0,0
131770,1,1,6,6,6,6,6,6,6,6,6,6
131770,2,1,0,0,28,0,0,29,0,0,0,0
131770,3,1,0,0,0,0,20,0,34,0,0,0
131770,4,1,0,0,0,0,0,0,0,0,10,0
131771,1,1,14,14,14,14,14,14,14,14,14,14
131771,2,1,0,0,14,0,0,0,0,0,0,0
131772,1,1,12,0,23,0,16,25,0,0,24,0
131773,1,1,0,0,0,0,0,0,0,0,0,0
131773,2,1,0,0,6,0,0,0,0,0,0,0
131773,3,1,0,0,0,0,0,10,0,0,0,0
131773,4,1,0,0,0,0,0,0,0,0,0,0
131773,5,1,0,0,0,0,0,0,0,0,0,0
131774,0,1,0,0,0,0,26,0,0,24,0,0
131774,1,1,0,0,0,0,0,0,0,16,0,0
131775,1,1,0,0,0,0,0,0,0,0,0,0
131776,1,1,0,28,0,0,0,0,0,0,0,20
131777,1,1,2,2,2,2,2,2,2,2,2,2
131778,1,1,0,0,0,0,0,0,0,0,0,0
131778,2,1,0,0,0,0,0,0,0,0,0,0
131780,1,1,4,21,0,5,0,0,0,24,30,0
150001,0,1,22,22,22,22,22,22,22,22,22,22
150001,1,1,0,26,6,0,0,0,0,0,26,0
150002,1,1,17,17,17,17,17,17,17,17,17,17
150003,0,1,0,0,0,0,0,0,0,0,0,0
150003,1,1,0,0,0,0,0,16,0,0,0,15
150004,0,1,12,12,12,12,12,12,12,12,12,12
150004,1,1,12,5,0,0,7,0,0,7,26,16
150005,1,1,0,0,0,0,0,0,0,0,0,0
150006,0,1,24,24,24,24,24,24,24,24,24,24
150006,1,1,24,0,0,0,0,0,0,0,0,0
150007,1,1,7,7,7,7,7,7,7,7,7,7
150007,2,1,0,0,0,0,0,0,0,0,0,0
150008,0,1,0,0,0,0,0,0,0,0,0,0
150008,1,1,12,12,12,12,12,12,12,12,12,12
150009,1,1,0,0,0,0,0,0,0,0,0,0
150009,2,1,0,0,0,0,0,0,0,0,0,0
150009,3,1,0,0,0,0,0,0,0,0,0,0
150010,0,1,0,0,0,0,0,0,0,0,0,0
150010,1,1,0,0,0,0,0,0,0,0,0,0
150011,1,1,8,0,9,8,0,0,12,18,21,0
150012,1,1,28,28,28,28,28,28,28,28,28,28
150013,1,1,12,0,0,19,0,17,0,17,14,19
150014,1,1,36,36,36,36,36,36,36,36,36,36
150014,2,1,0,0,0,0,0,0,0,0,0,0
150014,3,1,0,0,0,0,0,0,0,0,0,0
150015,1,1,0,0,0,0,0,0,0,0,0,0
150015,2,1,0,0,0,0,0,0,0,0,0,0
150016,1,1,9,9,9,9,9,9,9,9,9,9
150016,2,1,0,0,12,0,0,0,0,0,0,0
150017,1,1,0,0,0,4,0,0,0,0,0,0
150017,2,1,11,11,11,11,11,11,11,11,11,11
150018,0,1,0,0,0,0,0,0,0,0,0,0
150018,1,1,0,0,0,0,0,0,0,0,0,0
150019,1,1,0,0,0,0,0,0,0,0,0,0
150020,1,1,1,1,1,1,1,1,1,1,1,1
150021,0,1,20,0,0,0,0,9,0,0,0,0
150021,1,1,7,7,7,7,7,7,7,7,7,7
150022,1,1,0,0,0,0,0,0,0,0,0,0
150023,0,1,31,0,0,0,0,0,0,0,0,0
150023,1,1,0,0,12,12,0,0,0,7,15,0
150024,1,1,0,0,0,0,0,0,0,0,0,0
150024,2,1,0,0,0,0,0,0,0,0,0,0
150025,0,1,0,0,0,0,0,0,0,0,0,0
150025,1,1,31,0,10,0,0,0,0,0,0,21
150026,1,1,18,18,18,18,18,18,18,18,18,18
150027,1,1,0,0,0,0,0,0,0,0,0,0
150028,0,1,0,0,0,0,0,0,0,0,0,0
150028,1,1,0,0,0,0,0,0,0,0,0,5
150028,2,1,7,0,0,0,0,0,0,0,0,0
150029,1,1,19,19,19,19,19,19,19,19,19,19
150030,1,1,0,0,0,0,0,0,0,0,0,0
150031,1,1,21,21,21,21,21,21,21,21,21,21
150032,0,1,0,0,13,0,0,0,0,25,0,7
150032,1,1,0,0,0,0,12,0,0,0,0,0
150033,0,1,0,0,0,0,0,0,0,0,0,0
150033,1,1,14,14,14,14,14,14,14,14,14,14
150034,1,1,0,0,0,0,0,0,0,0,0,0
150034,2,1,0,0,0,0,0,0,0,0,0,0
150035,0,1,12,11,20,0,0,23,0,0,22,0
150035,1,1,0,0,0,0,0,0,0,0,0,0
150036,0,1,0,0,0,0,0,24,0,0,0,0
150036,1,1,0,0,0,0,0,0,0,0,18,0
150037,1,1,0,0,0,0,0,0,0,0,13,21
150037,2,1,0,0,0,0,0,0,0,0,0,0
150037,3,1,14,0,18,0,0,0,0,19,0,0
150038,1,1,0,0,0,0,0,0,0,0,0,0
150038,2,1,0,0,0,0,0,0,0,0,0,0
150038,3,1,0,0,0,0,0,0,0,0,0,0
150039,1,1,23,23,23,23,23,23,23,23,23,23
150039,2,1,0,0,0,0,0,0,0,0,0,0
150040,1,1,0,0,0,0,0,0,0,0,0,26
150042,1,1,0,0,0,0,0,0,0,0,0,0
150042,2,1,17,0,0,0,0,0,0,0,12,0
150042,3,1,0,0,0,0,0,0,0,0,0,0
150043,1,1,0,0,0,0,0,0,0,0,0,0
150043,2,1,0,0,0,0,0,0,0,0,0,0
150043,3,1,0,0,0,0,0,0,0,0,0,0
150044,1,1,0,0,0,0,0,0,0,0,0,0
150045,1,1,15,15,15,15,15,15,15,15,15,15
150045,2,1,0,0,0,0,0,0,0,0,0,0
150046,0,1,0,0,0,0,0,0,0,0,0,0
150046,1,1,26,0,0,16,0,10,0,0,9,0
150047,1,1,0,0,0,0,0,0,0,0,0,0
150048,0,1,2,2,2,2,2,2,2,2,2,2
150048,1,1,14,0,0,0,0,0,23,0,13,6
150048,2,1,14,0,0,20,14,0,16,0,0,0
150049,0,1,17,0,19,19,39,0,21,0,0,43
150049,1,1,0,0,9,15,0,0,23,5,0,11
150050,0,1,11,11,11,11,11,11,11,11,11,11
150050,1,1,0,0,0,0,0,0,0,0,0,0
150051,1,1,9,9,9,9,9,9,9,9,9,9
150051,2,1,0,0,0,0,0,0,0,0,0,0
150052,1,1,0,0,0,0,0,0,0,0,0,0
150052,2,1,0,0,0,0,0,0,0,0,0,0
150053,1,1,1,1,1,1,1,1,1,1,1,1
150054,1,1,0,0,0,0,0,0,0,0,0,0
150054,2,1,0,0,0,0,0,0,0,0,0,0
150055,1,1,0,0,0,0,0,0,0,0,0,0
150056,1,1,0,0,0,0,15,0,0,0,0,0
150056,2,1,0,19,0,0,0,0,0,0,0,0
150056,3,1,0,0,0,0,0,0,0,0,0,0
150057,1,1,0,0,0,0,0,0,0,0,0,0
150057,2,1,0,0,0,0,0,0,0,0,18,0
150057,3,1,0,0,0,0,0,0,0,0,0,0
150058,1,1,5,5,5,5,5,5,5,5,5,5
150058,2,1,0,31,0,0,16,0,22,0,0,0
150059,1,1,0,0,0,0,0,0,0,0,0,0
150060,1,1,0,0,0,0,0,0,0,0,0,0
150060,2,1,0,0,0,0,0,0,0,0,0,0
150060,3,1,0,0,0,0,0,0,0,0,0,0
150061,1,1,7,7,7,7,7,7,7,7,7,7
150061,2,1,9,9,9,9,9,9,9,9,9,9
150062,1,1,24,24,24,24,24,24,24,24,24,24
150063,0,1,0,0,0,0,0,0,0,0,0,0
150063,1,1,0,0,0,0,0,21,12,0,9,0
150064,0,1,0,0,0,0,0,0,0,0,0,25
150064,1,1,0,0,0,0,0,0,0,0,0,0
150065,1,1,0,0,0,0,0,10,0,0,0,0
150065,2,1,0,0,0,0,0,0,0,0,0,0
150066,0,1,0,0,0,0,0,0,0,0,0,0
150066,1,1,0,0,0,0,0,0,0,0,0,0
150067,1,1,24,24,24,24,24,24,24,24,24,24
150067,2,1,0,0,0,0,0,0,0,0,0,0
150067,3,1,0,0,0,0,0,0,0,0,0,0
150067,4,1,0,0,0,0,0,0,0,0,0,0
150068,1,1,0,0,0,0,0,0,0,0,0,0
150070,1,1,0,0,0,0,0,0,0,0,0,0
150070,2,1,0,0,0,0,0,0,0,0,0,0
150071,0,1,0,0,0,0,0,0,0,0,0,0
150071,1,1,0,0,4,16,18,0,0,0,10,3
150072,1,1,13,13,13,13,13,13,13,13,13,13
150072,2,1,0,0,15,0,26,20,0,8,0,0
150073,1,1,0,0,0,0,0,0,0,0,0,0
150073,2,1,0,0,0,0,0,0,0,0,0,0
150073,3,1,0,0,0,0,0,0,0,0,0,0
150074,1,1,0,0,0,0,0,0,0,0,0,0
150074,2,1,0,0,0,0,0,0,0,0,0,0
150075,1,1,18,19,15,24,10,0,0,0,13,4
150076,1,1,17,17,17,17,17,17,17,17,17,17
150077,1,1,0,0,0,0,0,49,0,0,0,12
150077,2,1,0,0,0,0,0,0,0,0,0,33
150078,0,1,0,0,0,0,0,0,0,0,0,0
150078,1,1,3,42,0,0,0,26,0,0,0,0
150080,1,1,0,0,0,0,0,0,0,0,0,0
150081,1,1,0,0,0,0,0,0,0,0,0,0
150081,2,1,0,0,0,0,0,0,0,0,0,0
150082,1,1,0,0,0,0,0,0,0,0,0,0
150083,0,1,0,0,0,0,0,0,0,0,10,0
150083,1,1,0,0,0,0,0,0,16,0,0,16
150084,0,1,0,0,0,0,0,12,14,0,0,0
150084,0,2,0,0,0,0,0,0,12,0,30,25
150084,1,1,0,0,0,0,0,0,13,14,16,17
150085,1,1,5,5,5,5,5,5,5,5,5,5
150085,2,1,0,0,0,0,0,0,0,0,0,0
150086,1,1,0,0,0,0,0,7,27,0,0,0
150086,2,1,8,8,8,8,8,8,8,8,8,8
150087,0,1,0,0,24,0,0,0,0,0,0,0
150087,1,1,0,0,0,0,0,0,0,0,0,0
150088,1,1,0,12,5,0,11,19,0,5,14,10
150089,1,1,27,27,27,27,27,27,27,27,27,27
150090,1,1,0,0,0,0,0,0,0,0,0,0
150090,2,1,42,0,0,0,0,0,0,0,9,0
150091,0,1,25,25,25,25,25,25,25,25,25,25
150091,1,1,26,12,0,0,5,11,0,0,0,0
150092,0,1,21,21,21,21,21,21,21,21,21,21
150092,1,1,11,11,11,11,11,11,11,11,11,11
150094,1,1,28,28,28,28,28,28,28,28,28,28
150094,2,1,0,0,0,0,0,0,0,0,0,0
150095,1,1,25,25,25,25,25,25,25,25,25,25
150096,1,1,0,0,0,0,0,0,0,0,0,0
150096,2,1,0,0,0,0,0,0,0,0,0,0
150097,0,1,0,0,0,0,0,0,0,0,0,0
150097,1,1,0,0,0,0,0,0,0,0,0,0
150098,1,1,0,0,0,17,0,0,0,0,0,38
150098,2,1,0,0,0,0,0,0,0,0,0,0
150099,1,1,6,6,6,6,6,6,6,6,6,6
150100,1,1,0,0,0,0,0,0,0,0,0,0
150101,1,1,0,0,0,0,0,0,0,0,0,0
150101,2,1,0,0,0,0,0,0,16,14,0,0
150102,0,1,0,0,0,0,0,0,0,0,0,0
150102,1,1,0,0,8,7,23,0,0,0,14,0
150103,0,1,13,13,13,13,13,13,13,13,13,13
150103,1,1,0,0,0,0,0,0,0,0,0,0
150104,1,1,0,0,27,0,7,3,0,9,12,14
150105,1,1,0,0,0,0,0,0,0,0,0,0
150106,0,1,0,22,0,25,23,21,24,0,17,30
150106,1,1,17,0,0,0,0,0,0,0,0,13
150107,1,1,15,14,17,6,17,3,0,0,0,14
150107,2,1,0,0,0,0,0,0,0,0,0,0
150108,1,1,0,0,0,0,0,7,0,0,0,0
150108,2,1,0,0,0,0,0,0,0,0,0,0
150109,0,1,14,0,32,14,0,27,28,0,20,0
150109,1,1,9,25,15,16,0,0,0,0,0,0
150110,1,1,0,0,0,0,0,0,0,0,0,0
150110,2,1,0,0,0,0,0,0,0,0,0,0
150111,0,1,8,28,0,12,0,0,31,0,0,31
150111,1,1,0,0,0,0,0,0,0,0,0,0
150112,1,1,0,0,0,0,0,0,0,0,0,0
150113,1,1,0,6,12,0,0,0,0,0,0,0
150114,0,1,17,42,24,0,8,20,22,0,0,15
150114,1,1,7,17,9,18,0,0,15,7,0,0
150115,1,1,0,0,0,0,0,0,0,0,0,0
160001,1,1,0,0,0,16,0,0,0,15,0,0
160002,1,1,0,0,0,0,0,0,0,0,0,0
160003,1,1,21,21,21,21,21,21,21,21,21,21
160004,1,1,0,0,0,0,0,0,0,0,0,0
160006,1,1,12,12,12,12,12,12,12,12,12,12
160006,2,1,0,0,0,0,0,0,0,0,0,0
160006,3,1,0,0,13,0,0,0,0,0,0,0
160006,4,1,0,0,0,0,0,0,0,0,0,0
160006,5,1,0,0,0,0,0,0,0,0,0,0
160006,6,1,0,0,0,0,0,0,30,0,0,0
160007,1,1,17,17,17,17,17,17,17,17,17,17
160007,2,1,18,18,18,18,18,18,18,18,18,18
160009,1,1,0,0,0,0,0,15,0,0,0,4
160009,2,1,0,0,0,0,0,0,0,0,0,0
160010,1,1,0,0,0,0,0,0,0,0,0,0
160011,1,1,0,0,0,0,0,0,0,0,0,0
160011,2,1,0,0,0,0,0,0,0,0,0,0
160012,1,1,0,0,0,0,0,0,12,0,0,0
160012,2,1,0,0,0,0,0,0,0,0,0,0
160013,1,1,0,0,0,0,0,0,0,0,0,0
160014,1,1,0,0,0,0,0,0,0,0,0,0
160015,1,1,0,0,0,0,0,0,0,0,0,0
160016,1,1,0,0,8,0,0,0,0,0,0,0
160018,0,1,33,33,33,33,33,33,33,33,33,33
160018,1,1,0,0,0,0,0,0,0,0,0,0
160019,0,1,10,11,32,17,0,25,9,0,12,13
160019,1,1,0,0,0,0,0,0,0,0,0,0
160020,1,1,0,0,0,0,0,0,0,0,0,0
160020,2,1,0,0,0,0,0,0,0,0,0,0
160021,1,1,0,0,0,0,0,0,0,0,0,0
160021,2,1,0,0,0,0,0,0,0,0,0,0
160022,0,1,16,16,16,16,16,16,16,16,16,16
160022,1,1,0,0,0,0,0,0,0,0,0,0
160023,1,1,0,0,0,0,0,0,0,0,0,0
160023,2,1,0,0,0,0,0,0,0,0,0,0
160024,1,1,0,0,0,0,0,0,0,0,0,0
160024,2,1,0,0,0,0,0,0,0,0,0,0
160025,1,1,0,0,0,8,0,0,0,0,0,0
160025,2,1,0,0,0,0,0,0,0,0,0,0
160025,3,1,0,0,0,0,0,0,0,0,0,0
160025,4,1,0,0,0,0,0,0,0,0,0,0
160025,5,1,0,0,0,0,0,0,0,0,0,0
160025,6,1,0,0,0,0,0,0,0,0,0,0
160025,7,1,0,0,0,0,0,0,0,0,18,0
160025,8,1,0,0,0,0,0,0,0,0,0,0
160026,1,1,16,16,16,16,16,16,16,16,16,16
160027,1,1,0,0,0,0,0,0,0,0,0,0
160027,2,1,0,0,0,0,0,0,0,0,0,0
160027,3,1,0,0,0,0,0,0,0,0,0,0
160028,1,1,16,16,16,16,16,16,16,16,16,16
160028,2,1,0,0,0,0,0,0,0,0,0,0
160030,1,1,0,0,0,0,0,0,0,0,9,0
160030,2,1,0,0,0,0,0,0,0,0,0,0
160030,3,1,0,0,0,0,0,0,0,0,0,0
160030,4,1,0,0,0,0,0,0,0,0,0,0
160030,5,1,0,0,0,0,0,0,0,0,0,0
160031,1,1,0,0,0,0,0,0,0,0,0,0
160031,2,1,0,0,0,0,0,0,0,16,0,0
160032,1,1,25,25,25,25,25,25,25,25,25,25
160032,2,1,0,0,0,0,0,0,0,0,0,0
160033,1,1,0,0,0,0,0,0,0,0,0,0
160033,2,1,0,0,0,0,7,0,0,0,0,0
160034,1,1,0,0,0,0,0,0,0,0,0,0
160034,2,1,0,0,0,0,0,0,0,0,0,0
160035,1,1,15,15,15,15,15,15,15,15,15,15
160036,1,1,12,12,12,12,12,12,12,12,12,12
160036,2,1,0,0,19,0,0,0,18,0,0,0
160037,1,1,17,17,17,17,17,17,17,17,17,17
160037,2,1,0,0,0,0,0,0,0,0,0,0
160037,3,1,0,10,0,0,0,0,0,0,0,0
160038,1,1,19,19,19,19,19,19,19,19,19,19
160039,1,1,0,0,0,0,0,0,0,0,0,0
160039,2,1,0,0,0,0,0,0,0,0,0,0
160040,1,1,0,0,0,0,0,0,0,0,0,0
160041,1,1,0,0,0,0,0,0,0,0,0,0
160041,2,1,0,0,0,0,0,0,0,0,0,0
160042,1,1,0,0,0,0,0,0,0,0,0,0
160042,2,1,0,0,0,0,0,6,0,0,12,0
160043,1,1,0,0,0,0,0,0,0,0,0,0
160043,2,1,0,0,0,0,0,0,0,0,0,0
160044,1,1,13,13,13,13,13,13,13,13,13,13
160045,1,1,0,0,0,0,0,0,0,0,0,0
160046,1,1,22,22,22,22,22,22,22,22,22,22
160047,1,1,0,0,0,0,0,0,0,0,0,0
160047,2,1,0,0,0,0,0,0,0,0,0,0
160048,1,1,0,0,0,0,0,0,0,0,0,0
160048,2,1,0,0,0,0,0,0,0,0,0,0
160049,0,1,33,33,33,33,33,33,33,33,33,33
160049,1,1,0,0,0,0,0,0,0,0,0,0
160050,1,1,0,0,0,0,0,0,0,0,0,0
160051,1,1,12,16,33,24,15,19,17,19,26,14
160052,1,1,0,0,0,0,0,0,0,0,0,0
160052,2,1,0,0,0,0,0,12,0,0,13,12
160053,1,1,23,23,23,23,23,23,23,23,23,23
160054,1,1,24,24,24,24,24,24,24,24,24,24
160055,1,1,0,16,0,0,19,11,17,5,22,0
160055,2,1,0,0,0,0,0,0,0,0,0,0
160056,1,1,15,15,15,15,15,15,15,15,15,15
160057,1,1,40,40,40,40,40,40,40,40,40,40
160057,2,1,0,0,0,0,0,0,0,0,0,0
160058,1,1,21,21,21,21,21,21,21,21,21,21
160059,1,1,15,15,15,15,15,15,15,15,15,15
160059,2,1,0,0,0,0,0,0,0,0,0,0
160060,1,1,18,18,18,18,18,18,18,18,18,18
160060,2,1,0,0,0,0,0,0,0,0,0,0
160061,1,1,0,25,21,0,5,13,7,0,0,12
160062,1,1,26,26,26,26,26,26,26,26,26,26
160063,1,1,20,20,20,20,20,20,20,20,20,20
160064,1,1,34,34,34,34,34,34,34,34,34,34
160065,1,1,0,0,0,0,0,0,0,0,0,0
160066,1,1,0,0,0,0,0,0,0,0,0,0
160067,1,1,0,0,0,0,0,0,0,0,28,0
160067,2,1,0,0,0,0,0,0,0,0,0,0
160068,1,1,0,0,0,0,0,0,0,0,0,0
160069,1,1,23,23,23,23,23,23,23,23,23,23
160069,2,1,4,4,4,4,4,4,4,4,4,4
160070,1,1,0,0,0,0,0,0,0,0,0,0
160070,2,1,0,0,0,0,0,0,0,0,9,26
160071,1,1,23,23,23,23,23,23,23,23,23,23
160071,2,1,13,13,13,13,13,13,13,13,13,13
160071,3,1,0,0,0,0,0,18,0,0,0,0
160071,4,1,9,0,0,0,0,9,0,0,0,0
160072,1,1,0,0,0,0,0,37,1,0,0,0
160072,2,1,0,0,0,0,0,0,0,0,0,0
160073,1,1,0,0,0,0,0,0,0,0,0,0
160074,1,1,22,22,22,22,22,22,22,22,22,22
160074,2,1,0,0,0,0,0,0,0,0,0,0
160075,1,1,0,0,0,0,0,0,0,0,0,0
160076,1,1,20,20,20,20,20,20,20,20,20,20
160077,1,1,26,26,26,26,26,26,26,26,26,26
160078,1,1,27,27,27,27,27,27,27,27,27,27
160079,1,1,0,0,0,0,0,0,0,0,0,0
160079,2,1,6,19,0,0,0,0,0,0,0,0
160080,1,1,0,0,26,0,0,0,0,0,0,0
160081,1,1,0,0,0,8,0,0,0,0,0,0
160082,1,1,0,0,0,0,0,0,0,0,0,0
160082,2,1,0,0,0,0,0,0,0,0,0,0
160083,1,1,0,0,0,0,0,0,0,0,0,0
160083,2,1,0,0,0,0,0,0,0,0,0,0
160083,3,1,0,0,0,0,0,0,0,0,0,0
160084,0,1,0,0,0,0,0,0,0,47,0,0
160084,0,2,0,0,0,0,0,0,0,0,0,0
160084,0,3,0,0,0,0,0,0,0,0,0,0
160084,0,4,0,0,0,0,0,0,0,0,0,0
160084,1,1,0,0,0,0,0,0,0,0,0,0
160085,1,1,0,0,0,0,0,0,0,0,0,0
160086,1,1,8,0,23,8,12,22,14,17,20,7
160087,1,1,0,0,0,7,0,0,0,0,0,0
160088,1,1,0,0,0,0,0,0,0,0,0,0
160088,2,1,0,0,0,0,0,0,0,0,0,0
160089,1,1,0,0,0,0,0,0,0,0,0,0
160089,2,1,0,0,0,0,0,0,0,0,0,0
160090,1,1,0,0,0,0,0,0,0,0,0,0
160090,2,1,0,0,0,0,0,0,0,0,0,0
160092,1,1,0,0,0,0,0,0,0,0,0,0
160093,1,1,5,5,5,5,5,5,5,5,5,5
160094,1,1,7,7,7,7,7,7,7,7,7,7
160095,1,1,0,0,0,0,0,0,0,0,0,0
160095,2,1,0,0,0,0,0,7,0,0,0,0
160096,1,1,32,32,32,32,32,32,32,32,32,32
160096,2,1,0,0,0,0,0,0,0,0,0,0
160096,3,1,0,0,0,0,0,0,0,0,0,0
160097,1,1,0,0,0,0,0,0,0,0,0,0
160098,1,1,0,0,0,0,0,0,0,0,0,0
160099,1,1,0,0,0,0,0,0,0,0,0,0
160100,1,1,0,0,0,0,0,0,0,0,0,0
160101,1,1,0,0,0,0,0,0,0,0,0,0
160102,1,1,0,0,0,0,0,0,0,0,0,0
160102,2,1,0,0,0,0,0,0,0,0,0,0
160103,1,1,1,1,1,1,1,1,1,1,1,1
160103,2,1,12,0,0,0,0,0,0,0,0,0
160104,1,1,0,0,0,0,0,15,0,9,0,0
160105,1,1,0,0,0,0,0,0,0,0,0,0
160106,1,1,0,0,0,0,0,0,0,0,0,0
160107,1,1,0,0,0,0,0,0,0,0,0,0
160107,2,1,0,0,0,0,0,0,0,0,0,0
160108,1,1,0,0,0,0,0,0,0,0,0,0
160108,2,1,0,0,0,0,0,0,0,0,0,0
160109,1,1,6,6,6,6,6,6,6,6,6,6
160109,2,1,0,0,0,0,0,0,0,0,0,0
160110,1,1,0,0,0,0,0,0,0,0,0,0
160111,1,1,7,7,7,7,7,7,7,7,7,7
160112,1,1,0,0,0,0,0,0,0,0,7,0
160113,1,1,0,0,0,0,0,0,0,0,0,0
160114,0,1,0,0,0,0,0,0,0,0,0,0
160114,1,1,3,12,0,0,0,6,0,5,11,9
160115,1,1,11,11,11,11,11,11,11,11,11,11
160116,1,1,0,0,0,0,0,0,0,0,0,0
160117,1,1,21,21,21,21,21,21,21,21,21,21
160118,1,1,12,12,12,12,12,12,12,12,12,12
160119,1,1,0,0,0,0,0,0,0,0,0,0
160120,0,1,21,21,21,21,21,21,21,21,21,21
160120,1,1,0,0,0,0,0,0,0,0,0,0
160121,1,1,0,0,0,0,0,0,0,0,0,0
160121,2,1,0,0,0,0,0,0,0,0,0,0
160122,0,1,0,0,0,0,0,0,0,0,0,0
160122,1,1,0,0,0,0,0,0,0,0,0,0
160123,1,1,0,0,0,0,0,0,0,0,0,0
160123,2,1,0,0,0,25,0,0,0,0,0,0
160124,1,1,23,16,10,22,19,18,0,27,13,6
160125,0,1,0,0,0,0,0,0,0,6,0,14
160125,1,1,0,0,0,0,0,0,0,0,0,0
160126,1,1,0,0,0,0,0,0,0,0,0,0
160126,2,1,0,0,0,0,0,0,0,0,0,0
160127,1,1,0,0,0,0,0,0,0,0,0,0
160127,2,1,0,0,0,0,0,0,0,0,0,0
160128,1,1,0,0,0,0,0,0,0,0,0,0
160128,2,1,0,0,0,0,0,0,0,0,0,0
160129,1,1,0,0,0,0,0,0,0,0,0,0
160129,2,1,0,0,0,0,0,0,0,0,0,0
160130,0,1,0,0,0,0,0,0,0,0,0,0
160130,1,1,0,0,0,0,0,0,10,0,0,0
160131,1,1,0,0,0,0,0,0,0,0,0,0
160131,2,1,0,0,0,0,0,0,0,0,20,0
160133,1,1,30,30,30,30,30,30,30,30,30,30
160134,1,1,22,22,22,22,22,22,22,22,22,22
160135,1,1,0,0,0,0,0,0,0,0,0,0
160135,2,1,10,10,10,10,10,10,10,10,10,10
160136,1,1,0,0,0,0,0,0,0,0,0,0
160137,1,1,0,0,0,0,0,0,0,0,0,0
160138,1,1,21,21,21,21,21,21,21,21,21,21
160138,2,1,6,6,6,6,6,6,6,6,6,6
160139,1,1,0,0,0,0,0,0,0,0,0,0
160139,2,1,0,0,0,0,0,0,0,0,0,0
160140,1,1,0,0,0,0,0,0,0,0,0,0
160141,1,1,18,18,18,18,18,18,18,18,18,18