ST_CASE,VEH_NO,PER_NO,P1,P2,P3,P4,P5,P6,P7,P8,P9,P10
160141,2,1,0,0,0,0,0,0,0,0,0,0
160142,1,1,0,0,0,0,0,0,0,0,0,0
160142,2,1,5,0,0,0,0,0,0,0,0,15
160143,0,1,0,18,21,3,16,0,0,0,0,0
160143,1,1,9,9,9,9,9,9,9,9,9,9
160144,1,1,0,0,0,0,0,0,0,0,0,10
160145,1,1,0,0,0,0,0,0,0,0,0,0
160145,2,1,0,0,0,0,0,0,0,0,0,0
160146,1,1,12,10,7,29,46,4,9,19,38,22
160147,1,1,0,0,0,0,0,0,15,0,0,0
160147,3,1,0,0,0,0,0,0,0,0,0,0
160147,4,1,0,0,0,0,0,0,0,7,0,0
160148,1,1,0,0,0,0,0,0,0,0,0,0
160148,2,1,0,0,0,0,0,0,0,0,0,0
160149,1,1,24,24,24,24,24,24,24,24,24,24
160149,2,1,0,0,0,0,0,0,0,0,0,0
160149,3,1,0,0,0,0,0,0,0,0,0,0
160150,1,1,0,0,0,0,0,0,0,0,0,0
160150,2,1,0,0,0,0,0,0,0,0,0,0
160151,1,1,0,0,0,0,0,0,0,0,0,0
160151,2,1,0,17,0,0,0,0,0,0,0,0
160152,1,1,0,0,0,0,0,0,0,0,0,0
160152,2,1,0,0,0,0,0,0,0,0,0,0
160153,1,1,15,15,15,15,15,15,15,15,15,15
160153,2,1,0,0,0,0,0,0,0,0,0,12
160154,1,1,0,0,0,0,0,0,0,0,0,0
160154,2,1,0,0,0,0,0,0,0,0,0,0
160156,1,1,11,0,9,0,0,0,0,0,0,0
160156,2,1,0,0,0,0,0,0,0,0,0,0
160157,1,1,0,0,4,0,0,0,0,0,0,0
160157,2,1,0,0,0,0,0,0,0,0,0,0
160158,1,1,6,0,0,0,0,0,0,0,0,0
160159,1,1,0,0,0,0,0,0,0,0,0,0
160159,2,1,0,8,0,0,0,0,0,0,0,0
160160,1,1,4,4,4,4,4,4,4,4,4,4
160161,1,1,4,26,17,27,19,18,18,7,18,19
160162,1,1,0,0,17,0,0,25,0,0,0,0
160163,1,1,33,0,0,18,0,0,0,0,0,0
160164,1,1,13,2,14,8,10,22,11,4,18,20
160165,1,1,3,11,8,14,32,8,15,11,12,12
160166,1,1,0,0,0,0,0,0,0,0,0,0
160167,1,1,0,0,0,0,0,0,0,0,0,0
160168,1,1,0,0,0,0,0,0,0,0,0,0
160168,2,1,0,0,0,0,0,0,0,0,0,0
160169,1,1,0,0,0,0,0,0,0,0,0,0
160169,2,1,0,0,0,0,0,0,0,0,0,0
160170,1,1,0,0,0,0,0,0,0,0,0,0
160172,1,1,0,0,0,0,0,0,0,0,0,0
160172,2,1,0,0,0,0,0,0,0,0,0,0
160172,3,1,0,0,0,0,0,0,0,24,0,0
160173,1,1,0,0,0,0,0,0,0,0,0,0
160173,2,1,0,0,0,0,0,0,0,0,0,0
160174,1,1,0,0,0,0,0,0,0,4,0,0
160174,2,1,0,0,0,0,0,0,0,0,0,0
160175,0,1,0,0,25,0,0,0,0,0,0,24
160175,1,1,12,12,12,12,12,12,12,12,12,12
160176,1,1,0,0,0,0,0,0,0,0,0,0
160177,1,1,0,0,0,0,0,0,0,0,0,0
160178,1,1,22,22,22,22,22,22,22,22,22,22
160179,1,1,0,0,0,0,0,0,0,0,0,0
160180,1,1,24,24,24,24,24,24,24,24,24,24
160180,2,1,0,0,0,0,13,0,0,0,0,0
160181,1,1,20,20,8,28,16,10,17,19,6,11
160182,1,1,0,0,0,0,0,0,0,0,0,0
160182,2,1,0,0,0,0,0,0,0,0,0,0
160183,1,1,0,0,0,33,0,32,0,0,0,0
160183,2,1,0,0,0,0,0,0,0,0,0,0
160184,0,1,27,0,0,0,0,0,0,0,0,0
160184,1,1,0,0,0,0,0,0,6,0,0,18
160185,0,1,0,0,0,0,0,0,0,0,0,0
160185,1,1,0,0,0,0,0,0,0,0,0,0
160186,1,1,0,0,0,0,0,0,0,0,0,0
160187,1,1,2,2,2,2,2,2,2,2,2,2
160188,0,1,0,5,0,13,44,0,0,0,0,0
160188,1,1,18,18,18,18,18,18,18,18,18,18
160189,1,1,0,0,0,0,0,0,0,0,0,0
160189,2,1,0,0,0,0,0,0,0,0,0,0
160190,1,1,0,0,0,11,0,22,14,0,0,0
160190,2,1,20,20,20,20,20,20,20,20,20,20
160191,1,1,8,8,8,8,8,8,8,8,8,8
160192,1,1,0,0,0,0,0,0,0,0,0,0
160193,1,1,24,24,24,24,24,24,24,24,24,24
160194,0,1,0,0,0,0,0,0,0,0,0,0
160194,1,1,0,0,0,0,0,0,0,0,0,0
160195,0,1,0,0,0,0,0,0,0,0,0,0
160195,1,1,0,0,0,0,0,0,0,0,22,0
160196,1,1,0,0,0,0,0,0,0,0,0,0
160196,2,1,0,0,0,0,0,0,0,0,0,0
160196,3,1,0,0,0,0,0,0,0,0,0,0
160197,1,1,0,0,0,0,0,0,0,0,0,0
160198,1,1,0,0,0,0,0,0,0,0,0,0
160198,2,1,0,0,0,0,0,0,0,0,0,0
160199,1,1,0,0,0,0,0,0,0,0,0,0
160199,2,1,0,0,0,0,0,0,0,32,0,0
160200,0,1,0,0,0,0,0,0,0,0,0,0
160200,1,1,0,0,14,0,0,0,0,0,0,0
160201,0,1,0,0,0,0,0,15,0,0,24,0
160201,1,1,0,0,0,0,0,0,0,0,0,0
160201,3,1,0,0,0,0,0,0,0,0,0,0
160202,1,1,0,0,0,0,0,0,0,0,0,0
170001,1,1,27,27,28,0,8,14,17,12,0,21
170002,1,1,5,5,5,5,5,5,5,5,5,5
170003,1,1,17,14,4,0,0,0,18,29,16,11
170004,1,1,19,19,19,19,19,19,19,19,19,19
170004,2,1,4,4,4,4,4,4,4,4,4,4
170005,0,1,0,0,0,0,11,0,0,0,21,0
170005,1,1,0,0,0,0,6,0,0,2,22,0
170006,1,1,13,0,0,0,0,17,0,0,0,0
170007,1,1,0,24,23,8,0,13,28,0,0,8
170007,2,1,0,0,0,0,0,0,0,0,19,0
170008,1,1,0,0,0,0,0,0,0,0,0,0
170008,2,1,0,0,0,0,0,0,0,0,0,0
170009,1,1,0,35,0,0,0,0,0,0,18,0
170010,1,1,18,18,18,18,18,18,18,18,18,18
170011,1,1,0,0,0,0,0,0,0,0,0,0
170012,1,1,0,0,0,0,0,0,0,0,0,0
170012,2,1,0,0,15,0,0,0,13,0,6,0
170012,3,1,0,0,0,0,0,0,0,12,10,0
170013,1,1,0,0,0,0,0,0,0,0,0,0
170013,2,1,0,0,0,0,0,0,0,0,0,0
170014,1,1,0,0,0,0,0,0,0,0,0,0
170015,1,1,0,0,0,0,0,0,0,0,0,0
170016,1,1,0,0,0,0,0,0,0,0,0,0
170017,0,1,30,30,30,30,30,30,30,30,30,30
170017,1,1,0,0,0,0,0,0,0,0,13,0
170017,2,1,0,0,0,0,0,0,13,0,0,0
170018,1,1,6,0,0,0,0,0,0,0,0,0
170018,2,1,0,0,0,0,0,0,0,0,7,0
170019,0,1,22,22,22,22,22,22,22,22,22,22
170019,1,1,0,0,0,0,0,0,0,0,0,0
170020,0,1,26,0,31,39,0,3,31,21,52,0
170020,1,1,0,0,0,0,0,0,0,0,0,0
170021,1,1,0,0,0,0,0,11,0,0,0,0
170021,2,1,0,0,0,0,0,0,0,0,0,0
170022,1,1,0,6,12,8,0,0,1,0,18,0
170023,1,1,15,0,0,0,0,0,17,0,0,10
170024,1,1,0,0,0,0,0,7,0,0,0,0
170025,1,1,0,0,0,0,0,0,0,0,0,0
170025,2,1,0,0,10,0,0,0,8,0,0,0
170025,3,1,0,0,0,0,0,0,0,0,0,0
170026,1,1,21,12,17,17,9,10,11,8,10,20
170026,2,1,13,13,13,13,13,13,13,13,13,13
170027,1,1,10,0,0,20,4,16,0,0,0,19
170027,2,1,15,15,15,15,15,15,15,15,15,15
170028,1,1,0,0,0,0,0,0,0,0,0,0
170028,2,1,0,7,5,0,0,0,0,0,0,0
170029,1,1,0,0,0,0,0,0,0,0,0,0
170029,2,1,38,0,0,0,0,0,8,9,0,10
170031,1,1,0,0,0,0,0,0,0,0,0,0
170032,1,1,9,0,0,0,0,0,0,0,0,0
170032,2,1,0,0,0,0,0,0,0,0,0,0
170033,1,1,23,0,0,0,0,0,0,0,0,0
170033,2,1,0,0,0,0,0,0,0,3,0,0
170035,1,1,6,14,0,0,0,0,0,10,0,0
170035,2,1,0,0,3,0,0,0,0,0,0,0
170036,1,1,13,0,8,9,19,0,17,14,18,4
170037,1,1,11,11,11,11,11,11,11,11,11,11
170037,2,1,0,0,0,0,0,0,0,0,0,0
170038,1,1,0,0,0,0,0,0,0,0,0,0
170038,2,1,0,0,0,0,0,0,0,0,0,0
170039,1,1,0,14,0,0,8,18,11,8,0,30
170040,1,1,0,0,13,0,12,0,0,6,18,0
170040,2,1,0,0,0,0,0,0,0,0,0,0
170040,3,1,32,0,0,8,0,17,0,0,0,0
170041,1,1,0,0,0,0,0,0,0,0,0,0
170041,2,1,0,0,0,0,0,0,0,0,0,0
170042,0,1,0,0,0,0,0,0,0,0,0,0
170042,1,1,0,0,0,0,0,15,11,0,0,0
170043,1,1,8,8,8,8,8,8,8,8,8,8
170044,1,1,24,12,15,22,0,4,19,22,12,5
170045,1,1,0,0,40,0,0,0,0,0,0,0
170045,2,1,0,0,0,0,0,0,0,0,0,0
170046,1,1,0,0,0,0,0,0,0,0,0,0
170046,2,1,0,0,8,0,0,0,0,0,0,0
170046,3,1,0,0,0,0,0,0,0,0,0,0
170047,1,1,0,0,0,0,0,0,0,0,0,21
170047,2,1,0,0,0,0,0,0,0,0,0,0
170047,3,1,9,0,0,16,0,0,0,0,15,0
170048,1,1,0,0,25,0,0,0,0,0,9,0
170049,0,1,0,0,20,30,0,0,0,0,0,0
170049,1,1,0,17,0,0,0,0,0,14,0,0
170050,0,1,1,1,1,1,1,1,1,1,1,1
170050,0,2,0,16,0,14,0,0,0,0,0,0
170050,1,1,0,0,0,0,0,0,0,0,12,0
170051,1,1,0,0,0,0,0,0,0,0,0,0
170052,1,1,0,0,0,0,0,0,27,17,0,0
170053,1,1,24,24,24,24,24,24,24,24,24,24
170055,1,1,0,0,0,0,0,0,0,0,0,0
170055,2,1,2,2,2,2,2,2,2,2,2,2
170057,0,1,0,0,0,0,0,0,0,0,0,0
170057,1,1,26,0,0,0,0,0,0,20,0,21
170058,1,1,12,12,12,12,12,12,12,12,12,12
170059,1,1,9,9,9,9,9,9,9,9,9,9
170059,2,1,0,0,0,0,0,0,0,0,0,0
170060,1,1,0,0,0,0,0,0,0,0,0,0
170060,2,1,0,12,0,0,11,15,0,22,0,0
170062,1,1,0,0,0,0,0,0,0,0,0,0
170062,2,1,0,0,0,0,0,0,0,0,0,0
170063,1,1,0,0,0,21,8,0,15,0,0,0
170063,2,1,0,6,0,10,0,0,0,0,0,0
170064,1,1,8,12,19,0,0,13,0,32,18,0
170065,0,1,14,12,0,14,0,13,0,17,0,0
170065,1,1,15,0,22,9,0,0,17,31,0,15
170066,1,1,11,0,0,0,0,0,11,0,0,0
170066,2,1,0,0,15,29,0,17,24,23,0,0
170067,1,1,38,24,17,15,0,7,0,0,0,2
170068,1,1,0,0,0,0,0,0,0,0,0,0
170068,2,1,3,0,0,0,0,0,0,0,0,0
170069,1,1,37,37,37,37,37,37,37,37,37,37
170070,1,1,0,0,0,0,0,0,0,0,0,0
170070,2,1,0,0,0,0,0,0,0,0,12,0
170071,1,1,0,0,0,0,0,0,0,0,0,0
170071,2,1,0,0,0,0,0,0,3,0,0,0
170072,0,1,0,0,24,8,41,0,25,0,36,0
170072,0,2,5,5,5,5,5,5,5,5,5,5
170072,1,1,17,17,17,17,17,17,17,17,17,17
170073,1,1,0,0,20,0,0,0,0,0,0,0
170073,2,1,0,0,0,0,0,0,0,0,0,0
170074,1,1,27,27,27,27,27,27,27,27,27,27
170076,0,1,32,0,0,18,0,0,0,0,0,0
170076,1,1,0,0,0,0,0,0,0,0,0,0
170076,2,1,0,0,0,0,0,0,0,26,0,0
170077,1,1,11,0,36,8,23,21,13,22,21,19
170078,1,1,0,0,0,0,0,0,0,0,0,0
170078,2,1,0,0,0,0,0,0,0,10,0,0
170079,1,1,0,0,0,0,0,0,0,0,0,0
170080,1,1,16,13,21,15,0,0,25,0,0,0
170080,2,1,0,0,0,0,0,0,0,0,0,0
170081,1,1,0,0,0,0,0,0,0,0,0,0
170081,2,1,0,0,0,0,0,0,0,0,0,0
170081,3,1,0,0,0,0,0,0,0,0,0,0
170082,1,1,11,0,0,0,0,0,26,15,0,12
170082,2,1,0,0,0,0,0,0,0,0,0,2
170083,1,1,0,0,0,0,0,0,0,0,0,0
170083,2,1,0,0,0,0,0,0,0,0,0,0
170084,1,1,16,16,16,16,16,16,16,16,16,16
170085,1,1,17,17,17,17,17,17,17,17,17,17
170086,1,1,11,11,11,11,11,11,11,11,11,11
170086,2,1,13,21,0,0,21,22,11,0,0,11
170087,1,1,20,20,20,20,20,20,20,20,20,20
170088,1,1,6,6,6,6,6,6,6,6,6,6
170089,1,1,19,19,19,19,19,19,19,19,19,19
170091,1,1,0,0,0,0,0,0,0,0,0,0
170091,2,1,0,0,0,0,0,0,0,0,0,0
170092,0,1,22,22,22,22,22,22,22,22,22,22
170092,1,1,0,0,0,0,5,0,0,0,0,0
170093,1,1,0,0,0,0,0,0,0,0,0,0
170093,2,1,22,17,5,3,16,0,16,36,23,23
170094,1,1,24,24,24,24,24,24,24,24,24,24
170095,1,1,4,17,26,0,9,16,21,14,0,0
170095,2,1,0,0,0,8,14,18,0,0,0,13
170096,1,1,0,0,0,0,0,0,0,13,0,0
170097,1,1,0,0,0,0,0,8,0,0,0,0
170097,2,1,0,0,0,0,0,18,0,0,14,0
170098,0,1,0,0,15,5,0,0,0,24,0,33
170098,1,1,0,0,0,0,5,4,15,20,0,0
170098,2,1,7,5,0,0,0,0,0,0,6,4
170099,1,1,0,0,0,0,0,0,0,0,0,0
170100,0,1,0,0,0,0,0,0,0,0,0,0
170100,1,1,18,0,0,16,0,5,24,26,0,20
170101,0,1,8,6,17,45,0,0,29,20,0,0
170101,1,1,0,12,0,0,0,25,0,0,0,0
170103,1,1,0,0,0,0,0,0,0,0,0,0
170103,2,1,0,0,0,0,0,0,0,0,0,0
170103,3,1,0,0,0,0,0,0,0,0,0,0
170103,4,1,0,0,0,0,0,6,0,0,0,0
170105,1,1,0,0,24,0,17,0,18,14,19,23
170106,0,1,0,0,22,0,0,0,0,0,0,32
170106,1,1,0,4,14,18,17,0,0,0,15,29
170107,1,1,21,21,21,21,21,21,21,21,21,21
170108,1,1,0,0,0,6,0,0,13,0,0,0
170108,2,1,0,0,0,15,0,0,0,0,0,0
170109,1,1,0,0,0,0,0,5,0,0,0,0
170109,2,1,0,0,0,0,0,5,25,0,0,0
170110,1,1,0,14,13,27,6,20,0,0,22,0
170112,1,1,0,0,0,0,14,0,0,0,0,23
170112,2,1,0,0,28,0,0,17,34,0,14,0
170113,1,1,0,0,9,0,0,0,16,0,0,0
170113,2,1,0,0,0,0,0,0,0,0,0,0
170113,3,1,0,0,0,0,0,0,0,0,0,24
170113,4,1,0,0,0,44,0,0,0,0,0,0
170114,1,1,0,0,0,0,0,0,0,28,0,0
170114,2,1,0,0,0,0,0,0,0,0,0,0
170115,1,1,28,14,14,14,13,30,10,21,16,25
170116,1,1,0,0,19,28,0,17,0,0,0,0
170117,1,1,17,17,17,17,17,17,17,17,17,17
170118,1,1,0,0,0,0,0,0,0,0,0,0
170119,1,1,0,0,0,0,0,0,0,0,0,0
170119,2,1,0,0,0,0,0,0,0,0,0,0
170119,3,1,0,0,0,0,0,0,0,0,0,0
170120,1,1,0,5,0,28,0,0,0,21,19,0
170120,2,1,0,0,0,0,21,0,0,0,0,12
170121,1,1,0,0,0,0,0,0,0,0,0,0
170122,1,1,0,0,0,0,0,0,0,0,0,0
170123,1,1,0,0,0,0,27,0,0,0,0,0
170123,2,1,0,0,0,0,0,0,0,0,17,0
170123,3,1,0,0,0,0,0,0,0,0,0,0
170124,1,1,0,0,0,0,0,0,0,0,0,0
170124,2,1,0,0,0,0,0,0,0,0,0,0
170125,1,1,0,10,0,0,0,0,0,0,0,0
170126,1,1,16,16,16,16,16,16,16,16,16,16
170126,2,1,0,0,0,0,0,0,0,0,0,0
170127,0,1,0,0,0,0,0,0,0,0,0,0
170127,1,1,0,15,0,0,0,26,0,0,6,0
170128,1,1,0,0,0,4,25,17,19,15,16,0
170128,2,1,13,5,0,0,0,20,0,0,9,9
170129,1,1,18,18,18,18,18,18,18,18,18,18
170131,1,1,0,0,0,0,8,12,0,0,32,12
170134,1,1,3,3,3,3,3,3,3,3,3,3
170135,1,1,25,25,25,25,25,25,25,25,25,25
170136,0,1,0,0,0,0,0,0,0,0,0,0
170136,1,1,0,18,0,2,10,0,8,0,24,0
170137,1,1,11,16,5,7,33,0,18,0,10,26
170137,2,1,0,0,0,0,0,0,13,0,0,31
170138,1,1,0,0,0,0,0,0,0,0,0,0
170139,1,1,0,0,0,0,0,0,0,0,0,0
170140,1,1,8,8,8,8,8,8,8,8,8,8
170140,2,1,31,3,20,0,0,0,10,0,0,0
170141,0,1,48,0,0,0,0,0,0,37,0,0
170141,1,1,0,0,0,16,0,0,0,0,0,0
170142,1,1,22,0,4,0,12,21,28,43,11,17
170143,1,1,14,14,14,14,14,14,14,14,14,14
170144,0,1,0,16,0,0,0,13,0,0,0,0
170144,1,1,0,0,0,0,15,0,0,0,0,0
170144,2,1,0,0,0,0,0,0,0,0,0,0
170145,1,1,0,0,0,0,0,0,17,0,0,0
170146,1,1,0,0,0,0,0,0,0,0,0,0
170147,1,1,5,14,19,7,32,29,21,15,10,22
170148,1,1,0,0,0,0,0,0,7,29,0,0
170149,0,1,0,0,0,15,0,0,16,0,0,27
170149,1,1,0,0,0,0,11,0,0,0,0,0
170150,0,1,0,0,0,0,0,0,0,0,0,0
170150,1,1,0,0,0,0,0,0,0,0,0,0
170151,1,1,13,0,0,29,30,24,17,27,13,20
170152,1,1,0,21,23,0,4,23,0,0,0,12
170152,2,1,0,4,0,0,0,0,0,0,0,0
170152,3,1,0,16,0,16,0,10,0,0,19,0
170153,0,1,0,0,0,0,0,0,0,0,0,0
170153,1,1,0,0,0,0,0,0,0,0,0,0
170154,1,1,66,66,66,66,66,66,66,66,66,66
170154,2,1,0,0,0,0,0,0,0,0,0,0
170154,3,1,0,0,0,0,0,0,0,0,0,0
170154,4,1,0,0,0,26,14,0,0,14,14,5
170156,1,1,23,23,23,23,23,23,23,23,23,23
170157,0,1,14,0,0,0,0,0,6,0,5,22
170157,1,1,0,0,0,0,2,0,0,0,0,0
170158,1,1,0,0,0,0,0,0,0,0,0,0
170158,2,1,0,0,0,0,0,0,0,17,0,12
170159,1,1,0,0,0,0,0,0,0,0,0,0
170159,2,1,0,0,0,0,0,0,0,0,0,0
170161,0,1,0,0,0,16,0,0,10,15,29,0
170161,1,1,0,0,0,0,0,0,0,0,0,0
170163,0,1,0,0,0,0,0,0,0,0,0,0
170163,1,1,0,6,0,17,0,19,8,0,0,0
170163,2,1,0,0,12,3,4,3,0,0,6,0
170164,1,1,11,11,11,11,11,11,11,11,11,11
170164,2,1,0,0,10,0,0,0,0,0,0,0
170164,3,1,0,0,9,0,0,0,21,0,0,0
170164,4,1,0,0,0,0,10,11,0,0,0,0
170165,1,1,0,0,0,0,0,0,0,0,0,0
170165,2,1,0,0,0,0,0,0,0,0,0,0
170166,0,1,0,0,0,0,0,0,0,0,0,0
170166,0,2,0,0,20,0,0,20,0,0,0,0
170166,1,1,0,0,0,0,0,0,0,12,0,0
170167,0,1,0,0,21,0,0,15,0,20,0,16
170167,1,1,0,0,0,0,0,0,0,0,0,0
170167,2,1,0,9,0,18,0,0,18,0,0,0
170167,3,1,8,28,0,7,15,0,0,0,0,0
170168,1,1,0,0,0,0,0,0,0,0,0,0
170169,0,1,12,31,0,0,0,32,0,0,0,0
170169,0,2,0,0,18,24,18,11,7,0,0,0
170169,0,3,0,0,17,0,0,0,0,0,17,16
170169,1,1,10,13,8,14,2,5,11,0,7,20
170170,1,1,0,0,0,0,0,0,0,31,2,0
170170,2,1,0,0,0,0,0,0,0,0,0,0
170171,1,1,22,22,22,22,22,22,22,22,22,22
170172,1,1,0,0,0,0,0,0,0,0,0,0
170173,1,1,0,0,0,0,0,0,0,0,0,0
170173,2,1,0,0,0,0,0,0,0,0,0,0
170174,1,1,0,0,0,0,0,0,0,0,0,0
170174,2,1,0,0,0,0,0,0,0,0,0,12
170174,3,1,0,0,0,0,0,0,0,0,4,5
170174,4,1,0,0,15,0,0,0,0,0,0,0
170174,5,1,0,0,0,0,0,0,0,0,0,0
170174,6,1,0,0,0,0,0,0,0,0,0,0
170175,0,1,0,0,0,0,0,0,0,0,0,0
170175,1,1,0,0,0,36,16,0,0,5,0,0
170176,1,1,17,17,17,17,17,17,17,17,17,17
170177,1,1,0,0,0,0,0,0,0,0,0,0
170177,2,1,0,0,0,0,0,0,0,0,3,0
170178,1,1,23,0,0,8,0,0,19,31,8,26
170179,1,1,0,0,0,0,0,0,0,0,0,0
170179,2,1,0,0,0,0,0,0,0,0,0,0
170180,1,1,0,0,0,0,0,0,0,0,0,0
170181,0,1,0,0,0,0,0,0,0,0,0,0
170181,1,1,24,0,6,0,0,0,0,0,0,0
170182,1,1,0,0,0,0,0,0,0,0,0,0
170182,2,1,0,0,0,0,0,0,0,0,0,0
170183,1,1,0,8,0,0,0,0,0,0,0,0
170183,2,1,0,0,0,0,0,0,0,0,0,0
170184,1,1,0,0,0,15,0,0,0,0,0,0
170184,2,1,0,0,0,0,0,0,0,0,0,0
170184,3,1,0,0,0,12,15,0,0,14,14,0
170185,1,1,19,19,19,19,19,19,19,19,19,19
170186,0,1,0,0,0,0,0,0,0,0,0,0
170186,1,1,0,0,0,0,0,0,0,0,0,0
170187,1,1,25,0,32,22,17,29,0,0,0,26
170188,1,1,0,0,22,0,0,0,0,18,0,0
170189,1,1,24,24,24,24,24,24,24,24,24,24
170190,0,1,0,0,0,0,0,0,0,0,0,0
170190,1,1,0,18,9,0,0,0,5,0,5,0
170191,1,1,0,0,0,0,0,0,0,0,0,0
170191,2,1,0,0,0,0,0,0,0,0,0,0
170192,1,1,0,0,0,0,0,0,0,0,0,0
170192,2,1,0,0,12,0,0,0,12,0,26,0
170193,0,1,0,0,0,10,20,15,0,0,23,0
170193,1,1,0,0,0,0,0,0,0,0,0,0
170194,1,1,16,16,16,16,16,16,16,16,16,16
170195,1,1,0,0,0,0,0,0,0,0,0,0
170195,2,1,0,0,0,0,0,0,0,0,0,0
170196,1,1,0,12,0,0,0,0,0,21,0,0
170196,2,1,0,0,0,0,0,30,0,0,0,16
170197,1,1,19,19,19,19,19,19,19,19,19,19
170198,1,1,0,0,0,0,0,0,0,0,0,0
170198,2,1,14,0,8,0,0,8,0,38,8,0
170199,1,1,26,0,0,0,0,0,0,0,8,0
170199,2,1,0,0,0,0,0,0,0,16,13,0
170200,1,1,13,13,13,13,13,13,13,13,13,13
170201,1,1,15,15,15,15,15,15,15,15,15,15
170202,1,1,0,0,0,0,0,0,0,0,0,0
170202,2,1,0,0,0,0,0,0,0,0,0,0
170203,1,1,15,0,15,0,0,17,16,0,0,0
170204,1,1,0,0,0,15,0,0,0,0,0,0
170204,2,1,0,0,0,0,0,0,0,0,0,17
170205,0,1,0,0,0,0,0,0,0,0,0,0
170205,1,1,0,16,27,23,0,0,0,0,14,0
170206,1,1,12,12,12,12,12,12,12,12,12,12
170207,0,1,0,0,0,0,0,0,0,35,0,0
170207,1,1,0,0,0,0,0,0,2,0,0,0
170208,1,1,0,0,0,0,0,0,0,0,0,0
170209,1,1,0,0,0,0,0,0,0,0,0,0
170209,2,1,0,0,0,0,0,0,0,0,0,0
170210,1,1,0,0,0,0,0,0,0,0,0,0
170211,0,1,0,0,0,0,0,0,0,0,0,0
170211,1,1,0,0,32,21,0,4,0,16,0,0
170212,1,1,0,0,0,0,0,0,0,0,0,0
170213,1,1,0,0,0,0,0,0,0,0,0,0
170214,1,1,19,19,19,19,19,19,19,19,19,19
170214,2,1,0,0,0,0,0,0,0,0,0,0
170215,1,1,24,0,0,31,0,16,0,0,4,0
170216,1,1,0,8,0,0,0,0,0,0,0,0
170217,1,1,0,0,0,0,0,0,0,0,0,0
170217,2,1,0,0,0,0,0,0,0,0,0,0
170218,1,1,0,0,0,0,0,26,0,0,0,0
170218,2,1,0,0,0,0,0,0,0,0,0,0
170219,1,1,17,17,9,14,19,18,19,6,24,0
170219,2,1,0,0,0,0,0,0,0,0,0,0
170220,1,1,0,0,0,0,0,0,0,0,0,0
170222,1,1,32,32,32,32,32,32,32,32,32,32
170223,0,1,0,0,0,0,0,0,0,0,0,0
170223,1,1,0,30,0,0,0,0,6,0,0,0
170224,1,1,25,8,19,24,8,5,5,13,0,17
170225,1,1,0,0,0,0,0,0,0,0,0,0
170225,2,1,0,0,0,0,0,0,0,0,0,0
170226,1,1,0,0,0,0,14,0,0,0,0,0
170226,2,1,0,0,0,8,0,0,0,0,0,11
170227,1,1,0,22,0,0,0,0,0,0,0,0
170227,2,1,0,0,0,0,13,0,0,0,0,0
170228,1,1,0,0,0,0,17,0,0,0,0,11
170228,2,1,0,0,0,0,0,0,5,0,0,0
170228,3,1,0,0,8,0,0,0,0,0,0,0
170229,1,1,17,12,9,19,0,7,4,21,0,0
170230,0,1,11,18,21,26,0,13,0,0,0,0
170230,1,1,0,0,0,14,0,0,0,0,0,0
170231,0,1,0,13,0,0,0,0,0,0,0,0
170231,1,1,0,0,0,0,0,0,0,0,0,0
170232,1,1,0,0,0,0,0,0,0,0,0,0
170232,2,1,0,0,0,0,0,0,0,0,0,0
170232,3,1,0,0,28,0,0,0,24,0,0,0
170232,4,1,0,0,0,0,0,0,0,0,0,0
170232,5,1,13,0,0,0,23,0,0,0,17,0
170232,6,1,16,0,17,0,0,0,0,0,0,0
170233,1,1,0,0,29,29,29,0,0,0,0,36
170234,1,1,0,0,0,0,0,0,0,0,0,0
170234,2,1,0,0,0,0,0,11,0,0,0,0
170235,0,1,0,0,0,0,0,0,0,0,0,0
170235,1,1,0,0,0,0,0,0,0,0,0,0
170236,1,1,0,0,0,0,0,0,0,0,0,0
170236,2,1,0,0,0,13,0,0,0,0,0,0
170237,0,1,0,18,59,0,0,0,33,8,25,0
170237,1,1,0,0,0,0,0,14,0,0,0,0
170238,1,1,0,0,0,0,0,0,0,0,0,0
170238,2,1,0,0,6,41,24,0,0,21,0,0
170239,1,1,25,25,25,25,25,25,25,25,25,25
170239,2,1,0,0,0,0,0,0,2,0,0,4
170240,1,1,13,15,13,27,6,0,24,0,15,0
170241,1,1,0,0,0,0,20,0,0,0,7,0
170242,1,1,0,0,0,0,21,16,0,0,34,0
170243,0,1,31,0,0,0,19,33,0,24,0,29
170243,1,1,0,0,23,0,0,0,0,0,10,5
170244,1,1,0,18,0,0,0,0,17,0,0,0
170244,2,1,0,0,0,0,0,0,0,0,0,0
170245,1,1,0,0,0,0,0,0,0,0,19,0
170245,2,1,0,30,0,0,0,0,0,0,0,17
170246,1,1,0,0,0,14,0,0,0,0,0,17
170246,2,1,8,0,0,8,0,0,0,0,0,0
170247,1,1,0,0,0,0,0,0,0,0,0,0
170248,1,1,0,0,12,5,0,0,0,0,0,12
170248,2,1,35,13,0,0,0,12,0,0,0,11