ST_CASE,VEH_NO,PER_NO,P1,P2,P3,P4,P5,P6,P7,P8,P9,P10
170528,1,1,0,0,0,0,0,0,0,0,0,0
170528,2,1,0,0,0,6,0,0,0,0,0,20
170529,1,1,13,0,0,0,0,0,8,0,8,0
170530,1,1,0,0,0,0,0,0,0,0,0,0
170531,0,1,0,0,29,9,0,0,16,0,0,0
170531,1,1,0,0,16,0,12,0,16,0,18,0
170532,1,1,4,4,4,4,4,4,4,4,4,4
170533,0,1,0,5,0,0,28,0,0,34,0,7
170533,1,1,0,0,0,0,9,31,21,0,0,0
170534,1,1,0,0,0,0,0,0,19,0,0,0
170534,2,1,0,0,0,0,0,0,0,0,0,0
170535,1,1,0,0,0,0,0,30,0,11,0,11
170536,1,1,0,0,0,0,0,0,0,0,0,0
170536,2,1,0,0,0,0,0,20,0,0,0,0
170537,1,1,0,0,0,0,0,26,0,0,0,0
170537,2,1,0,10,0,0,0,7,9,0,0,0
170538,1,1,0,8,25,27,0,10,14,22,11,0
170539,1,1,4,35,0,16,28,31,9,15,18,7
170540,1,1,0,17,0,0,0,0,26,4,13,9
170540,2,1,0,0,0,17,24,0,0,0,8,6
170541,1,1,0,0,0,0,0,0,0,0,0,0
170541,2,1,0,0,0,0,0,0,0,0,0,0
170542,1,1,0,0,0,0,0,0,6,0,0,0
170542,2,1,0,0,0,0,0,0,0,0,0,0
170543,1,1,10,17,0,31,36,0,17,0,14,0
170544,0,1,0,0,12,0,0,0,0,0,16,0
170544,1,1,0,0,0,0,0,0,0,0,0,0
170545,1,1,0,0,0,17,0,15,0,14,6,0
170546,1,1,0,0,0,0,0,0,0,0,0,0
170546,2,1,0,0,0,0,0,0,0,0,0,0
170547,1,1,11,0,0,0,0,0,0,0,0,11
170547,2,1,0,15,0,16,0,0,0,17,22,0
170548,1,1,9,12,16,19,14,10,6,0,13,0
170549,1,1,0,0,0,0,0,8,0,0,0,0
170549,2,1,0,20,0,0,22,0,0,0,0,0
170549,3,1,23,0,0,0,0,0,0,0,26,0
170550,1,1,23,19,32,13,0,20,11,0,16,0
170551,0,1,18,18,18,18,18,18,18,18,18,18
170551,1,1,21,22,0,17,0,0,0,5,14,0
170552,0,1,0,10,0,0,0,0,12,10,0,24
170552,1,1,0,0,0,0,5,0,0,6,0,0
170553,0,1,0,0,0,0,0,0,0,0,0,0
170553,1,1,0,0,0,0,0,0,0,0,0,0
170554,0,1,0,0,0,0,0,0,0,0,0,0
170554,1,1,0,0,0,0,0,0,0,0,0,0
170555,1,1,0,0,0,0,0,0,0,0,0,0
170556,1,1,18,18,18,18,18,18,18,18,18,18
170557,1,1,15,0,0,0,0,0,0,7,0,0
170558,1,1,18,12,19,9,15,7,7,2,24,7
170559,1,1,15,15,15,15,15,15,15,15,15,15
170560,1,1,0,0,0,0,0,0,0,0,0,0
170561,1,1,0,0,0,0,0,0,0,0,0,0
170562,0,1,0,0,0,0,0,0,0,0,0,0
170562,1,1,0,0,0,0,0,0,0,0,0,0
170563,0,1,25,25,25,25,25,25,25,25,25,25
170563,1,1,0,0,0,0,0,0,0,0,0,0
170564,1,1,17,17,17,17,17,17,17,17,17,17
170565,1,1,9,9,9,9,9,9,9,9,9,9
170565,2,1,0,0,0,0,0,0,0,0,0,0
170566,1,1,0,0,0,0,0,0,0,0,0,0
170567,1,1,0,0,0,0,0,0,0,0,0,0
170568,1,1,0,0,0,0,0,0,0,0,0,0
170568,2,1,0,0,16,0,7,0,0,15,0,0
170569,1,1,15,0,15,0,8,26,0,5,0,0
170569,2,1,0,0,0,0,7,0,0,0,0,0
170570,1,1,0,29,17,0,0,11,0,18,13,13
170571,1,1,8,12,22,11,5,16,8,4,8,5
170571,2,1,0,0,0,0,0,0,0,0,0,0
170572,1,1,0,0,0,0,0,0,6,0,0,0
170572,2,1,0,0,0,0,0,0,0,0,0,0
170573,1,1,0,0,0,29,5,0,17,19,0,19
170573,2,1,3,3,3,3,3,3,3,3,3,3
170574,1,1,0,0,23,23,6,5,0,0,16,16
170574,2,1,0,0,0,0,0,0,9,0,0,15
170575,1,1,0,0,13,0,24,0,9,17,0,0
170575,2,1,0,0,0,0,0,0,0,0,0,13
170576,1,1,0,0,0,0,0,0,0,7,0,0
170576,2,1,0,0,0,0,45,0,0,0,0,0
170577,1,1,0,22,0,0,30,0,0,0,0,0
170577,2,1,0,0,0,0,0,0,0,0,0,0
170578,1,1,12,0,0,24,0,23,0,21,0,0
170578,2,1,0,0,0,0,0,0,0,0,0,0
170579,1,1,0,0,0,0,0,0,0,0,0,0
170579,2,1,0,0,0,0,0,0,0,0,0,0
170580,1,1,28,0,0,0,0,0,0,0,22,20
170580,2,1,6,0,0,0,15,0,0,0,20,0
170581,0,1,0,0,0,0,0,0,0,0,0,0
170581,1,1,0,0,0,0,0,0,0,0,0,0
170582,1,1,16,16,16,16,16,16,16,16,16,16
170582,2,1,5,0,16,0,27,0,14,8,5,0
170582,3,1,5,12,0,21,0,0,14,0,16,0
170583,1,1,0,0,0,0,0,20,0,0,0,0
170583,2,1,0,0,0,0,0,0,0,0,14,0
170583,3,1,0,0,0,0,0,0,0,0,0,0
170583,4,1,0,0,0,0,0,0,0,0,0,0
170583,5,1,0,0,0,0,0,0,0,0,0,0
170583,6,1,0,0,0,0,0,0,0,0,0,0
170584,1,1,7,19,0,0,0,11,12,13,20,16
170584,2,1,0,16,0,17,0,0,0,6,0,0
170584,3,1,0,0,0,7,0,0,7,0,0,0
170584,4,1,0,0,0,0,15,10,0,0,28,12
170585,1,1,18,17,0,22,0,0,0,0,0,16
170585,2,1,25,0,0,31,25,7,0,7,9,12
170586,1,1,9,0,20,5,7,0,0,12,12,0
170586,2,1,15,0,0,0,0,0,0,0,0,0
170587,1,1,32,32,32,32,32,32,32,32,32,32
170587,2,1,0,4,14,0,0,0,0,12,0,0
170588,0,1,0,17,0,0,0,0,0,8,0,0
170588,1,1,0,0,0,0,16,0,0,10,0,0
170589,1,1,6,14,5,14,15,5,6,8,16,12
170590,1,1,0,0,0,0,0,0,0,0,0,0
170591,1,1,0,0,4,29,20,30,28,12,0,0
170592,1,1,0,0,0,0,0,0,0,0,0,0
170593,1,1,7,7,7,7,7,7,7,7,7,7
170594,1,1,13,13,13,13,13,13,13,13,13,13
170595,0,1,0,0,0,0,0,0,0,0,0,0
170595,1,1,0,0,0,0,0,0,0,0,0,0
170596,1,1,0,0,0,0,0,0,0,0,0,0
170596,2,1,0,0,0,0,0,0,0,0,0,0
170596,3,1,0,3,0,0,0,0,0,0,0,0
170597,0,1,0,0,0,0,0,0,0,0,0,0
170597,1,1,0,0,0,0,0,0,0,0,0,0
170598,1,1,0,0,0,0,0,10,0,11,0,16
170598,2,1,0,0,0,0,0,0,0,0,0,0
170599,1,1,19,0,0,12,0,0,0,0,0,0
170599,2,1,0,0,0,0,0,0,0,0,0,0
170600,1,1,0,0,13,0,24,0,0,0,0,18
170601,1,1,23,23,23,23,23,23,23,23,23,23
170601,2,1,13,18,21,8,32,7,24,15,16,26
170602,1,1,14,0,0,0,0,0,0,0,0,9
170602,2,1,0,0,0,0,0,0,0,0,0,0
170603,1,1,0,0,0,0,0,0,0,0,0,0
170604,1,1,0,0,0,0,0,0,0,0,0,10
170604,2,1,0,0,0,0,0,0,0,0,0,0
170605,1,1,21,19,23,27,12,21,17,4,16,4
170606,1,1,0,0,0,0,0,0,0,16,0,0
170606,2,1,0,0,0,0,7,23,0,0,0,0
170606,3,1,0,0,0,0,0,0,0,0,0,0
170607,1,1,17,17,17,17,17,17,17,17,17,17
170607,2,1,0,0,0,0,0,0,0,0,0,0
170608,1,1,0,0,0,8,0,0,9,0,0,0
170608,2,1,0,0,0,0,0,0,0,0,3,0
170609,0,1,0,0,0,0,0,0,0,0,0,0
170609,1,1,0,0,0,0,0,0,0,0,24,0
170610,1,1,12,12,12,12,12,12,12,12,12,12
170611,1,1,0,0,0,0,0,0,0,0,0,0
170611,2,1,0,0,0,0,0,0,0,0,0,0
170612,1,1,27,0,24,8,0,0,21,12,0,19
170614,1,1,12,0,13,0,0,13,0,0,0,0
170614,2,1,0,0,0,14,0,12,0,6,0,0
170615,1,1,0,0,0,0,0,0,0,0,0,0
170617,1,1,22,22,22,22,22,22,22,22,22,22
170618,1,1,0,0,4,0,0,0,0,0,3,0
170618,2,1,0,0,0,0,5,0,9,14,28,25
170619,1,1,0,0,0,0,0,0,0,0,0,0
170619,2,1,0,0,0,0,0,0,0,0,0,0
170620,1,1,14,14,14,14,14,14,14,14,14,14
170621,0,1,0,0,0,0,0,0,0,37,43,0
170621,1,1,9,11,0,8,5,0,0,17,0,0
170622,1,1,0,0,0,17,0,3,0,0,0,0
170622,2,1,0,0,11,0,0,0,0,0,18,0
170623,1,1,0,18,0,0,12,0,0,0,0,16
170624,1,1,30,14,31,16,14,17,26,9,16,0
170624,2,1,0,0,0,0,0,0,0,0,0,0
170625,1,1,0,0,0,0,0,0,0,0,0,0
170625,2,1,9,0,0,0,0,0,0,0,0,8
170626,1,1,0,0,0,0,0,0,18,0,0,0
170626,2,1,0,0,3,0,0,0,0,0,0,0
170626,3,1,0,0,0,15,10,0,0,0,20,0
170627,1,1,0,0,0,0,0,0,0,0,0,0
170627,2,1,0,0,0,10,0,0,0,27,0,8
170628,1,1,14,14,14,14,14,14,14,14,14,14
170629,1,1,0,0,0,0,0,0,0,0,0,0
170629,2,1,0,0,0,0,9,0,0,0,0,0
170630,1,1,0,9,0,0,0,0,0,0,0,0
170630,2,1,0,0,0,0,0,0,0,0,0,0
170630,3,1,0,0,0,0,0,0,0,0,0,0
170631,1,1,0,15,0,25,24,0,25,17,0,0
170631,2,1,26,0,10,11,8,11,0,11,18,0
170632,1,1,5,9,18,0,7,15,19,0,5,0
170633,1,1,0,11,0,0,0,19,0,0,0,0
170633,2,1,11,0,0,0,0,0,12,0,0,0
170634,0,1,0,0,0,0,41,7,0,0,23,0
170634,1,1,9,9,9,9,9,9,9,9,9,9
170635,0,1,0,0,0,0,0,0,0,0,0,0
170635,1,1,12,11,12,10,0,16,16,0,0,0
170635,2,1,0,0,10,19,0,0,0,0,0,12
170636,1,1,33,33,33,33,33,33,33,33,33,33
170637,1,1,0,20,0,2,15,0,0,13,26,0
170638,1,1,27,27,13,18,14,23,7,21,20,24
170639,1,1,0,14,7,0,31,32,17,19,0,0
170640,1,1,0,0,0,0,0,0,0,0,0,0
170641,0,1,34,34,34,34,34,34,34,34,34,34
170641,1,1,0,0,3,0,2,0,0,0,0,0
170642,1,1,0,0,0,0,0,0,0,0,0,0
170642,2,1,0,0,0,0,0,0,0,0,0,0
170643,0,1,17,9,5,0,0,0,33,0,14,0
170643,1,1,12,28,12,0,0,0,0,0,0,0
170644,1,1,0,0,0,0,0,0,0,0,0,0
170644,2,1,0,0,0,0,0,23,0,0,0,0
170645,1,1,0,0,0,0,0,0,0,0,0,0
170645,2,1,22,24,10,0,12,0,0,0,0,13
170645,3,1,0,13,26,17,9,0,0,8,8,32
170646,1,1,16,16,16,16,16,16,16,16,16,16
170646,2,1,0,0,0,0,0,0,0,34,17,0
170647,1,1,10,0,0,8,0,0,8,9,19,6
170648,1,1,19,2,0,12,20,22,22,15,26,0
170648,2,1,0,2,0,0,0,0,0,0,0,0
170649,1,1,19,19,19,19,19,19,19,19,19,19
170649,2,1,16,0,0,10,23,0,26,20,10,0
170650,0,1,0,0,0,0,0,0,0,0,0,0
170650,1,1,0,0,0,0,0,23,0,0,0,0
170651,1,1,17,17,17,17,17,17,17,17,17,17
170651,2,1,0,0,0,0,0,0,0,0,0,0
170652,0,1,0,0,0,0,0,0,0,0,0,0
170652,1,1,0,0,0,0,0,0,0,0,0,0
170653,1,1,16,0,8,15,0,11,0,0,0,0
170653,2,1,0,6,0,0,0,21,0,38,0,0
170654,1,1,0,0,0,0,0,3,15,0,0,0
170654,2,1,4,4,4,4,4,4,4,4,4,4
170655,1,1,0,0,0,0,0,0,0,0,0,0
170655,2,1,1,1,1,1,1,1,1,1,1,1
170656,0,1,0,0,0,0,0,0,0,0,0,0
170656,1,1,0,0,0,0,0,0,0,0,0,0
170657,0,1,16,16,16,16,16,16,16,16,16,16
170657,1,1,0,0,0,0,0,0,0,0,0,0
170658,1,1,27,0,0,0,0,0,3,0,0,0
170659,1,1,0,0,0,0,0,0,0,0,0,0
170659,2,1,0,0,0,0,0,0,0,0,0,0
170660,0,1,12,0,0,0,31,0,0,7,13,0
170660,1,1,9,0,0,0,0,5,0,0,0,0
170660,2,1,0,0,0,0,0,0,0,10,0,0
170661,0,1,0,19,0,0,22,0,0,19,0,0
170661,0,2,0,0,13,0,0,0,0,0,0,13
170661,1,1,0,0,0,0,0,0,0,0,0,0
170661,2,1,0,22,0,0,0,0,0,0,23,0
170661,3,1,0,0,0,0,0,0,0,3,0,0
170663,1,1,28,0,0,0,0,0,15,24,0,23
170663,2,1,0,0,0,0,9,17,0,11,7,0
170664,1,1,27,27,27,27,27,27,27,27,27,27
170665,1,1,6,6,6,6,6,6,6,6,6,6
170666,1,1,0,0,0,0,0,0,0,0,0,0
170666,2,1,0,0,0,0,0,0,0,0,0,0
170667,0,1,0,0,0,0,0,0,0,0,0,0
170667,1,1,15,0,0,0,0,0,13,0,12,0
170668,1,1,0,0,0,0,0,0,0,0,0,0
170668,2,1,0,0,0,0,0,0,0,0,0,0
170669,1,1,0,0,0,10,0,0,0,13,0,15
170669,2,1,0,15,0,0,0,13,0,0,12,0
170670,1,1,17,17,18,17,0,0,0,0,0,0
170670,2,1,0,0,0,0,4,0,0,4,0,0
170671,0,1,0,0,0,0,0,41,0,0,0,7
170671,1,1,0,0,0,0,0,0,0,0,0,0
170672,1,1,0,0,0,0,0,0,0,0,0,0
170672,2,1,0,0,0,0,12,0,0,0,0,0
170673,1,1,0,11,0,0,13,0,10,0,14,7
170674,1,1,0,0,0,0,0,0,0,0,0,0
170674,2,1,0,0,0,0,0,0,0,0,0,0
170674,3,1,0,0,0,0,0,0,0,0,0,0
170674,4,1,0,0,0,0,0,0,0,0,0,0
170674,5,1,0,0,0,0,0,0,0,0,0,0
170675,1,1,0,6,0,0,0,0,0,0,0,26
170675,2,1,0,0,0,0,0,0,0,0,0,0
170676,1,1,19,19,19,19,19,19,19,19,19,19
170677,1,1,0,0,0,0,0,0,0,0,0,0
170678,1,1,18,0,8,19,0,0,0,0,0,14
170679,1,1,17,17,17,17,17,17,17,17,17,17
170680,1,1,10,10,10,10,10,10,10,10,10,10
170681,1,1,32,0,21,0,0,0,6,0,0,0
170682,1,1,1,1,1,1,1,1,1,1,1,1
170683,1,1,0,0,0,0,0,0,0,0,0,0
170683,2,1,0,0,0,0,0,0,0,0,0,0
170684,0,1,0,0,0,0,0,0,0,0,0,0
170684,1,1,0,5,2,0,0,0,13,2,0,0
170684,2,1,0,0,0,0,0,0,0,27,16,21
170685,1,1,0,0,0,0,0,0,1,0,11,0
170685,2,1,0,0,0,0,0,0,0,0,0,0
170685,3,1,0,0,0,0,0,0,0,0,0,0
170685,4,1,0,9,14,0,0,23,0,0,0,0
170685,5,1,0,0,0,0,0,0,0,0,0,0
170686,1,1,0,0,0,0,0,0,0,0,0,0
170686,2,1,0,0,0,0,0,0,0,0,0,0
170687,1,1,0,0,0,0,0,0,0,0,0,0
170687,2,1,0,0,0,14,0,0,0,0,0,0
170688,1,1,0,13,0,0,0,12,18,20,9,0
170688,2,1,0,10,39,0,0,3,0,0,12,0
170689,1,1,0,0,0,0,0,0,0,0,0,0
170689,2,1,0,16,0,0,0,0,0,25,0,0
170690,1,1,9,0,10,13,0,0,31,10,18,15
170690,2,1,0,0,0,0,0,0,0,0,10,0
170691,1,1,22,22,22,22,22,22,22,22,22,22
170691,2,1,0,0,29,0,0,0,0,0,11,0
170692,1,1,25,25,25,25,25,25,25,25,25,25
170692,2,1,0,0,0,0,0,0,0,0,0,0
170693,0,1,0,0,0,0,0,0,0,0,0,0
170693,1,1,0,0,0,0,24,12,20,0,0,17
170694,1,1,4,4,4,4,4,4,4,4,4,4
170694,2,1,0,0,0,0,4,16,24,0,3,0
170695,1,1,19,19,19,19,19,19,19,19,19,19
170696,1,1,0,0,0,0,0,0,0,0,0,0
170696,2,1,0,0,0,0,0,0,0,0,0,0
170697,0,1,16,34,0,20,0,0,0,0,0,7
170697,1,1,0,0,0,0,0,0,0,5,0,0
170698,1,1,11,0,0,25,40,18,0,14,9,0
170699,0,1,0,8,0,0,0,0,27,0,14,24
170699,1,1,0,3,14,10,0,0,0,6,0,0
170700,1,1,0,0,30,0,27,0,0,0,0,9
170701,1,1,0,0,0,0,0,0,0,14,0,0
170701,2,1,0,0,0,0,0,0,0,0,0,0
170702,1,1,0,0,0,0,0,0,0,0,0,0
170703,1,1,0,0,0,0,0,0,0,0,0,0
170703,2,1,0,0,0,0,0,0,0,0,0,0
170703,3,1,0,0,0,0,0,0,0,0,0,0
170703,4,1,29,0,27,0,0,0,10,0,0,0
170704,1,1,35,35,35,35,35,35,35,35,35,35
170705,0,1,0,0,0,0,0,0,0,0,0,0
170705,1,1,23,0,0,23,14,0,20,0,19,1
170706,1,1,0,0,0,0,0,8,0,0,0,0
170706,2,1,0,0,0,0,0,0,0,0,0,0
170706,3,1,0,0,0,0,0,0,0,0,0,0
170707,1,1,0,0,0,0,0,0,0,0,0,0
170707,2,1,0,5,0,11,16,0,0,0,0,0
170707,3,1,0,18,0,0,10,0,35,17,0,16
170708,1,1,0,0,0,0,0,0,0,0,0,0
170709,0,1,22,20,0,0,0,0,20,36,18,13
170709,1,1,17,0,0,0,0,0,0,0,0,0
170710,1,1,22,22,22,22,22,22,22,22,22,22
170711,1,1,0,15,0,0,0,0,18,0,0,0
170711,2,1,0,19,0,8,0,34,0,0,0,0
170712,0,1,1,1,1,1,1,1,1,1,1,1
170712,1,1,0,0,0,0,0,0,0,18,0,0
170713,1,1,21,21,21,21,21,21,21,21,21,21
170714,1,1,14,0,22,13,13,0,0,0,0,0
170715,1,1,0,0,0,0,0,0,0,0,0,0
170716,1,1,0,0,0,0,0,0,0,0,0,0
170716,2,1,0,0,0,0,0,0,0,0,0,0
170717,0,1,0,0,0,0,0,0,0,0,0,0
170717,1,1,0,0,0,22,0,7,0,8,0,0
170718,1,1,0,0,0,0,12,0,11,21,26,0
170720,1,1,0,0,0,0,0,0,0,0,0,0
170720,2,1,0,0,0,0,0,0,0,0,18,22
170721,1,1,0,0,0,0,0,0,0,0,0,0
170721,2,1,0,0,0,0,0,0,0,0,0,0
170722,1,1,0,0,0,0,3,0,0,0,0,0
170722,2,1,0,18,0,0,0,0,0,0,0,0
170723,0,1,0,0,0,0,0,21,13,0,0,31
170723,1,1,0,0,0,0,0,0,0,0,0,0
170724,0,1,15,0,0,28,21,0,23,0,30,0
170724,1,1,8,0,0,0,0,0,13,0,0,0
170724,2,1,11,8,20,0,0,13,0,20,0,15
170725,1,1,0,0,0,0,0,0,0,0,0,0
170725,2,1,0,0,0,0,0,0,0,0,0,0
170726,0,1,0,0,15,0,0,0,0,0,12,11
170726,1,1,0,0,4,0,0,0,0,0,0,0
170727,0,1,11,28,0,23,19,0,22,0,0,0
170727,1,1,0,6,0,0,0,0,0,0,0,0
170728,1,1,0,0,0,0,0,0,0,0,0,0
170728,2,1,0,0,0,0,0,0,0,0,0,0
170729,1,1,0,0,0,0,0,0,0,5,0,0
170730,1,1,13,13,13,13,13,13,13,13,13,13
170730,2,1,26,0,0,8,0,19,0,6,20,28
170730,3,1,18,18,18,18,18,18,18,18,18,18
170730,4,1,0,0,0,8,0,16,0,9,0,31
170731,1,1,0,0,0,7,0,0,10,0,0,0
170731,2,1,0,0,0,0,0,0,0,0,0,0
170732,1,1,0,0,0,0,0,0,0,0,0,0
170732,2,1,0,0,0,2,0,19,12,0,0,3
170733,1,1,0,0,0,0,0,0,0,0,0,0
170733,2,1,0,0,0,0,0,0,0,0,0,0
170734,1,1,8,8,8,8,8,8,8,8,8,8
170734,2,1,0,0,0,0,0,0,0,0,0,0
170735,1,1,0,0,0,10,0,8,0,0,0,0
170735,2,1,0,0,0,7,11,13,0,0,0,0
170736,1,1,13,13,13,13,13,13,13,13,13,13
170737,1,1,0,0,27,12,6,6,19,0,16,17
170738,1,1,19,19,19,19,19,19,19,19,19,19
170739,1,1,26,26,26,26,26,26,26,26,26,26
170740,1,1,20,20,20,20,20,20,20,20,20,20
170741,0,1,0,0,0,0,0,0,0,0,33,23
170741,1,1,0,0,0,0,0,0,0,0,0,0
170742,0,1,0,0,0,0,0,0,0,0,0,0
170742,1,1,0,0,0,0,0,0,0,11,0,17
170743,0,1,0,0,0,0,0,0,0,0,0,15
170743,1,1,13,8,0,0,0,0,7,0,0,0
170744,1,1,0,0,0,6,0,0,0,0,0,0
170744,2,1,0,0,0,0,0,0,0,24,0,0
170745,1,1,0,0,0,0,0,0,13,0,0,0
170745,2,1,0,0,0,0,0,0,0,0,0,0
170746,0,1,0,0,0,0,0,0,0,0,32,0
170746,1,1,0,0,0,0,0,8,0,24,0,0
170747,1,1,20,20,20,20,20,20,20,20,20,20
170748,1,1,0,0,0,16,0,19,21,21,12,0
170749,1,1,0,0,0,0,0,0,0,0,0,0
170749,2,1,0,0,0,4,0,11,0,0,0,16
170749,3,1,0,0,0,10,0,0,0,6,0,0
170751,0,1,19,19,19,19,19,19,19,19,19,19
170751,1,1,0,0,0,0,0,0,0,0,0,0
170752,1,1,13,13,13,13,13,13,13,13,13,13
170753,1,1,16,7,9,25,26,12,7,6,19,24
170753,2,1,19,22,0,0,22,0,0,0,0,17
170753,3,1,0,0,15,0,0,0,0,0,0,0
170754,1,1,25,25,25,25,25,25,25,25,25,25
170755,1,1,0,0,0,7,0,0,0,0,0,0
170755,2,1,0,0,0,0,0,0,0,0,0,0
170756,1,1,0,0,0,0,0,9,0,0,0,13
170756,2,1,0,0,0,0,0,0,0,0,0,0
170757,0,1,0,0,0,0,0,0,0,0,0,0
170757,1,1,0,0,0,0,0,0,0,0,0,0
170758,1,1,0,0,0,0,0,0,0,0,0,0
170759,1,1,13,0,22,11,22,24,0,0,14,28
170760,1,1,7,7,7,7,7,7,7,7,7,7
170761,1,1,15,15,0,0,0,4,0,16,0,0
170761,2,1,0,26,5,0,4,16,6,21,0,0
170762,1,1,17,17,17,17,17,17,17,17,17,17
170763,1,1,28,28,28,28,28,28,28,28,28,28
170764,1,1,0,0,0,9,0,0,0,0,19,0
170764,2,1,0,0,0,0,0,0,0,0,0,0
170765,0,1,0,0,36,0,0,0,0,0,0,0
170765,1,1,0,0,0,0,0,0,13,0,0,0
170766,1,1,0,0,0,0,0,0,0,0,0,0
170767,1,1,14,14,14,14,14,14,14,14,14,14
170768,1,1,0,0,19,8,17,19,0,0,0,0
170768,2,1,0,0,36,0,0,0,0,8,0,13
170769,0,1,12,12,12,12,12,12,12,12,12,12
170769,1,1,0,0,0,0,0,0,16,3,0,0
170770,0,1,0,0,0,0,0,0,0,0,0,0
170770,1,1,0,0,0,0,0,0,0,0,0,0
170771,1,1,0,0,0,0,0,0,0,0,0,0
170771,2,1,0,0,0,0,0,0,0,0,0,0
170772,0,1,25,0,0,8,11,0,0,0,0,13
170772,1,1,0,6,32,8,0,8,0,0,0,0
170773,0,1,19,19,19,19,19,19,19,19,19,19
170773,1,1,0,14,17,0,0,9,0,0,13,25
170774,1,1,27,27,27,27,27,27,27,27,27,27
170775,1,1,0,0,0,0,6,0,10,0,0,16
170776,1,1,0,0,0,0,0,0,0,0,0,0
170776,2,1,0,22,0,0,0,0,0,4,0,0
170777,1,1,0,0,0,0,0,0,0,0,0,0
170777,2,1,0,0,19,0,0,0,0,0,0,0
170778,1,1,0,0,20,0,4,0,0,6,0,0
170779,1,1,0,0,0,0,0,23,0,0,26,0
170779,2,1,0,12,0,0,19,5,35,7,0,39
170780,1,1,31,0,0,0,8,0,0,0,0,0
170780,2,1,0,0,31,0,0,0,0,0,11,0
170781,1,1,0,0,0,0,0,0,0,0,0,0
170781,2,1,13,0,0,0,0,0,0,0,17,31
170782,1,1,25,25,25,25,25,25,25,25,25,25
170782,2,1,0,0,0,0,0,0,0,0,0,0
170782,3,1,0,0,0,0,0,19,0,0,19,0
170782,4,1,0,0,0,0,7,0,0,0,0,0
170783,1,1,0,0,0,0,0,0,0,0,0,0
170783,2,1,6,6,6,6,6,6,6,6,6,6
170784,1,1,0,0,0,0,0,0,0,0,0,0
170784,2,1,0,0,0,0,0,0,0,0,0,3
170786,1,1,0,18,10,0,19,9,0,0,0,0
170786,2,1,0,0,18,0,0,17,0,11,0,13
170787,1,1,0,0,9,0,21,9,0,0,0,11
170787,2,1,0,0,0,0,0,3,12,0,0,0
170788,0,1,0,0,0,0,0,0,0,0,0,0
170788,1,1,28,0,0,0,0,0,0,0,0,16
170790,1,1,21,10,10,0,0,15,5,23,24,32
170791,1,1,11,21,0,35,6,9,22,17,21,21
170792,1,1,0,0,0,0,0,15,7,0,0,0
170792,2,1,16,27,0,0,25,4,0,0,0,10
170793,1,1,0,0,0,0,0,0,0,0,0,0
170793,2,1,0,0,0,0,0,0,0,0,0,0
170794,1,1,0,0,0,0,0,0,33,0,0,0
170794,2,1,0,14,0,0,0,0,0,0,0,0
170794,3,1,0,29,0,0,0,0,0,0,23,10
170794,4,1,0,0,0,0,0,0,0,14,17,0
170794,5,1,0,0,22,0,0,0,36,0,0,0
170795,1,1,1,1,1,1,1,1,1,1,1,1
170796,0,1,0,0,0,0,0,0,0,0,0,13
170796,1,1,0,0,0,0,0,0,0,0,0,0
170797,1,1,15,15,15,15,15,15,15,15,15,15
170798,0,1,0,0,0,0,0,26,49,23,0,0
170798,1,1,19,0,0,0,0,31,0,0,0,0
170799,1,1,15,17,24,4,4,9,14,14,13,0
170800,1,1,0,17,0,9,0,0,0,0,0,0
170800,2,1,0,0,0,0,0,0,0,0,9,0
170801,1,1,0,0,0,0,0,0,0,0,0,0
170801,2,1,0,0,0,0,0,0,0,0,0,0
170802,1,1,0,0,0,0,0,0,0,0,0,0
170802,2,1,10,0,0,13,0,13,0,15,0,0
170803,1,1,0,0,0,14,0,15,0,0,0,0
170803,2,1,14,12,0,0,0,0,0,2,0,36
170804,1,1,10,10,10,10,10,10,10,10,10,10
170805,0,1,18,0,20,10,0,0,0,0,0,0
170805,1,1,0,21,0,0,0,0,0,0,0,12
170806,0,1,0,0,0,0,22,0,0,0,0,0
170806,1,1,0,0,0,0,0,0,0,0,0,0
170807,1,1,0,0,0,0,0,0,0,0,0,0
170808,1,1,5,5,5,5,5,5,5,5,5,5
170809,0,1,0,0,32,0,10,7,0,0,0,0
170809,1,1,0,0,0,19,0,0,0,0,0,0
170810,0,1,17,21,34,27,0,0,0,16,20,21
170810,1,1,0,0,0,0,0,0,0,0,0,0
170811,1,1,27,0,6,19,10,0,24,4,0,0
170812,1,1,11,9,33,19,15,14,0,0,10,0
170812,2,1,0,0,5,0,0,0,0,0,0,0
170813,1,1,21,21,21,21,21,21,21,21,21,21
170813,2,1,0,0,0,0,23,17,0,0,0,0
170814,1,1,0,0,0,0,0,0,0,0,0,0
170814,2,1,0,0,0,0,0,0,0,22,0,0
170815,1,1,0,0,0,0,0,0,0,0,0,0