ST_CASE,VEH_NO,PER_NO,P1,P2,P3,P4,P5,P6,P7,P8,P9,P10
180493,1,1,9,9,9,9,9,9,9,9,9,9
180493,2,1,5,5,5,5,5,5,5,5,5,5
180493,3,1,4,4,4,4,4,4,4,4,4,4
180494,1,1,0,0,0,27,17,0,10,0,0,0
180494,2,1,0,17,21,29,0,26,0,16,23,0
180495,1,1,0,0,0,0,0,0,0,0,0,0
180495,2,1,0,0,0,0,0,0,0,0,0,0
180496,1,1,0,0,0,0,0,0,0,0,0,0
180496,2,1,0,0,0,0,0,0,0,0,0,0
180497,1,1,10,13,0,0,27,0,0,0,0,0
180498,1,1,0,0,0,4,0,0,0,0,0,0
180499,1,1,9,9,9,9,9,9,9,9,9,9
180500,0,1,1,1,1,1,1,1,1,1,1,1
180500,1,1,0,0,0,12,25,0,8,4,3,0
180501,1,1,15,0,24,9,18,15,19,0,20,16
180501,2,1,0,0,0,0,0,0,0,0,0,0
180502,1,1,0,0,0,0,0,0,0,0,0,0
180502,2,1,5,5,5,5,5,5,5,5,5,5
180503,1,1,0,0,5,0,0,0,8,0,9,0
180504,1,1,0,0,0,0,11,0,0,0,0,0
180504,2,1,0,0,0,0,0,0,0,0,0,0
180504,3,1,0,0,0,0,0,0,0,0,0,0
180505,1,1,0,0,7,0,0,0,0,16,0,0
180506,1,1,0,0,9,0,0,12,0,0,0,0
180507,1,1,0,0,0,0,0,0,0,0,0,3
180508,1,1,0,0,0,0,0,0,0,0,0,0
180508,2,1,0,0,0,0,0,0,0,0,0,0
180509,1,1,0,0,0,0,0,0,0,0,0,0
180509,2,1,0,0,0,0,0,0,0,0,0,0
180510,1,1,0,0,0,0,0,0,0,0,0,0
180511,1,1,22,22,22,22,22,22,22,22,22,22
180512,0,1,13,27,0,0,0,7,0,0,0,46
180512,1,1,9,0,15,22,17,13,5,15,11,13
180513,1,1,17,17,17,17,17,17,17,17,17,17
180515,0,1,0,0,0,0,0,0,0,0,0,0
180515,1,1,0,0,18,0,0,0,0,0,0,0
180516,1,1,0,0,0,0,0,0,0,0,0,0
180516,2,1,0,0,0,0,0,0,0,0,0,0
180517,1,1,0,0,17,18,0,11,0,0,18,10
180517,2,1,22,0,0,17,0,20,11,0,0,0
180518,1,1,0,0,0,0,0,0,0,0,0,0
180519,1,1,0,0,0,0,0,0,0,0,0,22
180519,2,1,0,0,0,0,0,0,0,0,0,0
180520,1,1,0,0,0,0,0,0,0,0,0,0
180520,2,1,18,0,0,0,11,0,17,0,0,14
180520,3,1,0,0,0,0,0,0,0,0,0,0
180520,4,1,0,0,0,23,0,0,0,0,0,0
180521,1,1,0,0,0,0,0,0,0,0,0,0
180521,2,1,0,0,22,0,0,0,16,0,0,0
180522,1,1,0,0,0,0,0,20,0,21,0,0
180522,2,1,0,0,0,0,0,0,0,0,0,0
180523,1,1,0,0,0,0,0,0,0,0,0,0
180523,2,1,26,29,18,5,19,12,19,15,13,7
180524,0,1,0,0,30,26,12,29,0,14,0,0
180524,1,1,0,0,0,0,0,0,12,0,2,19
180525,1,1,0,0,0,0,0,0,0,0,0,10
180526,1,1,0,0,0,0,20,0,23,15,17,10
180526,2,1,7,0,0,0,0,0,0,0,0,0
180527,1,1,0,0,0,0,0,0,0,0,0,0
180528,1,1,0,0,0,0,0,0,0,0,0,0
180528,2,1,0,0,0,0,0,0,0,0,0,0
180529,1,1,0,0,0,0,0,0,0,0,0,0
180530,1,1,0,0,0,0,0,0,0,0,0,0
180530,2,1,0,0,0,0,0,0,0,0,0,0
180531,1,1,19,0,5,0,0,0,0,0,0,0
180531,2,1,0,20,0,0,0,13,0,0,0,0
180532,1,1,0,0,0,0,0,0,0,0,0,0
180533,1,1,21,10,18,33,0,7,14,15,16,14
180534,1,1,10,0,0,0,0,19,16,0,0,0
180535,1,1,0,0,12,9,13,21,0,17,13,3
180536,1,1,0,0,0,0,0,0,0,0,0,0
180536,2,1,0,0,0,0,0,0,0,0,0,0
180536,3,1,0,0,0,0,11,0,2,0,9,0
180537,1,1,0,0,0,27,0,8,14,0,0,0
180537,2,1,0,0,0,0,0,0,0,0,0,0
180538,1,1,0,0,0,0,0,0,0,0,0,0
180538,2,1,0,0,0,0,0,0,0,0,0,0
180539,1,1,25,0,0,4,17,25,0,0,0,14
180539,2,1,0,0,18,0,8,0,0,21,26,0
180540,1,1,15,15,15,15,15,15,15,15,15,15
180541,1,1,0,0,0,0,0,0,0,0,0,0
180541,2,1,0,0,0,0,0,0,0,0,0,0
180542,1,1,14,17,10,25,16,0,0,10,0,9
180543,1,1,16,17,25,24,4,17,20,10,9,5
180544,0,1,24,24,24,24,24,24,24,24,24,24
180544,1,1,0,0,6,9,13,11,0,6,0,9
180545,0,1,10,10,10,10,10,10,10,10,10,10
180545,1,1,26,26,26,26,26,26,26,26,26,26
180546,0,1,0,0,0,0,0,0,0,0,0,0
180546,1,1,0,0,0,0,0,0,0,0,0,0
180547,1,1,2,2,2,2,2,2,2,2,2,2
180547,2,1,0,0,0,18,0,0,0,0,0,0
180547,3,1,0,0,0,0,0,0,0,0,0,0
180547,4,1,0,0,0,0,0,0,0,0,0,0
180548,1,1,0,0,0,0,0,0,0,0,0,30
180548,2,1,0,0,0,0,0,0,0,0,0,0
180549,1,1,0,0,0,0,0,0,0,0,0,0
180549,2,1,0,0,0,0,0,0,0,0,0,0
180550,0,1,0,38,0,14,0,0,0,36,22,24
180550,1,1,0,0,0,0,0,0,0,0,0,0
180551,1,1,0,25,7,16,18,32,11,41,14,0
180552,1,1,4,27,8,7,8,12,19,6,23,21
180552,2,1,0,0,12,0,0,0,30,0,0,13
180553,0,1,0,0,0,0,0,0,0,0,0,0
180553,1,1,0,0,1,7,0,0,0,16,17,0
180554,1,1,12,0,0,31,0,13,0,0,0,0
180554,2,1,0,0,16,4,0,12,17,0,0,0
180555,1,1,0,0,0,0,0,0,0,0,0,0
180555,2,1,0,0,0,0,0,0,0,0,0,0
180556,1,1,0,0,0,0,0,0,0,0,0,0
180556,2,1,0,0,0,0,0,0,0,0,0,0
180557,1,1,0,0,0,0,0,0,0,0,0,0
180557,2,1,0,13,0,0,0,0,0,0,0,0
180558,1,1,6,17,0,35,13,38,0,20,28,0
180559,1,1,4,22,32,0,0,0,0,0,0,0
180559,2,1,0,0,0,14,0,0,0,0,13,0
180560,1,1,14,0,22,4,13,25,0,27,17,9
180561,1,1,21,0,0,0,0,0,30,10,0,0
180562,0,1,0,0,0,0,0,0,0,0,0,0
180562,1,1,0,0,0,0,0,0,0,0,0,0
180563,1,1,0,0,0,0,0,0,0,7,0,0
180564,1,1,8,21,0,0,0,0,12,0,0,0
180565,1,1,0,15,0,0,14,18,0,0,19,0
180565,2,1,15,0,0,0,0,0,0,0,0,0
180566,0,1,0,0,0,0,0,0,0,0,0,0
180566,1,1,0,0,0,0,0,0,0,0,0,0
180568,0,1,11,11,11,11,11,11,11,11,11,11
180568,1,1,10,15,0,17,9,0,7,25,10,0
180569,1,1,14,14,14,14,14,14,14,14,14,14
180570,1,1,0,0,0,0,0,0,0,25,0,24
180570,2,1,0,0,0,0,0,0,0,0,0,0
180571,0,1,0,0,0,0,0,0,0,0,0,0
180571,1,1,0,10,3,18,14,2,9,0,0,0
180572,1,1,0,0,0,0,0,0,0,0,0,0
180573,1,1,0,0,0,0,0,0,0,22,19,0
180574,1,1,11,11,11,11,11,11,11,11,11,11
180574,2,1,0,0,0,0,0,0,0,0,0,0
180575,1,1,0,0,0,0,0,0,0,0,0,0
180575,2,1,0,17,20,15,0,0,0,0,0,0
180576,1,1,0,0,0,0,0,0,15,0,0,0
180576,2,1,0,0,0,0,20,0,0,0,0,0
180577,0,1,0,0,0,0,0,0,0,0,0,10
180577,1,1,0,0,0,0,0,0,0,0,0,0
180578,1,1,6,20,18,16,14,19,8,11,37,20
180579,1,1,18,18,18,18,18,18,18,18,18,18
180580,1,1,0,0,17,0,0,0,0,0,0,0
180580,2,1,0,0,0,4,0,0,0,0,0,6
180581,1,1,0,0,0,0,0,0,0,0,0,0
180581,2,1,3,3,3,3,3,3,3,3,3,3
180582,1,1,0,0,19,0,0,0,0,0,5,36
180582,2,1,0,0,0,0,28,0,0,12,0,25
180583,1,1,0,6,0,0,0,0,0,0,0,0
180583,2,1,0,16,0,0,0,0,0,0,0,0
180584,1,1,0,0,0,0,0,0,0,0,0,0
180585,1,1,12,0,11,11,0,0,34,18,7,11
180586,1,1,0,0,0,0,0,0,0,0,0,0
180588,1,1,21,21,21,21,21,21,21,21,21,21
180589,1,1,11,13,5,15,11,18,18,27,8,10
180590,1,1,0,0,0,0,0,12,0,0,0,0
180590,2,1,0,0,0,18,4,0,0,10,0,0
180591,1,1,6,0,15,0,13,24,0,0,9,12
180592,1,1,15,0,0,0,0,0,0,0,0,0
180592,2,1,2,0,1,0,0,0,0,0,0,0
180593,1,1,0,0,0,0,0,0,0,0,0,0
180593,2,1,0,0,0,0,0,0,0,0,0,0
180594,1,1,15,0,16,0,0,0,0,11,0,0
180595,1,1,0,13,0,0,0,0,0,7,0,0
180596,0,1,0,0,0,0,10,0,0,0,0,0
180596,1,1,0,0,0,30,14,14,15,38,0,0
180597,1,1,0,12,0,0,12,13,9,0,13,10
180598,1,1,0,0,0,0,0,0,0,0,0,0
180598,2,1,0,0,0,0,0,0,0,0,0,0
180599,1,1,0,0,0,0,0,0,0,0,0,0
180599,2,1,0,0,0,0,0,0,0,0,0,0
180600,1,1,21,21,21,21,21,21,21,21,21,21
180600,2,1,0,0,0,0,0,0,0,0,0,0
180600,3,1,12,12,12,12,12,12,12,12,12,12
180601,1,1,0,0,0,0,0,0,0,0,0,0
180603,1,1,13,14,15,0,0,14,0,20,13,13
180604,1,1,0,0,0,0,0,0,0,0,0,0
180604,2,1,0,0,0,0,0,0,0,0,0,0
180605,1,1,0,0,0,0,0,0,0,0,0,0
180606,1,1,23,23,23,23,23,23,23,23,23,23
180606,2,1,0,0,0,0,0,2,0,0,0,0
180607,1,1,24,0,0,0,0,0,0,0,0,0
180607,2,1,0,0,0,0,0,0,0,0,0,0
180608,1,1,0,0,11,0,0,4,11,0,0,0
180609,1,1,0,0,0,0,37,0,0,0,0,0
180610,1,1,18,18,18,18,18,18,18,18,18,18
180611,1,1,0,0,0,0,0,0,16,0,0,0
180612,1,1,0,0,0,0,0,23,0,0,0,0
180612,2,1,0,0,0,0,0,0,0,0,0,0
180613,1,1,0,0,0,0,0,0,19,0,0,0
180613,2,1,0,0,0,0,0,0,0,0,0,0
180614,1,1,0,0,0,0,0,19,0,5,0,0
180614,2,1,0,0,0,0,0,0,0,0,0,0
180615,1,1,0,9,0,19,11,0,25,10,0,0
180616,1,1,0,0,0,0,14,0,0,0,0,0
180616,2,1,0,0,0,0,0,0,0,0,0,0
180617,1,1,0,0,0,0,0,0,0,0,0,0
180617,2,1,0,0,0,0,0,0,0,0,0,0
180618,1,1,0,0,0,0,0,0,0,0,0,0
180619,1,1,17,17,17,17,17,17,17,17,17,17
180619,2,1,0,0,0,0,0,0,0,0,0,0
180619,3,1,0,0,0,0,0,0,0,0,0,0
180619,4,1,0,0,0,0,0,0,0,0,0,0
180620,1,1,0,28,0,0,0,0,0,0,23,27
180620,2,1,0,0,0,0,0,0,0,5,0,0
180621,1,1,21,21,21,21,21,21,21,21,21,21
180621,2,1,0,0,9,0,0,0,0,0,0,0
180622,2,1,0,0,18,0,0,0,0,0,0,0
180623,1,1,0,0,0,0,0,0,0,0,0,0
180623,2,1,0,0,0,0,0,28,0,0,0,0
180624,1,1,0,0,0,0,0,0,0,0,0,0
180624,2,1,0,0,28,20,0,0,0,0,0,0
180625,0,1,0,0,0,0,0,24,26,0,0,0
180625,1,1,0,0,0,0,0,0,0,0,0,0
180626,0,1,0,0,0,0,0,0,0,0,0,12
180626,1,1,0,8,0,6,10,16,10,25,0,15
180627,1,1,14,0,0,0,18,33,31,0,0,0
180628,0,1,19,19,19,19,19,19,19,19,19,19
180628,1,1,0,0,0,0,0,0,0,0,0,0
180629,1,1,0,0,0,0,0,0,5,4,0,0
180629,2,1,0,0,0,0,0,0,0,0,0,0
180629,3,1,0,0,0,0,0,0,0,0,0,0
180630,1,1,0,0,17,0,0,0,0,0,0,0
180630,2,1,0,24,0,0,9,22,0,0,0,0
180630,3,1,0,0,0,0,0,15,0,0,0,7
180631,1,1,0,0,0,0,0,0,0,0,16,0
180631,2,1,0,0,0,0,0,0,0,17,0,0
180632,1,1,0,0,0,0,0,0,0,18,25,0
180632,2,1,0,0,0,0,0,0,0,0,0,0
180633,0,1,6,6,6,6,6,6,6,6,6,6
180633,1,1,0,0,0,0,0,0,0,0,0,0
180634,1,1,0,0,0,0,0,0,0,0,0,0
180634,2,1,0,0,0,0,0,0,0,0,0,0
180635,1,1,10,10,9,11,5,15,20,0,8,3
180635,2,1,0,0,0,0,0,0,0,0,0,0
180636,1,1,21,11,0,0,0,4,0,16,0,16
180637,0,1,39,0,0,19,0,0,0,0,0,0
180637,1,1,11,13,0,0,6,0,0,0,0,10
180638,1,1,9,17,0,18,15,20,32,12,25,15
180639,1,1,0,0,0,0,0,0,0,0,0,0
180639,2,1,12,0,0,0,0,18,0,50,0,0
180640,1,1,0,0,21,0,4,0,0,0,0,0
180640,2,1,18,16,0,0,0,0,0,0,0,12
180641,1,1,0,0,0,0,0,0,0,0,0,0
180641,2,1,0,8,0,0,0,0,0,0,0,0
180642,1,1,0,0,0,0,0,0,0,0,0,0
180642,2,1,0,0,0,0,19,0,0,0,27,7
180643,1,1,0,0,0,0,0,0,0,0,0,0
180644,1,1,20,0,3,19,33,8,0,18,22,19
180645,1,1,25,24,0,0,0,0,0,27,0,10
180646,1,1,0,13,24,14,14,21,12,0,29,16
180646,2,1,0,0,0,0,0,0,0,0,0,0
180647,1,1,0,0,20,0,16,0,0,27,0,0
180647,2,1,0,0,0,0,0,0,0,0,0,0
180648,0,1,0,0,0,0,0,0,0,0,0,0
180648,1,1,17,0,14,0,0,21,13,14,13,10
180648,2,1,12,11,0,0,0,0,20,12,10,0
180649,1,1,0,0,0,0,0,0,0,0,0,0
180649,2,1,0,0,0,0,0,0,0,9,0,0
180650,1,1,19,19,19,19,19,19,19,19,19,19
180650,2,1,0,0,0,0,0,0,0,0,0,0
180651,1,1,3,9,13,28,22,35,24,8,17,11
180653,1,1,0,0,0,8,0,0,0,0,0,0
180653,2,1,8,13,0,0,0,0,0,0,0,0
180654,1,1,15,17,10,36,27,12,26,11,4,17
180655,1,1,0,0,0,0,0,0,0,0,0,0
180656,1,1,0,0,0,0,0,0,0,0,0,0
180657,0,1,31,23,0,0,0,21,26,0,0,26
180657,1,1,0,0,0,19,0,0,0,0,0,0
180658,1,1,0,0,0,15,0,0,0,0,0,0
180658,2,1,0,0,0,0,18,0,0,0,0,0
180659,1,1,6,21,12,0,0,16,0,0,0,0
180659,2,1,0,0,0,0,0,0,0,0,0,0
180659,3,1,0,0,0,0,0,10,0,0,0,0
180660,1,1,0,0,0,0,0,0,0,10,0,0
180660,2,1,0,0,13,0,0,37,0,0,0,0
180661,1,1,19,19,19,19,19,19,19,19,19,19
180661,2,1,8,0,26,34,19,0,0,0,0,0
180662,1,1,0,0,0,0,0,0,0,0,0,0
180662,2,1,0,0,0,0,0,0,0,0,0,0
180663,1,1,0,0,0,0,0,0,0,0,0,0
180664,0,1,0,0,0,0,0,0,0,0,0,0
180664,1,1,0,14,11,0,0,18,10,5,0,0
180665,1,1,0,0,19,0,0,6,0,6,0,0
180665,2,1,0,0,0,0,0,0,0,0,0,0
180666,1,1,0,0,23,0,14,19,14,10,0,0
180667,1,1,0,0,0,0,0,0,0,0,0,0
180667,2,1,0,0,0,0,0,0,0,0,0,0
180668,1,1,15,15,15,15,15,15,15,15,15,15
180668,2,1,0,0,0,0,0,0,0,0,0,0
180669,0,1,0,10,0,28,0,29,18,0,0,0
180669,1,1,0,0,0,0,0,0,0,0,0,0
180670,1,1,0,0,20,0,26,17,22,13,0,17
180671,1,1,0,0,0,0,0,0,0,0,20,34
180672,0,1,0,0,0,0,0,0,0,0,0,0
180672,1,1,0,0,0,0,0,0,0,0,0,0
180673,1,1,0,19,0,0,14,0,0,0,16,0
180675,1,1,23,4,14,0,0,13,0,0,20,18
180676,1,1,0,0,0,0,0,0,0,0,0,0
180676,2,1,0,0,0,0,0,0,0,0,0,0
180677,1,1,0,0,0,0,0,0,0,0,0,0
180678,1,1,0,0,0,0,0,0,0,0,0,0
180678,2,1,0,0,10,8,0,12,22,20,0,0
180679,0,1,0,0,0,0,0,0,0,0,0,0
180679,0,2,0,0,0,0,0,18,0,20,0,0
180679,1,1,13,10,9,13,4,23,16,13,9,0
180680,1,1,0,0,0,0,0,26,0,16,0,14
180681,1,1,0,0,0,0,0,0,0,0,0,0
180682,0,1,28,31,11,0,0,0,0,32,0,21
180682,1,1,4,0,0,0,0,0,4,0,8,0
180683,1,1,0,0,16,0,0,0,0,0,0,16
180683,2,1,0,0,0,0,0,0,10,0,0,0
180684,1,1,0,0,0,0,0,0,0,0,0,0
180685,1,1,0,11,0,0,0,0,0,0,0,0
180685,2,1,0,0,0,0,0,0,0,0,0,0
180686,1,1,4,4,4,4,4,4,4,4,4,4
180686,2,1,0,0,0,0,0,0,0,0,0,0
180686,3,1,6,0,0,0,0,0,13,0,0,0
180687,0,1,0,17,0,0,22,0,0,0,0,0
180687,1,1,0,13,0,0,0,0,0,0,0,0
180688,0,1,0,0,0,0,0,19,17,0,0,0
180688,1,1,0,0,0,0,0,0,0,0,0,0
180689,1,1,0,0,0,0,0,0,11,0,0,0
180689,2,1,0,0,0,0,0,0,0,0,0,0
180690,1,1,19,0,4,0,0,0,0,0,0,15
180691,1,1,0,0,0,0,0,0,0,0,0,0
180691,2,1,0,0,0,0,0,0,0,0,0,0
180692,0,1,0,0,0,0,0,0,0,0,0,0
180692,1,1,0,0,0,0,0,11,0,0,0,0
180693,0,1,0,0,0,0,0,0,0,0,0,0
180693,1,1,10,6,0,15,5,15,0,18,0,0
180694,1,1,0,0,0,0,0,0,0,0,0,0
180694,2,1,0,0,0,0,0,0,0,0,0,0
180695,0,1,17,0,0,0,0,16,0,0,0,25
180695,1,1,0,0,0,0,0,0,0,0,0,0
180696,1,1,33,27,0,0,0,21,24,0,0,0
180696,2,1,0,0,0,0,0,0,0,0,0,0
180697,1,1,0,0,0,0,0,0,0,0,0,0
180697,2,1,0,0,0,0,0,0,0,0,0,0
180698,1,1,18,18,18,18,18,18,18,18,18,18
180699,1,1,13,0,11,32,0,14,21,0,4,18
180699,2,1,0,0,8,0,0,0,21,0,0,0
180700,1,1,0,30,0,29,0,18,5,0,0,4
180701,1,1,0,0,0,0,0,0,0,0,0,0
180701,2,1,1,0,0,0,0,0,0,0,0,0
180702,0,1,0,22,0,0,0,0,0,0,0,0
180702,1,1,0,0,0,0,0,0,0,0,0,0
180702,2,1,0,0,7,0,0,6,15,0,0,0
180703,1,1,0,0,0,0,0,0,0,0,0,0
180704,1,1,19,14,19,0,0,11,20,14,0,13
180705,1,1,19,19,19,19,19,19,19,19,19,19
180706,1,1,0,12,0,0,0,0,0,0,0,16
180706,2,1,0,0,0,0,0,0,0,0,0,0
180707,1,1,0,0,23,0,0,0,0,0,11,0
180707,2,1,2,2,2,2,2,2,2,2,2,2
180707,3,1,0,0,0,0,0,0,0,0,0,0
180708,1,1,0,0,0,0,0,0,0,0,0,0
180708,2,1,0,0,0,0,0,0,0,0,0,0
180709,1,1,0,0,0,0,0,0,0,16,0,0
180709,2,1,0,0,0,0,0,0,0,26,0,0
180711,1,1,0,0,0,0,0,0,0,0,0,12
180711,2,1,24,0,0,0,0,0,0,0,0,0
180712,1,1,0,0,0,0,0,0,0,0,0,0
180713,1,1,0,0,0,0,0,0,0,0,7,23
180713,2,1,0,0,0,0,0,0,0,0,0,0
180714,1,1,0,0,0,0,0,0,0,0,0,0
180715,1,1,20,9,40,0,16,0,0,0,24,0
180715,2,1,0,0,0,0,0,12,0,0,10,0
180716,0,1,0,0,24,0,44,0,0,0,0,0
180716,1,1,0,0,0,0,0,0,0,0,0,0
180717,0,1,0,0,0,0,0,0,0,0,0,0
180717,1,1,0,0,0,0,0,0,0,0,0,0
180718,1,1,4,14,6,0,2,0,0,22,14,0
180719,1,1,0,0,0,0,0,0,0,0,0,0
180719,2,1,0,0,0,0,0,0,0,0,0,0
180720,1,1,21,8,35,0,0,8,0,0,24,0
180721,1,1,0,0,0,20,11,0,0,0,13,0
180721,2,1,0,0,0,0,0,0,0,0,0,12
180722,1,1,0,0,0,0,0,0,0,0,0,0
180722,2,1,0,0,0,0,0,0,0,0,0,0
180724,1,1,22,5,9,0,21,22,8,12,0,13
180725,1,1,0,0,0,0,0,0,0,0,0,0
180725,2,1,0,0,0,0,0,0,0,0,0,0
180726,1,1,0,0,0,0,0,0,0,0,17,0
180726,2,1,0,0,0,0,0,0,0,0,0,0
180727,1,1,33,33,33,33,33,33,33,33,33,33
180728,1,1,0,20,0,0,13,0,0,33,11,0
180729,1,1,0,0,0,0,0,0,0,0,0,0
180729,2,1,0,0,8,0,0,0,0,18,0,0
180730,1,1,16,18,0,4,26,8,14,25,2,17
180731,0,1,0,0,0,0,0,0,0,0,28,14
180731,1,1,0,0,0,0,0,0,0,0,0,0
180732,1,1,0,0,31,0,0,0,0,0,0,0
180732,2,1,11,0,0,13,0,0,0,0,0,0
180733,1,1,0,29,0,0,0,15,22,0,0,0
180733,2,1,0,0,0,0,0,0,0,0,0,0
180734,1,1,0,0,0,0,0,0,0,0,0,0
180734,2,1,0,0,0,0,0,0,0,0,0,0
180735,1,1,0,0,0,0,0,0,0,0,0,0
180735,2,1,0,0,0,0,0,0,0,0,0,0
180735,3,1,0,0,0,0,2,0,0,0,0,0
180736,0,1,0,0,0,0,0,0,0,0,0,0
180736,1,1,0,16,0,0,0,0,0,0,0,0
180737,1,1,0,0,0,0,0,0,0,0,0,0
180738,0,1,0,0,0,0,0,0,0,0,0,0
180738,0,2,0,0,20,0,16,12,0,44,0,0
180738,1,1,0,15,0,0,0,0,0,0,0,0
180738,2,1,0,0,0,20,0,32,0,0,0,0
180739,1,1,0,14,0,0,2,0,15,0,0,0
180740,0,1,0,0,0,0,19,0,0,0,15,0
180740,1,1,0,0,0,0,0,0,0,0,0,0
180741,1,1,0,0,0,0,0,0,0,0,0,0
180742,1,1,0,0,0,0,0,0,0,0,0,0
180742,2,1,0,0,0,0,0,0,0,0,0,0
180743,1,1,18,18,18,18,18,18,18,18,18,18
180744,1,1,0,0,0,0,6,0,0,0,0,0
180744,2,1,0,0,0,0,0,0,0,0,0,24
180745,1,1,15,15,15,15,15,15,15,15,15,15
180745,2,1,0,0,0,0,0,0,0,0,0,0
180746,1,1,0,0,0,0,0,0,24,0,0,0
180746,2,1,0,0,0,0,0,0,0,0,0,0
180747,1,1,14,29,24,15,16,0,9,0,22,11
180748,1,1,0,0,0,0,0,0,0,0,0,0
180748,2,1,0,0,0,0,0,0,0,0,0,0
180749,0,1,0,0,26,0,0,25,25,23,0,11
180749,1,1,0,0,0,0,0,0,0,0,0,0
180751,1,1,0,0,0,0,0,0,0,0,0,0
180751,2,1,0,0,0,0,0,0,0,0,0,0
180752,1,1,6,6,6,6,6,6,6,6,6,6
180753,0,1,0,0,0,0,0,0,0,0,0,0
180753,1,1,0,0,0,0,0,0,0,0,0,0
180754,1,1,0,0,0,0,0,0,0,0,0,0
180754,2,1,0,0,0,0,0,0,0,0,0,0
180755,1,1,0,20,0,0,0,0,0,0,21,0
180756,1,1,27,27,27,27,27,27,27,27,27,27
180756,2,1,0,0,0,0,0,0,0,0,0,0
180757,1,1,19,19,19,19,19,19,19,19,19,19
180758,1,1,0,0,0,18,18,12,0,20,7,0
180759,0,1,0,0,0,0,0,0,0,0,0,0
180759,1,1,0,0,0,0,0,0,0,0,0,0
180760,1,1,21,0,0,0,0,0,0,13,0,9
180761,1,1,0,0,0,0,0,0,0,0,0,0
180762,1,1,19,19,19,19,19,19,19,19,19,19
180762,2,1,6,24,6,23,0,18,0,0,0,0
180763,1,1,0,0,0,0,0,0,0,0,0,0
180764,1,1,22,27,0,24,0,3,19,0,20,18
180764,2,1,0,0,0,0,0,0,0,0,0,0
180765,0,1,0,20,0,0,0,0,0,0,0,0
180765,2,1,0,0,12,0,0,0,0,0,11,0
180765,3,1,0,0,0,0,0,0,0,0,0,0
180766,1,1,0,0,0,0,0,18,0,0,0,0
180767,0,1,0,0,0,0,0,0,0,0,24,0
180767,1,1,0,0,0,0,0,0,0,0,0,0
180767,2,1,0,0,0,0,0,0,0,0,0,0
180767,3,1,0,0,0,0,0,0,0,0,0,0
180768,1,1,3,3,3,3,3,3,3,3,3,3
180768,2,1,0,0,0,0,0,0,0,0,0,0
180768,3,1,0,0,0,0,0,0,0,0,0,0
180769,1,1,0,0,0,0,0,0,0,0,0,0
180769,2,1,0,0,0,0,0,0,0,0,0,0
180770,1,1,0,0,0,0,0,0,0,0,0,6
180771,0,1,0,0,0,0,0,0,0,0,0,0
180771,1,1,0,0,0,0,0,0,0,0,0,0
180772,1,1,0,0,0,0,4,0,0,0,0,0
180772,2,1,0,0,0,0,0,0,0,0,0,0
180773,1,1,0,0,0,0,0,0,0,0,0,0
180774,1,1,24,24,24,24,24,24,24,24,24,24
180774,2,1,0,0,12,0,0,0,0,0,11,0
180775,1,1,0,0,0,0,0,0,0,0,0,0
180775,2,1,0,0,0,0,0,0,0,0,0,0
180776,1,1,0,0,0,0,0,12,0,0,0,0
180776,2,1,0,0,0,0,0,0,0,0,0,0
180776,3,1,0,0,22,0,0,0,8,0,0,0
180777,1,1,0,0,0,0,0,0,0,0,0,0
180777,2,1,0,0,0,0,0,0,0,0,0,0
180778,0,1,31,31,31,31,31,31,31,31,31,31
180778,1,1,0,0,0,0,0,0,0,0,0,0
180779,1,1,0,0,7,0,0,0,0,0,0,0
180779,2,1,0,0,0,0,10,0,0,0,0,12
180780,1,1,10,31,2,0,28,20,39,27,22,10
180780,2,1,0,0,0,0,0,0,0,0,0,0
180781,1,1,0,8,0,0,0,0,0,0,0,0
180781,2,1,0,0,0,0,0,0,0,0,0,0
180782,1,1,0,0,0,0,0,0,0,0,0,0
180783,1,1,11,0,0,29,0,4,0,0,15,14
180784,1,1,0,3,19,0,0,0,0,11,0,0
180784,2,1,0,0,0,0,0,0,0,0,0,0
180785,1,1,1,1,1,1,1,1,1,1,1,1
180785,2,1,30,0,0,10,0,28,0,0,0,0
180786,0,1,0,15,0,0,0,0,0,0,28,0
180786,0,2,0,0,0,0,0,0,0,0,0,0
180786,1,1,0,0,0,0,0,0,0,0,0,0
180787,1,1,0,0,0,0,0,0,26,0,0,0
180787,2,1,0,0,20,0,5,0,0,0,0,0
180788,1,1,21,0,0,0,9,0,0,0,24,12
180788,2,1,0,0,0,0,0,0,0,0,0,0
180789,1,1,0,0,0,0,0,0,0,0,0,0
180789,2,1,0,0,0,0,0,0,0,0,0,0
180790,1,1,0,0,0,0,0,4,0,0,0,0
180791,1,1,0,4,0,0,0,0,0,21,0,8
180792,1,1,25,25,25,25,25,25,25,25,25,25
180792,2,1,0,0,0,0,0,0,0,0,0,0
180793,1,1,0,0,0,0,0,0,0,0,0,0
180793,2,1,0,0,0,0,0,0,0,0,0,0
180794,1,1,0,0,0,0,0,0,0,0,0,0
180795,1,1,11,0,28,0,12,9,24,15,7,12
180796,1,1,0,0,0,14,0,12,0,0,0,13
180797,1,1,0,0,18,0,0,24,10,22,0,0
180798,1,1,0,0,0,0,0,13,0,0,0,0
180798,2,1,0,0,0,0,0,0,0,0,0,0