ST_CASE,VEH_NO,PER_NO,P1,P2,P3,P4,P5,P6,P7,P8,P9,P10
180799,1,1,0,0,0,0,0,0,0,0,0,0
180799,2,1,0,0,0,11,0,20,0,0,0,0
180800,1,1,0,0,31,10,12,0,13,0,15,0
180801,1,1,0,0,0,0,0,0,0,0,0,0
180801,2,1,0,0,0,0,0,0,0,0,0,0
180803,1,1,17,17,17,17,17,17,17,17,17,17
180804,1,1,0,0,0,0,0,0,0,0,0,0
180805,1,1,0,0,0,0,0,0,0,0,0,0
180806,0,1,0,0,0,0,0,0,0,0,0,0
180806,1,1,0,0,0,0,0,0,0,0,0,0
180807,1,1,0,0,0,0,0,0,0,0,0,0
180808,0,1,18,18,18,18,18,18,18,18,18,18
180808,1,1,0,0,0,0,0,0,0,0,0,0
180809,1,1,17,11,34,12,18,7,4,21,0,0
180810,1,1,0,0,0,0,0,0,0,0,0,0
180810,2,1,0,0,0,0,0,0,0,0,0,0
180810,3,1,0,0,0,0,0,0,0,0,0,0
180811,0,1,0,0,0,0,0,0,0,0,0,0
180811,1,1,0,0,0,0,0,0,0,0,0,0
180812,1,1,0,0,0,0,0,0,0,0,0,0
180812,2,1,0,0,0,0,0,0,0,0,0,0
180813,1,1,7,7,7,7,7,7,7,7,7,7
180813,2,1,0,0,0,0,0,0,0,0,0,0
180814,1,1,0,0,0,0,0,0,0,0,0,0
180815,1,1,0,0,0,0,0,0,0,0,0,0
180815,2,1,0,0,0,0,0,0,0,0,0,0
180815,3,1,0,14,33,0,0,0,0,0,0,0
180816,1,1,0,14,0,0,0,0,0,0,0,0
180816,2,1,0,0,0,0,0,0,0,0,0,0
180817,1,1,0,0,0,0,0,0,0,0,0,0
180818,1,1,0,17,0,0,0,17,0,21,0,17
180819,0,1,0,0,0,0,0,0,0,0,0,0
180819,1,1,0,0,0,0,0,0,0,0,0,0
180820,1,1,7,7,7,7,7,7,7,7,7,7
180821,1,1,0,23,0,0,12,18,0,0,0,16
180822,0,1,11,11,11,11,11,11,11,11,11,11
180822,1,1,0,0,0,0,0,0,0,0,0,0
180823,0,1,0,0,0,0,0,0,0,0,0,15
180823,1,1,11,0,0,0,0,0,0,0,0,0
180824,1,1,16,26,7,25,21,25,13,11,20,20
180825,1,1,0,0,0,33,0,16,0,0,0,18
180826,1,1,16,33,20,13,0,16,2,21,0,14
180827,1,1,15,15,15,15,15,15,15,15,15,15
180828,0,1,27,21,0,0,0,20,21,0,10,46
180828,1,1,0,0,0,0,0,0,0,0,0,0
180829,1,1,0,0,0,0,0,0,0,0,0,0
180829,2,1,0,0,0,0,0,0,0,0,0,0
180830,1,1,0,0,0,0,0,0,0,0,0,0
180830,2,1,0,0,0,0,0,0,0,0,0,0
180831,0,1,0,0,0,0,0,0,0,0,0,0
180831,1,1,0,0,14,0,0,0,0,0,0,0
180832,1,1,20,20,20,20,20,20,20,20,20,20
180832,2,1,0,0,0,0,0,0,0,0,0,0
180833,1,1,9,30,16,24,0,0,4,19,48,18
180834,0,1,0,22,0,0,0,0,14,0,0,0
180834,1,1,0,0,0,37,0,0,0,0,0,0
180835,0,1,0,0,0,8,34,0,0,0,0,0
180835,1,1,0,0,0,7,0,0,0,0,0,0
180836,1,1,20,0,0,0,0,14,0,0,0,17
180837,1,1,0,0,0,0,0,0,0,0,0,0
180837,2,1,0,0,0,0,0,0,0,0,0,0
180838,1,1,0,0,0,0,0,0,0,0,14,0
180839,1,1,0,0,0,0,0,0,0,0,0,0
180839,2,1,0,0,0,0,0,0,0,0,0,0
180839,3,1,0,0,0,0,0,0,0,0,0,0
180840,1,1,0,0,0,0,0,0,0,0,0,0
180840,2,1,0,0,0,0,0,0,0,0,0,0
180841,1,1,0,0,0,0,0,0,0,0,0,0
180841,2,1,0,0,0,0,0,0,0,0,0,0
180841,3,1,0,0,0,0,0,0,0,0,0,0
180842,1,1,0,0,0,0,0,0,0,0,0,0
180843,1,1,20,22,0,0,18,7,35,6,0,28
180844,1,1,0,0,0,0,0,0,0,0,0,0
180844,2,1,0,0,0,0,0,0,0,0,0,0
180845,1,1,16,16,16,16,16,16,16,16,16,16
180846,1,1,0,20,0,12,15,10,0,16,0,0
180846,2,1,0,0,0,0,0,0,0,0,0,0
180847,1,1,0,0,0,30,16,0,0,0,0,0
180847,2,1,0,0,0,0,0,0,20,0,0,0
180848,1,1,0,0,0,0,0,0,0,0,0,0
180849,1,1,0,0,0,0,0,0,0,0,0,0
180850,1,1,19,0,0,0,14,5,22,3,0,0
180850,2,1,0,0,0,0,0,0,0,0,10,0
180850,3,1,0,0,0,20,0,0,0,0,0,0
180850,4,1,2,0,0,0,0,0,0,0,0,0
180850,5,1,0,0,0,0,0,0,0,0,0,0
180850,6,1,0,0,0,0,0,0,0,0,0,0
180851,1,1,0,0,0,0,0,0,19,0,0,0
180851,2,1,0,0,0,0,0,0,5,0,0,14
180852,1,1,0,0,0,0,0,0,5,0,0,0
180853,1,1,0,0,0,0,0,0,0,0,0,0
180853,2,1,6,6,6,6,6,6,6,6,6,6
180854,1,1,0,0,0,0,0,0,0,0,0,0
180854,2,1,0,0,0,0,0,0,0,0,0,0
180855,1,1,0,0,0,0,0,0,0,0,0,0
180856,1,1,48,48,48,48,48,48,48,48,48,48
180856,2,1,0,0,0,0,0,0,0,0,0,0
180857,1,1,8,8,8,8,8,8,8,8,8,8
180858,1,1,0,0,0,0,0,0,0,0,0,0
180858,2,1,0,0,0,0,0,0,0,0,0,0
180859,1,1,0,0,0,0,0,17,0,0,0,0
180859,2,1,0,0,0,0,0,0,0,0,0,0
180860,1,1,0,0,0,0,0,0,0,0,0,0
180860,2,1,0,0,0,0,0,0,29,0,0,0
180861,1,1,31,16,0,18,9,28,6,15,13,14
180862,0,1,0,0,0,0,0,41,0,0,0,0
180862,1,1,0,0,0,0,0,0,0,0,0,0
180863,1,1,0,0,0,0,0,0,0,0,0,0
180863,2,1,0,0,0,0,0,0,0,0,0,0
180864,0,1,0,0,0,0,0,0,0,0,0,0
180864,1,1,0,0,0,0,0,0,0,0,0,0
180865,1,1,0,0,0,0,0,0,0,0,0,0
180865,2,1,0,0,0,0,0,0,0,0,0,0
180866,1,1,9,5,8,30,3,17,19,6,10,0
180867,1,1,0,0,0,0,20,0,0,0,0,0
180868,1,1,0,0,0,0,12,0,0,0,0,0
180869,1,1,26,0,25,0,5,0,0,0,13,0
180870,0,1,0,0,0,0,0,0,0,0,0,0
180870,1,1,0,0,0,0,0,0,0,0,0,0
180870,2,1,0,0,0,0,0,0,0,0,0,0
180871,1,1,0,0,0,0,0,0,0,21,0,23
180871,2,1,0,0,0,0,0,0,0,0,0,0
180872,0,1,0,0,0,15,0,17,0,0,0,0
180872,1,1,0,0,0,0,0,0,0,0,0,0
180873,1,1,0,0,0,0,0,0,0,0,0,0
180873,2,1,0,0,0,0,0,0,0,0,0,0
180874,1,1,0,10,21,0,17,0,13,0,19,0
180875,1,1,0,0,0,0,0,0,0,0,0,0
180876,1,1,18,0,13,12,14,9,25,22,21,14
180877,1,1,17,0,0,0,0,0,0,0,0,4
180877,2,1,0,0,0,0,0,0,0,0,0,0
180878,1,1,0,13,11,28,0,0,18,0,0,20
180879,1,1,0,0,0,0,0,0,0,0,0,0
180879,2,1,35,0,0,0,0,0,0,0,0,0
180880,1,1,0,0,0,0,0,0,0,0,0,0
180880,2,1,0,0,0,0,0,0,0,0,0,0
180881,0,1,0,0,0,0,0,0,0,0,0,0
180881,1,1,0,0,0,0,0,0,0,0,0,0
180881,2,1,0,0,0,0,0,0,0,0,0,0
180881,3,1,0,0,0,0,0,0,0,0,13,0
180882,1,1,7,0,4,34,0,15,0,13,9,18
180883,1,1,0,20,0,0,0,14,0,0,0,0
180883,2,1,0,0,0,0,0,0,0,0,0,0
180884,1,1,42,42,42,42,42,42,42,42,42,42
180884,2,1,15,0,0,0,0,0,0,0,0,0
180884,3,1,0,0,0,0,0,0,0,0,0,0
180885,1,1,21,21,21,21,21,21,21,21,21,21
180886,1,1,22,22,22,22,22,22,22,22,22,22
180887,1,1,0,0,0,0,0,0,0,18,0,0
180887,2,1,0,0,0,0,0,0,0,0,0,0
180888,1,1,13,23,0,16,30,0,7,4,0,31
180889,1,1,0,0,0,0,0,0,22,0,18,0
180889,2,1,0,0,0,0,0,0,0,0,0,0
180890,1,1,0,0,0,0,0,0,0,0,0,0
180891,1,1,7,13,8,21,21,2,21,22,39,13
180892,0,1,0,0,0,0,0,0,0,0,0,0
180892,1,1,0,0,0,0,0,0,0,0,0,40
180893,1,1,3,7,11,5,10,17,17,9,9,7
180893,2,1,0,0,0,0,0,6,0,0,0,0
180894,0,1,0,16,24,0,0,0,0,0,0,0
180894,1,1,0,0,0,0,0,0,0,0,0,0
180895,1,1,0,12,16,25,12,23,0,0,17,0
180896,1,1,0,0,0,0,0,0,0,0,0,0
180896,2,1,0,0,0,0,0,0,0,13,0,0
180897,0,1,0,0,0,0,0,0,0,0,0,0
180897,1,1,0,0,0,0,0,0,0,0,0,0
180898,1,1,0,0,0,0,37,0,0,0,0,0
180898,2,1,0,0,0,0,0,0,0,0,0,0
180899,1,1,0,0,0,0,0,0,0,0,0,0
180900,0,1,11,0,39,0,0,0,0,0,0,61
180900,1,1,0,0,0,0,0,0,0,0,0,0
180901,1,1,22,13,41,12,20,8,0,14,0,0
180901,2,1,0,0,0,0,0,0,0,0,0,0
180902,1,1,0,0,0,0,0,0,0,0,0,0
180902,2,1,0,0,0,0,0,0,0,0,0,0
180903,1,1,0,0,0,0,5,29,0,0,0,0
180903,2,1,0,0,0,0,0,0,0,0,0,0
180904,0,1,5,4,16,3,21,22,39,13,4,0
180904,1,1,0,0,0,0,0,0,0,0,0,0
180905,1,1,58,58,58,58,58,58,58,58,58,58
180906,1,1,0,0,0,0,0,0,0,0,0,0
180906,2,1,0,0,0,0,0,0,0,0,0,0
190001,1,1,0,0,0,0,0,0,0,0,0,0
190002,1,1,0,0,11,0,11,0,0,0,8,0
190003,1,1,0,0,0,0,0,0,0,0,0,0
190004,0,1,0,0,0,0,0,0,0,0,0,0
190004,1,1,4,27,0,0,0,0,0,18,0,0
190005,0,1,0,4,0,22,0,0,25,0,24,0
190005,1,1,0,19,6,0,0,23,0,9,0,16
190006,1,1,34,34,34,34,34,34,34,34,34,34
190007,1,1,0,0,0,0,0,0,0,0,0,0
190008,1,1,19,0,15,12,25,25,9,12,0,0
190008,2,1,0,0,0,0,26,0,0,12,0,0
190009,1,1,0,0,0,0,0,0,0,0,0,0
190010,1,1,0,0,0,0,0,0,0,0,0,0
190011,1,1,18,18,18,18,18,18,18,18,18,18
190012,1,1,0,0,10,19,0,0,22,0,0,0
190013,1,1,15,15,15,15,15,15,15,15,15,15
190013,2,1,11,18,24,14,0,0,6,0,14,0
190014,1,1,0,0,0,0,0,0,0,0,0,0
190015,1,1,0,0,0,0,0,0,0,0,0,0
190015,2,1,0,20,0,0,0,0,21,0,0,0
190016,1,1,0,0,0,0,0,0,0,0,0,0
190017,1,1,0,0,0,0,0,0,0,0,0,0
190017,2,1,0,0,0,0,0,0,0,0,0,0
190017,3,1,0,0,0,0,0,0,0,0,0,0
190018,1,1,0,0,0,0,0,0,0,0,0,0
190018,2,1,0,0,0,0,0,6,0,0,0,0
190019,1,1,25,0,0,0,0,0,0,0,0,0
190019,2,1,0,0,0,0,0,0,0,0,0,0
190020,1,1,4,4,4,4,4,4,4,4,4,4
190021,1,1,0,0,0,0,0,0,0,0,0,0
190022,1,1,21,0,0,0,0,0,10,0,0,0
190023,1,1,0,17,0,0,0,0,0,0,0,0
190023,2,1,0,0,0,0,0,0,0,19,0,0
190024,1,1,2,2,2,2,2,2,2,2,2,2
190024,2,1,0,0,0,0,0,0,0,0,0,0
190024,3,1,0,0,0,16,6,0,0,8,0,13
190025,1,1,7,0,0,0,0,6,0,0,0,0
190026,1,1,0,0,0,0,0,0,0,0,0,0
190026,2,1,0,0,18,0,0,21,0,0,0,0
190027,1,1,0,0,0,0,0,0,0,0,0,0
190027,2,1,0,17,0,10,0,0,4,0,3,0
190028,1,1,46,0,0,0,0,8,0,0,0,17
190029,1,1,0,0,0,0,5,0,0,13,8,7
190029,2,1,0,4,16,20,30,0,0,0,0,0
190030,1,1,0,0,0,0,0,0,0,0,0,0
190030,2,1,0,0,0,0,0,0,18,0,0,0
190031,1,1,17,17,17,17,17,17,17,17,17,17
190031,2,1,0,0,0,0,0,0,0,0,0,0
190032,1,1,10,10,10,10,10,10,10,10,10,10
190033,1,1,0,31,0,0,0,0,0,0,0,0
190033,2,1,0,0,0,0,0,0,0,0,0,0
190034,1,1,0,0,0,0,0,0,5,0,0,0
190035,1,1,14,14,14,14,14,14,14,14,14,14
190035,2,1,0,29,23,5,13,0,0,5,6,0
190036,0,1,21,0,0,29,0,0,0,23,0,25
190036,1,1,0,0,0,0,0,0,0,0,0,0
190036,2,1,0,0,0,0,0,0,0,0,0,0
190036,3,1,0,25,6,0,3,0,14,5,0,0
190037,1,1,16,16,16,16,16,16,16,16,16,16
190038,1,1,0,0,0,0,0,0,0,0,0,0
190038,2,1,0,0,0,0,0,0,0,0,0,23
190039,1,1,0,0,0,0,0,0,0,0,0,0
190040,1,1,17,11,0,35,0,0,0,10,0,0
190041,1,1,9,0,0,0,0,7,21,0,0,0
190041,2,1,7,7,7,7,7,7,7,7,7,7
190042,1,1,28,21,12,20,19,16,9,17,12,14
190043,1,1,0,0,0,0,0,0,0,0,0,0
190043,2,1,0,0,0,0,0,0,0,0,0,0
190044,1,1,25,25,25,25,25,25,25,25,25,25
190045,1,1,0,0,0,0,0,0,0,0,0,0
190046,1,1,0,0,0,0,0,0,0,0,0,0
190046,2,1,0,0,0,0,0,0,0,0,0,0
190047,1,1,43,0,9,0,0,0,25,11,0,0
190048,1,1,12,12,12,12,12,12,12,12,12,12
190049,1,1,0,10,0,0,0,8,0,11,0,0
190049,2,1,0,0,0,0,0,18,0,0,6,0
190050,1,1,16,16,16,16,16,16,16,16,16,16
190051,1,1,0,0,0,0,0,0,0,0,0,0
190051,2,1,0,0,0,0,0,0,0,0,0,0
190052,0,1,0,0,9,0,40,14,0,0,0,0
190052,1,1,0,0,11,0,17,14,0,0,21,0
190053,1,1,0,0,0,18,18,25,0,0,0,0
190053,2,1,0,0,30,0,8,0,0,16,0,0
190054,1,1,0,0,0,0,0,0,0,0,0,0
190054,2,1,0,0,0,0,0,0,0,0,0,0
190055,1,1,22,22,22,22,22,22,22,22,22,22
190056,1,1,9,10,19,8,13,13,11,34,18,11
190057,1,1,17,0,0,14,7,0,22,0,0,15
190058,1,1,20,0,0,0,0,0,0,0,0,0
190058,2,1,0,0,0,0,0,0,0,0,0,0
190059,1,1,0,0,0,0,0,0,0,0,0,0
190059,2,1,0,0,0,11,0,0,0,0,0,0
190060,0,1,0,0,0,0,0,0,16,0,0,13
190060,1,1,0,0,0,0,0,0,0,0,0,0
190061,1,1,19,19,19,19,19,19,19,19,19,19
190061,2,1,0,0,0,0,0,0,0,0,0,0
190062,1,1,0,0,0,0,0,0,0,0,0,0
190062,2,1,0,0,0,0,0,0,0,0,0,0
190063,0,1,0,0,0,0,0,0,0,0,0,0
190063,1,1,0,0,0,0,0,0,0,0,0,0
190064,1,1,0,10,0,12,22,15,0,0,24,0
190065,1,1,2,2,2,2,2,2,2,2,2,2
190066,1,1,1,1,1,1,1,1,1,1,1,1
190066,2,1,0,0,0,0,0,0,0,0,0,0
190067,1,1,0,0,0,0,0,0,0,0,0,0
190068,1,1,19,0,15,0,0,0,0,0,21,0
190068,2,1,0,0,0,0,0,0,0,0,0,0
190069,1,1,0,0,0,0,0,0,0,0,0,0
190069,2,1,0,0,0,0,0,0,0,0,0,0
190069,3,1,0,0,0,12,17,0,0,0,0,0
190070,1,1,0,0,0,0,0,0,0,17,0,0
190070,2,1,0,0,0,0,0,0,0,0,0,0
190071,0,1,0,0,0,0,0,0,0,0,0,0
190071,1,1,0,16,13,0,0,7,0,0,0,0
190072,1,1,0,0,0,0,0,0,0,0,0,0
190072,2,1,10,0,0,0,0,0,0,0,0,0
190073,1,1,0,0,0,20,0,10,18,0,0,0
190073,2,1,0,0,0,0,0,0,0,0,0,0
190074,1,2,9,21,0,0,7,9,0,23,18,0
190075,1,1,0,0,0,0,0,0,0,0,0,0
190075,2,1,0,16,29,0,0,0,0,0,0,0
190075,3,1,0,21,0,18,0,0,0,17,0,0
190076,1,1,0,16,0,0,0,0,0,13,5,32
190076,2,1,0,14,0,0,0,0,0,0,0,0
190077,1,1,11,0,0,27,18,0,9,0,0,0
190078,1,1,17,0,27,0,0,33,18,10,3,0
190079,1,1,0,0,0,0,19,14,0,0,0,25
190079,2,1,0,0,0,0,0,0,0,4,0,0
190080,1,1,0,0,0,19,0,0,0,0,33,0
190080,2,1,15,0,0,0,14,0,0,0,0,0
190081,1,1,0,0,0,0,0,19,0,0,0,0
190082,1,1,0,8,0,0,0,0,0,0,0,0
190083,1,1,0,0,0,0,23,0,17,0,0,0
190084,1,1,0,0,0,0,0,0,0,0,0,0
190084,2,1,0,0,0,0,0,0,0,0,0,0
190085,0,1,0,7,19,11,0,0,0,0,0,0
190085,1,1,0,0,0,0,0,0,7,0,10,0
190086,1,1,0,0,0,0,0,0,0,17,0,16
190086,2,1,0,0,0,0,0,0,0,0,0,0
190087,0,1,0,0,0,0,0,21,0,0,0,0
190087,1,1,12,12,12,12,12,12,12,12,12,12
190088,1,1,0,14,0,0,0,0,0,0,0,10
190089,1,1,0,10,0,0,17,0,0,10,0,0
190089,2,1,0,16,0,0,0,8,0,0,0,0
190090,1,1,14,14,14,14,14,14,14,14,14,14
190090,2,1,0,0,0,0,0,0,0,0,0,0
190091,1,1,0,0,0,0,0,0,0,0,0,0
190092,1,1,0,0,0,0,0,0,0,0,0,0
190093,1,1,0,0,0,0,0,0,0,0,0,0
190094,1,1,0,10,0,0,0,0,0,39,24,0
190095,1,1,0,0,0,0,0,0,12,0,0,0
190095,2,1,0,0,0,0,0,0,0,0,0,0
190096,1,1,15,0,5,12,14,36,10,0,24,10
190097,1,1,0,0,0,0,0,0,0,0,0,0
190097,2,1,0,0,0,0,0,0,0,0,0,0
190098,1,1,0,0,0,0,0,0,0,0,0,0
190099,1,1,0,0,0,0,0,0,0,22,0,0
190099,2,1,0,0,0,0,0,0,0,0,0,0
190100,1,1,14,0,18,0,0,0,0,0,0,0
190101,1,2,0,0,0,0,0,0,0,0,0,0
190102,1,1,11,11,11,11,11,11,11,11,11,11
190103,1,1,0,0,0,0,0,32,0,0,0,0
190104,1,1,0,11,0,0,0,0,0,0,0,8
190105,1,1,0,0,0,0,0,0,0,0,0,0
190105,2,1,0,0,0,0,0,0,36,28,0,0
190106,1,1,0,0,0,0,14,14,0,0,12,0
190106,2,1,0,0,0,0,12,0,0,0,0,0
190107,1,1,0,0,0,0,0,0,0,0,0,0
190108,1,1,45,45,45,45,45,45,45,45,45,45
190109,1,1,0,0,0,0,0,0,0,0,0,0
190109,2,1,0,0,0,0,0,0,0,0,0,0
190110,1,1,0,0,0,0,0,0,0,0,0,0
190110,2,1,0,0,0,0,0,0,0,0,0,0
190111,1,1,15,15,15,15,15,15,15,15,15,15
190112,1,1,12,12,12,12,12,12,12,12,12,12
190113,1,1,0,0,0,0,0,0,0,0,0,0
190113,2,1,0,0,0,0,0,0,33,0,0,0
190114,1,1,17,17,17,17,17,17,17,17,17,17
190115,1,1,16,0,10,13,0,33,0,0,6,22
190116,1,1,0,0,0,0,0,0,0,0,0,0
190116,2,1,0,0,0,0,0,0,0,0,0,0
190117,1,1,0,0,0,0,0,0,0,0,20,20
190117,2,1,0,0,0,0,0,0,0,0,0,0
190118,1,1,0,10,0,0,0,0,0,0,0,0
190118,2,1,0,0,0,19,0,0,0,0,0,0
190119,0,1,0,0,0,0,0,0,0,0,0,0
190119,1,1,6,6,6,6,6,6,6,6,6,6
190120,1,1,11,11,11,11,11,11,11,11,11,11
190120,2,1,0,0,0,0,0,0,0,0,17,3
190121,1,1,0,16,0,0,0,0,14,0,0,0
190121,2,1,0,0,0,0,0,0,0,0,0,0
190122,1,1,17,17,17,17,17,17,17,17,17,17
190123,1,1,0,0,0,0,0,0,0,0,0,0
190123,2,1,11,0,13,11,0,0,0,0,17,0
190124,1,1,0,0,0,0,17,0,0,0,26,17
190125,1,1,15,15,15,15,15,15,15,15,15,15
190125,2,1,21,9,11,8,0,0,7,0,7,17
190126,1,1,0,0,0,0,6,7,0,0,0,0
190126,2,1,0,0,0,0,0,0,0,0,0,0
190127,1,1,0,0,0,0,0,0,0,0,5,0
190127,2,1,0,0,0,0,0,0,0,0,0,0
190128,0,1,0,12,42,18,0,0,19,0,0,0
190128,1,1,32,32,32,32,32,32,32,32,32,32
190129,1,1,15,15,15,15,15,15,15,15,15,15
190130,0,1,0,0,0,0,0,0,0,0,0,0
190130,1,1,30,0,0,16,0,0,0,20,0,10
190131,1,1,21,15,0,14,0,20,0,22,32,0
190132,1,1,18,18,18,18,18,18,18,18,18,18
190132,2,1,0,0,0,0,0,0,0,0,0,0
190133,1,1,24,24,24,24,24,24,24,24,24,24
190134,1,1,17,17,17,17,17,17,17,17,17,17
190135,1,1,0,0,0,0,0,0,0,0,0,0
190136,1,1,17,17,17,17,17,17,17,17,17,17
190137,1,1,0,0,0,0,0,0,0,0,0,0
190137,2,1,0,9,0,16,0,0,0,0,0,10
190138,1,1,0,0,0,13,0,15,0,0,0,0
190139,1,1,19,19,19,19,19,19,19,19,19,19
190140,1,1,36,36,36,36,36,36,36,36,36,36
190141,1,1,0,0,0,0,0,0,0,0,0,0
190141,2,1,0,0,0,0,0,0,0,0,0,0
190142,1,1,3,3,3,3,3,3,3,3,3,3
190142,2,1,4,13,0,16,10,0,7,0,20,0
190143,1,1,0,0,0,0,0,0,0,0,0,0
190143,2,1,11,11,11,11,11,11,11,11,11,11
190144,1,1,0,0,0,0,6,0,0,0,0,0
190144,2,1,0,0,0,0,0,0,0,0,0,0
190145,1,1,0,41,0,28,0,0,0,12,0,0
190146,1,1,25,25,25,25,25,25,25,25,25,25
190147,1,1,5,5,5,5,5,5,5,5,5,5
190148,1,1,22,0,0,0,0,0,17,0,23,10
190149,1,1,13,0,19,44,0,32,0,0,0,36
190150,1,1,15,13,14,17,0,20,0,4,0,20
190151,1,1,0,0,0,0,0,0,0,0,0,0
190151,2,1,0,0,0,0,0,0,0,0,7,0
190152,0,1,0,0,0,0,0,0,0,0,0,0
190152,1,1,0,0,0,0,0,19,13,18,0,0
190153,1,1,14,0,0,10,19,0,0,19,0,21
190154,1,1,23,5,0,0,15,0,0,21,0,0
190154,2,1,0,8,10,7,0,0,17,0,16,0
190155,1,1,0,0,0,0,0,0,0,0,0,0
190155,2,1,13,13,13,13,13,13,13,13,13,13
190156,1,1,18,18,18,18,18,18,18,18,18,18
190157,1,1,0,0,0,19,11,0,0,0,0,0
190157,2,1,0,0,0,0,0,0,0,0,0,0
190158,1,1,2,2,2,2,2,2,2,2,2,2
190158,2,1,0,0,0,0,0,4,0,0,0,0
190159,1,1,17,17,17,17,17,17,17,17,17,17
190159,2,1,0,0,0,0,0,0,0,0,0,0
190160,1,1,0,0,0,0,0,0,0,0,0,0
190160,2,1,0,0,0,0,0,0,0,0,0,0
190161,1,1,0,0,0,0,0,18,0,0,0,0
190162,1,1,14,0,0,0,0,17,0,13,44,0
190162,2,1,14,14,0,0,0,0,12,0,19,34
190163,1,1,14,14,14,14,14,14,14,14,14,14
190164,1,1,0,0,0,15,0,0,0,0,14,27
190165,1,1,0,0,0,0,0,0,0,0,0,0
190165,2,1,9,0,6,0,0,0,0,0,16,0
190165,3,1,35,0,0,16,0,13,0,0,0,0
190166,1,1,0,13,0,28,0,0,10,0,22,15
190167,1,1,6,0,0,0,0,0,0,35,0,0
190167,2,1,0,0,0,0,0,0,0,0,0,0
190168,1,1,12,12,12,12,12,12,12,12,12,12
190168,2,1,0,0,0,0,0,0,0,0,0,0
190169,1,1,0,0,0,0,0,0,0,0,0,0
190169,2,1,0,0,8,0,0,0,0,0,0,17
190170,1,1,0,0,0,0,0,9,0,0,0,0
190170,2,1,0,0,13,0,0,0,0,0,0,0
190171,1,1,4,4,4,4,4,4,4,4,4,4
190172,1,1,0,0,0,0,0,0,0,0,0,0
190172,2,1,12,0,0,0,0,0,0,0,6,0
190173,1,1,16,16,16,16,16,16,16,16,16,16
190173,2,1,7,0,0,0,0,0,0,0,17,0
190174,1,1,0,0,0,0,0,0,0,0,0,0
190174,2,1,0,0,0,0,0,0,0,0,0,0
190175,1,1,0,0,16,12,15,9,19,8,5,0
190175,2,1,12,12,12,12,12,12,12,12,12,12
190176,1,1,0,19,0,0,0,16,0,0,22,0
190177,1,1,0,14,0,13,0,0,13,0,0,9
190178,1,1,0,17,0,0,0,0,0,0,0,12
190179,1,1,5,10,8,0,18,9,0,14,24,12
190180,0,1,0,0,0,0,0,0,0,0,0,0
190180,1,1,0,0,0,0,0,0,0,0,10,0
190181,1,1,0,0,0,0,0,0,0,0,0,0
190182,1,1,0,16,0,0,0,0,0,0,0,0
190182,2,1,0,0,0,0,0,0,0,0,0,0
190183,0,1,0,0,0,24,0,37,0,32,0,0
190183,1,1,13,19,18,11,0,0,0,20,0,0
190184,1,1,20,20,20,20,20,20,20,20,20,20
190185,1,1,0,0,0,0,0,0,0,0,0,0
190186,1,1,5,5,5,5,5,5,5,5,5,5
190187,1,1,0,0,0,0,0,0,0,0,0,0
190187,2,1,0,0,0,0,0,0,0,0,0,0
190187,3,1,0,13,0,0,0,0,0,17,0,0
190187,4,1,9,9,0,0,0,0,0,0,0,0
190188,1,1,8,6,15,25,0,0,0,0,0,17
190188,2,1,0,0,0,0,0,0,0,0,0,0
190189,1,1,0,0,0,0,0,0,0,0,0,0
190190,1,1,0,0,30,27,15,25,29,0,24,0
190191,1,1,0,0,0,0,0,0,0,0,0,0
190192,1,1,0,0,0,0,0,5,0,0,0,0
190192,2,1,0,0,0,0,0,31,0,0,0,0
190193,1,2,14,0,0,0,0,10,0,0,22,0
190194,1,1,0,0,0,0,0,0,0,0,0,0
190194,2,1,0,0,0,0,15,0,7,11,0,0
190195,1,1,0,0,0,0,0,10,0,0,3,0
190196,1,1,15,15,15,15,15,15,15,15,15,15
190196,2,1,0,0,0,0,0,0,0,0,0,0
190197,1,1,0,0,0,0,0,0,0,6,0,0
190197,2,1,0,0,0,0,0,0,0,0,0,0
190198,1,1,27,0,0,9,0,0,0,0,6,0
190199,1,1,0,0,0,0,0,0,0,0,0,0
190199,2,1,0,6,0,0,6,0,12,0,17,0
190200,1,1,0,0,0,0,0,0,0,0,0,0
190200,2,1,13,22,0,0,0,0,0,0,27,20
190201,1,1,8,9,19,20,0,4,33,0,0,0
190202,1,1,21,38,12,45,20,6,24,24,41,8
190203,1,1,13,0,13,15,28,46,23,15,5,30
190204,1,1,0,0,10,0,0,0,0,0,0,0
190204,2,1,0,0,0,0,0,0,0,0,15,13
190205,0,1,0,0,0,38,0,0,0,0,0,0
190205,1,1,20,0,0,11,14,0,7,0,18,0
190206,1,1,0,0,16,0,10,0,0,0,0,20
190207,1,1,28,28,28,28,28,28,28,28,28,28
190207,2,1,7,9,7,14,4,9,7,12,14,6
190208,1,1,0,0,0,0,0,0,0,0,0,0
190208,2,1,2,2,2,2,2,2,2,2,2,2