ST_CASE,VEH_NO,PER_NO,P1,P2,P3,P4,P5,P6,P7,P8,P9,P10
190209,1,1,0,0,0,0,0,0,0,0,29,0
190210,1,1,0,0,0,0,27,0,0,0,0,0
190211,1,1,0,0,14,0,0,0,0,0,11,0
190212,1,1,0,0,0,0,0,23,17,0,0,0
190213,1,1,0,11,23,6,16,18,0,12,26,12
190214,1,1,0,0,29,0,0,0,0,0,32,0
190215,1,1,0,0,0,0,0,0,0,0,0,0
190215,2,1,15,0,0,23,13,24,13,0,0,0
190216,1,1,10,32,17,25,25,7,28,19,38,17
190217,1,1,18,23,17,14,28,16,13,25,8,23
190218,1,1,0,0,0,0,0,0,0,0,0,0
190219,1,1,0,0,0,0,0,0,0,0,0,0
190220,1,1,0,0,0,0,0,0,0,0,0,0
190220,2,1,0,16,0,0,0,0,0,24,0,0
190221,1,1,20,20,20,20,20,20,20,20,20,20
190222,1,1,25,25,25,25,25,25,25,25,25,25
190223,1,1,0,0,17,22,0,6,0,18,0,14
190224,1,1,0,0,0,0,0,0,0,0,0,0
190224,2,1,0,0,0,0,0,0,0,0,0,0
190224,3,1,0,0,15,0,0,12,8,0,0,0
190225,1,1,0,0,0,25,0,33,19,18,19,13
190226,1,1,0,0,0,0,0,0,0,0,0,0
190227,1,1,14,6,0,25,8,12,17,14,5,5
190228,1,1,17,17,17,17,17,17,17,17,17,17
190229,1,1,11,0,0,0,22,19,16,24,12,0
190230,1,1,6,6,6,6,6,6,6,6,6,6
190231,1,1,0,0,0,0,0,0,0,0,0,0
190231,2,1,0,4,0,0,0,16,0,0,0,0
190232,1,1,0,0,0,0,0,0,0,0,0,0
190232,2,1,0,0,0,0,0,0,0,13,0,0
190233,1,1,0,0,0,13,15,16,2,0,11,0
190233,2,1,0,0,0,0,0,0,0,0,0,4
190234,1,1,0,0,0,0,0,0,0,0,0,0
190234,2,1,0,0,0,0,0,23,0,0,0,0
190235,1,1,0,0,0,0,0,0,0,0,4,0
190235,2,1,0,0,0,13,0,0,0,0,0,0
190236,1,1,16,16,16,16,16,16,16,16,16,16
190236,2,1,0,0,0,0,0,34,0,0,0,0
190237,1,1,0,0,0,0,0,0,0,0,0,0
190237,2,1,0,14,0,0,0,0,0,7,0,0
190238,1,1,0,0,0,0,0,0,0,0,0,0
190239,1,1,0,0,0,0,0,0,0,0,0,0
190239,2,1,0,0,0,0,0,0,0,0,0,0
190240,1,1,0,0,0,0,0,0,0,0,0,0
190240,2,1,0,0,0,0,0,0,0,14,0,0
190241,1,1,37,37,37,37,37,37,37,37,37,37
190242,0,1,1,1,1,1,1,1,1,1,1,1
190242,1,1,0,20,0,0,14,0,0,0,0,17
190243,1,1,0,0,0,0,0,0,0,0,0,0
190244,1,1,11,0,31,0,0,0,11,16,0,0
190244,2,1,0,0,0,0,0,0,0,0,0,0
190245,1,1,26,26,26,26,26,26,26,26,26,26
190245,2,1,0,0,0,0,0,0,0,0,0,0
190246,1,1,0,0,0,0,0,0,0,0,0,0
190247,1,1,9,9,9,9,9,9,9,9,9,9
190247,2,1,0,0,0,0,0,0,0,0,0,0
190248,1,1,5,5,5,5,5,5,5,5,5,5
190248,2,1,15,0,13,0,0,16,23,0,24,31
190249,1,1,0,0,0,0,0,0,0,0,0,14
190249,2,1,0,0,0,0,0,0,0,0,0,0
190250,1,1,0,0,0,0,0,0,0,0,0,0
190250,2,1,0,0,0,0,0,0,0,0,0,0
190251,1,1,0,0,0,0,0,0,0,0,0,0
190251,2,1,0,0,3,0,0,0,0,0,0,3
190252,1,1,0,0,0,0,0,0,0,0,0,0
190252,2,1,0,0,5,0,0,0,0,0,0,0
190253,1,1,0,0,0,0,0,0,0,0,0,0
190253,2,1,0,0,0,0,0,0,0,0,0,0
190254,1,1,0,4,0,0,0,0,0,0,0,4
190254,2,1,0,0,0,0,0,0,0,0,0,0
190255,1,1,44,21,0,0,0,0,23,0,0,0
190256,1,1,0,0,0,0,0,0,0,0,0,0
190257,1,1,13,0,0,29,5,26,9,17,0,0
190258,1,1,0,23,15,17,12,0,30,36,11,20
190259,1,1,0,0,16,0,0,0,0,0,0,0
190259,2,1,0,0,0,0,0,0,2,14,0,0
190260,1,1,0,0,0,0,0,0,0,0,0,0
190261,1,1,2,2,2,2,2,2,2,2,2,2
190262,1,1,0,0,0,0,0,6,0,0,0,18
190262,2,1,0,0,0,12,0,19,10,0,0,18
190263,1,1,0,16,0,0,0,0,0,12,0,26
190264,1,1,0,0,0,0,0,0,0,0,0,0
190265,0,1,0,25,28,6,0,0,0,0,17,0
190265,1,1,0,0,0,0,0,0,0,0,0,0
190266,1,1,0,7,0,22,0,0,0,21,0,0
190267,1,1,24,24,24,24,24,24,24,24,24,24
190267,2,1,0,0,0,0,0,0,0,0,0,0
190268,1,1,34,29,0,0,0,0,0,0,0,0
190269,1,1,0,0,3,0,0,0,0,0,0,0
190269,2,1,0,0,0,0,0,0,0,0,0,0
190269,3,1,0,0,0,0,0,0,0,0,0,0
190269,4,1,0,0,0,0,0,0,0,0,0,0
190270,1,1,0,0,0,0,0,0,0,0,0,0
190270,2,1,0,8,0,26,0,15,0,6,0,14
190271,1,1,0,0,0,0,0,0,0,0,0,0
190271,2,1,0,0,0,0,0,0,0,0,0,0
190272,1,1,13,13,13,13,13,13,13,13,13,13
190274,1,1,0,8,8,21,15,9,0,12,3,14
190275,1,1,14,0,0,0,0,0,0,21,0,24
190275,2,1,0,0,0,0,0,0,0,0,0,0
190276,1,1,0,0,0,0,0,0,0,0,0,0
190276,2,1,0,0,0,0,0,0,0,13,0,0
190277,1,1,0,0,6,0,0,0,0,0,0,32
190277,2,1,0,0,0,14,0,0,0,0,18,15
190277,3,1,11,11,11,11,11,11,11,11,11,11
190278,1,1,9,9,9,9,9,9,9,9,9,9
190278,2,1,16,0,0,19,0,25,0,0,0,0
190279,0,1,0,0,0,13,0,0,9,0,0,0
190279,1,1,0,0,0,0,0,0,0,0,0,0
190280,1,1,0,0,0,0,0,0,0,0,0,0
190280,2,1,0,0,0,0,0,0,8,24,0,0
190281,1,1,0,0,0,0,0,0,0,0,0,0
190282,1,1,0,0,15,0,0,0,0,0,14,0
190283,1,1,0,0,0,0,0,0,4,0,0,0
190283,2,1,0,0,0,0,0,0,0,0,0,0
190284,1,1,0,0,0,0,0,0,0,0,0,0
190284,2,1,16,0,0,9,17,0,0,12,0,0
190284,3,1,0,0,0,0,0,0,0,0,0,0
190285,1,1,16,0,13,0,0,0,0,0,0,0
190286,1,1,0,0,0,0,0,0,11,0,0,0
190286,2,1,21,0,42,0,0,0,0,0,0,0
190287,1,1,8,0,0,3,0,0,11,0,0,5
190288,1,1,0,0,4,15,0,0,0,0,0,0
190288,2,1,16,31,0,0,0,0,0,0,0,0
190289,1,1,0,0,0,0,0,0,0,0,0,0
190289,2,1,0,0,0,0,6,0,0,0,0,0
190290,1,1,0,0,0,0,0,0,0,0,0,0
190290,2,1,0,0,0,0,0,0,13,19,0,0
190291,1,1,0,0,0,0,0,0,25,0,0,21
190292,1,1,0,0,0,0,0,0,0,34,0,0
190293,1,1,0,0,0,0,0,0,0,0,0,0
190294,1,1,29,0,0,8,0,0,0,21,18,0
190294,2,1,9,0,0,0,0,0,0,0,0,0
190295,1,1,0,0,0,0,8,0,0,19,13,10
190295,2,1,0,0,0,0,22,0,0,0,0,0
190295,3,1,12,0,0,0,27,17,19,6,0,0
190296,1,1,0,0,0,0,0,0,0,0,0,0
190296,2,1,2,0,0,0,0,0,0,0,0,0
190297,1,1,0,0,0,0,33,0,0,0,0,0
190298,1,1,0,7,0,0,0,0,0,0,0,0
190298,2,1,0,4,0,0,0,0,0,0,0,4
190299,1,1,0,0,0,0,0,0,0,0,0,0
190299,2,1,0,0,0,0,0,0,0,0,0,14
190300,1,1,18,18,18,18,18,18,18,18,18,18
190301,1,1,0,0,0,0,0,0,0,0,0,0
190301,2,1,0,0,0,0,0,0,0,0,0,0
190302,1,1,0,0,0,0,0,0,0,0,0,0
190302,2,1,0,6,0,0,0,0,0,3,0,0
190303,0,1,25,25,25,25,25,25,25,25,25,25
190303,1,1,0,0,0,0,12,0,0,14,0,0
190304,1,1,30,30,30,30,30,30,30,30,30,30
190304,2,1,0,0,0,0,0,0,0,0,0,0
190305,1,1,0,0,14,0,0,0,0,0,2,0
190306,0,1,0,23,0,0,0,0,0,19,17,10
190306,1,1,0,0,0,0,0,0,0,0,0,0
190307,1,1,0,0,0,0,0,0,0,0,0,0
190307,2,1,0,0,0,0,0,10,0,3,0,0
190308,1,1,16,0,0,0,27,0,0,0,15,0
200001,1,1,1,1,1,1,1,1,1,1,1,1
200002,1,1,26,26,26,26,26,26,26,26,26,26
200002,2,1,0,0,0,0,0,0,0,0,0,0
200003,1,1,0,0,0,0,0,0,22,0,0,0
200004,1,1,0,0,0,0,0,0,0,0,0,0
200004,2,1,0,0,0,0,0,0,0,0,0,0
200005,1,1,0,0,0,0,0,0,0,0,0,0
200005,2,1,0,0,0,0,0,0,8,0,0,0
200006,1,1,0,0,0,0,0,0,0,0,0,0
200006,2,1,0,0,0,0,0,0,0,0,0,0
200007,1,1,0,0,0,0,0,0,0,0,0,0
200007,2,1,0,0,0,0,0,0,0,0,0,0
200008,1,1,0,0,0,0,0,0,0,0,0,0
200009,1,1,0,0,0,0,0,0,0,0,0,0
200009,2,1,0,0,0,2,0,0,0,17,0,16
200010,1,1,0,0,0,0,0,0,0,0,0,0
200011,1,1,0,0,0,0,0,0,0,0,0,0
200012,1,1,0,0,0,0,0,35,0,0,16,0
200012,2,1,0,0,0,0,0,0,0,0,0,0
200013,1,1,0,0,0,0,0,0,0,0,0,0
200014,1,1,0,7,0,0,0,12,0,10,0,0
200015,1,1,25,33,31,9,6,15,41,11,7,9
200016,1,1,10,10,10,10,10,10,10,10,10,10
200017,1,1,0,0,0,0,0,0,0,0,0,0
200017,2,1,0,0,0,0,0,0,0,0,0,0
200018,1,1,11,11,11,11,11,11,11,11,11,11
200019,1,1,0,0,0,0,0,0,0,0,0,0
200019,2,1,0,0,0,0,0,0,0,0,0,0
200020,1,1,0,0,0,0,0,0,0,0,0,0
200020,2,1,0,0,0,0,0,0,0,14,0,0
200021,1,1,0,0,0,0,0,0,0,0,0,0
200022,1,1,0,0,0,0,0,0,0,0,0,0
200022,2,1,0,0,0,0,0,0,0,0,0,0
200023,1,1,0,0,0,0,0,0,0,0,0,0
200023,2,1,24,24,24,24,24,24,24,24,24,24
200024,1,1,0,0,28,0,0,0,0,0,0,36
200025,1,1,0,0,0,0,0,0,0,0,0,0
200025,2,1,0,0,0,0,0,0,0,0,0,0
200025,3,1,0,0,0,0,0,0,0,0,0,0
200026,1,1,0,0,0,0,0,0,0,0,0,0
200027,1,1,0,0,0,0,0,0,0,0,0,0
200028,1,1,0,0,0,7,0,0,0,0,25,0
200028,2,1,0,0,0,0,0,0,0,0,0,0
200028,3,1,0,0,0,0,0,0,0,0,0,0
200029,1,1,17,17,17,17,17,17,17,17,17,17
200030,1,1,0,0,0,0,0,0,0,0,0,0
200032,1,1,0,0,0,0,0,0,0,0,0,0
200033,1,1,0,0,0,0,0,0,0,0,0,0
200033,2,1,0,0,0,0,0,0,0,0,0,0
200034,1,1,21,21,21,21,21,21,21,21,21,21
200034,2,1,0,0,0,0,0,0,0,0,0,0
200034,3,1,0,0,0,0,14,0,0,0,0,0
200034,4,1,0,0,0,0,0,0,0,0,0,0
200035,1,1,0,0,0,0,0,0,20,0,0,0
200035,2,1,0,0,0,9,18,0,0,0,0,0
200036,1,1,23,23,23,23,23,23,23,23,23,23
200036,2,1,0,0,0,0,0,0,0,0,0,0
200037,1,1,22,28,8,22,0,0,16,19,0,30
200038,1,1,0,0,0,12,0,0,0,0,0,0
200038,2,1,0,0,0,0,0,0,0,0,0,0
200039,1,1,30,30,30,30,30,30,30,30,30,30
200040,1,1,0,0,0,0,0,0,0,0,0,0
200041,0,1,0,0,0,0,12,22,0,0,0,5
200041,1,1,0,0,15,0,22,13,0,33,16,3
200042,0,1,0,0,0,0,0,0,9,0,0,0
200042,1,1,0,0,0,0,0,0,0,0,0,0
200043,1,1,12,12,12,12,12,12,12,12,12,12
200044,1,1,14,14,14,14,14,14,14,14,14,14
200045,0,1,0,0,0,15,0,0,0,0,0,0
200045,1,1,0,0,20,0,0,0,0,0,18,26
200046,1,1,23,23,23,23,23,23,23,23,23,23
200047,1,1,0,0,0,19,0,0,0,0,0,0
200048,1,1,0,0,0,0,0,0,0,0,0,0
200048,2,1,0,0,0,0,0,0,0,0,0,0
200049,1,1,5,5,5,5,5,5,5,5,5,5
200050,1,1,0,0,0,0,0,0,0,0,0,0
200051,1,1,18,18,18,18,18,18,18,18,18,18
200052,1,1,6,6,6,6,6,6,6,6,6,6
200053,1,1,0,23,0,0,0,0,22,0,0,0
200054,1,1,9,9,9,9,9,9,9,9,9,9
200055,1,1,11,11,11,11,11,11,11,11,11,11
200055,2,1,6,6,6,6,6,6,6,6,6,6
200057,1,1,8,0,0,0,0,0,0,0,0,0
200057,2,1,0,0,0,0,0,0,0,0,0,0
200059,1,1,0,0,0,0,0,0,0,0,0,0
200061,1,1,0,31,9,0,17,0,31,0,18,0
200062,1,1,0,0,0,0,0,0,0,0,0,0
200062,2,1,0,0,0,0,0,0,0,0,0,0
200063,1,1,0,0,0,0,0,0,0,0,0,0
200063,2,1,0,0,0,0,0,0,0,0,0,0
200064,1,1,0,0,0,0,0,0,0,0,0,0
200064,2,1,0,0,0,0,0,0,0,0,0,0
200065,1,1,12,5,18,9,22,8,7,20,4,21
200065,2,1,0,0,0,0,0,0,0,13,0,0
200065,3,1,0,0,0,0,19,0,0,0,7,0
200067,1,1,0,0,0,0,0,0,0,0,0,0
200068,1,1,0,0,0,0,0,0,0,0,0,0
200068,2,1,0,0,0,0,0,0,0,0,0,0
200069,1,1,0,0,0,0,0,0,0,0,0,0
200070,1,1,11,0,25,0,11,12,14,13,23,12
200071,1,1,0,9,0,0,0,0,0,0,0,0
200072,1,1,0,0,0,0,0,0,0,0,0,0
200072,2,1,0,0,0,3,13,0,24,0,34,0
200073,1,1,0,0,0,0,0,0,0,0,0,0
200073,2,1,0,0,0,0,0,0,0,0,0,0
200074,1,1,37,0,7,0,0,0,0,16,16,0
200075,1,1,2,2,2,2,2,2,2,2,2,2
200076,1,1,0,0,0,0,0,0,0,0,0,0
200077,1,1,0,0,0,0,0,0,0,0,0,0
200078,1,1,0,0,0,0,0,0,0,0,0,0
200078,2,1,0,0,0,0,0,0,0,0,0,0
200079,1,1,0,0,0,0,0,0,0,0,0,0
200080,1,1,27,0,0,0,0,0,0,0,0,0
200080,2,1,0,0,0,0,0,0,0,0,0,0
200082,1,1,0,0,0,0,0,0,0,0,0,0
200082,2,1,0,0,0,0,0,0,0,0,0,0
200083,1,1,0,0,0,0,0,0,0,0,0,0
200083,2,1,0,0,0,0,0,0,0,0,0,0
200084,1,1,0,0,0,0,0,0,0,0,0,0
200084,2,1,0,0,0,0,0,0,0,0,0,0
200085,1,1,17,17,17,17,17,17,17,17,17,17
200086,1,1,0,0,0,0,0,0,0,0,0,0
200086,2,1,3,3,3,3,3,3,3,3,3,3
200086,3,1,0,0,0,0,0,0,0,0,0,0
200086,4,1,0,0,0,19,0,0,0,0,0,0
200086,5,1,0,0,0,0,0,0,0,0,0,20
200087,1,1,0,0,0,0,0,14,0,0,0,0
200087,2,1,0,0,0,0,0,0,0,0,0,0
200088,1,1,0,0,0,0,14,0,16,0,0,22
200089,1,1,0,0,0,0,7,0,0,3,0,22
200090,1,1,14,0,0,0,18,0,0,0,0,0
200091,1,1,0,0,0,0,0,0,0,0,0,0
200091,2,1,0,0,0,0,0,0,0,0,0,0
200092,1,1,0,0,0,0,0,0,0,0,0,0
200093,1,1,0,0,0,0,0,0,0,0,0,0
200094,1,1,0,0,0,0,0,0,0,0,0,0
200094,2,1,0,0,0,0,0,0,0,0,0,0
200095,1,1,0,0,0,0,0,0,0,0,0,0
200096,1,1,0,0,0,0,0,0,0,0,0,0
200096,2,1,0,0,0,0,0,0,0,0,0,0
200097,1,1,0,0,0,0,0,0,0,0,0,0
200097,2,1,0,0,0,0,0,0,0,0,0,0
200098,1,1,0,0,0,0,0,0,0,0,0,0
200098,2,1,0,0,0,0,0,0,0,0,0,0
200099,1,1,0,0,0,22,0,0,15,0,0,0
200099,2,1,0,0,0,0,0,0,0,0,0,0
200100,1,1,11,11,11,11,11,11,11,11,11,11
200100,2,1,0,0,0,0,0,0,0,0,0,0
200101,1,1,22,22,22,22,22,22,22,22,22,22
200102,1,1,0,0,0,0,0,0,0,0,0,0
200103,1,1,0,14,28,0,0,0,22,0,19,24
200104,1,1,0,0,0,0,0,0,0,0,0,0
200104,2,1,25,0,0,0,0,0,0,0,0,0
200105,1,1,26,26,26,26,26,26,26,26,26,26
200105,2,1,0,0,0,0,0,0,0,0,0,0
200106,1,1,22,22,22,22,22,22,22,22,22,22
200107,1,1,0,21,0,0,23,0,0,3,18,21
200108,1,1,0,16,0,0,28,0,0,0,0,0
200109,1,1,19,19,19,19,19,19,19,19,19,19
200109,2,1,0,0,0,0,0,0,0,0,0,0
200110,1,1,17,17,17,17,17,17,17,17,17,17
200111,1,1,0,0,0,0,0,0,0,0,0,15
200112,1,1,0,0,0,0,0,0,0,0,0,0
200112,2,1,0,0,0,0,0,0,0,0,0,0
200113,1,1,0,0,0,0,0,0,0,0,0,0
200113,2,1,0,0,0,0,0,0,0,0,0,0
200115,1,1,12,12,12,12,12,12,12,12,12,12
200115,2,1,0,0,0,0,0,0,0,0,0,0
200117,1,1,0,0,0,0,0,0,0,0,0,0
200117,2,1,0,0,0,0,0,0,0,0,0,0
200118,1,1,0,0,0,0,0,0,0,0,0,0
200118,2,1,0,0,0,0,0,0,0,0,0,0
200119,1,1,7,7,7,7,7,7,7,7,7,7
200120,0,1,0,0,0,0,0,0,0,0,0,0
200120,1,1,0,0,0,0,0,0,0,0,0,0
200121,1,1,0,0,0,0,0,0,0,0,0,0
200121,2,1,0,0,0,0,0,0,0,0,0,0
200121,3,1,0,0,0,0,0,0,0,0,0,0
200122,1,1,0,0,0,0,0,0,0,0,0,0
200123,0,1,0,0,0,0,0,0,0,24,12,0
200123,1,1,0,0,0,17,10,0,0,0,0,0
200124,1,1,27,27,27,27,27,27,27,27,27,27
200125,0,1,0,0,0,0,0,0,0,0,0,0
200125,1,1,0,0,0,0,0,0,0,0,0,0
200126,1,1,0,0,0,0,0,0,0,0,0,0
200127,1,1,9,9,9,9,9,9,9,9,9,9
200128,1,1,16,16,16,16,16,16,16,16,16,16
200131,1,1,9,9,9,9,9,9,9,9,9,9
200133,1,1,17,17,17,17,17,17,17,17,17,17
200134,1,1,0,0,0,0,0,0,0,0,0,0
200135,1,1,14,4,0,0,0,0,6,0,0,13
200136,0,1,0,32,0,0,0,0,0,35,0,0
200136,1,1,0,0,0,0,0,0,0,0,0,9
200137,1,1,0,0,0,0,0,0,0,0,0,0
200137,2,1,0,0,11,0,0,0,0,0,0,0
200138,1,1,0,0,0,0,0,0,0,0,0,0
200139,1,1,0,0,0,0,0,0,0,0,0,0
200140,1,1,6,15,18,12,6,15,10,0,24,7
200141,1,1,0,0,0,0,0,0,0,0,0,0
200141,2,1,0,0,0,0,0,0,0,0,0,0
200142,0,1,0,0,0,0,0,0,0,0,0,0
200142,1,1,0,0,0,0,0,0,0,0,0,0
200143,1,1,0,0,0,0,0,0,0,0,0,0
200144,0,1,0,0,0,0,0,0,0,0,0,0
200144,1,1,0,0,0,0,0,0,0,0,0,0
200145,1,1,12,12,12,12,12,12,12,12,12,12
200145,2,1,0,0,0,0,0,0,0,0,0,0
200145,3,1,0,0,0,0,0,0,0,0,0,0
200146,1,1,0,13,0,0,0,14,0,0,0,0
200146,2,1,0,0,0,0,0,0,0,0,0,0
200147,0,1,0,0,35,0,0,0,0,0,42,0
200148,1,1,0,0,0,0,0,0,0,0,0,0
200148,2,1,0,0,0,0,0,0,0,0,0,26
200150,1,1,0,0,0,0,0,0,0,0,0,0
200150,2,1,0,0,0,0,0,0,0,0,0,0
200151,1,1,0,0,0,0,0,0,0,0,0,0
200151,2,1,0,0,0,0,0,0,0,0,0,0
200152,1,1,32,32,32,32,32,32,32,32,32,32
200153,1,1,0,0,0,0,0,0,0,0,0,0
200154,1,1,7,7,7,7,7,7,7,7,7,7
200154,2,1,17,17,17,17,17,17,17,17,17,17
200155,1,1,0,0,0,0,0,0,0,0,26,0
200155,2,1,0,0,0,0,0,0,0,0,0,0
200155,3,1,0,0,0,0,0,0,0,0,0,0
200156,1,1,0,0,0,0,0,0,0,0,0,0
200156,2,1,0,0,0,0,0,0,0,0,0,0
200157,1,1,0,0,0,0,0,0,0,0,0,0
200157,2,1,0,0,0,0,0,0,0,0,0,0
200158,1,1,0,0,10,0,7,0,11,0,0,0
200158,2,1,11,2,36,0,0,0,0,0,0,0
200159,1,1,17,17,17,17,17,17,17,17,17,17
200160,1,1,0,0,0,0,0,0,0,0,0,0
200160,2,1,0,0,0,0,0,0,0,0,0,0
200160,3,1,0,0,0,0,0,0,0,0,0,0
200161,1,1,0,3,0,15,28,0,6,0,9,0
200161,2,1,21,10,12,11,0,15,0,0,0,5
200162,0,1,0,0,0,0,0,0,0,0,0,0
200162,1,1,0,0,0,0,0,0,0,0,0,0
200163,1,1,0,0,0,0,0,16,0,0,0,0
200164,1,1,0,0,0,0,0,0,0,0,0,0
200164,2,1,0,0,0,0,0,0,0,0,0,0
200165,1,1,12,32,5,6,3,10,32,17,8,9
200166,1,1,9,9,12,17,0,0,33,0,5,31
200167,1,1,0,0,0,0,0,0,0,0,7,0
200168,1,1,8,8,8,8,8,8,8,8,8,8
200168,2,1,0,0,0,0,0,0,0,0,0,0
200168,3,1,3,3,3,3,3,3,3,3,3,3
200169,1,1,0,12,0,17,5,0,0,0,0,0
200170,1,1,0,0,12,0,0,0,0,0,0,0
200170,2,1,0,0,0,0,0,0,0,0,0,0
200172,0,1,0,0,0,0,0,0,0,0,11,0
200172,1,1,0,0,0,0,0,0,0,0,0,0
200172,2,1,0,0,0,0,0,0,0,0,0,0
200173,1,1,0,0,0,0,0,0,0,0,0,0
200174,1,1,20,20,20,20,20,20,20,20,20,20
200175,1,1,0,0,0,0,0,0,0,0,0,0
200176,1,1,1,1,1,1,1,1,1,1,1,1
200177,1,1,0,0,0,0,0,0,0,0,0,0
200177,2,1,0,0,0,0,0,0,0,0,0,0
200178,1,1,0,0,0,0,0,0,0,0,0,0
200179,1,1,0,0,0,20,0,0,0,0,0,10
200179,2,1,0,0,0,0,0,0,0,0,0,0
200180,1,1,20,0,8,0,16,0,0,0,29,0
200181,1,1,0,16,6,13,23,15,0,6,0,13
200182,1,1,0,0,0,0,0,0,0,0,0,0
200182,2,1,0,6,15,22,0,0,6,0,0,0
200183,1,1,0,0,0,0,0,0,0,0,0,0
200184,0,1,0,35,0,0,0,0,0,0,0,0
200184,1,1,22,22,22,22,22,22,22,22,22,22
200184,2,1,0,0,19,10,14,0,14,0,0,0
200185,1,1,12,21,9,23,0,0,23,10,14,0
200186,1,1,0,0,0,0,0,0,0,0,0,0
200187,1,1,0,0,0,0,0,0,0,0,0,0
200187,2,1,0,0,0,0,0,0,0,0,0,0
200188,1,1,0,0,0,0,0,0,0,0,0,0
200188,2,1,0,0,0,0,0,0,0,0,0,0
200189,1,1,8,8,8,8,8,8,8,8,8,8
200190,1,1,31,0,0,0,0,0,0,22,0,0
200190,2,1,0,0,0,0,0,0,0,0,0,0
200191,1,1,13,13,13,13,13,13,13,13,13,13
200192,1,1,8,8,8,8,8,8,8,8,8,8
200193,0,1,0,0,0,19,0,0,0,0,0,0
200193,1,1,0,0,0,0,0,0,0,0,0,0
200194,1,1,0,0,0,0,0,0,0,0,0,0
200194,2,1,0,0,0,0,0,0,0,0,0,0
200195,1,1,0,0,0,0,0,0,0,0,0,0
200195,2,1,0,0,0,0,0,0,0,0,0,0
200196,1,1,29,29,29,29,29,29,29,29,29,29
200197,1,1,0,0,0,0,0,0,0,0,0,0
200197,2,1,0,0,0,0,0,0,0,0,0,0
200198,1,1,0,0,0,0,0,0,0,0,0,0
200198,2,1,0,0,0,0,0,0,0,0,0,0
200198,3,1,1,1,1,1,1,1,1,1,1,1
200198,4,1,8,13,0,0,0,6,0,0,0,0
200199,1,1,0,0,0,0,0,0,0,0,0,0
200200,1,1,1,1,1,1,1,1,1,1,1,1
200201,1,1,7,7,7,7,7,7,7,7,7,7
200202,1,1,0,0,0,0,0,0,0,0,0,0
200202,2,1,0,0,0,0,0,0,0,0,0,0
200202,3,1,0,0,0,0,0,0,0,0,0,0
200203,1,1,0,0,0,0,0,0,0,0,0,0
200204,1,1,0,0,0,25,0,0,0,0,0,14
200204,2,1,0,0,0,0,0,0,0,0,0,0
200205,1,1,11,11,11,11,11,11,11,11,11,11
200205,2,1,0,0,0,0,0,0,0,0,3,0
200206,1,1,15,15,15,15,15,15,15,15,15,15
200207,1,1,0,0,0,0,0,0,0,0,23,0
200207,2,1,0,0,0,0,0,0,0,0,0,0
200208,1,1,17,17,17,17,17,17,17,17,17,17
200209,1,1,7,7,7,7,7,7,7,7,7,7
200210,1,1,0,0,0,0,0,0,0,0,0,0
200210,2,1,0,0,0,0,0,0,0,0,0,0
200211,1,1,0,0,0,0,0,32,0,23,0,5
200211,2,1,0,0,0,0,0,8,0,0,0,0
200213,1,1,0,0,0,0,0,0,0,22,0,5
200214,1,1,29,29,29,29,29,29,29,29,29,29
200215,0,1,0,0,0,0,0,0,0,0,0,0
200215,1,1,0,0,0,0,0,0,0,0,0,0
200216,0,1,0,11,7,0,0,10,18,0,0,16
200216,1,1,0,0,0,0,0,0,0,0,0,0
200216,3,1,0,0,0,0,0,0,0,2,0,0
200217,0,1,0,0,0,0,0,29,0,0,0,0
200217,1,1,0,0,0,0,19,0,0,0,0,0
200218,1,1,0,0,0,0,0,9,0,15,0,0
200219,1,1,0,0,0,0,0,0,0,0,0,0
200219,2,1,0,0,0,0,0,0,0,0,0,0
200220,1,1,0,0,0,0,0,0,0,0,0,0
200220,2,1,0,0,0,0,0,0,0,0,0,0
200221,1,1,16,16,16,16,16,16,16,16,16,16
200224,1,1,8,8,8,8,8,8,8,8,8,8
200225,1,1,9,0,10,0,0,0,0,0,0,11
200226,1,1,0,0,0,0,0,0,0,0,0,0
200228,0,1,8,29,12,0,0,16,18,0,0,24
200228,1,1,0,0,0,0,0,0,0,0,0,0
200229,1,1,10,0,12,17,16,0,11,0,16,0
200230,1,1,0,0,0,0,0,0,0,0,0,0
200231,1,1,0,0,0,0,0,0,0,0,14,0
200232,0,1,0,0,0,0,0,0,0,0,0,0
200232,1,1,0,0,0,0,0,0,0,0,0,0
200232,2,1,0,0,0,0,0,0,0,0,0,0
200233,1,1,0,0,0,0,0,0,0,0,0,0
200233,2,1,1,1,1,1,1,1,1,1,1,1
200234,0,1,14,17,12,33,30,7,23,10,24,17
200234,1,1,0,0,28,12,0,0,0,16,0,0
200235,1,1,0,0,0,0,0,36,0,0,0,0
200236,1,1,0,0,0,0,0,0,0,0,0,0
200237,1,1,11,15,40,21,14,28,16,8,4,13
200238,1,1,0,0,0,0,0,0,0,0,0,0
200238,2,1,0,0,0,0,0,0,0,0,0,0
200239,1,1,0,10,0,0,0,31,0,9,0,0
200240,0,1,0,0,0,0,0,0,0,0,0,0
200240,1,1,0,0,0,0,0,0,0,0,0,0
200242,0,1,0,0,0,0,0,0,0,0,0,0
200242,1,1,0,0,0,0,0,0,0,0,0,0
200244,1,1,0,0,0,0,0,0,0,0,0,0
200244,2,1,0,0,0,0,0,0,0,0,0,0
200245,1,1,0,0,17,0,0,0,0,0,29,0