ST_CASE,VEH_NO,PER_NO,P1,P2,P3,P4,P5,P6,P7,P8,P9,P10
220713,2,1,0,0,0,0,0,0,0,0,0,0
220714,0,1,0,0,0,0,0,0,0,0,0,0
220714,1,1,0,0,0,0,0,0,0,0,0,0
220715,1,1,10,10,10,10,10,10,10,10,10,10
220716,1,1,0,0,0,0,0,0,0,0,0,0
220717,1,1,17,17,17,17,17,17,17,17,17,17
220718,1,1,0,0,0,0,0,17,0,10,10,0
220718,2,1,0,0,0,0,0,0,0,11,0,0
220719,1,1,0,0,0,0,0,0,0,0,0,0
220719,2,1,0,0,0,0,0,0,0,0,0,0
220719,3,1,0,0,0,0,0,0,0,0,0,0
220720,1,1,4,4,4,4,4,4,4,4,4,4
220720,2,1,0,0,0,0,0,0,0,0,0,0
220721,1,1,0,0,0,0,0,0,0,0,0,0
220721,2,1,0,0,0,0,0,0,0,0,0,0
220722,1,1,2,2,2,2,2,2,2,2,2,2
220722,2,1,0,0,0,0,0,0,0,0,0,0
220723,0,1,30,24,0,0,0,0,27,20,0,0
220723,1,1,1,1,1,1,1,1,1,1,1,1
220724,0,1,4,4,4,4,4,4,4,4,4,4
220724,1,1,0,0,0,0,0,0,0,0,0,0
220725,1,1,0,0,0,0,0,0,0,0,0,0
220726,1,1,0,0,0,0,0,0,0,0,0,0
220726,2,1,0,0,0,0,0,0,0,0,0,0
220727,0,1,21,21,21,21,21,21,21,21,21,21
220727,0,2,8,8,8,8,8,8,8,8,8,8
220727,1,1,13,13,13,13,13,13,13,13,13,13
220727,2,1,0,9,0,0,12,0,0,0,26,0
220728,1,1,0,0,0,0,0,0,0,0,0,0
220728,2,1,0,0,0,0,0,0,0,0,0,0
220729,1,1,0,0,0,0,0,0,0,0,0,0
220730,1,1,13,0,0,0,23,0,0,0,0,31
220730,2,1,0,0,0,0,0,0,19,11,0,0
220730,3,1,3,12,0,0,0,27,0,0,0,0
220731,0,1,0,0,0,0,0,0,0,0,0,0
220731,1,1,0,0,0,0,0,0,0,0,0,0
220732,0,1,0,0,0,0,0,14,0,0,0,0
220732,1,1,0,0,0,0,0,0,0,0,0,0
220733,1,1,0,0,0,0,0,0,0,13,0,0
220734,0,1,0,0,0,0,10,0,0,0,0,0
220734,1,1,0,0,0,0,0,0,0,0,11,0
220735,1,1,0,0,0,0,0,16,0,0,16,0
220736,1,1,0,0,0,0,0,0,0,0,0,0
220736,2,1,0,0,0,0,0,0,0,0,0,0
220737,1,1,0,0,0,0,0,15,0,0,0,0
220738,0,1,0,0,0,0,26,0,0,0,0,0
220738,1,1,0,0,0,0,0,0,0,0,10,0
220740,1,1,0,0,0,0,0,0,0,0,0,0
220740,2,1,0,0,0,0,0,0,0,0,0,0
220741,1,1,0,0,0,0,0,0,0,0,0,0
220741,2,1,4,4,4,4,4,4,4,4,4,4
220742,0,1,0,0,0,0,0,0,0,0,0,0
220742,1,1,0,0,0,0,0,0,0,0,0,0
220743,1,1,37,37,37,37,37,37,37,37,37,37
220743,2,1,0,0,0,0,0,0,0,0,0,0
220744,1,1,0,0,0,0,0,0,0,0,0,0
220744,2,1,0,0,0,0,0,0,0,0,0,0
220744,3,1,0,0,0,0,0,0,0,0,0,0
220744,4,1,0,0,27,0,0,0,0,0,0,13
220745,0,1,0,0,0,0,0,0,0,0,0,0
220745,1,1,0,0,0,0,0,0,0,0,0,0
220746,1,1,23,23,23,23,23,23,23,23,23,23
220747,1,1,0,0,0,0,0,0,0,0,0,0
220747,2,1,0,0,0,0,0,0,0,0,0,0
220748,1,1,0,0,0,0,0,0,0,0,0,0
220748,2,1,0,0,0,0,0,0,0,0,0,0
220749,1,1,0,0,0,0,0,0,0,0,0,0
220749,2,1,0,0,0,0,0,0,0,0,0,0
220750,0,1,0,0,0,0,0,0,0,0,0,0
220750,1,1,0,0,0,0,0,0,0,0,0,0
220751,0,1,0,0,0,0,0,0,0,0,0,0
220751,1,1,0,0,0,0,0,0,0,0,0,0
220752,1,1,0,0,0,0,0,0,0,0,0,0
220752,2,1,0,0,0,0,0,0,0,0,0,0
220753,2,1,0,0,0,4,0,0,15,0,40,0
220753,3,1,10,0,12,0,0,0,0,0,0,0
220754,1,1,0,0,0,0,0,0,0,0,0,0
220754,2,1,0,0,0,0,0,0,0,0,0,0
220754,3,1,0,0,0,0,0,0,0,0,0,0
220755,1,1,21,21,21,21,21,21,21,21,21,21
220756,0,1,0,0,0,0,0,0,0,0,0,0
220756,2,1,0,0,0,0,0,0,0,0,13,0
220757,1,1,31,31,31,31,31,31,31,31,31,31
220757,2,1,0,0,0,0,0,0,0,0,0,0
220758,1,1,0,0,0,0,0,0,0,0,0,0
220758,2,1,0,0,0,0,0,0,0,0,0,0
220759,1,1,0,0,0,18,0,0,0,0,0,0
220759,2,1,4,4,4,4,4,4,4,4,4,4
220759,3,1,0,0,0,0,0,0,0,0,0,0
220760,1,1,19,19,19,19,19,19,19,19,19,19
220761,1,1,6,0,11,0,0,0,0,0,16,0
220761,2,1,3,3,3,3,3,3,3,3,3,3
220762,1,1,17,17,17,17,17,17,17,17,17,17
220763,1,1,19,19,19,19,19,19,19,19,19,19
220763,2,1,0,0,0,0,0,0,0,0,0,0
220763,3,1,17,0,26,0,10,11,0,21,10,18
220764,1,1,19,19,19,19,19,19,19,19,19,19
220765,1,1,0,0,0,0,0,0,0,0,0,0
220766,0,1,0,0,0,0,0,0,0,0,0,0
220766,0,2,0,0,0,0,0,0,0,0,0,0
220766,0,3,1,1,1,1,1,1,1,1,1,1
220766,1,1,0,0,0,0,0,0,0,0,0,0
220767,1,1,0,0,0,0,0,0,0,0,0,0
220768,0,1,0,0,0,0,0,0,0,0,0,0
220768,1,1,0,0,0,0,0,0,0,0,0,0
220769,0,1,0,0,0,0,0,0,0,0,0,0
220769,1,1,0,0,0,0,0,0,0,0,0,0
220770,1,1,16,16,16,16,16,16,16,16,16,16
220770,2,1,0,0,0,0,0,0,0,0,0,0
220771,1,1,0,0,0,0,0,0,0,0,0,0
220772,1,1,18,18,18,18,18,18,18,18,18,18
220772,2,1,0,0,0,0,0,0,0,0,0,0
220773,0,1,12,12,12,12,12,12,12,12,12,12
220773,1,1,0,0,0,0,0,0,0,0,0,0
220774,1,1,0,0,0,0,0,0,0,0,0,0
220775,1,1,0,0,0,0,0,0,0,0,0,0
220775,2,1,0,0,0,0,0,0,0,0,0,0
220776,1,1,0,0,0,0,0,0,0,0,0,0
220776,2,1,0,0,0,0,0,0,20,0,0,0
220776,3,1,0,0,0,0,0,0,0,0,0,0
220776,4,1,0,0,0,0,0,0,0,0,0,0
220777,0,1,0,0,0,0,0,6,0,0,0,0
220777,1,1,0,0,0,0,0,0,0,0,0,0
220778,1,1,0,0,0,0,0,0,0,0,0,0
220778,2,1,0,0,0,0,0,0,0,0,0,0
220779,0,1,0,0,0,0,0,0,0,0,0,0
220779,1,1,0,0,0,0,0,0,0,0,0,0
220780,1,1,0,0,0,0,0,0,0,0,0,0
220780,2,1,0,0,0,0,0,0,0,0,0,0
220781,0,1,0,0,0,0,0,0,0,0,0,0
220781,1,1,0,0,0,0,0,0,0,0,0,0
220782,1,1,5,0,18,0,0,0,0,5,10,11
220782,2,1,0,0,0,0,0,0,0,0,0,0
220783,1,1,24,24,24,24,24,24,24,24,24,24
220784,1,2,0,0,0,0,0,0,0,0,0,0
220785,1,1,0,0,0,0,0,0,0,0,0,0
220785,2,1,0,7,0,0,0,0,0,0,0,0
220785,3,1,0,0,0,0,0,0,0,0,0,0
220786,1,1,0,0,0,0,0,0,0,0,0,0
220787,0,1,2,2,2,2,2,2,2,2,2,2
220787,1,1,0,0,0,0,0,0,0,0,0,0
220788,1,1,0,0,0,0,0,0,0,0,0,0
220788,2,1,9,0,0,0,0,0,0,0,0,0
220789,1,1,0,0,0,0,0,0,0,0,0,0
220789,2,1,0,0,0,0,0,0,0,0,0,0
220789,3,1,0,0,0,0,0,22,0,17,0,15
220790,0,1,0,0,0,0,0,0,0,0,0,0
220790,1,1,0,0,0,0,0,0,0,0,0,0
220791,1,1,15,15,15,15,15,15,15,15,15,15
220792,0,1,24,24,24,24,24,24,24,24,24,24
220792,1,1,0,0,0,0,0,0,0,0,0,0
220793,1,1,0,0,0,0,0,0,0,0,0,0
220794,1,1,23,23,23,23,23,23,23,23,23,23
220794,2,1,0,0,0,0,0,0,0,0,0,0
220795,1,1,0,18,29,0,0,0,0,0,12,7
220796,1,1,27,27,27,27,27,27,27,27,27,27
220797,1,1,0,17,0,0,0,0,0,0,0,0
220798,1,1,11,11,11,11,11,11,11,11,11,11
220799,1,1,0,0,0,0,0,0,0,0,0,0
220799,2,1,0,0,0,0,0,0,0,0,0,0
220799,3,1,0,13,0,0,0,0,0,0,0,0
220800,1,1,0,0,17,0,0,0,27,0,0,10
220801,0,1,0,0,0,0,0,0,9,0,26,0
220801,1,1,9,0,0,8,6,0,16,0,0,0
220802,1,1,0,0,0,0,0,0,0,0,0,0
220802,2,1,0,0,0,0,0,0,0,0,0,0
220803,0,1,0,0,0,0,0,0,0,0,0,0
220803,1,1,0,0,0,0,0,0,0,0,0,0
220803,2,1,0,0,0,0,0,0,0,0,0,0
220804,1,1,0,0,0,0,18,0,0,0,0,10
220805,1,1,0,0,0,0,0,0,0,0,0,0
220805,2,1,0,0,0,0,0,0,0,0,0,0
220806,1,1,24,24,24,24,24,24,24,24,24,24
220807,0,1,0,0,0,0,0,0,0,0,0,0
220807,1,1,0,0,0,26,0,0,0,0,1,0
220808,0,1,0,0,0,0,0,0,0,0,0,0
220808,1,1,0,0,0,0,0,0,0,0,0,0
220809,1,1,0,0,0,0,0,0,0,0,0,0
220810,1,1,0,0,0,0,0,0,0,0,0,0
220811,1,1,0,0,0,0,0,0,0,0,0,0
220812,1,1,24,24,24,24,24,24,24,24,24,24
220813,1,1,0,0,0,0,0,0,0,0,0,0
220813,2,1,13,13,13,13,13,13,13,13,13,13
220813,3,1,0,0,0,0,0,0,0,0,0,0
220814,1,1,0,0,0,0,0,0,0,0,0,0
220815,0,1,16,16,16,16,16,16,16,16,16,16
220815,1,1,0,0,0,0,0,0,0,0,0,0
220816,1,1,0,0,0,0,0,0,0,0,0,0
220816,2,1,29,0,0,0,0,31,0,0,0,0
220816,3,1,0,0,0,0,0,0,0,0,0,0
220817,1,1,9,9,9,9,9,9,9,9,9,9
220817,2,1,0,0,0,0,0,0,0,0,0,0
220818,1,1,15,15,15,15,15,15,15,15,15,15
220819,1,1,0,0,0,0,0,0,0,0,0,0
220819,2,1,15,0,0,0,0,0,0,0,0,0
220820,1,1,0,0,0,0,0,0,0,0,0,0
220821,0,1,0,0,0,0,0,0,0,0,0,0
220821,1,1,0,0,0,0,0,0,0,0,0,0
220822,0,1,0,0,0,0,0,0,0,0,0,0
220822,0,2,0,0,0,0,0,0,0,0,0,0
220822,1,1,0,0,0,0,0,0,0,0,0,0
220823,1,1,15,15,15,15,15,15,15,15,15,15
220823,2,1,0,0,0,0,0,0,0,0,0,0
220824,1,1,9,9,9,9,9,9,9,9,9,9
220824,2,1,0,0,0,0,0,0,0,0,0,0
220824,3,1,8,0,0,0,0,13,17,0,6,0
220825,0,1,24,24,24,24,24,24,24,24,24,24
220825,1,1,0,0,0,16,0,0,13,0,24,0
220826,1,1,0,0,0,0,0,0,0,0,0,0
220826,2,1,0,0,0,0,0,0,0,0,0,0
220827,1,1,0,0,0,0,0,0,0,0,0,0
220828,1,1,0,0,0,0,0,0,0,0,0,0
220828,2,1,0,0,0,0,0,0,0,0,6,0
220830,1,1,0,10,22,31,0,0,0,0,20,0
220831,1,1,16,0,0,23,22,16,0,0,0,2
220831,2,1,21,21,21,21,21,21,21,21,21,21
220832,1,1,0,0,0,13,0,0,0,0,0,0
220832,2,1,0,0,0,0,0,0,0,0,0,0
220833,0,1,0,0,0,0,0,0,0,0,0,0
220833,1,1,0,0,0,38,0,0,0,0,27,11
220834,1,1,0,0,0,0,0,0,0,0,0,0
220834,2,1,0,0,0,0,0,0,0,0,0,0
220835,1,1,0,0,0,0,0,0,0,0,0,0
220835,2,1,0,0,0,0,0,0,0,0,0,0
220836,1,1,0,0,0,0,0,0,0,0,0,0
220836,2,1,0,0,0,0,0,0,0,0,0,0
220837,0,1,0,0,0,0,0,0,0,0,14,0
220837,1,1,0,0,0,0,0,0,0,0,0,0
220838,1,1,18,18,18,18,18,18,18,18,18,18
220839,0,1,0,0,0,0,0,13,0,0,18,0
220839,1,1,0,0,0,16,0,0,0,0,0,0
220840,0,1,0,0,0,0,16,0,0,0,35,0
220840,1,1,0,0,0,0,8,0,0,8,0,0
220841,1,1,0,0,0,0,0,0,0,0,0,0
220842,1,1,0,0,0,0,0,0,0,0,0,0
220843,0,1,0,0,0,0,0,0,0,0,0,0
220843,1,1,0,0,0,0,0,0,0,0,0,0
220845,0,1,0,0,0,0,0,0,0,0,0,0
220845,1,1,20,12,0,0,10,5,0,20,17,9
220846,1,1,0,0,0,0,0,0,0,16,0,0
220847,1,1,0,0,0,0,0,0,0,0,0,0
220847,2,1,0,0,0,7,0,11,0,7,0,0
220848,1,1,0,0,0,0,0,0,0,0,0,0
220848,2,1,0,17,0,0,0,0,0,24,0,0
220849,1,1,0,0,0,0,0,0,20,0,0,0
220850,1,1,19,19,19,19,19,19,19,19,19,19
220851,1,1,17,0,0,0,0,20,30,8,18,0
220852,0,1,0,10,12,0,0,0,0,0,0,0
220852,1,1,0,0,0,4,0,0,0,0,0,0
220853,1,1,29,29,29,29,29,29,29,29,29,29
220854,0,1,0,0,21,0,0,0,25,0,0,0
220854,1,1,9,9,9,9,9,9,9,9,9,9
220854,2,1,0,0,0,0,0,8,0,0,0,0
220855,1,1,0,0,0,11,0,0,0,30,0,0
220855,2,1,0,0,0,0,0,0,0,0,0,0
220856,1,1,0,0,0,0,0,0,0,0,0,0
220857,1,1,0,0,0,0,0,0,29,0,0,0
220858,1,1,0,0,0,0,2,0,0,0,0,0
220859,1,1,24,24,24,24,24,24,24,24,24,24
220860,1,1,13,17,9,20,6,16,9,5,17,7
220861,1,1,30,0,0,0,0,0,0,0,0,0
220862,1,1,13,13,13,13,13,13,13,13,13,13
220863,1,1,0,0,0,0,0,0,0,0,0,0
220865,0,1,0,0,0,0,0,20,0,0,0,23
220865,1,1,25,26,0,9,0,0,11,14,16,34
220866,1,1,16,16,16,16,16,16,16,16,16,16
220866,2,1,0,0,0,0,0,0,0,0,0,0
220867,1,1,0,0,0,0,0,0,0,0,0,23
220868,0,1,15,15,15,15,15,15,15,15,15,15
220868,1,1,0,0,0,0,0,0,0,0,0,0
220869,1,1,16,16,16,16,16,16,16,16,16,16
220869,2,1,0,0,0,0,0,0,0,0,0,0
220870,1,1,0,0,0,0,0,0,0,0,0,0
220870,2,1,0,0,0,0,0,0,0,0,0,0
220871,1,1,0,0,0,0,0,0,0,0,0,0
220871,2,1,12,0,0,0,0,0,0,0,26,0
220872,0,1,36,36,36,36,36,36,36,36,36,36
220872,1,1,0,0,18,11,12,0,0,21,28,0
220873,1,1,0,0,0,0,0,0,0,0,0,0
220874,1,1,0,0,0,0,0,0,0,0,2,0
220874,2,1,0,0,0,0,0,0,0,0,0,0
220875,1,1,6,6,6,6,6,6,6,6,6,6
220875,2,1,0,0,0,0,0,0,0,13,21,0
220875,3,1,0,0,0,22,0,0,15,0,0,0
220875,4,1,6,0,16,0,17,0,0,0,0,0
220875,5,1,0,0,0,0,0,0,0,0,0,0
220876,0,1,0,0,0,0,0,0,24,0,0,0
220876,1,1,0,33,0,0,0,0,0,18,0,0
220877,1,1,0,0,0,6,0,0,0,6,0,0
220878,0,1,0,0,0,0,0,0,0,0,0,0
220878,1,1,0,0,0,0,0,0,0,0,4,0
220879,1,1,0,0,0,0,0,29,0,0,0,0
220880,0,1,11,11,0,0,0,24,0,22,0,34
220880,1,1,0,0,0,0,0,0,0,0,0,0
230001,0,1,0,0,0,0,0,0,0,0,0,0
230001,1,1,3,3,3,3,3,3,3,3,3,3
230002,1,1,0,0,0,0,0,0,0,0,0,0
230003,1,1,0,0,0,0,0,0,0,0,0,0
230003,2,1,0,0,0,0,0,0,0,0,0,0
230003,3,1,0,0,0,0,0,0,0,0,0,0
230004,1,1,15,15,15,15,15,15,15,15,15,15
230005,1,1,34,34,34,34,34,34,34,34,34,34
230006,1,1,0,0,0,0,0,0,0,0,0,0
230006,2,1,0,0,0,0,0,0,0,0,0,0
230007,1,1,0,0,30,0,0,0,0,0,0,0
230007,2,1,0,0,0,0,0,0,0,0,0,0
230008,1,1,18,18,18,18,18,18,18,18,18,18
230009,1,1,0,0,0,0,0,0,0,0,0,0
230010,1,1,0,0,0,0,0,0,0,0,0,0
230010,2,1,0,0,0,0,0,0,0,0,0,0
230011,1,1,0,0,0,0,0,0,0,0,0,0
230011,2,1,0,0,0,0,0,0,0,0,0,0
230012,1,1,26,26,26,26,26,26,26,26,26,26
230013,0,1,1,1,1,1,1,1,1,1,1,1
230013,1,1,0,0,0,0,0,0,0,0,0,0
230014,1,1,9,9,9,9,9,9,9,9,9,9
230015,1,1,21,21,21,21,21,21,21,21,21,21
230016,0,1,20,20,20,20,20,20,20,20,20,20
230016,1,1,0,0,0,0,0,0,0,0,0,0
230017,1,1,0,0,0,0,0,0,0,0,0,0
230017,2,1,0,0,0,0,0,0,0,0,0,0
230018,1,1,20,20,20,20,20,20,20,20,20,20
230019,1,1,1,1,1,1,1,1,1,1,1,1
230019,2,1,0,0,0,0,0,0,0,0,0,0
230019,3,1,0,0,0,0,0,0,0,0,0,0
230019,4,1,0,0,0,0,0,0,0,0,0,0
230020,1,1,11,11,11,11,11,11,11,11,11,11
230020,2,1,0,0,0,0,0,0,0,0,0,0
230020,3,1,0,0,0,0,0,0,0,0,0,0
230021,1,1,0,0,0,0,0,0,0,0,0,0
230022,1,1,0,7,0,0,0,0,22,0,0,0
230022,2,1,0,0,0,0,0,0,0,0,0,0
230023,0,1,10,10,10,10,10,10,10,10,10,10
230023,1,1,0,0,0,0,0,0,0,0,0,0
230024,1,1,14,14,14,14,14,14,14,14,14,14
230024,2,1,13,13,13,13,13,13,13,13,13,13
230025,1,1,0,0,0,0,0,0,0,0,0,0
230026,1,1,0,0,0,0,0,0,0,0,0,0
230026,2,1,0,0,0,0,0,0,0,0,0,0
230026,3,1,0,0,0,0,0,0,0,0,0,0
230027,1,1,12,12,12,12,12,12,12,12,12,12
230028,1,1,15,15,15,15,15,15,15,15,15,15
230029,1,1,24,24,24,24,24,24,24,24,24,24
230029,2,1,4,4,4,4,4,4,4,4,4,4
230030,1,1,0,28,0,0,0,0,0,0,0,0
230030,2,1,0,0,0,0,0,0,0,0,0,0
230030,3,1,9,28,0,0,0,0,0,0,2,0
230031,1,1,25,25,25,25,25,25,25,25,25,25
230031,2,1,0,0,0,0,0,0,4,0,0,0
230032,1,1,4,4,4,4,4,4,4,4,4,4
230032,2,1,0,0,0,0,0,0,0,0,0,0
230033,1,1,0,0,0,0,0,0,0,0,0,0
230034,1,1,0,0,0,0,0,0,0,0,0,0
230035,1,1,21,21,21,21,21,21,21,21,21,21
230035,2,1,0,0,0,0,0,0,0,0,0,0
230036,1,1,0,0,0,0,0,0,0,0,0,0
230036,2,1,0,0,0,0,0,0,0,0,0,0
230036,3,1,0,0,0,0,0,0,0,0,0,0
230037,1,1,16,0,0,0,24,0,10,21,19,13
230038,0,1,0,0,0,0,0,0,0,0,0,0
230038,1,1,0,0,0,0,0,0,0,0,0,0
230039,1,1,0,0,0,0,0,0,0,0,0,0
230040,1,1,0,0,0,0,0,0,0,0,0,0
230040,2,1,0,14,0,0,0,0,0,0,0,16
230040,3,1,0,0,0,0,0,0,0,0,0,0
230040,4,1,0,3,0,0,0,0,0,0,0,0
230041,1,1,10,10,10,10,10,10,10,10,10,10
230042,1,1,18,18,18,18,18,18,18,18,18,18
230043,1,1,0,0,0,0,0,0,0,0,0,0
230044,1,1,0,0,0,0,0,0,0,0,0,18
230045,1,1,11,11,11,11,11,11,11,11,11,11
230046,1,1,0,0,29,0,0,0,0,0,0,0
230047,0,1,0,0,0,0,0,0,0,0,0,0
230047,1,1,0,0,0,0,0,0,0,0,0,0
230048,1,1,27,5,18,14,14,21,4,16,5,17
230049,0,1,0,0,0,0,0,0,0,0,0,0
230049,1,1,0,0,0,0,0,0,0,0,0,0
230050,1,1,0,0,0,0,0,0,0,0,0,0
230051,1,1,0,0,0,0,0,0,0,0,0,0
230052,1,1,0,0,0,0,0,0,0,0,0,0
230052,2,1,0,0,0,0,0,0,0,0,0,0
230053,1,1,22,22,22,22,22,22,22,22,22,22
230054,1,1,0,0,0,0,0,0,0,0,0,0
230055,1,1,0,0,0,0,0,0,0,0,0,0
230055,2,1,0,0,0,0,0,0,0,0,0,0
230055,3,1,0,0,0,0,0,0,0,0,0,0
230056,1,1,0,0,0,0,0,0,0,0,0,0
230057,1,1,6,6,6,6,6,6,6,6,6,6
230057,2,1,0,0,0,0,0,0,0,0,0,0
230058,1,1,8,8,8,8,8,8,8,8,8,8
230059,1,1,21,21,21,21,21,21,21,21,21,21
230060,1,1,0,0,0,0,0,0,0,0,0,0
230060,2,1,0,0,0,0,0,0,0,0,0,0
230061,1,1,0,0,0,0,0,0,0,0,0,0
230061,2,1,0,0,0,0,0,0,0,0,0,0
230062,1,1,0,0,0,0,0,0,0,0,0,0
230063,0,1,33,33,33,33,33,33,33,33,33,33
230063,1,1,0,0,0,0,0,0,0,0,0,0
230064,1,1,0,0,0,0,0,0,0,0,0,0
230064,2,1,0,0,0,0,0,0,0,0,12,0
230065,1,1,0,0,0,0,0,0,0,0,0,0
230066,1,1,0,0,0,0,0,0,0,0,0,0
230067,1,1,18,18,18,18,18,18,18,18,18,18
230068,1,1,4,4,4,4,4,4,4,4,4,4
230068,2,1,0,0,0,0,0,0,0,0,0,0
230069,1,1,0,0,0,0,0,0,0,0,0,0
230070,1,1,37,37,37,37,37,37,37,37,37,37
230071,1,1,13,24,13,19,27,19,20,13,15,8
230072,1,1,0,0,0,0,0,0,0,0,0,0
230072,2,1,0,0,0,0,0,0,0,0,0,0
230073,1,1,2,2,2,2,2,2,2,2,2,2
230074,1,1,19,7,23,18,0,6,12,14,13,15
230074,2,1,0,0,0,0,0,0,0,0,0,0
230075,1,1,1,1,1,1,1,1,1,1,1,1
230076,1,1,12,12,12,12,12,12,12,12,12,12
230077,1,1,0,0,0,0,0,0,0,0,0,0
230078,1,1,0,0,0,0,0,0,0,0,0,0
230078,2,1,0,0,0,0,18,0,0,0,0,0
230079,1,1,0,0,0,0,0,0,0,0,0,0
230080,1,1,12,12,12,12,12,12,12,12,12,12
230081,1,1,0,0,0,0,32,0,0,9,0,0
230081,2,1,0,0,0,0,0,0,0,0,0,0
230082,1,1,0,0,0,0,0,0,0,0,0,0
230082,2,1,0,0,0,0,0,0,0,0,0,0
230083,1,1,0,0,0,0,0,0,0,0,0,0
230083,2,1,0,0,0,0,0,0,0,0,0,0
230084,1,1,19,19,19,19,19,19,19,19,19,19
230085,1,1,13,13,13,13,13,13,13,13,13,13
230086,1,1,0,0,0,0,0,0,0,0,0,0
230086,2,1,0,0,0,0,0,0,0,0,0,0
230087,1,1,6,0,0,0,0,0,0,0,0,6
230088,1,1,0,0,0,0,0,0,0,0,19,0
230088,2,1,0,0,0,0,0,0,0,0,0,0
230089,1,1,0,0,0,0,0,0,0,0,0,0
230090,1,1,0,0,0,0,0,0,0,0,0,0
230090,2,1,0,0,0,0,0,0,0,0,0,0
230091,1,1,0,0,0,31,0,0,0,0,0,0
230091,2,1,0,0,0,0,0,0,0,0,0,0
230092,1,1,0,0,0,0,0,0,0,0,0,0
230092,2,1,0,0,0,0,0,0,0,0,0,0
230093,1,1,0,0,0,0,0,0,0,0,0,0
230093,2,1,0,0,0,0,0,0,0,0,0,0
230094,1,1,0,0,0,0,0,0,0,0,0,0
230094,2,1,0,0,0,0,0,0,0,0,0,0
230095,1,1,18,18,18,18,18,18,18,18,18,18
230096,0,1,0,0,0,0,0,0,0,0,0,0
230096,1,1,0,0,0,0,0,0,0,0,0,0
230097,1,1,0,0,0,0,0,0,0,0,0,0
230097,2,1,0,0,0,0,0,33,0,0,0,0
230098,1,1,0,0,0,0,0,0,19,0,0,0
230099,1,1,0,0,0,0,0,0,0,0,0,0
230099,2,1,0,0,0,0,0,0,0,0,0,0
230100,1,1,10,10,10,10,10,10,10,10,10,10
230100,2,1,12,12,12,12,12,12,12,12,12,12
230101,1,1,0,0,27,0,10,0,0,10,0,0
230102,0,1,0,0,0,0,0,0,0,0,0,0
230102,1,1,0,0,0,22,0,0,0,0,0,0
230103,1,1,0,0,0,0,0,0,0,0,0,0
230104,1,1,11,11,11,11,11,11,11,11,11,11
230105,1,1,0,0,0,0,0,0,0,0,0,0
230105,2,1,0,0,0,0,0,0,0,0,0,0
230106,1,1,34,34,34,34,34,34,34,34,34,34
230106,2,1,0,0,0,0,28,0,0,0,0,15
230107,1,1,0,0,0,17,15,0,0,0,0,0
230108,1,1,0,0,0,0,0,0,0,0,0,0
230108,2,1,0,0,0,0,0,0,0,0,0,0
230109,1,1,0,0,0,0,0,0,0,0,0,0
230109,2,1,0,0,0,0,0,0,0,0,0,0
230110,1,1,0,0,0,0,0,0,0,0,0,0
230110,2,1,23,23,23,23,23,23,23,23,23,23
230111,1,1,26,8,14,15,3,0,9,15,16,8
230112,1,1,2,2,2,2,2,2,2,2,2,2
230112,2,1,0,0,0,0,0,0,0,0,0,0
230113,1,1,7,7,7,7,7,7,7,7,7,7
230113,2,1,0,0,0,0,0,0,0,0,0,0
230114,1,1,27,27,27,27,27,27,27,27,27,27
230115,1,1,0,0,0,0,0,0,0,0,0,0
230115,2,1,18,18,18,18,18,18,18,18,18,18
230116,1,1,0,0,0,0,0,0,0,0,0,0
230116,2,1,0,0,0,0,0,0,0,0,0,0
230117,1,1,15,0,0,0,0,0,8,0,0,0
230118,1,1,0,0,0,0,0,0,0,0,0,0
230118,2,1,0,0,0,0,0,0,0,0,0,0
230118,3,1,0,0,0,0,0,0,0,0,0,0
230119,0,1,28,28,28,28,28,28,28,28,28,28
230119,1,1,0,0,19,0,0,0,0,22,17,39
230120,1,1,20,40,7,0,9,21,19,21,20,16
230120,3,1,0,0,0,0,0,0,0,0,0,0
230121,1,1,0,0,0,0,0,0,0,0,0,0
230122,1,1,0,0,0,0,0,0,0,0,0,0
230123,1,1,6,6,6,6,6,6,6,6,6,6
230124,1,1,19,19,19,19,19,19,19,19,19,19
230125,1,1,26,26,26,26,26,26,26,26,26,26
230126,1,1,13,13,13,13,13,13,13,13,13,13
230127,1,1,0,0,0,0,0,0,0,0,0,0
230127,2,1,0,0,0,0,0,0,0,0,0,0
230128,0,1,37,37,37,37,37,37,37,37,37,37
230128,1,1,2,2,2,2,2,2,2,2,2,2
230129,1,1,0,0,0,0,0,0,0,0,0,0
230129,2,1,0,0,0,0,0,0,0,0,0,0
230130,0,1,0,0,0,0,0,0,0,0,0,0
230130,1,1,0,0,0,0,5,0,0,0,0,0
230131,1,1,31,31,31,31,31,31,31,31,31,31
230132,0,1,0,0,0,0,0,0,0,0,0,0
230132,1,1,0,0,0,0,0,4,0,0,0,0
230133,1,1,18,18,18,18,18,18,18,18,18,18
230134,1,1,0,0,0,0,0,0,0,0,0,0
230135,1,1,0,0,0,0,0,0,0,0,0,0
230136,1,1,0,0,0,0,0,0,0,0,0,0
230136,2,1,1,1,1,1,1,1,1,1,1,1