ST_CASE,VEH_NO,PER_NO,P1,P2,P3,P4,P5,P6,P7,P8,P9,P10
230136,3,1,0,0,0,0,0,0,0,0,0,0
230137,1,1,0,0,0,0,0,0,0,0,0,0
230137,2,1,0,0,0,0,0,0,0,0,0,0
230138,1,1,0,0,0,0,0,0,0,0,0,0
230139,1,1,0,0,0,0,0,0,15,0,0,0
230140,0,1,0,0,0,0,0,0,0,0,0,0
230140,1,1,0,0,0,0,0,0,0,0,0,0
230140,2,1,0,0,0,0,0,0,0,0,0,0
230140,3,1,0,0,0,0,0,0,0,0,0,0
230140,4,1,0,0,0,0,0,23,0,10,0,0
230141,1,1,0,0,0,0,21,9,0,0,28,0
230142,1,1,0,0,0,0,0,0,0,0,0,0
230143,0,1,0,0,0,0,0,0,0,0,0,0
230143,1,1,0,0,0,0,0,0,0,0,0,0
230144,1,1,12,25,2,27,9,25,26,3,9,0
230145,0,1,0,0,0,0,0,0,0,0,0,0
230145,1,1,0,0,0,0,0,0,0,0,0,0
230146,1,1,24,0,18,0,22,0,0,0,0,0
230147,1,1,6,0,0,17,7,6,14,11,19,19
230147,2,1,0,0,0,0,0,0,0,0,0,0
230147,3,1,0,24,0,0,0,0,0,0,0,17
230147,4,1,0,0,0,0,0,0,0,0,0,0
230148,1,1,0,0,0,0,0,0,0,0,0,0
230148,2,1,0,0,0,0,0,0,0,0,0,0
230149,0,1,0,0,0,0,0,0,0,0,0,0
230149,1,1,0,0,0,0,0,0,0,0,0,0
230150,1,1,4,4,4,4,4,4,4,4,4,4
230150,2,1,0,0,0,0,0,0,0,0,0,0
230152,0,1,0,0,0,0,0,0,0,0,0,0
230152,1,1,0,0,0,0,0,0,0,0,0,0
230153,0,1,0,0,0,0,0,0,0,0,0,0
230153,1,1,0,0,0,0,0,0,0,0,0,0
230154,1,1,29,29,29,29,29,29,29,29,29,29
230155,0,1,0,0,0,0,0,0,0,0,0,0
230155,1,1,0,0,0,0,0,0,0,0,0,0
230156,1,1,0,0,0,0,0,0,0,0,0,0
230157,1,1,30,30,30,30,30,30,30,30,30,30
230158,1,1,0,0,0,0,0,0,0,0,0,0
230159,1,1,3,3,3,3,3,3,3,3,3,3
230159,2,1,0,0,0,0,0,0,0,0,0,0
230160,1,1,0,0,0,0,0,0,0,0,0,0
230161,1,1,0,0,0,7,0,0,0,0,13,15
230161,2,1,0,0,0,0,0,0,0,0,0,0
230162,1,1,0,0,20,0,0,0,0,0,0,0
230162,2,1,0,0,0,0,0,5,27,0,0,0
230162,3,1,0,0,0,0,0,0,18,0,0,0
230163,0,1,16,20,0,0,0,0,0,0,9,0
230164,1,1,0,0,0,0,0,0,0,0,0,0
230165,1,1,13,13,13,13,13,13,13,13,13,13
230166,1,1,0,0,0,0,0,0,0,0,0,0
230167,0,1,0,0,0,0,0,0,0,0,0,0
230167,1,1,0,0,0,0,0,0,0,0,0,0
230168,1,1,0,0,0,16,32,0,0,0,0,0
230169,1,1,20,0,0,0,0,0,0,0,0,0
230169,2,1,0,0,0,0,0,0,0,0,0,0
230170,1,1,24,24,24,24,24,24,24,24,24,24
230171,1,1,16,16,16,16,16,16,16,16,16,16
230172,1,1,19,19,19,19,19,19,19,19,19,19
240001,1,1,0,0,0,0,0,0,0,0,0,0
240001,2,1,11,0,0,0,0,0,0,0,0,0
240002,1,1,0,0,0,0,0,17,0,24,0,0
240002,2,1,0,0,0,0,0,0,0,0,0,0
240003,0,1,0,0,0,0,0,0,0,0,0,0
240003,1,1,0,0,0,0,0,0,0,0,0,0
240004,1,1,0,0,0,0,0,0,0,0,0,0
240004,2,1,0,0,0,0,0,0,0,0,0,0
240005,1,1,0,0,0,0,0,0,0,0,0,0
240006,1,1,9,9,9,9,9,9,9,9,9,9
240008,1,1,20,20,20,20,20,20,20,20,20,20
240009,1,1,26,26,26,26,26,26,26,26,26,26
240010,0,1,0,0,0,0,0,0,0,0,0,0
240010,1,1,31,13,14,20,0,0,0,0,19,0
240011,0,1,0,0,0,0,0,0,0,0,0,0
240011,1,1,0,0,0,0,0,0,0,0,0,0
240012,0,1,11,11,11,11,11,11,11,11,11,11
240012,1,1,0,0,0,0,0,0,0,0,0,0
240014,0,1,0,0,0,0,0,0,0,0,0,0
240014,1,1,0,0,0,0,0,0,0,0,0,0
240015,1,1,37,37,37,37,37,37,37,37,37,37
240015,2,1,0,0,0,0,0,20,0,0,0,0
240016,0,1,0,0,0,0,0,0,0,0,0,0
240016,1,1,0,0,0,0,0,0,0,0,0,0
240017,0,1,0,0,0,0,0,0,0,0,0,0
240017,1,1,17,12,0,0,0,6,15,0,17,4
240018,1,1,12,0,0,0,0,14,0,0,26,0
240019,1,1,5,5,5,5,5,5,5,5,5,5
240020,0,1,0,0,0,0,0,0,0,0,0,0
240020,1,1,14,0,0,0,0,0,0,0,0,9
240021,1,1,20,9,25,26,11,25,18,30,14,21
240021,2,1,0,0,0,0,0,0,0,0,0,0
240022,1,1,0,0,22,0,24,9,11,0,0,10
240023,1,1,14,14,14,14,14,14,14,14,14,14
240024,1,1,0,11,27,0,0,0,0,0,0,0
240025,1,1,1,1,1,1,1,1,1,1,1,1
240025,2,1,24,24,24,24,24,24,24,24,24,24
240026,1,1,0,0,0,25,0,0,28,12,28,15
240027,1,1,0,0,0,0,0,0,0,0,0,0
240028,1,1,0,0,0,26,0,0,0,0,0,0
240028,2,1,0,0,0,0,0,0,0,0,0,0
240029,1,1,9,0,0,0,0,0,0,0,0,0
240030,1,1,0,0,0,0,0,0,0,0,0,0
240030,2,1,0,0,0,0,0,0,0,0,0,0
240030,3,1,0,0,0,0,0,0,0,0,11,0
240031,1,1,0,0,0,0,0,0,0,0,0,0
240031,2,1,0,0,0,0,0,0,0,0,0,0
240032,1,1,0,0,0,0,0,0,0,0,0,0
240032,2,1,0,0,0,0,0,0,0,0,0,0
240033,0,1,0,0,0,0,0,0,0,0,0,0
240033,1,1,0,0,0,0,0,0,0,0,0,0
240034,1,1,0,0,0,0,0,0,0,0,0,0
240035,1,1,21,0,0,10,32,0,0,0,0,35
240036,1,1,12,0,20,0,15,0,13,19,9,18
240036,2,1,0,0,0,0,0,0,0,0,0,0
240037,1,1,0,0,0,0,0,0,0,0,0,0
240038,1,1,26,26,26,26,26,26,26,26,26,26
240039,1,1,15,15,15,15,15,15,15,15,15,15
240039,2,1,0,0,0,0,0,0,0,0,0,0
240040,1,1,0,0,0,0,0,0,0,0,0,0
240040,2,1,0,0,0,0,0,0,0,0,0,0
240041,1,1,0,0,0,0,0,0,0,0,0,0
240041,2,1,21,14,12,18,0,0,0,8,0,0
240042,0,1,0,0,0,15,0,0,0,0,0,0
240042,1,1,0,0,0,0,0,0,0,0,0,0
240043,1,1,22,22,22,22,22,22,22,22,22,22
240044,1,1,30,30,30,30,30,30,30,30,30,30
240045,1,1,17,17,17,17,17,17,17,17,17,17
240046,1,1,10,10,10,10,10,10,10,10,10,10
240047,1,1,0,0,16,0,0,0,0,0,0,0
240048,1,1,0,0,13,0,0,0,0,0,0,27
240048,2,1,0,2,0,10,0,0,0,9,0,0
240048,3,1,0,0,0,0,0,0,0,0,0,0
240049,1,1,0,0,0,0,0,0,0,0,0,0
240049,2,1,0,0,0,0,0,0,0,0,0,0
240050,1,1,0,0,32,16,10,30,10,16,18,0
240051,1,1,22,22,22,22,22,22,22,22,22,22
240051,2,1,0,0,0,18,0,0,0,0,0,0
240052,1,1,21,21,21,21,21,21,21,21,21,21
240053,1,1,0,0,0,8,0,0,0,0,23,0
240053,2,1,0,0,0,0,0,0,0,0,0,0
240053,3,1,0,0,0,0,0,0,0,0,0,0
240054,0,1,27,27,27,27,27,27,27,27,27,27
240054,1,1,0,0,0,0,0,0,0,0,0,8
240055,1,1,0,0,0,0,0,0,0,0,0,0
240055,2,1,0,0,0,0,0,0,0,0,0,0
240055,3,1,0,0,0,0,0,0,0,0,0,0
240056,1,1,20,20,20,20,20,20,20,20,20,20
240056,2,1,0,0,0,0,0,0,0,0,0,0
240057,0,1,0,0,0,0,0,0,0,0,0,0
240057,1,1,0,0,0,0,0,0,0,0,0,0
240058,0,1,7,7,7,7,7,7,7,7,7,7
240058,1,1,19,0,0,0,0,0,0,0,0,0
240059,1,1,0,5,0,0,0,0,0,0,19,0
240060,1,1,12,12,12,12,12,12,12,12,12,12
240061,0,1,0,0,0,0,0,0,0,0,0,0
240061,1,1,0,0,0,0,0,18,0,0,0,0
240062,0,1,20,20,20,20,20,20,20,20,20,20
240062,1,1,25,25,25,25,25,25,25,25,25,25
240062,2,1,0,0,0,0,0,0,0,0,0,0
240063,0,1,0,0,0,0,0,0,0,0,0,0
240063,0,2,11,0,0,0,0,0,0,0,0,0
240063,1,1,0,0,0,0,0,0,0,0,0,0
240063,2,1,0,0,0,10,0,0,0,8,0,0
240064,1,1,17,17,17,17,17,17,17,17,17,17
240064,2,1,8,8,8,8,8,8,8,8,8,8
240065,1,1,27,27,27,27,27,27,27,27,27,27
240066,1,1,8,8,8,8,8,8,8,8,8,8
240067,0,1,0,0,0,0,0,0,0,0,0,0
240067,1,1,0,0,0,0,0,0,0,0,10,0
240068,0,1,0,0,0,0,0,0,0,0,0,0
240068,1,1,0,0,17,0,0,0,0,0,0,0
240068,2,1,0,0,0,0,0,0,0,0,0,0
240068,3,1,0,0,12,0,20,0,0,0,0,0
240069,1,1,30,30,30,30,30,30,30,30,30,30
240070,1,1,9,23,15,8,23,22,17,32,13,31
240070,2,1,0,0,0,0,0,0,0,0,0,0
240071,0,1,0,0,0,0,0,0,0,0,0,0
240071,1,1,0,0,0,0,0,0,0,0,0,0
240072,0,1,0,0,0,0,0,0,0,0,0,0
240072,1,1,0,0,0,0,0,0,0,0,0,0
240073,1,1,0,0,0,16,0,18,0,0,0,0
240074,1,1,19,19,19,19,19,19,19,19,19,19
240074,2,1,0,0,0,0,24,0,0,0,0,0
240075,0,1,0,0,0,0,0,0,0,0,0,0
240075,1,1,0,0,0,0,0,0,0,0,0,0
240076,1,1,19,0,37,10,0,6,20,19,16,16
240077,0,1,21,21,21,21,21,21,21,21,21,21
240077,1,1,0,0,0,27,0,0,0,0,0,0
240078,1,1,0,0,0,0,0,0,0,0,0,0
240078,2,1,0,0,0,0,0,0,0,0,0,12
240079,1,1,0,0,0,0,0,0,0,0,0,0
240079,2,1,0,0,0,0,0,0,0,0,0,0
240079,3,1,0,0,0,0,0,0,0,0,0,0
240080,1,1,0,0,0,0,0,0,0,0,0,0
240080,2,1,0,0,12,0,0,0,0,0,0,0
240081,1,1,0,0,0,0,0,0,0,0,0,0
240083,1,1,0,0,0,0,0,0,0,0,0,0
240083,2,1,0,0,0,0,0,0,0,0,0,0
240084,1,1,22,22,22,22,22,22,22,22,22,22
240085,1,1,0,13,9,0,19,9,14,0,21,28
240086,1,1,0,0,0,0,0,0,0,0,0,0
240087,1,1,0,0,0,0,10,0,0,0,0,0
240088,1,1,0,0,0,0,0,0,0,0,0,0
240088,2,1,0,13,0,20,0,0,0,13,0,0
240089,1,1,3,3,3,3,3,3,3,3,3,3
240090,0,1,35,0,0,0,0,19,0,0,0,0
240090,1,1,0,9,0,0,0,0,0,9,0,0
240091,1,1,0,0,0,0,0,0,0,0,0,0
240091,2,1,0,0,0,0,0,0,0,0,0,0
240092,1,1,19,19,19,19,19,19,19,19,19,19
240092,2,1,0,0,0,0,0,12,0,0,0,0
240094,1,1,28,20,23,18,37,0,14,24,34,14
240095,1,1,11,0,0,0,0,0,0,0,0,0
240095,2,1,0,0,0,0,0,0,0,0,0,0
240096,0,1,16,16,16,16,16,16,16,16,16,16
240096,1,1,0,0,0,0,0,0,0,0,0,0
240097,1,1,24,24,24,24,24,24,24,24,24,24
240097,2,1,0,20,13,0,22,0,13,0,12,0
240098,0,1,0,0,0,0,0,0,0,0,0,0
240098,1,1,19,0,0,0,0,0,0,0,0,0
240099,0,1,2,2,2,2,2,2,2,2,2,2
240099,1,1,0,0,0,0,0,0,0,0,0,0
240100,0,1,0,0,0,0,0,0,0,0,0,0
240100,1,1,0,0,0,0,0,23,0,0,0,0
240101,0,1,0,0,0,0,0,0,0,0,0,0
240101,0,2,0,0,0,0,7,0,0,0,0,0
240101,0,3,0,0,0,0,0,0,0,0,0,0
240101,1,1,0,0,0,0,0,0,0,3,0,0
240102,1,1,14,14,14,14,14,14,14,14,14,14
240103,0,1,16,16,16,16,16,16,16,16,16,16
240103,1,1,0,0,30,0,19,0,0,0,0,0
240103,2,1,0,8,0,0,0,12,0,0,0,0
240103,3,1,0,0,0,0,0,0,0,0,10,0
240103,4,1,13,0,0,0,0,0,0,0,0,0
240104,1,1,0,0,0,0,0,0,0,0,0,0
240104,2,1,0,0,0,0,0,0,0,0,0,0
240104,3,1,0,0,0,0,0,0,0,0,0,0
240106,1,1,0,0,0,0,0,0,0,0,0,0
240106,2,1,0,0,0,0,0,0,0,0,0,0
240106,3,1,0,0,0,0,0,0,0,0,0,0
240107,0,1,0,0,0,0,0,0,0,0,0,0
240107,1,1,0,0,0,0,0,0,0,0,0,0
240108,0,1,18,18,18,18,18,18,18,18,18,18
240108,1,1,0,0,0,0,9,0,0,0,0,0
240108,2,1,0,23,0,0,0,0,0,13,0,0
240109,1,1,0,0,0,0,0,0,0,0,0,0
240109,2,1,0,0,0,0,0,0,0,0,0,0
240110,1,1,17,17,17,17,17,17,17,17,17,17
240110,2,1,0,0,0,0,0,0,0,0,0,0
240110,3,1,15,0,11,0,10,16,0,0,0,0
240111,1,1,0,0,0,0,0,0,0,0,0,0
240112,1,1,23,23,23,23,23,23,23,23,23,23
240113,1,1,26,26,26,26,26,26,26,26,26,26
240114,1,1,0,0,0,0,0,0,0,0,0,0
240114,2,1,0,0,0,0,0,0,0,0,0,0
240115,1,1,0,0,0,0,0,0,0,0,0,0
240115,2,1,0,0,0,0,0,0,0,0,0,0
240116,1,1,5,5,5,5,5,5,5,5,5,5
240116,2,1,0,0,0,0,0,0,0,0,0,0
240117,1,1,0,0,0,0,0,0,0,0,0,0
240117,2,1,0,0,0,0,0,0,0,0,0,0
240118,1,1,0,0,0,0,0,0,0,10,0,10
240119,1,1,0,7,0,0,0,0,0,0,0,0
240120,0,1,0,0,0,0,0,0,0,0,0,0
240120,1,1,0,0,0,0,0,0,0,0,0,0
240121,1,1,12,12,12,12,12,12,12,12,12,12
240122,1,1,0,0,0,0,0,0,0,0,0,0
240122,2,1,0,0,0,0,0,0,0,0,0,0
240122,3,1,0,0,0,0,0,0,0,0,0,0
240122,4,1,0,0,0,0,0,0,0,0,0,0
240123,0,1,9,9,9,9,9,9,9,9,9,9
240123,1,1,0,14,0,0,0,0,0,0,0,0
240124,1,1,0,0,0,0,0,0,0,0,0,0
240125,1,1,15,15,15,15,15,15,15,15,15,15
240126,1,1,18,20,31,2,17,12,13,14,16,28
240126,2,1,9,0,0,14,0,0,0,0,0,0
240127,1,1,0,0,0,0,0,0,0,0,0,0
240127,2,1,0,0,0,0,0,0,0,0,0,0
240128,1,1,22,22,22,22,22,22,22,22,22,22
240128,2,1,0,17,0,0,0,0,0,0,0,0
240129,0,1,0,0,0,0,0,0,0,0,0,0
240129,1,1,0,0,0,0,0,0,0,0,0,0
240130,1,1,0,0,0,0,0,0,0,0,0,0
240130,2,1,0,0,0,0,0,0,0,0,0,0
240131,1,1,19,19,19,19,19,19,19,19,19,19
240131,2,1,0,24,0,0,0,0,0,0,0,3
240132,0,1,0,0,0,0,0,0,0,0,0,0
240132,0,2,0,0,0,0,0,0,0,0,0,0
240132,1,1,0,0,0,0,11,0,0,0,0,0
240133,1,1,7,6,0,10,0,24,0,3,16,21
240136,1,1,0,0,0,0,0,0,0,0,0,0
240138,1,1,0,0,0,0,0,0,0,0,0,0
240139,1,1,0,0,0,0,0,0,0,0,0,0
240139,2,1,0,0,0,0,0,0,0,0,0,0
240139,3,1,9,7,0,0,0,0,0,0,0,0
240139,4,1,0,0,0,0,0,0,0,0,0,0
240139,5,1,0,0,0,0,0,0,0,0,0,12
240140,0,1,0,0,0,0,0,0,0,0,0,0
240140,0,2,0,0,0,0,0,0,0,0,0,7
240140,1,1,0,0,0,0,0,0,0,0,0,0
240141,1,1,0,0,0,0,0,0,0,0,0,0
240141,2,1,0,0,0,0,0,0,0,0,0,0
240142,1,1,0,0,0,0,0,0,0,0,0,0
240143,0,1,0,0,0,0,0,0,0,9,0,37
240143,1,1,15,15,15,15,15,15,15,15,15,15
240144,0,1,0,0,0,0,0,0,0,0,0,0
240144,1,1,0,0,0,0,0,0,14,0,0,0
240144,2,1,0,0,0,0,0,0,0,0,0,0
240145,0,1,0,0,0,0,0,0,0,0,0,0
240145,1,1,0,0,0,0,0,0,0,0,0,0
240146,1,1,11,11,11,11,11,11,11,11,11,11
240146,2,1,24,24,24,24,24,24,24,24,24,24
240147,1,1,0,0,0,0,0,0,0,0,0,0
240147,2,1,0,0,19,0,0,0,0,0,0,0
240148,1,1,20,20,20,20,20,20,20,20,20,20
240149,1,1,8,0,14,0,0,6,0,0,27,0
240150,1,1,29,29,29,29,29,29,29,29,29,29
240151,1,1,17,17,17,17,17,17,17,17,17,17
240151,2,1,0,0,13,0,0,24,0,0,0,0
240152,1,1,0,0,0,0,0,0,0,0,0,0
240152,2,1,0,0,0,0,0,0,0,0,0,0
240153,0,1,0,0,0,0,0,0,0,0,0,0
240153,1,1,0,0,0,0,0,0,0,0,0,0
240154,1,1,0,0,0,0,0,0,0,0,0,0
240154,2,1,0,0,0,0,0,0,0,0,0,0
240154,3,1,0,0,0,0,0,0,0,0,0,0
240155,1,1,21,21,21,21,21,21,21,21,21,21
240156,1,1,0,0,0,0,0,0,0,0,0,0
240156,2,1,0,0,0,0,0,0,0,0,0,2
240157,1,1,28,28,28,28,28,28,28,28,28,28
240157,2,1,0,0,0,0,0,0,0,0,0,0
240158,1,1,0,11,0,0,0,0,0,0,0,0
240158,2,1,0,0,0,0,0,0,0,0,0,8
240159,1,1,0,0,0,0,0,0,0,0,0,0
240159,2,1,0,0,0,0,0,0,0,0,0,0
240160,1,1,0,0,0,0,0,0,0,0,0,0
240160,2,1,0,0,0,0,0,0,0,0,0,0
240161,1,1,0,0,0,0,0,0,0,0,0,0
240162,1,1,22,0,0,0,0,0,0,0,0,0
240163,1,1,0,0,0,0,0,0,0,0,0,0
240164,1,1,0,0,0,0,0,0,0,0,0,0
240165,0,1,0,0,0,0,0,0,0,0,0,0
240165,1,1,0,0,0,0,0,0,0,0,0,0
240166,1,1,18,18,18,18,18,18,18,18,18,18
240167,1,1,0,33,16,0,0,0,0,0,0,0
240168,1,1,17,17,17,17,17,17,17,17,17,17
240168,2,1,0,0,0,0,0,0,0,0,0,0
240169,0,1,33,33,33,33,33,33,33,33,33,33
240169,0,2,35,0,0,0,0,0,0,0,0,0
240169,1,1,0,0,0,0,0,0,0,0,0,0
240170,1,1,0,0,0,0,0,0,0,0,0,0
240170,2,1,0,0,0,0,0,0,0,0,0,0
240171,1,1,0,0,0,0,0,0,0,0,0,0
240171,2,1,0,0,0,0,0,0,0,0,0,0
240172,1,1,8,8,8,8,8,8,8,8,8,8
240173,0,1,0,0,0,0,0,0,0,0,0,0
240173,1,1,13,13,13,13,13,13,13,13,13,13
240174,1,1,22,22,22,22,22,22,22,22,22,22
240175,1,1,11,11,11,11,11,11,11,11,11,11
240176,0,1,0,0,0,0,31,0,10,0,0,0
240176,1,1,0,8,0,0,0,0,0,0,5,0
240177,1,1,0,0,0,0,0,0,0,0,0,0
240177,2,1,0,0,0,0,14,0,0,0,0,0
240178,0,1,0,0,15,0,0,0,0,0,0,0
240178,1,1,0,0,0,0,0,0,0,0,0,0
240179,1,1,0,0,0,0,0,0,0,0,0,0
240179,2,1,0,0,0,0,0,0,0,0,0,0
240180,1,1,0,0,0,0,0,0,0,0,0,0
240180,2,1,0,0,0,0,0,0,0,0,0,0
240180,3,1,0,0,0,0,0,0,0,0,0,0
240181,1,1,4,0,7,0,0,0,9,12,0,0
240181,2,1,0,0,0,0,0,0,0,0,0,0
240182,0,1,0,0,0,0,0,0,0,0,0,0
240182,1,1,0,0,0,0,0,0,0,0,0,0
240183,0,1,0,0,0,0,0,0,0,0,0,0
240183,1,1,0,0,0,0,0,0,0,0,0,0
240184,0,1,0,0,0,0,0,0,0,0,0,0
240184,1,1,8,40,15,16,26,9,0,6,9,0
240185,0,1,0,0,0,0,0,0,0,0,0,0
240185,0,2,0,0,0,12,0,0,0,0,0,0
240185,1,1,0,0,0,0,0,0,0,0,0,0
240186,1,1,0,0,10,0,0,0,0,0,0,0
240187,1,1,0,0,0,0,0,0,0,0,0,0
240187,2,1,0,0,0,0,0,0,0,0,0,0
240187,3,1,0,0,0,17,0,0,0,0,0,0
240188,0,1,22,22,22,22,22,22,22,22,22,22
240188,1,1,7,0,10,13,36,9,23,15,15,13
240189,1,1,0,0,0,0,0,0,0,0,0,0
240189,2,1,0,0,0,0,0,0,0,0,0,0
240190,1,1,0,6,0,12,0,0,0,0,0,28
240190,2,1,0,0,0,0,0,0,0,0,0,0
240191,1,1,0,0,0,0,0,0,0,0,0,0
240192,1,1,16,16,16,16,16,16,16,16,16,16
240193,1,1,0,0,0,0,0,0,0,0,0,0
240193,2,1,0,0,0,0,0,0,0,0,0,0
240194,0,1,0,0,0,0,0,0,0,0,0,0
240194,1,1,0,16,0,0,0,0,0,0,0,0
240195,0,1,8,19,0,33,0,26,15,0,0,0
240195,1,1,0,0,0,0,3,0,0,0,0,12
240196,0,1,0,0,0,0,0,0,0,0,0,0
240196,1,1,15,50,0,0,0,0,0,0,0,20
240197,1,1,0,0,0,0,0,31,0,0,0,0
240197,2,1,0,0,0,0,0,0,0,0,0,0
240198,1,1,25,25,25,25,25,25,25,25,25,25
240198,2,1,0,0,0,0,0,0,0,0,0,0
240199,1,1,15,15,15,15,15,15,15,15,15,15
240200,0,1,31,31,31,31,31,31,31,31,31,31
240200,1,1,0,0,8,16,0,14,16,0,0,5
240200,2,1,0,6,0,0,0,16,9,16,7,11
240200,3,1,25,0,0,0,7,0,0,0,7,7
240202,1,1,0,0,0,0,0,0,0,0,0,0
240202,2,1,0,0,0,0,0,0,0,0,0,0
240202,3,1,0,0,0,0,0,0,18,0,0,18
240202,4,1,0,0,0,0,0,0,0,0,0,10
240203,0,1,0,0,0,0,0,0,0,0,0,0
240203,1,1,0,0,0,0,0,6,0,6,0,8
240204,1,1,0,0,0,0,0,0,0,0,0,0
240204,2,1,0,0,0,0,0,0,0,0,0,0
240205,0,1,0,0,0,0,0,0,0,0,0,0
240205,1,1,0,0,16,0,0,0,18,0,0,0
240205,2,1,0,0,0,0,0,0,0,0,0,0
240206,0,1,2,2,2,2,2,2,2,2,2,2
240206,1,1,21,21,21,21,21,21,21,21,21,21
240206,2,1,0,0,0,0,0,5,0,9,0,0
240207,1,1,10,10,10,10,10,10,10,10,10,10
240208,1,1,8,8,8,8,8,8,8,8,8,8
240209,1,1,18,18,18,18,18,18,18,18,18,18
240210,0,1,0,0,0,0,0,0,0,0,0,0
240210,1,1,0,0,0,0,16,4,0,16,0,31
240211,1,1,0,0,0,0,0,0,0,0,0,0
240212,0,1,0,13,0,0,0,0,30,0,0,0
240212,1,1,0,0,0,0,0,0,0,0,0,0
240213,1,1,17,17,17,17,17,17,17,17,17,17
240213,2,1,0,0,0,0,0,0,0,0,0,0
240214,1,1,17,17,17,17,17,17,17,17,17,17
240215,1,1,0,0,0,0,9,0,3,0,17,0
240216,0,1,0,0,0,0,0,0,0,0,0,0
240216,1,1,0,0,0,0,0,0,0,0,0,0
240216,2,1,17,0,0,0,7,11,3,7,0,0
240217,1,1,0,0,0,0,0,0,0,0,0,0
240217,2,1,0,0,0,0,0,0,0,0,0,0
240218,0,1,0,0,0,0,0,0,0,0,0,0
240218,1,1,0,0,0,0,0,0,0,0,0,0
240219,1,1,22,22,22,22,22,22,22,22,22,22
240219,2,1,0,0,0,0,0,0,0,0,19,0
240220,1,1,0,0,0,0,0,0,0,0,0,0
240220,2,1,0,0,0,0,0,0,0,0,0,0
240221,1,1,0,0,21,0,9,0,11,0,0,2
240221,2,1,24,24,24,24,24,24,24,24,24,24
240222,1,1,16,17,0,0,16,0,0,0,0,0
240222,2,1,0,0,0,5,0,0,0,0,0,0
240222,3,1,0,0,0,7,0,0,0,0,0,0
240223,0,1,15,16,0,9,0,17,0,0,0,0
240223,1,1,0,0,0,0,0,0,0,0,0,0
240224,1,1,11,11,11,11,11,11,11,11,11,11
240224,2,1,0,0,0,0,2,0,0,0,0,0
240225,1,1,0,0,0,0,0,0,0,0,0,0
240225,2,1,0,0,0,0,0,0,0,0,0,0
240226,1,1,0,13,0,0,0,16,0,0,0,0
240226,2,1,0,0,0,0,0,0,0,0,0,0
240227,0,1,0,0,0,0,0,0,0,0,0,0
240227,1,1,0,0,0,0,11,15,0,0,0,0
240228,1,1,0,0,0,0,0,0,0,0,0,0
240228,2,1,0,0,0,0,0,0,0,0,0,0
240229,1,1,0,0,0,0,0,0,0,0,0,0
240229,2,1,0,0,0,0,0,0,0,0,0,0
240230,1,1,25,25,25,25,25,25,25,25,25,25
240231,1,1,0,25,0,6,15,21,10,29,14,27
240232,0,1,0,0,0,0,0,0,0,0,0,0
240232,1,1,0,0,0,0,0,0,0,0,0,0
240233,1,1,0,0,0,0,0,0,0,0,0,0
240233,2,1,20,20,18,9,9,15,13,19,35,22
240234,0,1,0,0,0,0,0,0,0,0,0,0
240234,1,1,0,0,6,18,0,37,0,0,27,0
240235,1,1,13,13,13,13,13,13,13,13,13,13
240235,2,1,0,0,7,0,0,0,24,0,0,0
240236,1,1,0,0,0,23,15,11,0,0,0,20
240237,1,1,0,0,0,0,0,0,0,0,0,0
240237,2,1,0,0,0,0,0,0,0,0,0,0
240238,1,1,24,24,24,24,24,24,24,24,24,24
240238,2,1,0,0,0,0,6,0,12,0,0,0
240238,3,1,0,10,0,0,0,9,0,0,25,7
240238,4,1,0,0,0,0,0,0,0,0,0,0
240240,1,1,17,0,0,0,0,5,0,7,0,0
240241,1,1,0,0,0,0,0,0,0,0,0,0
240241,2,1,0,0,0,0,0,0,0,0,0,0
240242,1,1,0,0,0,0,0,0,0,0,0,0
240243,1,1,0,0,0,0,0,24,0,0,0,0
240243,2,1,0,0,0,0,0,0,0,0,0,0
240244,1,1,0,0,23,0,0,21,0,0,0,17
240245,1,1,0,0,0,0,0,0,0,0,0,0
240245,2,1,0,0,0,0,0,0,0,0,0,0
240246,1,1,19,19,19,19,19,19,19,19,19,19
240247,1,1,31,31,31,31,31,31,31,31,31,31
240247,2,1,0,0,0,0,0,0,0,9,0,0
240248,1,1,15,15,15,15,15,15,15,15,15,15
240249,1,1,0,0,0,0,0,0,0,0,0,0
240250,1,1,0,0,11,0,0,0,0,0,12,0
240250,2,1,0,0,0,0,0,0,0,0,0,0
240251,1,1,28,28,28,28,28,28,28,28,28,28
240252,1,1,0,0,7,8,5,0,0,29,5,0
240252,2,1,0,0,0,0,0,0,0,0,0,0
240253,1,1,0,0,0,0,0,0,0,0,0,0
240254,1,1,4,4,4,4,4,4,4,4,4,4
240254,2,1,0,0,0,0,0,0,0,0,0,0
240255,1,1,0,0,0,0,0,0,0,0,0,0
240255,2,1,0,0,0,0,0,0,0,0,0,0
240256,1,1,0,0,0,0,0,0,0,0,0,0
240256,2,1,0,0,0,0,0,0,0,0,0,0
240257,0,1,0,0,0,0,0,0,0,0,0,0