ST_CASE,VEH_NO,PER_NO,P1,P2,P3,P4,P5,P6,P7,P8,P9,P10
240257,1,1,0,0,27,30,0,11,19,0,22,0
240258,1,1,0,0,0,0,0,0,0,0,0,0
240259,1,1,0,0,0,0,0,0,0,0,0,0
240259,2,1,0,0,0,0,0,0,0,0,0,0
240260,0,1,14,14,14,14,14,14,14,14,14,14
240260,1,1,5,40,6,19,0,8,15,0,10,0
240261,1,1,14,14,14,14,14,14,14,14,14,14
240261,2,1,0,0,0,0,0,0,0,0,0,0
240262,1,1,0,0,0,0,0,0,0,0,0,0
240263,1,1,13,13,13,13,13,13,13,13,13,13
240264,0,1,0,0,0,0,0,0,0,0,0,0
240264,1,1,0,0,9,0,0,0,0,0,0,0
240265,0,1,0,0,0,0,0,0,0,0,0,0
240265,1,1,14,0,0,10,0,0,0,0,3,0
240266,1,1,35,35,35,35,35,35,35,35,35,35
240267,1,1,19,19,19,19,19,19,19,19,19,19
240267,2,1,0,0,0,0,0,17,0,16,0,0
240268,1,1,0,0,0,0,0,0,0,0,0,0
240269,1,1,27,27,27,27,27,27,27,27,27,27
240269,2,1,12,12,12,12,12,12,12,12,12,12
240270,1,1,0,0,0,0,0,0,0,0,0,0
240270,2,1,0,0,0,0,0,0,0,0,0,0
240271,1,1,0,0,0,0,0,0,0,0,0,0
240271,2,1,0,0,0,0,0,0,0,0,0,0
240272,1,1,0,0,0,0,0,0,0,0,0,0
240272,2,1,0,0,0,0,0,0,0,17,0,0
240273,1,1,21,21,21,21,21,21,21,21,21,21
240274,0,1,0,0,0,0,0,0,0,0,0,0
240274,1,1,0,0,0,0,0,0,0,15,0,0
240275,0,1,38,38,38,38,38,38,38,38,38,38
240275,1,1,0,0,0,0,0,0,0,0,0,0
240276,1,1,16,16,16,16,16,16,16,16,16,16
240276,2,1,0,0,0,0,0,0,0,0,0,0
240277,1,1,16,16,16,16,16,16,16,16,16,16
240277,2,1,0,19,0,0,0,0,0,0,0,0
240278,1,1,0,0,0,0,0,0,0,0,0,0
240278,2,1,0,0,0,0,16,0,0,0,0,0
240279,1,1,0,0,0,0,0,0,0,0,0,0
240279,2,1,0,0,0,0,0,0,0,0,0,0
240280,1,1,15,15,15,15,15,15,15,15,15,15
240281,0,1,23,23,23,23,23,23,23,23,23,23
240281,1,1,0,0,0,0,0,0,0,0,0,0
240281,2,1,20,0,18,0,0,0,0,0,0,0
240281,3,1,0,0,0,0,0,0,0,0,0,0
240281,4,1,0,0,20,0,0,10,8,31,0,0
240282,1,1,0,0,0,0,0,0,0,0,0,0
240283,1,1,6,13,16,12,20,15,12,8,22,20
240284,0,1,0,0,0,0,0,0,0,0,0,0
240284,1,1,0,0,0,0,0,0,0,0,0,23
240285,0,1,0,0,0,0,0,0,0,0,0,0
240285,0,2,0,0,0,0,0,0,0,0,0,0
240285,1,1,0,13,0,0,15,0,0,0,0,16
240286,1,1,0,0,0,0,0,0,17,0,2,0
240286,2,1,0,0,0,0,0,0,0,0,0,0
240287,0,1,0,0,0,0,0,0,0,0,0,0
240287,1,1,0,0,0,0,0,0,0,0,0,0
240288,1,1,0,0,0,0,0,0,0,0,0,0
240288,2,1,12,0,0,0,0,0,0,0,0,0
240289,1,1,0,0,0,0,0,0,0,0,0,0
240289,2,1,0,0,0,0,0,0,0,0,0,0
240290,1,1,0,0,0,0,0,0,0,0,0,0
240290,2,1,28,0,0,0,0,0,0,0,0,0
240291,1,1,0,14,0,0,0,0,0,0,0,0
240291,2,1,0,0,0,0,0,0,0,0,0,11
240292,1,1,0,0,0,0,0,15,0,0,0,0
240293,1,1,33,33,33,33,33,33,33,33,33,33
240294,1,1,9,9,9,9,9,9,9,9,9,9
240295,1,1,0,0,0,0,0,0,0,0,0,0
240295,2,1,13,0,0,0,0,0,0,0,0,0
240296,1,1,0,0,0,0,0,0,0,0,0,0
240297,0,1,10,10,10,10,10,10,10,10,10,10
240297,1,1,0,0,0,0,0,0,0,0,0,0
240298,0,1,0,0,0,0,0,0,0,0,0,0
240298,1,1,0,0,0,0,0,0,0,0,0,0
240299,0,1,0,24,29,0,0,0,0,0,0,0
240299,1,1,0,0,0,0,0,0,19,0,0,0
240300,0,1,0,0,0,0,0,15,21,0,0,13
240300,1,1,0,0,0,0,0,0,0,0,0,0
240301,1,1,0,10,0,0,0,0,0,0,0,0
240302,1,1,0,0,0,0,0,0,0,0,0,0
240303,1,1,0,0,0,0,0,0,0,0,0,0
240303,2,1,0,0,0,0,0,0,0,0,14,0
240303,3,1,0,0,0,0,0,0,0,0,0,9
240303,4,1,0,0,0,0,0,0,0,0,0,0
240304,1,1,0,0,0,0,0,0,0,0,0,0
240304,2,1,0,0,0,0,0,0,18,0,0,0
240305,1,1,0,0,0,0,0,0,0,0,0,0
240306,1,1,0,0,0,0,0,0,0,0,0,0
240306,2,1,0,0,0,0,0,0,0,0,0,0
240307,1,1,15,0,0,0,7,0,0,0,25,13
240307,2,1,0,0,0,0,0,0,0,0,0,0
240308,0,1,0,0,0,0,0,0,0,0,0,0
240308,1,1,7,0,0,33,0,0,0,0,0,0
240309,1,1,18,17,23,6,14,0,0,17,11,0
240309,2,1,0,0,0,0,0,0,0,0,0,0
240310,1,1,16,16,16,16,16,16,16,16,16,16
240311,1,1,0,0,0,0,0,0,0,0,0,0
240311,2,1,0,0,0,0,0,0,0,20,0,0
240312,0,1,0,0,0,0,0,0,0,0,0,0
240312,1,1,0,0,0,0,0,0,0,0,0,0
240312,2,1,0,0,0,0,0,8,0,0,0,0
240312,3,1,14,0,0,0,0,0,0,0,0,0
240313,1,1,24,24,24,24,24,24,24,24,24,24
240314,0,1,0,0,0,0,0,0,0,0,0,0
240314,1,1,14,0,0,0,0,0,5,11,9,17
240315,1,1,0,0,0,0,0,0,0,0,0,0
240316,1,1,8,8,8,8,8,8,8,8,8,8
240317,1,1,24,24,24,24,24,24,24,24,24,24
240318,1,1,0,0,0,0,0,0,0,3,0,0
240318,2,1,0,0,0,0,0,0,0,0,0,0
240319,1,1,0,0,0,0,0,0,0,0,0,0
240320,1,1,4,0,20,7,20,0,17,21,37,14
240321,1,1,14,14,14,14,14,14,14,14,14,14
240321,2,1,0,0,18,0,7,0,0,0,0,0
240321,3,1,0,0,0,0,0,0,0,0,0,0
240322,1,1,0,0,0,0,0,0,0,0,0,0
240323,1,1,8,8,8,8,8,8,8,8,8,8
240324,0,1,0,0,0,0,0,0,0,0,0,0
240324,1,1,0,0,19,17,0,0,0,0,0,0
240325,0,1,24,0,32,27,0,27,0,0,0,0
240325,1,1,0,0,0,0,34,0,0,16,0,0
240326,1,1,19,19,19,19,19,19,19,19,19,19
240326,2,1,0,0,0,0,0,0,0,0,0,0
240327,1,1,0,0,0,0,0,0,0,0,0,0
240328,1,1,0,0,0,0,0,0,0,0,0,0
240328,2,1,0,0,0,0,0,0,0,0,0,0
240329,1,1,0,0,0,0,11,10,0,0,0,0
240329,2,1,0,0,0,0,0,0,0,0,0,0
240331,0,1,0,0,0,0,0,0,0,0,0,0
240331,1,1,13,0,0,21,4,0,19,0,0,10
240331,2,1,0,0,0,0,0,0,0,0,12,0
240332,1,1,13,13,13,13,13,13,13,13,13,13
240332,2,1,0,22,0,19,0,11,0,0,0,9
240332,3,1,0,0,0,0,0,0,0,0,0,0
240332,4,1,0,0,0,0,0,0,0,0,0,0
240332,5,1,0,0,0,0,0,0,0,0,0,0
240333,1,1,20,20,20,20,20,20,20,20,20,20
240334,1,1,0,0,0,0,0,0,0,0,0,0
240334,2,1,3,0,0,0,0,0,0,0,7,0
240335,1,1,0,0,6,0,0,0,0,0,0,0
240335,2,1,0,0,0,0,0,0,0,0,0,0
240336,1,1,0,0,0,0,0,0,0,0,0,0
240336,2,1,0,0,0,0,0,0,0,0,0,0
240337,1,1,0,0,0,0,0,0,0,0,0,0
240338,1,1,11,6,0,0,0,0,0,0,26,0
240339,1,1,0,0,0,0,0,0,0,0,0,0
240339,2,1,0,0,0,0,0,0,0,0,0,0
240340,1,1,0,0,0,0,0,0,0,0,0,0
240340,2,1,0,0,0,0,0,0,0,0,0,0
240341,0,1,0,0,0,0,0,0,0,34,0,0
240341,0,2,0,0,0,0,0,0,0,0,0,0
240341,1,1,0,8,0,0,18,9,0,0,0,0
240341,2,1,0,0,0,0,0,0,0,0,0,0
240342,1,1,14,14,14,14,14,14,14,14,14,14
240342,2,1,0,0,0,0,0,0,0,0,0,0
240342,3,1,0,13,0,0,0,0,0,0,0,0
240343,1,1,0,0,0,0,0,0,0,0,0,0
240343,2,1,0,0,0,0,0,0,0,0,0,0
240344,0,1,10,10,10,10,10,10,10,10,10,10
240344,1,1,0,16,0,0,0,0,0,0,0,0
240345,1,1,0,0,0,0,0,0,0,0,0,0
240345,2,1,0,10,0,0,0,0,0,0,0,0
240346,0,1,9,9,9,9,9,9,9,9,9,9
240346,1,1,0,0,11,16,9,0,6,9,12,14
240347,1,1,16,16,16,16,16,16,16,16,16,16
240348,0,1,0,0,0,0,0,0,0,0,0,0
240348,1,1,22,0,0,24,7,0,0,21,24,0
240348,2,1,0,0,0,0,0,10,0,0,0,0
240349,1,1,7,7,7,7,7,7,7,7,7,7
240349,2,1,0,0,0,0,0,0,0,0,0,0
240350,0,1,0,0,0,0,0,34,0,0,0,0
240350,1,1,0,0,0,0,0,29,0,0,0,0
240350,4,1,0,0,0,0,0,0,0,0,0,0
240351,1,1,0,0,0,0,0,0,0,0,0,0
240351,2,1,0,0,0,0,0,0,0,0,0,0
240352,1,1,0,0,0,0,0,0,0,0,0,0
240352,2,1,0,0,0,0,0,0,0,0,0,0
240353,1,1,19,19,19,19,19,19,19,19,19,19
240354,0,1,0,0,0,0,0,0,0,0,0,0
240354,1,1,18,27,0,14,0,24,0,0,0,12
240355,0,1,0,0,0,0,0,0,0,0,0,0
240355,1,1,16,0,19,18,4,0,0,27,0,0
240355,2,1,13,6,5,0,9,16,23,11,0,0
240355,3,1,0,0,9,0,9,0,3,0,0,9
240356,0,1,0,29,0,0,25,31,0,0,0,0
240356,1,1,0,0,0,0,0,0,0,0,0,0
240357,1,1,0,0,0,0,0,0,0,0,0,0
240357,2,1,0,0,0,0,0,0,0,0,0,0
240358,1,1,0,0,14,10,22,0,11,20,0,0
240359,1,1,23,23,23,23,23,23,23,23,23,23
240359,2,1,0,0,0,0,0,0,0,0,0,0
240360,1,1,0,0,0,0,0,0,0,0,0,0
240360,2,1,8,8,8,8,8,8,8,8,8,8
240361,0,1,10,10,10,10,10,10,10,10,10,10
240361,1,1,0,0,0,0,0,0,0,0,0,0
240362,1,1,13,13,13,13,13,13,13,13,13,13
240362,2,1,10,0,0,0,0,0,13,0,0,0
240363,0,1,0,0,0,0,0,0,0,0,0,0
240363,1,1,0,0,0,0,0,0,0,0,9,0
240364,1,1,0,0,0,0,0,0,0,0,0,0
240364,2,1,0,0,0,0,0,0,0,0,0,0
240365,0,1,32,32,32,32,32,32,32,32,32,32
240365,1,1,0,15,0,0,0,0,0,0,0,0
240366,1,1,14,14,14,14,14,14,14,14,14,14
240366,2,1,0,0,0,0,12,0,12,11,0,17
240367,1,1,0,0,0,0,0,0,0,0,10,0
240367,2,1,0,0,0,0,0,0,0,0,0,0
240368,1,1,0,0,0,0,0,0,0,0,0,0
240368,2,1,0,0,0,0,0,0,0,0,0,0
240369,1,1,20,20,20,20,20,20,20,20,20,20
240370,0,1,20,20,20,20,20,20,20,20,20,20
240370,1,1,0,0,0,0,0,0,0,0,0,0
240371,1,1,4,4,4,4,4,4,4,4,4,4
240371,2,1,0,0,0,0,0,0,0,0,0,0
240372,1,1,0,0,0,0,0,0,0,0,0,0
240372,2,1,0,0,0,0,0,0,0,0,0,0
240373,1,1,0,0,0,0,0,0,0,0,0,0
240374,1,1,0,0,9,0,0,0,0,0,0,0
240374,2,1,2,2,2,2,2,2,2,2,2,2
240375,0,1,23,23,23,23,23,23,23,23,23,23
240375,1,1,0,0,0,17,0,0,0,0,0,0
240376,0,1,27,27,27,27,27,27,27,27,27,27
240376,1,1,5,0,0,0,8,0,17,0,12,0
240377,1,1,30,30,30,30,30,30,30,30,30,30
240378,1,1,18,18,18,18,18,18,18,18,18,18
240379,1,1,20,20,20,20,20,20,20,20,20,20
240379,2,1,0,0,0,0,0,0,0,0,0,0
240380,1,1,26,26,26,26,26,26,26,26,26,26
240381,1,1,0,0,0,0,0,0,0,0,0,0
240382,1,1,0,0,0,0,0,0,0,0,0,0
240382,2,1,0,0,0,0,0,0,0,0,0,0
240383,1,1,16,0,0,11,0,0,18,0,0,0
240383,2,1,0,0,0,0,0,0,0,0,0,0
240383,3,1,0,0,0,0,0,0,0,0,0,0
240383,4,1,0,0,0,0,0,0,19,0,0,0
240384,0,1,0,0,0,0,0,0,0,0,0,0
240384,1,1,0,0,0,0,0,0,14,0,0,0
240385,0,1,0,0,0,0,9,0,0,0,0,0
240385,1,1,9,14,5,3,0,13,0,13,22,13
240386,1,1,0,0,0,0,0,0,0,0,0,0
240386,2,1,0,0,0,0,0,0,0,0,0,0
240387,1,1,13,13,13,13,13,13,13,13,13,13
240388,1,1,0,0,0,0,0,0,0,0,0,0
240388,2,1,0,0,0,0,0,0,0,0,11,0
240389,1,1,0,0,0,0,0,0,0,0,0,0
240389,2,1,0,0,0,0,0,0,0,0,0,0
240390,1,1,23,23,23,23,23,23,23,23,23,23
240391,1,1,25,25,25,25,25,25,25,25,25,25
240392,1,1,0,0,0,0,0,0,0,0,0,0
240392,2,1,0,0,0,0,0,0,0,0,0,0
240393,1,1,0,0,0,0,0,0,0,0,0,0
240393,2,1,23,0,0,0,0,0,0,0,0,0
240394,1,1,0,0,0,0,0,0,0,0,0,0
240394,2,1,0,0,0,0,0,0,0,0,0,0
240394,3,1,0,11,0,0,0,0,0,0,0,0
240394,4,1,0,0,0,0,0,0,0,0,0,0
240394,5,1,0,32,0,0,0,0,0,0,0,0
240395,0,1,0,0,0,0,0,0,0,0,0,0
240395,1,1,15,0,16,14,0,0,0,10,0,0
240396,0,1,0,0,0,0,0,0,0,0,0,0
240396,0,2,0,0,0,0,0,0,18,0,0,0
240396,1,1,12,12,12,12,12,12,12,12,12,12
240397,1,1,0,0,0,0,0,0,0,0,0,0
240397,2,1,0,0,0,0,0,0,0,0,0,0
240398,1,1,0,0,0,0,0,0,0,0,0,0
240398,2,1,0,0,0,0,0,0,0,0,0,0
240399,0,1,0,0,0,0,0,0,0,0,0,0
240399,0,2,0,0,0,0,0,0,0,0,0,0
240399,1,1,24,24,24,24,24,24,24,24,24,24
240400,1,1,0,0,0,0,0,0,0,0,0,0
240400,2,1,20,21,0,6,0,0,0,24,0,0
240401,1,1,12,12,12,12,12,12,12,12,12,12
240401,2,1,17,0,0,16,0,0,0,0,0,0
240401,3,1,4,16,0,0,0,0,13,53,11,15
240402,0,1,0,0,0,0,0,0,0,0,0,0
240402,1,1,0,0,0,0,0,0,0,0,0,0
240403,1,1,0,0,0,0,0,0,0,0,0,0
240404,1,1,22,22,22,22,22,22,22,22,22,22
240404,2,1,0,0,0,0,0,0,0,0,15,11
240405,1,1,16,16,16,16,16,16,16,16,16,16
240406,1,1,17,17,17,17,17,17,17,17,17,17
240406,2,1,0,34,0,0,0,0,0,0,0,0
240406,3,1,0,0,0,0,0,0,0,0,0,0
240407,1,1,0,0,0,0,0,0,0,0,0,0
240408,0,1,0,36,0,0,0,0,0,0,38,32
240408,1,1,0,0,0,0,0,37,0,0,14,0
240408,2,1,0,0,24,0,0,0,0,0,0,0
240409,0,1,26,26,26,26,26,26,26,26,26,26
240409,1,1,11,0,0,10,0,8,0,0,0,5
240410,1,1,0,0,0,0,0,0,0,0,0,0
240410,2,1,8,8,8,8,8,8,8,8,8,8
240411,0,1,0,0,0,0,0,0,0,0,0,0
240411,1,1,0,0,0,0,0,14,0,0,0,0
240412,1,1,0,0,0,0,0,0,0,0,0,0
240412,2,1,0,0,0,0,0,0,0,0,0,0
240413,1,1,0,0,0,0,0,0,22,0,0,0
240413,2,1,0,0,0,0,0,0,0,0,0,0
240414,0,1,0,0,0,0,0,11,29,0,0,35
240414,1,1,0,0,0,0,0,0,0,0,0,7
240415,0,1,0,0,0,0,0,0,0,0,0,0
240415,1,1,0,0,0,0,0,0,0,0,0,0
240416,1,1,0,0,0,0,0,0,0,0,0,0
240416,2,1,0,0,0,0,0,0,0,0,0,0
240417,1,1,12,12,12,12,12,12,12,12,12,12
240417,2,1,0,15,0,0,0,7,0,0,0,0
240418,0,1,0,0,0,40,18,0,17,27,0,0
240418,2,1,0,0,0,28,0,0,0,0,0,0
240419,1,1,0,0,0,0,0,0,0,0,0,0
240419,2,1,0,0,0,0,0,0,0,0,0,0
240420,1,1,18,19,14,29,25,12,20,13,26,30
240421,0,1,0,0,0,0,0,0,0,6,0,0
240421,1,1,0,0,0,0,0,0,0,0,0,0
240422,1,1,0,0,0,0,0,0,0,0,0,0
240422,2,1,0,0,0,0,0,0,0,0,0,0
240423,1,1,15,15,15,15,15,15,15,15,15,15
240423,2,1,0,0,0,0,0,0,0,0,0,0
240423,3,1,0,0,0,0,0,0,0,0,0,0
240423,4,1,0,0,0,0,0,0,0,30,7,0
240423,5,1,0,0,12,0,0,0,0,0,0,0
240424,0,1,0,0,0,0,0,0,0,0,0,17
240424,0,2,9,9,9,9,9,9,9,9,9,9
240424,0,3,0,0,0,0,0,0,0,0,0,0
240424,1,1,16,0,16,17,0,21,35,17,12,20
240425,1,1,0,0,0,0,0,0,0,0,0,0
240426,1,1,15,15,15,15,15,15,15,15,15,15
240427,1,1,21,21,21,21,21,21,21,21,21,21
240428,1,1,14,0,0,0,0,0,11,0,10,6
240429,0,1,0,0,0,9,31,26,0,0,21,0
240429,1,1,0,0,0,0,0,0,0,0,0,0
240430,0,1,0,0,0,0,0,0,0,0,0,0
240430,1,1,12,12,12,12,12,12,12,12,12,12
240432,1,1,0,0,0,0,0,0,0,0,0,0
240433,1,1,0,0,0,0,0,0,0,0,0,0
240434,0,1,0,0,0,0,0,0,0,0,0,0
240434,2,1,0,0,0,0,18,0,0,0,0,0
240435,1,1,0,0,0,0,0,0,0,0,0,0
240435,4,1,0,0,0,0,0,0,0,0,0,0
240435,5,1,0,0,0,0,0,0,0,0,0,0
240436,1,1,0,0,0,0,0,0,0,0,0,0
240437,1,1,0,0,0,0,0,0,0,0,0,0
240437,2,1,0,0,0,0,0,0,6,0,22,0
240438,1,1,0,0,0,0,0,0,0,0,0,0
240438,2,1,0,0,0,0,0,0,0,0,0,0
240438,3,1,0,0,0,0,0,0,0,14,0,0
240438,4,1,0,0,0,0,0,0,0,0,0,0
240439,0,1,0,0,0,0,0,0,0,0,0,0
240439,1,1,0,0,0,0,0,0,0,23,0,0
240439,2,1,0,0,0,0,0,0,0,0,0,0
240440,1,1,11,11,11,11,11,11,11,11,11,11
240440,2,1,0,0,0,0,0,0,0,0,0,0
240441,1,1,0,0,0,0,0,0,0,0,0,0
240441,2,1,0,0,0,0,0,0,0,0,0,0
240442,1,1,0,0,0,0,0,0,0,0,0,0
240442,2,1,0,0,0,0,0,0,0,0,0,0
240443,0,1,10,10,10,10,10,10,10,10,10,10
240443,1,1,0,0,0,0,0,0,40,0,0,0
240444,1,1,0,0,0,0,0,0,0,0,0,0
240445,0,1,0,0,0,0,0,0,0,0,0,0
240445,1,1,0,0,0,12,0,0,0,0,0,0
240446,0,1,0,0,0,0,0,0,0,0,0,0
240446,1,1,0,0,0,0,0,10,3,0,0,0
240447,0,1,21,21,21,21,21,21,21,21,21,21
240447,1,1,0,0,0,0,0,0,0,0,7,0
240448,0,1,26,26,26,26,26,26,26,26,26,26
240448,1,1,15,0,20,2,0,0,0,14,0,0
240449,1,1,32,32,32,32,32,32,32,32,32,32
240449,2,1,0,0,0,0,0,0,0,0,0,0
240450,1,1,0,0,0,0,0,0,31,0,0,0
240451,1,1,31,31,31,31,31,31,31,31,31,31
240452,1,1,0,0,0,0,0,0,0,0,0,0
240452,2,1,0,0,0,0,0,0,0,16,0,0
240453,1,1,24,24,24,24,24,24,24,24,24,24
240453,2,1,0,0,15,0,0,0,0,0,0,0
240454,1,1,0,0,0,0,0,0,0,0,0,0
240455,1,1,2,0,0,0,0,6,0,0,0,0
240455,2,1,0,0,0,0,0,0,0,0,0,0
240456,1,1,20,20,20,20,20,20,20,20,20,20
240457,1,1,0,0,0,0,0,0,0,0,0,0
240457,2,1,0,0,0,0,0,0,0,0,0,0
240457,3,1,0,0,0,0,0,0,0,23,0,0
240458,1,1,0,0,0,0,0,0,0,0,0,0
240459,0,1,0,0,0,0,0,0,0,0,0,0
240459,0,2,0,0,0,0,0,0,0,0,0,0
240459,1,1,0,0,0,0,0,0,0,0,0,0
240460,0,1,0,0,0,0,0,0,0,0,0,0
240460,1,1,0,0,0,14,0,8,0,0,0,0
240461,1,1,0,0,0,0,0,0,0,0,0,0
240462,1,1,9,16,38,2,0,5,0,11,0,6
240463,0,1,0,0,0,0,0,0,0,0,0,0
240463,1,1,0,0,0,0,0,0,0,0,0,0
240464,1,1,15,15,15,15,15,15,15,15,15,15
240465,1,1,0,21,14,0,0,19,0,0,0,0
240466,1,1,7,0,0,22,0,0,22,0,0,0
240466,2,1,0,33,0,0,0,17,0,0,0,0
240467,1,1,25,25,25,25,25,25,25,25,25,25
240468,1,1,0,0,0,0,0,0,0,0,0,0
240469,1,1,13,13,13,13,13,13,13,13,13,13
240470,0,1,0,0,0,0,0,0,0,0,0,0
240470,1,1,0,0,0,7,8,0,15,14,0,0
240471,1,1,19,19,19,19,19,19,19,19,19,19
240471,2,1,7,0,0,0,0,4,37,0,0,0
240472,1,1,30,30,30,30,30,30,30,30,30,30
240473,1,1,0,0,11,0,20,23,0,0,46,0
240474,1,1,24,24,24,24,24,24,24,24,24,24
240475,0,1,40,40,40,40,40,40,40,40,40,40
240475,1,1,0,0,0,0,0,0,0,0,0,0
240476,0,1,19,19,19,19,19,19,19,19,19,19
240476,1,1,0,0,0,0,0,0,0,0,0,0
240477,1,1,0,0,0,0,0,0,0,0,0,0
240477,2,1,0,0,0,0,0,0,0,0,0,0
240478,1,1,13,13,13,13,13,13,13,13,13,13
240479,0,1,19,19,19,19,19,19,19,19,19,19
240479,1,1,0,29,0,0,0,0,0,0,0,0
240480,0,1,0,0,0,0,0,0,42,0,0,0
240480,1,1,11,0,16,0,4,10,0,14,0,0
240481,0,1,24,10,39,33,49,0,0,19,0,7
240481,1,1,0,0,0,0,0,5,0,0,0,0
240481,2,1,0,0,0,0,0,0,0,9,0,0
240482,1,1,20,20,20,20,20,20,20,20,20,20
240483,0,1,31,31,31,31,31,31,31,31,31,31
240483,1,1,15,0,0,0,0,0,0,0,0,0
240484,1,1,31,0,21,0,14,0,23,0,3,0
240485,1,1,0,0,0,0,0,0,0,0,0,0
240485,2,1,0,0,0,0,0,0,0,0,0,0
240486,1,1,0,12,16,9,34,13,0,0,3,0
240486,2,1,0,0,0,0,0,0,0,0,0,0
240487,1,1,0,0,0,0,0,0,0,0,0,0
240488,1,1,0,0,0,13,0,0,16,5,0,18
240489,1,1,0,0,0,0,0,0,0,0,0,0
240490,1,1,28,28,28,28,28,28,28,28,28,28
240491,1,1,0,0,0,0,0,0,0,0,0,0
240492,1,1,0,0,0,0,0,0,0,0,0,0
240492,2,1,6,0,9,0,0,16,0,0,9,0
240493,1,1,0,0,0,0,0,0,0,0,0,0
240493,2,1,0,0,0,0,0,0,0,0,0,0
240494,1,1,0,0,15,0,11,0,0,0,0,0
240494,2,1,14,14,14,14,14,14,14,14,14,14
240495,1,1,20,23,18,22,12,18,19,23,28,23
240495,2,1,0,0,0,0,0,0,0,0,0,0
240496,1,1,0,0,0,0,0,0,0,0,0,0
240496,2,1,0,10,0,0,0,0,0,0,0,10
240497,1,1,0,0,0,0,0,0,0,0,0,0
240497,2,1,0,0,0,0,0,0,0,0,0,0
240497,3,1,0,0,0,0,0,3,0,0,0,0
240498,1,1,9,9,9,9,9,9,9,9,9,9
240499,1,1,0,0,0,0,0,0,12,0,0,0
240500,0,1,0,0,0,0,0,0,0,0,0,0
240500,1,1,9,0,0,0,19,0,0,25,0,0
240501,1,1,0,0,0,0,0,0,0,0,0,0
240501,2,1,0,0,0,0,0,0,0,0,0,0
240501,3,1,0,0,0,0,0,0,0,0,0,0
240501,4,1,0,0,0,0,0,0,0,0,0,0
240501,5,1,0,0,0,0,0,0,0,0,0,0
240502,0,1,47,47,47,47,47,47,47,47,47,47
240502,1,1,0,0,0,0,0,0,0,0,0,0
240503,0,1,0,37,27,0,0,0,15,0,8,0
240503,1,1,0,0,0,0,0,0,0,0,0,12
240504,0,1,8,8,8,8,8,8,8,8,8,8
240504,1,1,0,0,0,0,0,0,0,0,0,0
240505,0,1,0,0,0,0,0,0,0,0,0,0
240505,1,1,0,0,0,0,0,0,0,0,0,0
240506,0,1,8,8,8,8,8,8,8,8,8,8
240506,0,2,0,0,0,0,0,0,0,0,0,0
240506,1,1,0,0,0,0,0,0,0,0,0,26
240507,1,1,0,0,0,0,0,0,0,0,0,0
240507,2,1,0,0,0,0,0,0,0,0,0,0
240507,3,1,0,0,0,0,0,0,0,0,0,0
240508,1,1,6,6,6,6,6,6,6,6,6,6
240508,2,1,0,0,0,0,0,0,0,0,0,0
240509,1,1,20,20,20,20,20,20,20,20,20,20
240509,2,1,0,0,0,0,0,0,0,0,0,0
240510,0,1,18,18,18,18,18,18,18,18,18,18
240510,1,1,0,0,4,0,0,12,0,24,0,0
240511,1,1,0,0,0,0,15,0,0,0,0,0
240511,2,1,0,0,0,0,0,0,0,0,0,0
240512,1,1,0,0,0,0,0,0,0,0,0,0
240512,2,1,0,0,0,0,0,0,0,0,0,0
240513,1,1,0,0,0,0,0,0,0,0,0,0
240514,0,1,0,0,0,0,0,0,0,0,0,0
240514,1,1,0,0,0,0,0,0,0,0,0,0
240515,1,1,8,8,8,8,8,8,8,8,8,8
240515,2,1,0,0,0,0,0,0,0,10,0,0
240515,3,1,0,0,0,0,0,0,0,0,0,0
240516,0,1,0,0,0,0,0,0,0,0,0,0
240516,1,1,0,0,0,0,5,0,0,28,19,28
240517,1,1,21,21,21,21,21,21,21,21,21,21
240518,1,1,23,23,23,23,23,23,23,23,23,23
240519,0,1,27,27,27,27,27,27,27,27,27,27
240519,1,1,11,0,16,16,20,18,12,4,12,16
240520,1,1,0,0,0,0,0,0,0,0,0,0
240520,2,1,0,0,0,0,0,0,0,0,0,0
240521,1,1,0,0,0,0,0,0,0,0,0,0
240521,2,1,0,0,0,3,0,0,0,0,0,0
240521,3,1,0,0,0,0,0,0,0,10,0,28
240522,1,1,0,0,0,0,0,0,0,0,0,0
240523,1,1,0,0,0,0,0,0,0,0,0,0
240523,2,1,0,0,0,17,0,0,0,0,0,0
240524,1,1,0,0,0,0,0,0,0,0,0,0
240524,2,1,0,0,0,0,0,0,0,0,0,0
240525,0,1,5,5,5,5,5,5,5,5,5,5
240525,1,1,5,5,5,5,5,5,5,5,5,5
240526,0,1,15,15,15,15,15,15,15,15,15,15
240526,1,1,0,0,0,3,0,0,0,0,22,0
240527,0,1,0,0,0,0,0,0,0,0,0,0
240527,1,1,0,0,0,14,4,0,0,0,0,0
240528,0,1,3,3,3,3,3,3,3,3,3,3