ST_CASE,VEH_NO,PER_NO,P1,P2,P3,P4,P5,P6,P7,P8,P9,P10
240528,1,1,26,0,0,5,0,0,0,0,0,0
240529,1,1,0,0,0,0,0,0,0,0,0,0
240530,0,1,0,22,16,0,0,10,0,0,0,0
240530,1,1,0,0,0,0,0,0,0,0,0,0
240531,0,1,0,0,0,0,0,0,0,0,0,0
240531,1,1,0,0,0,0,0,0,0,0,0,0
240532,1,1,0,0,0,0,0,0,0,0,0,0
240532,2,1,0,18,0,0,0,12,0,0,0,0
240533,0,1,0,0,0,0,0,0,0,0,0,0
240533,1,1,0,0,0,0,0,0,0,0,0,0
240533,3,1,0,0,0,0,0,0,0,0,0,0
240533,6,1,0,0,0,0,19,0,7,0,0,5
240534,1,1,23,23,23,23,23,23,23,23,23,23
240535,1,1,23,23,23,23,23,23,23,23,23,23
240536,1,1,19,0,0,0,0,0,0,0,0,0
240536,2,1,0,0,0,0,0,0,0,0,0,0
240536,3,1,0,0,0,0,0,0,0,0,0,15
240536,4,1,0,0,8,0,0,0,3,0,3,0
240537,1,1,0,0,0,0,21,11,0,48,0,0
240538,1,1,11,11,11,11,11,11,11,11,11,11
240538,2,1,0,0,0,0,0,0,0,0,0,0
240539,1,1,0,0,9,0,0,23,14,0,0,0
240540,1,1,19,0,0,12,0,0,0,0,0,0
240540,2,1,0,0,5,4,0,0,0,0,0,0
240541,1,1,20,20,20,20,20,20,20,20,20,20
240542,1,1,20,20,20,20,20,20,20,20,20,20
240542,2,1,0,0,0,0,0,0,0,0,0,0
240543,1,1,15,15,15,15,15,15,15,15,15,15
240543,2,1,8,8,8,8,8,8,8,8,8,8
240544,0,1,0,0,0,0,0,0,0,0,0,0
240544,1,1,0,8,0,0,0,0,0,0,0,0
240544,3,1,0,0,0,0,0,0,18,0,0,0
250001,0,1,39,39,39,39,39,39,39,39,39,39
250001,1,1,0,0,0,0,24,0,0,18,0,0
250002,1,1,0,0,0,0,0,0,0,0,0,0
250003,0,1,29,16,28,0,0,0,13,11,0,14
250003,1,1,0,0,0,0,0,0,0,0,0,12
250004,0,1,0,0,0,0,0,0,0,0,0,0
250004,1,1,0,0,0,0,0,0,0,13,0,0
250005,1,1,0,0,0,0,0,0,0,0,0,0
250006,1,1,35,35,35,35,35,35,35,35,35,35
250006,2,1,0,0,0,0,0,22,0,0,0,0
250007,0,1,30,0,0,0,0,0,0,0,16,0
250007,1,1,0,0,0,0,0,0,0,0,0,0
250008,1,1,0,0,0,0,0,0,0,8,0,26
250008,2,1,0,0,0,0,0,0,0,0,0,0
250009,1,1,18,18,18,18,18,18,18,18,18,18
250010,1,1,0,0,0,0,0,0,0,0,0,0
250011,1,1,41,41,41,41,41,41,41,41,41,41
250012,0,1,0,0,0,0,15,0,18,16,0,0
250012,1,1,0,0,0,0,0,0,0,0,0,0
250012,2,1,0,0,0,0,0,0,0,0,0,0
250013,0,1,0,0,0,0,0,0,0,0,0,0
250013,1,1,0,0,0,0,0,0,0,0,0,0
250014,1,1,0,0,0,0,0,0,0,0,0,0
250015,1,1,0,0,0,16,0,17,0,0,0,0
250016,0,1,0,0,0,0,0,0,0,0,0,0
250016,1,1,11,18,0,0,0,0,0,0,0,0
250017,1,1,0,0,0,0,0,0,0,0,0,0
250018,1,1,23,23,23,23,23,23,23,23,23,23
250019,1,1,16,33,13,32,27,30,24,5,16,17
250020,0,1,0,0,0,0,0,0,0,0,0,0
250020,1,1,11,0,5,22,0,0,22,0,14,0
250021,0,1,0,0,0,0,0,0,0,0,0,0
250021,1,1,0,0,0,0,0,0,0,0,0,0
250022,1,1,0,0,0,0,0,0,0,0,0,0
250023,0,1,32,32,32,32,32,32,32,32,32,32
250023,0,2,0,17,0,0,0,0,0,27,0,31
250023,1,1,8,8,8,8,8,8,8,8,8,8
250024,1,1,0,0,0,0,0,0,0,0,0,0
250025,0,1,0,0,0,0,0,0,0,0,0,0
250025,1,1,16,0,0,0,0,0,0,0,0,0
250026,1,1,0,0,0,0,0,0,0,0,0,0
250027,1,1,19,19,19,19,19,19,19,19,19,19
250028,1,1,0,0,0,0,0,0,0,0,0,0
250029,1,1,20,20,20,20,20,20,20,20,20,20
250030,1,1,14,14,14,14,14,14,14,14,14,14
250031,1,1,0,0,0,0,0,0,0,0,0,0
250031,2,1,0,0,0,0,0,0,0,0,0,0
250033,1,1,0,0,0,0,0,12,0,0,0,0
250033,2,1,0,0,0,15,0,0,0,0,0,0
250034,0,1,0,0,0,0,0,0,0,0,0,0
250034,1,1,0,0,0,0,0,0,0,0,0,0
250035,1,1,0,0,0,0,0,0,0,0,0,0
250035,2,1,0,0,0,0,0,0,0,0,0,0
250036,1,1,0,0,0,0,0,0,0,0,0,0
250036,2,1,0,0,0,0,0,0,0,0,0,0
250037,1,1,19,19,19,19,19,19,19,19,19,19
250038,1,1,26,26,26,26,26,26,26,26,26,26
250039,0,1,0,0,19,0,0,19,13,22,0,0
250039,1,1,0,0,0,0,0,0,0,0,0,0
250040,1,1,0,0,0,0,0,0,0,0,0,0
250040,2,1,0,0,0,0,0,0,0,0,0,0
250041,1,1,0,0,0,0,0,0,0,0,0,0
250041,2,1,0,0,28,0,0,0,0,0,0,0
250041,3,1,0,0,0,0,0,0,0,0,13,0
250042,1,1,28,28,28,28,28,28,28,28,28,28
250042,2,1,0,0,0,0,0,0,0,0,0,0
250043,0,1,28,28,28,28,28,28,28,28,28,28
250043,1,1,0,0,0,0,0,5,15,0,0,0
250044,1,1,20,20,20,20,20,20,20,20,20,20
250044,2,1,0,0,0,0,0,0,0,0,0,0
250045,0,1,27,27,27,27,27,27,27,27,27,27
250045,1,1,0,10,0,0,0,22,0,0,0,0
250046,1,1,0,0,0,0,0,0,0,0,0,0
250047,0,1,0,0,0,11,0,0,0,0,0,0
250047,1,1,0,0,0,0,0,19,0,0,0,0
250048,0,1,0,0,0,0,0,0,0,0,0,0
250048,1,1,0,0,0,0,0,0,0,0,0,9
250049,1,1,0,0,0,0,0,0,0,0,0,0
250049,2,1,0,0,0,0,0,0,0,0,18,0
250049,3,1,0,0,0,0,0,0,0,0,0,0
250049,4,1,0,0,0,0,0,0,0,0,0,13
250049,5,1,0,15,0,0,0,0,17,0,0,0
250049,6,1,0,0,0,0,12,0,0,0,0,0
250050,1,1,0,0,0,0,0,0,0,0,0,0
250051,0,1,0,0,0,0,0,0,0,0,0,0
250051,1,1,0,0,0,0,0,0,0,0,0,0
250052,1,1,0,0,0,0,0,0,0,0,0,0
250052,2,1,0,0,0,0,0,0,0,0,0,15
250053,1,1,0,0,0,0,0,0,0,0,0,0
250053,2,1,0,0,0,0,0,0,0,0,0,0
250054,1,1,0,0,0,0,0,0,0,0,0,0
250054,2,1,0,0,0,0,0,0,0,0,0,0
250055,1,1,0,28,0,9,14,0,0,6,0,0
250055,2,1,0,0,0,0,0,0,0,0,0,0
250056,1,1,0,0,0,0,0,0,0,0,0,0
250056,2,1,0,0,0,0,0,0,0,0,0,0
250057,0,1,0,0,0,0,0,0,0,0,0,0
250057,1,1,0,0,0,0,0,0,1,0,6,9
250058,1,1,17,17,17,17,17,17,17,17,17,17
250059,0,1,0,0,0,0,0,0,0,0,0,0
250059,1,1,0,7,0,0,19,0,0,0,0,0
250060,1,1,17,5,18,13,0,5,26,0,0,22
250060,2,1,13,0,0,0,0,0,0,0,0,0
250060,3,1,0,0,0,0,0,0,19,0,5,0
250061,1,1,0,0,0,0,0,0,0,0,0,0
250061,2,1,0,0,0,0,0,0,0,0,0,0
250062,1,1,9,9,9,9,9,9,9,9,9,9
250063,1,1,19,20,19,7,0,0,0,0,0,13
250064,1,1,0,0,0,0,0,0,0,0,0,0
250064,2,1,26,0,0,0,0,0,18,0,0,0
250066,0,1,0,0,0,0,0,0,0,0,0,0
250066,1,1,22,0,0,0,0,0,0,0,0,0
250067,0,1,0,0,0,0,0,0,0,0,0,0
250067,1,1,0,0,0,0,0,0,0,21,0,0
250068,1,1,0,0,0,0,0,0,0,0,0,0
250069,2,1,0,0,0,0,0,0,0,0,0,0
250070,1,1,18,18,18,18,18,18,18,18,18,18
250070,2,1,0,0,0,0,0,0,0,0,0,0
250072,1,1,0,0,0,7,46,0,17,0,14,24
250073,1,1,0,0,0,0,0,0,0,0,0,0
250073,2,1,0,0,0,6,0,0,0,0,0,0
250074,1,2,18,0,0,0,18,35,0,0,0,0
250075,0,1,0,0,25,0,0,0,0,0,0,0
250075,1,1,0,0,0,0,0,0,0,0,0,0
250076,1,1,0,0,0,0,0,0,0,0,0,0
250077,1,1,0,0,0,0,0,0,0,0,0,0
250078,1,1,0,0,0,0,0,0,0,0,0,0
250078,2,1,0,0,0,0,0,0,0,0,0,0
250079,1,1,14,11,15,0,0,0,0,0,0,20
250080,1,1,22,22,22,22,22,22,22,22,22,22
250081,0,1,0,0,0,0,0,0,0,0,0,0
250081,1,1,20,35,0,23,0,36,12,19,12,12
250082,1,1,28,28,28,28,28,28,28,28,28,28
250083,1,1,0,0,0,0,0,0,0,0,0,0
250084,1,1,0,0,0,0,0,0,0,0,0,0
250084,2,1,0,0,0,0,0,0,17,0,0,0
250085,1,1,11,11,11,11,11,11,11,11,11,11
250086,1,1,0,0,0,0,0,0,0,0,0,0
250087,1,1,0,0,0,0,0,0,0,0,0,0
250087,2,1,0,0,0,0,0,0,0,0,0,0
250088,1,1,19,19,19,19,19,19,19,19,19,19
250089,1,1,19,19,19,19,19,19,19,19,19,19
250090,1,1,3,3,3,3,3,3,3,3,3,3
250090,2,1,0,0,0,26,0,0,0,0,0,0
250091,1,1,2,2,2,2,2,2,2,2,2,2
250092,1,1,0,0,0,0,0,0,0,0,0,0
250093,0,1,0,0,0,0,0,0,0,0,0,0
250093,1,1,0,0,0,31,30,0,20,0,0,0
250094,1,1,0,0,0,0,0,0,0,0,0,0
250095,1,1,0,0,0,0,0,0,0,0,0,0
250096,1,1,0,0,0,0,0,0,0,0,0,0
250096,2,1,0,0,0,0,0,0,0,0,0,0
250097,1,1,0,0,0,0,0,0,0,0,0,0
250098,1,1,10,10,10,10,10,10,10,10,10,10
250099,1,1,15,15,15,15,15,15,15,15,15,15
250100,1,1,34,34,34,34,34,34,34,34,34,34
250101,1,1,0,0,0,0,0,0,0,0,0,0
250102,0,1,11,11,11,11,11,11,11,11,11,11
250102,1,1,0,0,9,0,0,0,0,0,0,27
250103,1,1,0,0,0,0,0,0,0,0,0,0
250103,2,1,0,0,0,0,0,0,3,0,0,0
250104,1,1,18,18,18,18,18,18,18,18,18,18
250104,2,1,0,0,0,0,0,0,0,0,0,0
250105,1,1,21,21,21,21,21,21,21,21,21,21
250106,1,1,22,22,22,22,22,22,22,22,22,22
250106,2,1,0,11,0,8,0,0,0,22,0,18
250107,1,1,12,8,18,13,11,17,12,23,27,11
250107,2,1,0,0,0,0,0,0,0,0,0,0
250108,0,1,0,0,0,0,0,0,0,0,0,0
250108,1,1,0,0,0,0,23,0,0,0,0,0
250109,1,1,0,0,0,0,0,0,0,0,0,0
250109,2,1,0,0,0,0,0,0,0,0,0,0
250110,1,1,0,0,0,0,0,0,0,0,0,0
250111,1,1,0,0,0,0,0,0,0,0,0,0
250111,2,1,0,0,0,0,0,0,0,0,0,0
250112,1,1,11,17,0,0,11,11,0,0,0,4
250112,2,1,0,0,0,11,0,0,0,0,16,13
250113,1,1,0,0,0,0,0,0,0,0,0,0
250113,2,1,0,0,0,0,0,0,0,0,0,0
250114,1,1,0,0,0,0,0,0,0,0,0,0
250115,0,1,0,0,0,0,0,0,0,0,0,0
250115,1,1,0,19,0,0,0,0,0,0,0,0
250116,1,1,24,24,24,24,24,24,24,24,24,24
250117,1,1,0,0,0,0,0,0,0,0,0,0
250118,0,1,0,0,0,0,0,0,0,0,0,0
250118,1,1,0,0,0,0,0,0,0,0,0,0
250119,1,1,19,19,19,19,19,19,19,19,19,19
250119,2,1,0,0,0,0,0,0,0,0,0,16
250120,1,1,0,0,0,0,0,0,0,0,0,0
250121,1,1,13,9,14,20,9,25,9,17,13,11
250122,1,1,0,0,0,0,9,0,14,0,0,0
250122,2,1,0,0,0,0,0,0,0,0,0,0
250123,0,1,0,0,0,0,0,0,0,0,0,0
250123,1,1,0,0,0,0,0,0,0,0,0,0
250124,1,1,0,0,0,0,0,0,0,0,0,0
250125,0,1,7,7,7,7,7,7,7,7,7,7
250125,1,1,0,0,0,10,0,0,14,24,7,16
250126,1,1,2,2,2,2,2,2,2,2,2,2
250127,0,1,3,15,17,20,22,30,15,16,0,16
250127,1,1,0,25,0,0,0,22,0,0,0,0
250128,1,1,0,0,0,0,0,0,0,0,0,0
250128,2,1,0,0,0,0,0,0,0,0,0,0
250129,0,1,0,0,0,0,0,0,0,0,0,0
250129,1,1,0,0,0,0,0,0,0,0,0,0
250130,0,1,0,0,0,0,0,0,0,0,0,0
250130,1,1,0,0,0,0,0,0,0,0,0,0
250131,1,1,0,0,0,0,29,0,0,0,25,0
250132,0,1,0,0,0,0,0,0,0,0,0,0
250132,1,1,0,0,0,0,0,0,0,0,0,0
250133,0,1,0,0,0,0,0,0,0,0,0,0
250133,1,1,0,0,0,0,14,0,0,0,0,0
250134,1,1,0,0,0,0,0,0,0,0,0,0
250134,2,1,17,14,0,11,14,2,14,29,2,14
250135,1,1,6,6,6,6,6,6,6,6,6,6
250135,2,1,16,0,12,0,0,0,13,28,0,0
250136,1,1,0,0,0,0,0,0,0,0,0,0
250137,1,1,0,0,0,0,0,0,0,0,0,0
250137,2,1,0,0,0,0,0,0,0,0,0,0
250137,3,1,0,0,0,0,0,0,0,0,0,0
250137,4,1,0,0,0,0,0,0,0,0,0,0
250137,5,1,0,0,0,0,0,0,0,0,0,0
250138,0,1,0,0,0,0,0,0,0,0,0,0
250138,1,1,0,0,0,0,0,0,0,0,0,0
250139,1,1,0,0,0,0,0,0,0,0,0,0
250140,1,1,33,33,33,33,33,33,33,33,33,33
250141,1,1,19,19,19,19,19,19,19,19,19,19
250142,1,1,0,0,0,0,0,0,0,0,0,0
250143,0,1,23,23,23,23,23,23,23,23,23,23
250143,1,1,8,8,8,8,8,8,8,8,8,8
250144,0,1,0,0,0,0,0,0,0,0,0,0
250144,1,1,0,0,0,13,0,0,0,0,0,0
250145,1,1,15,15,15,15,15,15,15,15,15,15
250146,1,1,27,27,27,27,27,27,27,27,27,27
250146,2,1,0,0,0,0,0,0,0,0,0,0
250147,1,1,5,5,5,5,5,5,5,5,5,5
250148,1,1,0,0,0,0,0,0,0,0,0,0
250148,2,1,0,0,0,0,0,0,0,16,0,0
250149,1,1,9,9,9,9,9,9,9,9,9,9
250150,1,1,0,0,0,0,0,0,0,0,0,0
250151,1,1,2,2,2,2,2,2,2,2,2,2
250152,1,1,4,4,4,4,4,4,4,4,4,4
250153,1,1,0,0,0,0,0,0,0,0,0,0
250153,2,1,0,0,0,0,0,0,0,0,0,0
250154,1,1,0,0,0,0,0,0,0,0,0,0
250155,1,1,0,0,0,0,0,0,0,0,0,0
250156,1,1,0,0,0,0,0,0,0,0,0,0
250156,2,1,0,0,0,0,0,0,0,0,0,0
250157,1,1,11,24,28,21,15,5,10,10,0,0
250157,2,1,0,0,0,0,0,0,0,0,0,0
250158,1,1,0,0,0,0,0,0,0,0,0,0
250159,1,1,18,18,18,18,18,18,18,18,18,18
250159,2,1,0,0,0,0,0,0,0,0,0,0
250160,1,1,0,0,0,0,0,0,0,0,0,0
250160,2,1,0,0,0,0,0,0,0,0,0,0
250161,1,1,0,0,0,0,0,0,0,0,0,0
250161,2,1,0,0,0,0,0,0,0,0,0,0
250162,1,1,0,37,0,0,0,0,0,0,0,0
250162,2,1,0,17,16,8,33,14,13,42,18,14
250163,0,1,0,0,0,0,0,0,0,0,0,0
250163,1,1,0,15,0,33,0,5,0,0,0,0
250165,1,1,17,17,17,17,17,17,17,17,17,17
250166,0,1,30,30,30,30,30,30,30,30,30,30
250166,1,1,24,0,0,0,0,0,0,14,0,0
250167,0,1,0,13,0,23,0,22,0,0,33,0
250167,0,2,0,0,0,0,0,0,0,0,0,0
250167,1,1,0,0,0,0,0,0,0,0,0,0
250168,1,1,0,0,0,0,0,0,0,0,0,0
250168,2,1,0,0,0,0,0,0,0,0,0,0
250169,1,1,16,16,16,16,16,16,16,16,16,16
250170,0,1,0,0,0,0,0,0,0,0,0,0
250170,1,1,0,0,25,0,0,0,0,0,0,0
250171,0,1,0,0,22,0,0,0,39,0,0,0
250171,1,1,0,0,0,0,0,10,0,0,0,0
250172,1,1,23,23,23,23,23,23,23,23,23,23
250173,1,1,0,0,0,0,0,0,0,0,0,0
250174,1,1,23,0,0,0,0,0,15,12,5,0
250174,2,1,0,0,0,0,0,0,0,0,0,0
250175,1,1,20,20,20,20,20,20,20,20,20,20
250176,1,1,0,0,0,0,0,0,0,0,0,0
250176,2,1,0,0,6,0,0,0,0,0,14,0
250177,0,1,0,0,0,0,0,0,0,0,0,0
250177,1,1,0,0,0,0,0,0,0,0,0,0
250178,1,1,0,0,0,0,0,0,0,0,0,0
250179,1,1,0,0,0,0,0,0,0,0,0,0
250180,1,1,0,0,0,0,0,0,0,0,0,0
250181,1,1,0,0,0,0,0,0,0,0,0,0
250181,2,1,0,0,0,0,0,0,8,6,0,0
250182,1,1,23,23,23,23,23,23,23,23,23,23
250182,2,1,0,0,12,0,0,0,0,9,0,0
250183,1,1,0,4,0,0,0,0,0,0,0,0
250183,2,1,0,0,0,9,19,0,0,0,23,0
250183,3,1,0,0,0,0,0,20,0,0,0,0
250184,1,1,12,0,0,0,0,0,0,0,0,0
250184,2,1,13,13,13,13,13,13,13,13,13,13
250185,0,1,0,0,0,0,0,0,0,0,0,0
250185,1,1,0,0,0,0,0,0,0,0,13,0
250186,0,1,0,0,0,0,0,0,0,0,0,0
250186,1,1,0,0,0,0,0,0,0,0,0,0
250187,1,1,0,0,0,0,0,0,0,0,0,0
250187,2,1,0,0,0,0,0,0,0,0,0,0
250188,1,1,0,0,0,0,0,0,0,0,0,0
250188,2,1,0,0,0,0,0,0,0,0,0,0
250189,1,1,0,0,0,0,0,0,0,0,0,0
250190,1,1,0,0,0,0,0,0,0,0,0,0
250191,0,1,0,0,0,0,0,0,0,0,0,0
250191,1,1,0,0,0,0,0,0,13,0,0,0
250192,1,1,0,0,0,0,0,22,0,0,0,0
250192,2,1,0,0,0,0,0,0,0,0,0,0
250193,1,1,0,0,0,0,0,0,0,0,0,0
250194,0,1,37,37,37,37,37,37,37,37,37,37
250194,1,1,0,0,0,0,13,0,11,4,0,0
250195,1,1,0,0,0,0,0,0,0,0,0,0
250195,2,1,0,0,0,0,0,0,0,0,0,0
250196,0,1,0,0,0,0,0,0,0,0,0,0
250196,1,1,0,0,0,0,0,0,0,0,0,0
250197,1,1,23,23,23,23,23,23,23,23,23,23
250197,2,1,0,0,12,0,0,0,0,9,0,0
250198,1,1,0,0,17,0,0,0,0,0,0,0
250198,2,1,0,0,0,0,0,0,0,0,0,0
250199,1,1,0,0,0,0,0,0,0,0,0,0
250199,2,1,0,0,0,0,0,0,0,0,0,0
250200,1,1,1,1,1,1,1,1,1,1,1,1
250200,2,1,0,0,0,18,0,0,0,0,0,0
250201,1,1,31,31,31,31,31,31,31,31,31,31
250202,1,1,0,0,0,0,0,0,0,0,0,0
250203,0,1,0,0,0,0,0,0,0,0,40,0
250203,1,1,0,0,0,0,0,0,0,16,0,3
250204,1,1,0,0,0,0,0,0,0,0,0,0
250204,2,1,0,0,0,0,0,0,0,0,0,0
250204,3,1,0,0,0,0,0,0,0,0,0,0
250205,1,1,0,0,0,0,0,0,0,0,0,0
250206,0,1,0,0,0,0,0,0,0,0,0,0
250206,0,2,0,0,0,0,0,0,0,0,0,0
250206,1,1,0,0,0,0,0,0,0,0,0,0
250207,1,1,0,0,0,0,0,0,0,0,0,0
250207,2,1,0,0,0,0,0,6,0,0,0,0
250208,1,1,0,0,0,0,0,0,0,0,0,0
250209,0,1,0,0,0,0,0,0,0,0,0,0
250209,1,1,11,0,9,5,5,0,11,0,0,5
250210,1,1,0,0,0,0,0,0,0,0,0,0
250211,1,1,0,0,0,0,0,0,0,0,0,0
250211,2,1,24,15,19,18,14,15,12,23,25,18
250211,3,1,0,0,0,0,0,0,0,0,3,0
250212,1,1,16,16,16,16,16,16,16,16,16,16
250214,1,1,0,0,0,0,0,0,0,0,0,0
250214,2,1,0,0,0,0,13,0,0,0,2,4
250214,3,1,0,2,0,0,0,0,0,0,0,0
250215,1,1,34,34,34,34,34,34,34,34,34,34
250216,1,1,0,0,0,0,0,0,0,0,0,0
250216,2,1,0,0,0,0,0,0,0,0,0,0
250216,3,1,0,0,0,0,0,0,0,0,0,0
250217,1,1,16,16,16,16,16,16,16,16,16,16
250218,1,1,0,0,0,0,0,0,0,0,0,0
250219,1,1,0,30,0,0,13,18,8,15,26,0
250221,1,1,0,0,0,0,0,0,0,0,0,0
250222,1,1,0,4,0,0,13,0,0,0,0,0
250223,1,1,0,0,0,0,0,0,0,0,0,0
250223,2,1,0,0,0,0,0,19,0,0,0,0
250223,3,1,0,0,0,0,0,0,0,0,0,0
250224,1,1,0,0,0,0,0,0,0,0,0,0
250225,1,1,0,6,0,0,0,0,0,0,11,0
250225,2,1,0,16,0,19,12,13,0,0,0,0
250226,1,1,0,0,0,0,0,0,0,0,0,0
250226,2,1,0,0,0,0,0,0,0,0,0,0
250227,0,1,0,0,0,0,0,0,0,0,0,0
250227,1,1,0,0,0,0,0,0,0,0,0,0
250228,0,1,0,0,0,0,0,0,0,0,0,0
250228,1,1,0,0,0,0,0,10,0,23,0,0
250229,0,1,0,0,0,0,0,0,0,0,0,0
250229,1,1,0,0,0,35,0,0,0,0,0,0
250229,2,1,18,0,0,0,0,0,0,0,0,0
250230,1,1,20,20,20,20,20,20,20,20,20,20
250231,0,1,19,19,19,19,19,19,19,19,19,19
250231,1,1,0,15,0,12,0,14,0,22,6,4
250232,1,1,4,4,4,4,4,4,4,4,4,4
250233,0,1,0,0,0,0,0,0,0,0,0,0
250233,1,1,0,0,0,0,0,0,0,0,0,0
250235,0,1,23,23,23,23,23,23,23,23,23,23
250235,1,1,0,0,5,14,20,23,3,3,0,0
250236,1,1,0,0,0,0,0,9,0,0,0,0
250238,0,1,0,0,0,0,0,0,0,0,0,0
250238,1,1,0,0,0,0,0,7,0,0,0,0
250239,0,1,12,12,12,12,12,12,12,12,12,12
250239,1,1,0,0,0,31,5,0,14,6,0,12
250240,1,1,0,0,0,0,0,0,0,0,0,0
250240,2,1,0,0,0,0,0,0,0,0,0,0
250240,3,1,38,0,0,0,0,0,0,0,0,0
250241,1,1,0,28,4,16,19,24,0,18,10,0
250242,0,1,0,0,0,0,0,0,0,0,0,0
250242,1,1,0,0,0,0,0,0,0,0,0,0
250243,1,1,0,0,0,0,0,0,0,0,0,0
250244,1,1,0,0,0,0,0,0,0,0,0,0
250245,1,1,0,0,0,0,0,0,0,0,0,0
250245,2,1,0,0,0,0,0,0,0,0,0,0
250246,1,1,0,0,0,0,0,0,0,0,0,0
250246,2,1,0,0,0,0,0,6,0,0,0,0
250247,0,1,0,0,0,0,0,0,0,0,0,0
250247,1,1,0,0,0,0,0,0,0,0,0,0
250248,1,1,0,0,0,0,0,0,0,0,0,0
250248,2,1,0,0,0,0,0,0,0,0,0,0
250249,1,1,0,0,12,0,0,17,0,0,0,0
250249,2,1,0,0,4,0,0,0,0,0,0,0
250249,3,1,0,0,0,0,0,0,0,0,0,0
250249,4,1,0,0,0,0,0,0,0,0,0,0
250249,5,1,0,0,0,0,0,0,0,0,0,0
250250,1,1,21,21,21,21,21,21,21,21,21,21
250251,1,1,20,20,20,20,20,20,20,20,20,20
250252,1,1,14,14,14,14,14,14,14,14,14,14
250252,2,1,0,0,0,0,8,10,0,0,0,0
250253,1,1,0,0,0,0,0,0,0,0,0,0
250254,0,1,0,0,0,0,0,0,0,0,0,0
250254,1,1,0,0,47,24,0,5,14,9,20,17
250255,1,1,1,1,1,1,1,1,1,1,1,1
250256,1,1,26,26,26,26,26,26,26,26,26,26
250256,2,1,0,0,0,0,0,0,0,0,0,0
250257,0,1,0,0,0,0,0,0,0,0,0,0
250257,1,1,0,0,0,0,0,0,0,0,0,0
250257,2,1,0,0,0,0,0,0,0,0,0,0
250258,1,1,0,0,0,0,0,0,0,0,0,0
250258,2,1,14,0,0,0,0,0,0,0,0,0
250259,0,1,0,0,0,0,0,0,0,0,0,0
250259,1,1,0,0,0,0,0,0,0,0,0,0
250260,1,1,15,0,0,0,0,0,0,0,0,0
250260,2,1,4,0,0,0,0,15,17,0,11,0
250261,1,1,0,0,0,0,0,0,0,0,0,0
250261,2,1,0,0,0,16,0,0,38,0,0,0
250262,0,1,23,23,23,23,23,23,23,23,23,23
250262,1,1,0,0,0,0,10,0,0,0,0,13
250264,1,1,26,26,26,26,26,26,26,26,26,26
250265,0,1,0,0,0,0,0,0,0,0,0,0
250265,1,1,0,0,0,0,0,0,0,0,0,0
250266,0,1,0,0,0,0,0,0,0,0,0,0
250266,1,1,0,0,0,0,14,0,19,0,42,0
250267,1,1,0,0,0,0,0,0,0,0,0,0
250268,1,1,0,0,0,0,0,0,0,0,0,0
250268,2,1,0,0,0,0,0,0,0,0,0,0
250269,1,1,0,0,0,0,0,0,0,0,0,0
250270,0,1,15,15,15,15,15,15,15,15,15,15
250270,1,1,12,0,0,0,0,0,0,0,0,0
250271,0,1,0,0,0,0,0,0,0,0,0,0
250271,1,1,0,0,20,0,0,17,0,0,0,0
250272,1,1,2,2,2,2,2,2,2,2,2,2
250272,2,1,0,0,0,0,0,0,0,0,0,0
250273,1,1,29,29,29,29,29,29,29,29,29,29
250274,0,1,0,0,0,0,0,0,0,0,0,0
250274,1,1,0,0,0,0,0,0,0,0,0,0
250275,0,1,0,0,0,0,0,0,0,0,0,0
250275,1,1,14,0,11,16,18,0,0,18,15,12
250276,0,1,0,0,0,0,0,0,0,0,0,0
250276,0,2,0,0,0,0,21,0,0,0,31,0
250276,1,1,0,0,22,10,19,14,13,20,0,40
250276,2,1,0,0,0,0,0,0,0,0,0,0
250276,3,1,10,0,0,0,9,0,0,0,0,0
250276,4,1,0,22,0,0,3,19,0,0,0,0
250277,1,1,32,32,32,32,32,32,32,32,32,32
250278,1,1,0,0,0,0,0,0,0,0,0,0
250278,2,1,0,0,0,0,0,0,0,0,0,0
250279,1,1,0,0,0,0,0,0,0,0,0,0
250279,2,1,14,0,20,0,19,0,0,0,0,7
250280,1,1,0,0,0,0,0,0,0,0,0,0
250280,2,1,0,6,0,0,0,0,0,0,0,0
250281,1,1,0,0,0,0,0,0,0,0,0,0
250281,2,1,0,0,0,0,0,0,0,0,0,0
250281,3,1,0,0,0,0,0,0,0,0,0,0
250281,4,1,0,0,0,0,0,0,0,0,0,0
250282,1,1,28,28,28,28,28,28,28,28,28,28
250283,1,1,0,0,0,0,0,0,0,20,0,0
250283,2,1,0,0,0,0,0,0,0,0,0,0
250283,3,1,0,0,0,0,0,0,0,0,0,0
250284,1,1,0,0,0,0,0,0,0,0,0,0
250284,2,1,0,0,0,0,0,0,0,0,0,0
250284,3,1,0,0,0,0,0,0,0,0,0,0
250285,1,1,17,17,17,17,17,17,17,17,17,17
250285,2,1,0,0,0,0,0,0,0,0,0,0
250285,3,1,0,0,0,0,0,0,0,0,0,0
250285,4,1,0,0,0,0,13,24,0,0,5,0
250286,1,1,0,0,0,0,0,0,0,0,0,0
250286,2,1,0,0,0,0,0,0,0,0,0,0