ST_CASE,VEH_NO,PER_NO,P1,P2,P3,P4,P5,P6,P7,P8,P9,P10
260158,1,1,0,0,0,0,0,0,0,0,0,0
260159,1,1,21,21,21,21,21,21,21,21,21,21
260160,1,1,0,0,0,0,0,0,0,0,0,0
260160,2,1,0,0,0,0,0,0,0,0,0,0
260160,3,1,0,0,0,0,0,0,0,0,0,22
260161,0,1,0,0,26,0,0,0,2,0,0,0
260161,1,1,18,18,18,18,18,18,18,18,18,18
260162,1,1,24,24,24,24,24,24,24,24,24,24
260163,1,1,0,0,0,0,0,0,0,0,0,0
260164,0,1,0,0,0,16,0,0,0,0,0,0
260164,1,1,0,0,0,0,0,0,0,0,0,0
260165,1,1,0,0,0,0,0,0,0,0,0,0
260166,1,1,0,0,0,0,0,0,25,0,0,0
260167,1,1,23,23,23,23,23,23,23,23,23,23
260168,1,1,0,0,0,0,0,0,0,0,0,0
260168,2,1,0,0,0,0,0,0,0,0,0,0
260169,1,1,14,14,14,14,14,14,14,14,14,14
260169,2,1,15,15,15,15,15,15,15,15,15,15
260170,0,1,0,0,0,0,0,18,0,0,10,0
260170,1,1,0,0,0,0,0,0,0,0,0,0
260171,0,1,0,0,0,0,0,0,0,0,0,0
260171,1,1,0,0,0,0,0,0,0,0,0,0
260172,1,1,15,15,15,15,15,15,15,15,15,15
260172,2,1,0,0,0,0,0,0,0,0,0,0
260173,1,1,0,0,0,0,0,0,0,0,0,0
260173,2,1,0,0,0,0,0,0,0,0,0,0
260174,1,1,12,0,0,0,0,0,0,0,0,0
260175,1,1,21,16,22,22,0,8,9,0,20,15
260175,2,1,0,0,0,0,0,0,10,0,14,0
260176,1,1,29,29,29,29,29,29,29,29,29,29
260177,1,1,0,0,0,0,0,0,0,0,0,0
260177,2,1,0,0,0,0,0,0,0,0,0,0
260178,1,1,0,0,0,0,0,0,0,0,0,0
260178,2,1,0,0,0,0,0,0,0,0,0,0
260178,3,1,0,0,0,0,0,0,0,0,0,0
260179,1,1,11,11,11,11,11,11,11,11,11,11
260180,1,1,0,0,0,0,0,0,0,0,0,0
260181,1,1,8,8,8,8,8,8,8,8,8,8
260181,2,1,0,0,0,0,0,0,0,0,0,0
260182,1,1,0,0,0,0,0,0,0,0,0,0
260182,2,1,0,0,0,0,0,0,0,0,0,0
260184,0,1,0,0,0,0,0,0,21,31,31,0
260184,1,1,0,0,0,0,0,0,0,0,0,0
260184,2,1,0,0,0,0,0,0,0,0,0,0
260184,3,1,0,0,0,0,0,0,0,0,0,0
260185,0,1,27,3,0,0,0,0,0,0,0,0
260185,1,1,0,0,0,0,0,0,0,0,0,0
260185,2,1,0,0,0,0,0,0,0,0,0,0
260186,1,1,0,0,0,0,0,0,0,0,0,0
260187,1,1,0,0,0,0,0,0,0,0,0,0
260187,2,1,0,0,0,0,0,0,0,0,0,0
260188,1,1,0,0,0,0,0,0,0,0,0,0
260189,1,1,12,10,20,9,15,0,13,12,34,0
260189,2,1,0,0,0,0,0,0,0,0,0,0
260190,1,1,0,0,23,0,0,0,0,0,0,0
260190,2,1,0,0,16,0,0,0,0,0,0,0
260191,1,1,0,0,0,0,0,0,0,0,0,0
260191,2,1,0,0,0,0,0,0,0,0,0,0
260192,1,1,0,0,0,0,0,0,0,0,0,0
260192,2,1,0,0,0,0,0,0,0,0,0,0
260193,1,1,0,0,0,0,0,0,0,0,0,0
260193,2,1,0,0,0,0,0,0,0,0,0,0
260194,1,1,9,21,15,12,23,6,21,18,17,16
260195,1,1,27,27,27,27,27,27,27,27,27,27
260195,2,1,0,0,0,0,0,0,0,0,0,0
260196,1,1,44,0,0,0,0,0,0,0,0,0
260196,2,1,0,0,0,0,0,0,0,0,0,0
260197,1,1,0,0,0,0,0,0,0,0,0,0
260198,1,1,0,0,0,0,0,0,0,0,0,0
260198,2,1,0,0,0,0,0,0,0,0,0,0
260199,0,1,0,0,14,12,0,0,0,0,0,0
260199,1,1,0,0,0,0,0,0,0,0,0,0
260200,0,1,0,0,0,0,0,0,0,0,0,0
260200,1,1,16,0,0,19,0,0,0,0,0,0
260200,2,1,0,0,0,0,0,0,0,0,0,0
260201,1,1,23,23,23,23,23,23,23,23,23,23
260201,2,1,13,13,13,13,13,13,13,13,13,13
260202,1,1,0,0,0,0,0,0,0,0,0,0
260203,1,1,0,0,0,0,0,0,0,0,0,0
260203,2,1,0,0,0,0,0,0,0,0,0,0
260203,3,1,0,0,0,0,0,0,0,0,0,0
260204,1,1,21,21,21,21,21,21,21,21,21,21
260205,1,1,0,0,0,0,0,0,0,0,0,0
260206,0,1,0,0,13,0,0,0,0,0,0,0
260206,1,1,0,0,0,0,0,0,0,0,0,0
260207,1,1,16,12,13,0,10,0,21,20,11,23
260207,2,1,0,0,0,0,0,0,0,0,18,0
260207,3,1,0,0,0,0,0,0,0,0,0,0
260208,1,1,8,8,8,8,8,8,8,8,8,8
260209,0,1,0,0,0,0,0,0,0,0,0,0
260209,1,1,0,0,0,0,0,0,0,0,0,0
260210,1,1,0,0,0,0,0,0,0,0,0,19
260211,1,1,0,0,0,0,0,0,0,0,0,0
260212,1,1,0,0,0,0,11,0,0,0,0,0
260213,1,1,30,19,13,42,15,15,25,15,11,10
260214,1,1,0,0,11,0,0,0,0,0,0,0
260214,2,1,0,0,0,0,0,0,0,0,0,0
260215,1,1,0,0,0,0,0,0,0,0,0,0
260216,1,1,8,9,0,0,0,27,0,6,22,0
260217,1,1,0,0,0,0,0,0,0,0,0,0
260218,1,1,0,0,0,0,0,0,0,0,0,0
260219,1,1,0,0,0,0,0,0,0,0,0,0
260219,2,1,0,0,2,0,0,0,0,0,0,0
260219,3,1,0,0,0,0,0,0,20,0,0,0
260220,1,1,0,0,0,0,0,0,0,0,0,0
260221,1,1,0,0,0,0,0,0,0,0,0,0
260221,2,1,0,0,0,0,0,0,0,0,0,0
260222,1,1,0,0,0,0,0,24,0,0,0,0
260222,2,1,0,0,0,0,0,0,0,0,0,0
260223,1,1,0,0,0,0,0,0,0,0,0,0
260224,1,1,17,17,17,17,17,17,17,17,17,17
260225,1,1,0,0,0,0,0,0,0,0,0,0
260225,2,1,0,0,0,0,0,0,0,0,0,0
260226,1,1,0,0,0,0,0,0,0,0,0,0
260226,2,1,0,0,0,0,0,0,0,24,0,0
260227,1,1,21,21,21,21,21,21,21,21,21,21
260227,2,1,0,0,22,14,0,0,0,0,15,9
260228,1,1,38,0,0,0,0,0,0,0,0,0
260229,1,1,0,0,0,0,0,0,0,0,0,0
260229,2,1,20,0,0,0,0,14,0,0,0,0
260230,0,1,0,0,0,0,0,0,0,37,0,0
260230,1,1,0,0,0,0,0,0,0,0,0,0
260231,1,1,0,0,0,0,0,0,0,0,0,0
260231,2,1,0,0,0,0,0,0,0,0,0,0
260232,1,1,0,0,0,0,0,15,0,0,0,0
260233,1,1,12,12,12,12,12,12,12,12,12,12
260234,1,1,0,0,0,0,0,21,0,0,10,0
260235,1,1,26,26,26,26,26,26,26,26,26,26
260236,0,1,0,28,0,0,0,0,0,0,0,0
260236,1,1,0,0,0,0,0,0,0,0,0,0
260237,1,1,0,0,0,0,14,19,0,0,0,0
260238,0,1,28,9,5,0,28,25,23,20,26,6
260238,1,1,12,0,0,0,0,0,0,0,0,0
260239,0,1,0,0,0,0,0,0,0,0,0,0
260239,1,1,0,0,0,0,0,0,0,0,0,0
260240,1,1,19,19,19,19,19,19,19,19,19,19
260241,1,1,0,0,0,0,0,0,0,0,0,0
260242,1,1,27,27,27,27,27,27,27,27,27,27
260243,1,1,35,29,35,22,6,43,20,18,38,0
260244,1,1,18,18,18,18,18,18,18,18,18,18
260245,1,1,0,12,0,0,0,0,0,0,0,0
260246,1,1,0,0,0,4,0,4,0,21,0,0
260247,1,1,0,0,0,0,0,0,0,0,0,0
260248,1,1,21,11,48,11,14,8,17,20,11,17
260249,1,1,0,0,0,0,0,0,0,0,0,0
260249,2,1,0,0,20,0,0,0,0,0,0,0
260250,1,1,0,0,0,0,0,0,0,0,0,0
260250,2,1,0,0,0,0,0,0,0,0,0,0
260251,0,1,11,11,11,11,11,11,11,11,11,11
260251,1,1,0,0,0,0,0,0,0,0,0,0
260252,1,1,0,0,24,0,0,0,0,0,0,15
260252,2,1,0,0,0,0,21,0,0,12,0,0
260253,1,1,0,0,0,0,0,0,0,0,0,0
260253,2,1,0,0,0,0,0,0,0,0,0,0
260254,1,1,7,26,0,0,0,0,0,0,10,0
260255,1,1,0,23,14,0,0,8,0,0,0,15
260255,2,1,0,0,0,0,0,11,27,11,0,0
260256,1,1,10,10,10,10,10,10,10,10,10,10
260256,2,1,0,0,0,0,0,0,0,0,0,0
260257,1,1,0,0,0,0,0,0,0,0,0,0
260257,2,1,0,0,0,0,0,0,0,0,0,0
260258,1,1,0,0,0,0,0,0,0,0,0,0
260259,1,1,0,0,0,0,0,0,0,0,0,0
260259,2,1,0,0,0,0,0,0,0,0,0,0
260259,3,1,0,0,0,0,0,0,0,0,0,0
260260,1,1,0,0,0,0,0,0,0,0,0,0
260260,2,1,0,0,0,0,0,0,0,0,0,0
260260,3,1,0,0,0,0,0,0,0,0,0,0
260261,0,1,16,0,0,0,20,0,0,0,0,0
260261,1,1,0,0,0,0,0,0,0,0,0,0
260262,0,1,5,5,5,5,5,5,5,5,5,5
260262,2,1,10,0,9,14,11,14,4,30,5,6
260263,1,1,19,19,19,19,19,19,19,19,19,19
260264,1,1,0,0,0,0,0,0,0,0,0,0
260265,1,1,0,0,0,0,0,13,0,0,0,0
260265,2,1,0,0,0,0,0,0,0,0,0,0
260266,1,1,4,11,21,31,13,23,13,16,14,0
260267,1,1,0,0,0,0,0,0,0,0,0,0
260267,2,1,10,0,0,0,0,0,20,0,0,0
260268,1,1,0,0,0,0,0,0,0,0,0,0
260268,2,1,0,0,0,0,0,0,0,0,0,0
260269,1,1,14,19,13,35,28,27,16,12,9,20
260269,2,1,0,0,0,0,0,0,0,0,0,0
260270,1,1,0,0,0,0,0,0,0,0,0,0
260271,0,1,0,0,0,0,0,0,0,0,0,0
260271,1,1,0,0,16,0,0,0,11,0,0,0
260272,0,1,27,0,16,14,26,9,0,15,10,0
260272,1,1,0,0,0,0,0,0,0,0,0,0
260273,1,1,0,0,0,0,0,0,0,0,0,0
260274,1,1,0,0,0,0,0,0,0,0,0,0
260274,2,1,12,0,0,0,0,0,0,0,0,0
260275,1,1,0,0,0,0,0,0,0,0,0,0
260276,1,1,0,0,0,0,0,0,0,0,0,0
260276,2,1,0,0,0,0,0,0,0,0,12,0
260277,1,1,0,0,0,0,0,18,0,0,0,0
260278,1,1,0,0,0,0,0,0,0,0,36,0
260278,2,1,0,0,0,0,0,0,0,0,0,0
260279,0,1,17,16,10,19,39,6,14,24,16,17
260279,1,1,25,6,0,12,4,0,16,0,0,4
260280,1,1,17,17,17,17,17,17,17,17,17,17
260280,2,1,0,0,0,0,0,0,0,0,0,0
260281,1,1,0,0,0,0,0,0,0,0,0,0
260281,2,1,0,0,0,0,0,0,0,0,0,0
260282,1,1,0,0,0,0,0,0,0,0,0,0
260282,2,1,0,8,0,0,0,0,0,0,0,0
260283,1,1,0,0,0,0,0,0,0,0,0,0
260283,2,1,0,0,0,0,0,0,0,0,0,0
260283,3,1,0,0,0,0,0,0,0,0,0,0
260284,1,1,0,0,0,21,0,0,0,14,0,0
260284,2,1,0,0,0,0,0,0,0,33,0,0
260285,1,1,0,0,0,14,0,0,0,0,0,0
260285,2,1,0,0,0,0,0,0,0,17,0,11
260286,1,1,25,8,0,20,26,12,14,19,8,12
260287,1,1,0,0,0,0,0,0,0,0,0,0
260288,1,1,16,16,16,16,16,16,16,16,16,16
260289,1,1,0,0,0,0,0,0,0,0,0,0
260289,2,1,0,0,0,0,10,0,0,0,0,0
260290,1,1,33,33,33,33,33,33,33,33,33,33
260291,1,1,0,0,0,0,0,0,0,10,0,0
260292,1,1,24,0,0,0,0,0,0,0,0,0
260293,0,1,0,0,0,0,0,0,0,0,0,0
260293,1,1,0,0,0,0,0,0,0,0,0,0
260294,1,1,0,0,0,0,0,0,0,0,0,0
260295,1,1,0,0,0,0,0,0,0,0,0,0
260295,2,1,0,0,0,0,0,0,0,0,0,0
260296,0,1,0,0,0,0,0,0,0,0,0,0
260296,1,1,0,0,0,0,0,0,0,0,0,0
260297,1,1,31,31,31,31,31,31,31,31,31,31
260297,2,1,0,0,0,0,0,0,0,0,0,0
260298,1,1,11,11,11,11,11,11,11,11,11,11
260299,1,1,0,0,0,0,0,0,0,0,0,0
260300,1,1,0,0,0,0,0,0,0,0,0,0
260301,1,1,0,0,0,0,21,0,0,0,0,0
260301,2,1,0,0,0,0,0,0,0,0,0,0
260302,1,1,0,0,0,0,0,0,0,0,0,0
260302,2,1,14,14,14,14,14,14,14,14,14,14
260303,1,1,16,16,16,16,16,16,16,16,16,16
260303,2,1,0,8,0,12,24,0,0,0,15,0
260304,1,1,0,0,0,0,0,0,0,0,5,0
260304,2,1,0,0,0,0,0,0,0,0,0,0
260305,1,1,0,0,0,0,0,0,0,0,0,0
260305,2,1,0,0,0,0,0,0,0,0,0,0
260306,1,1,0,0,0,0,0,0,0,0,0,0
260306,2,1,0,0,0,0,0,0,0,20,0,0
260307,1,1,0,0,0,0,0,0,0,0,0,0
260307,2,1,0,0,0,0,0,0,21,0,0,0
260307,3,1,0,0,0,15,0,0,0,0,0,0
260308,1,1,0,0,0,0,0,0,0,0,0,0
260308,2,1,0,0,0,0,0,0,0,0,0,0
260309,1,1,16,16,16,16,16,16,16,16,16,16
260310,0,1,0,0,0,0,0,0,0,0,0,0
260310,1,1,0,24,0,0,0,0,0,0,0,0
260311,1,1,0,0,0,0,0,0,0,0,0,0
260311,2,1,0,0,0,0,0,0,0,0,0,0
260312,1,1,0,29,0,0,24,0,0,0,0,0
260312,2,1,0,0,0,0,0,0,0,0,0,0
260313,1,1,0,0,0,0,0,0,0,0,0,0
260314,1,1,0,0,0,0,0,0,0,0,0,0
260314,2,1,0,0,0,0,0,0,0,0,0,0
260314,3,1,0,0,0,0,0,0,0,0,0,0
260315,1,1,0,19,0,0,0,0,0,0,0,0
260315,2,1,0,17,0,0,0,0,0,0,0,0
260316,1,1,0,0,0,0,0,0,0,0,0,0
260316,2,1,0,0,0,0,0,0,0,0,0,0
260317,1,1,0,0,0,16,0,0,0,0,0,0
260317,2,1,0,0,0,0,0,0,22,0,0,0
260317,3,1,0,0,0,0,0,0,0,13,0,0
260318,1,1,0,0,0,0,0,0,0,0,0,0
260319,0,1,0,0,0,0,0,0,0,0,0,0
260319,1,1,12,12,12,12,12,12,12,12,12,12
260320,1,1,0,0,0,0,0,0,0,0,0,0
260320,2,1,0,0,0,0,0,0,0,0,0,14
260321,1,1,0,0,26,0,0,0,0,0,0,0
260322,1,1,0,0,0,0,23,0,0,20,40,13
260323,0,1,0,0,0,0,0,0,0,0,0,0
260323,1,1,0,0,0,0,0,0,0,0,0,0
260324,1,1,0,0,0,0,0,0,0,0,0,0
260325,1,1,0,0,0,0,0,0,0,0,0,0
260325,2,1,0,0,0,0,0,0,0,0,0,0
260325,3,1,0,0,0,0,0,0,0,0,0,0
260325,4,1,0,0,0,0,0,0,0,0,0,0
260326,1,1,15,15,15,15,15,15,15,15,15,15
260327,1,1,0,0,0,0,0,0,0,0,0,0
260327,2,1,0,0,0,0,0,0,0,0,0,0
260328,1,1,0,7,0,0,11,0,46,0,0,25
260329,1,1,0,0,0,0,0,8,0,0,0,0
260329,2,1,0,0,0,0,0,0,0,0,0,0
260329,3,1,0,0,0,0,0,0,0,0,0,0
260330,1,1,0,0,27,0,15,8,14,0,0,0
260331,1,1,11,11,11,11,11,11,11,11,11,11
260331,2,1,0,0,0,0,0,0,0,21,0,0
260331,3,1,36,0,0,0,0,0,0,0,0,0
260332,1,1,0,0,0,0,0,0,0,0,0,0
260332,2,1,0,0,0,0,0,0,0,8,0,0
260333,1,1,0,3,0,4,15,0,0,0,0,17
260333,2,1,0,0,0,0,17,0,23,0,0,0
260333,3,1,0,0,0,0,0,0,0,0,0,0
260333,4,1,0,0,0,0,0,0,0,0,0,11
260334,1,1,0,0,0,0,0,0,0,0,0,0
260334,2,1,0,0,0,0,0,0,0,0,0,0
260335,1,1,10,10,10,10,10,10,10,10,10,10
260336,1,1,0,0,18,0,0,0,0,0,12,22
260336,2,1,0,0,0,0,0,0,0,0,0,0
260337,1,1,0,0,0,0,0,0,0,0,0,0
260337,2,1,0,0,0,0,24,0,0,0,0,0
260338,1,1,12,12,12,12,12,12,12,12,12,12
260339,1,1,0,0,0,0,0,0,0,0,0,0
260340,1,1,0,0,0,0,0,0,0,0,0,0
260340,2,1,17,17,17,17,17,17,17,17,17,17
260341,1,1,0,0,0,0,0,0,0,0,0,0
260341,2,1,0,0,0,13,0,0,0,0,0,0
260342,1,1,5,0,25,16,10,24,10,25,32,9
260343,1,1,1,1,1,1,1,1,1,1,1,1
260343,2,1,0,0,0,0,0,0,0,0,0,0
260344,1,1,0,0,0,0,0,0,0,0,0,0
260344,2,1,0,0,0,0,0,0,0,0,0,0
260345,0,1,0,0,0,0,0,0,0,0,0,22
260345,1,1,0,0,0,0,0,0,0,0,0,0
260346,1,1,0,0,0,0,0,0,0,0,0,0
260347,1,1,0,0,0,0,0,0,0,0,0,0
260347,2,1,0,0,0,0,0,0,0,0,0,0
260348,0,1,0,0,0,0,5,0,0,0,0,0
260348,1,1,0,0,0,0,0,0,0,0,0,0
260349,1,1,0,0,0,0,0,0,0,0,0,0
260350,1,1,22,9,16,12,19,12,21,17,18,8
260351,1,1,0,0,0,0,0,0,0,0,0,0
260351,2,1,0,0,0,0,0,0,0,0,0,0
260352,1,1,28,23,13,16,17,13,13,26,25,0
260353,1,1,31,13,20,22,25,37,20,26,20,2
260354,0,1,36,25,15,21,24,18,12,27,17,7
260354,1,1,0,0,0,31,0,0,3,0,0,0
260355,1,1,0,0,0,0,0,0,0,0,0,0
260355,2,1,0,0,0,0,15,0,0,0,0,0
260356,1,1,5,5,5,5,5,5,5,5,5,5
260357,1,1,0,0,0,0,0,0,0,0,0,0
260358,0,1,0,0,0,0,0,0,0,22,0,0
260358,1,1,0,0,0,0,0,0,0,0,0,0
260359,0,1,0,0,0,0,0,0,0,0,0,0
260359,1,1,0,0,0,0,0,0,0,0,0,0
260360,1,1,25,10,0,13,22,7,16,9,9,18
260360,2,1,0,0,0,0,0,0,0,0,0,0
260361,1,1,0,0,0,0,0,0,21,0,0,0
260361,2,1,0,0,0,0,0,0,14,0,0,0
260362,1,1,0,0,19,0,0,18,0,0,0,0
260363,1,1,0,0,0,0,0,0,0,0,7,0
260364,0,1,0,0,0,0,0,0,0,37,0,0
260364,1,1,0,0,0,0,0,0,0,0,0,0
260365,1,1,0,0,0,0,0,0,0,0,0,0
260366,1,1,0,0,0,0,0,0,0,0,0,0
260366,2,1,0,0,0,0,0,0,0,0,0,0
260367,1,1,0,0,0,0,0,0,0,0,0,0
260367,2,1,0,0,0,0,0,0,0,0,0,0
260368,1,1,0,0,0,0,0,0,0,0,0,0
260368,2,1,0,0,0,0,0,0,0,0,0,0
260369,1,1,0,0,0,0,0,0,0,0,0,0
260369,2,1,0,0,0,0,0,0,0,18,0,0
260370,1,1,0,0,0,0,0,0,0,0,0,0
260370,2,1,0,0,0,0,7,0,10,0,0,0
260371,1,1,11,11,20,0,10,3,17,13,16,8
260372,1,1,17,17,17,17,17,17,17,17,17,17
260373,1,1,0,0,0,0,0,0,0,0,0,0
260373,2,1,0,0,0,0,0,0,0,0,0,0
260374,1,1,0,0,0,0,0,0,0,0,0,0
260374,2,1,0,0,0,0,0,18,0,0,0,0
260375,1,1,0,0,0,0,0,0,0,0,0,0
260376,1,1,0,0,0,0,0,0,2,0,0,0
260376,2,1,0,0,0,0,0,0,0,0,0,0
260376,3,1,0,0,0,0,0,0,0,0,0,0
260376,4,1,0,0,0,0,0,0,0,0,0,0
260376,5,1,0,0,0,14,0,0,0,0,0,0
260377,1,1,10,10,10,10,10,10,10,10,10,10
260377,2,1,0,0,0,0,0,0,0,0,0,0
260378,1,1,15,23,11,25,11,23,11,38,25,33
260379,1,1,0,0,0,0,0,3,0,12,0,0
260380,0,1,0,0,0,0,0,0,0,0,0,0
260380,1,1,0,0,0,0,0,0,0,0,0,0
260381,1,1,0,0,21,0,0,27,0,0,0,0
260382,1,1,0,0,0,0,0,0,0,0,0,0
260382,2,1,0,0,0,12,24,0,0,0,19,0
260383,1,1,6,6,6,6,6,6,6,6,6,6
260383,2,1,13,13,13,13,13,13,13,13,13,13
260384,0,1,0,18,0,0,17,0,0,15,0,0
260384,1,1,0,9,0,0,0,0,0,19,0,0
260385,1,1,0,0,0,0,0,0,0,0,0,0
260385,2,1,0,0,0,0,0,0,0,0,0,0
260386,1,1,5,5,5,5,5,5,5,5,5,5
260386,2,1,11,11,11,11,11,11,11,11,11,11
260387,0,1,0,0,0,0,0,0,0,0,0,0
260387,1,1,0,0,0,0,0,0,0,0,27,0
260387,2,1,0,0,7,0,0,0,10,12,0,0
260388,1,1,0,0,0,0,0,0,0,0,0,0
260388,2,1,14,0,0,29,0,15,0,19,9,0
260389,1,1,0,0,0,0,0,0,0,0,0,0
260389,2,1,0,0,0,15,0,10,0,0,0,0
260390,1,1,0,15,12,19,0,5,13,20,9,20
260390,2,1,8,8,8,8,8,8,8,8,8,8
260391,1,1,14,31,24,14,23,0,29,17,30,4
260391,2,1,0,0,0,0,0,0,0,0,0,0
260392,0,1,0,0,0,0,0,0,9,0,0,0
260392,1,1,0,0,0,31,10,17,13,0,0,0
260392,2,1,0,0,9,12,3,21,9,20,8,0
260392,3,1,20,0,0,0,0,0,0,0,0,0
260393,0,1,0,0,0,0,0,0,0,0,0,0
260393,1,1,0,0,0,0,0,0,0,0,0,44
260394,0,1,0,0,24,0,0,0,27,0,0,0
260394,1,1,0,0,0,0,0,0,0,0,0,0
260395,1,1,29,29,29,29,29,29,29,29,29,29
260395,2,1,0,0,0,0,0,0,0,0,0,0
260396,1,1,0,0,0,0,0,0,0,0,0,0
260396,2,1,0,0,0,0,0,0,0,0,0,0
260397,1,1,0,0,0,0,0,0,0,3,0,0
260398,1,1,20,20,20,20,20,20,20,20,20,20
260399,1,1,0,0,0,0,0,0,0,0,0,0
260399,2,1,0,0,0,0,0,0,0,0,0,0
260400,0,1,0,0,0,0,0,0,0,0,0,0
260400,1,1,0,0,0,0,0,3,0,0,0,0
260401,1,1,0,0,0,0,0,0,0,0,0,0
260402,1,1,0,0,0,0,0,0,0,0,0,0
260402,2,1,0,0,0,0,0,0,0,0,0,0
260403,1,1,0,0,0,0,0,0,0,0,0,0
260403,2,1,0,0,0,0,0,0,0,0,0,0
260404,1,1,13,13,13,13,13,13,13,13,13,13
260404,2,1,0,0,0,0,0,0,0,0,0,0
260405,1,1,0,0,0,0,0,0,0,0,8,0
260405,2,1,0,0,0,0,0,0,0,0,0,0
260406,1,1,0,0,28,0,22,0,0,7,0,31
260407,1,1,0,0,0,0,0,0,0,0,0,0
260407,2,1,0,0,0,0,0,0,0,0,0,0
260408,0,1,0,0,0,0,0,0,0,0,25,55
260408,1,1,0,0,0,0,15,10,0,0,0,0
260409,1,1,0,0,0,0,0,0,0,0,0,0
260409,2,1,0,0,0,0,0,0,0,39,9,0
260410,1,1,0,0,0,0,0,0,0,0,0,0
260410,2,1,0,0,0,0,0,0,0,0,0,20
260411,1,1,0,0,0,0,0,0,0,0,0,0
260412,1,1,0,0,0,0,0,0,0,0,0,0
260413,1,1,0,0,0,0,0,0,0,0,0,0
260413,2,1,0,0,0,0,0,0,15,0,0,0
260414,1,1,0,0,0,12,0,0,0,0,24,0
260415,1,1,0,0,0,0,0,0,0,0,0,0
260415,2,1,0,0,0,0,0,0,0,0,0,0
260416,0,1,14,18,14,3,19,22,2,23,8,13
260416,1,1,0,0,0,0,0,0,0,0,0,0
260417,1,1,0,0,0,0,0,0,0,0,0,0
260418,1,1,0,0,0,0,0,0,0,0,0,0
260418,2,1,0,0,0,0,0,0,0,25,0,0
260421,1,1,0,0,0,0,0,0,0,0,0,0
260421,2,1,0,0,0,0,0,0,17,0,0,0
260422,1,1,0,0,0,0,0,0,0,0,0,0
260422,2,1,0,0,0,0,0,0,0,0,0,0
260423,1,1,36,9,0,18,0,17,12,0,19,30
260424,1,1,0,0,0,0,0,0,0,0,0,0
260425,0,1,3,0,0,0,0,0,0,0,0,0
260425,1,1,0,0,0,0,30,0,0,0,0,0
260426,1,1,0,0,0,0,0,0,0,0,0,0
260426,2,1,0,0,0,0,0,0,0,0,0,0
260427,1,1,0,0,0,0,0,0,0,0,0,0
260427,2,1,0,0,0,0,0,0,0,0,0,0
260428,1,1,0,0,0,0,0,0,0,0,0,0
260428,2,1,0,0,0,0,0,0,0,0,0,0
260429,1,1,0,0,0,0,0,0,0,0,0,0
260430,1,1,0,0,0,20,0,0,0,0,0,0
260431,1,1,15,15,15,15,15,15,15,15,15,15
260431,2,1,0,0,0,0,0,0,0,0,0,0
260432,1,1,0,0,0,0,0,19,0,0,0,0
260432,2,1,0,0,0,0,0,0,0,0,0,0
260433,1,1,0,0,0,0,0,0,0,0,0,0
260433,2,1,0,0,0,0,0,0,0,20,0,0
260434,1,1,0,0,0,34,0,0,0,0,6,17
260435,1,1,0,0,0,0,0,0,0,0,0,0
260436,1,1,0,0,0,0,0,0,0,0,0,0
260437,1,1,21,21,21,21,21,21,21,21,21,21
260438,1,1,0,0,0,0,0,0,0,0,0,0
260438,2,1,0,0,0,0,5,0,0,0,0,0
260438,3,1,0,0,0,0,0,0,0,0,0,0
260438,4,1,0,0,0,0,0,0,0,0,0,0
260438,5,1,0,0,0,0,0,0,0,0,0,0
260438,6,1,0,0,0,0,0,0,0,0,0,0
260439,1,1,0,0,0,0,0,0,0,0,0,0
260439,2,1,11,11,11,11,11,11,11,11,11,11
260440,1,1,0,0,0,0,0,0,0,0,0,0
260440,2,1,0,0,0,0,0,0,0,0,0,0
260441,1,1,0,0,0,0,0,0,0,0,0,0
260441,2,1,0,0,0,0,0,0,0,0,0,0
260442,1,1,14,15,16,17,13,0,0,17,29,14
260442,2,1,0,0,16,18,0,0,0,21,0,0
260443,0,1,12,0,0,0,0,0,0,0,25,0
260443,1,1,28,0,0,0,0,0,0,0,0,0
260444,1,1,0,0,0,0,0,0,0,0,0,0
260444,2,1,0,0,0,0,0,0,0,14,0,0
260444,3,1,0,0,0,0,0,0,0,0,0,0
260445,1,1,0,0,0,0,0,0,0,0,0,0
260445,2,1,0,0,0,0,0,0,0,0,0,0
260446,1,1,19,19,19,19,19,19,19,19,19,19
260447,1,1,0,0,0,0,0,0,0,0,0,0
260448,1,1,0,0,0,0,0,0,0,0,0,0
260448,2,1,15,15,15,15,15,15,15,15,15,15
260449,1,1,14,14,14,14,14,14,14,14,14,14
260450,1,1,14,14,14,14,14,14,14,14,14,14
260451,1,1,0,0,10,9,0,8,25,17,21,11
260452,1,1,9,18,17,18,5,18,19,7,21,4
260453,1,1,0,0,0,0,0,0,0,0,0,0
260454,1,1,7,7,7,7,7,7,7,7,7,7
260455,1,1,0,0,0,0,0,0,0,0,0,0
260455,2,1,0,0,0,0,0,0,0,0,0,0
260456,1,1,0,0,0,0,0,0,0,0,0,0
260456,2,1,0,0,0,0,0,0,0,0,0,0
260457,1,1,3,9,9,2,17,18,14,7,16,15
260457,2,1,0,0,24,0,0,0,0,14,2,0
260458,1,1,0,0,0,0,0,0,0,0,0,16
260458,2,1,0,0,0,0,0,0,0,0,0,0
260458,3,1,0,0,0,0,0,0,0,0,0,0
260459,1,1,0,0,0,0,0,0,0,0,0,0