ST_CASE,VEH_NO,PER_NO,P1,P2,P3,P4,P5,P6,P7,P8,P9,P10
260754,1,1,0,0,0,0,0,0,0,0,0,0
260754,2,1,0,0,0,0,0,0,0,0,0,0
260754,3,1,0,0,0,0,0,0,0,0,0,0
260755,1,1,0,0,0,0,0,0,0,0,0,0
260755,2,1,0,0,0,0,0,0,0,0,0,0
260756,1,1,0,0,0,0,0,13,0,0,0,0
260757,1,1,0,0,0,0,0,0,0,0,0,0
260758,0,1,0,0,0,0,0,0,0,0,36,0
260758,1,1,30,0,0,3,0,0,4,0,0,8
260759,1,1,0,0,0,0,0,15,0,0,0,0
260759,2,1,0,0,0,0,31,0,0,0,0,15
260760,1,1,0,0,0,0,0,0,0,0,0,0
260760,2,1,0,0,0,0,0,0,0,0,0,0
260760,3,1,0,0,0,0,0,0,0,0,0,0
260761,1,1,0,0,0,0,0,0,0,0,0,0
260761,2,1,0,0,0,0,0,0,0,0,0,0
260761,3,1,0,0,0,0,0,0,0,0,0,0
260762,1,1,0,0,0,0,0,0,0,0,0,0
260763,1,1,29,29,29,29,29,29,29,29,29,29
260764,1,1,0,0,0,0,0,0,0,18,18,0
260765,1,1,0,0,0,0,0,0,0,0,0,0
260765,2,1,0,0,0,0,0,0,0,0,0,0
260766,1,1,0,0,0,0,0,0,0,0,13,0
260767,1,1,10,0,0,0,0,0,0,0,0,0
260768,0,1,0,0,30,17,0,0,0,0,0,16
260768,1,1,0,0,0,0,0,0,0,0,0,0
260768,2,1,0,0,0,0,0,0,0,0,0,0
260769,1,1,0,0,0,0,0,0,0,0,0,0
260769,2,1,0,0,0,0,0,0,0,0,0,0
260770,1,1,0,0,0,0,0,0,0,0,0,0
260771,0,1,13,0,0,0,0,9,0,0,0,0
260771,1,1,0,0,0,0,0,0,0,0,0,0
260772,1,1,4,4,4,4,4,4,4,4,4,4
260772,2,1,12,0,0,32,0,0,16,0,0,0
260773,1,1,0,0,0,0,0,0,0,0,0,0
260773,2,1,0,0,0,0,0,0,0,0,0,0
260774,0,1,0,0,0,0,0,38,0,0,0,0
260774,1,1,0,0,0,0,0,0,0,0,0,0
260775,1,1,0,0,0,0,0,0,0,0,0,0
260775,2,1,0,0,0,0,3,0,0,0,0,0
260775,3,1,0,0,0,0,0,0,0,0,0,0
260776,1,1,6,6,6,6,6,6,6,6,6,6
260776,2,1,0,0,0,0,0,0,0,0,0,0
260777,0,1,0,0,21,0,0,17,0,0,0,0
260777,1,1,20,33,23,0,12,9,14,31,5,14
260778,0,1,0,0,0,0,0,0,0,0,0,0
260778,0,2,0,0,21,0,0,0,0,0,0,0
260778,1,1,0,0,0,0,0,0,0,0,0,0
260779,1,1,0,0,0,0,0,0,0,0,0,0
260779,2,1,0,0,14,0,0,0,0,20,0,16
260780,0,1,0,19,0,0,0,0,0,0,0,0
260780,1,1,0,0,12,0,0,0,0,0,0,0
260781,1,1,23,23,23,23,23,23,23,23,23,23
260782,0,1,0,0,0,0,0,0,0,0,21,0
260782,1,1,0,0,0,0,0,31,23,0,0,0
260783,0,1,0,0,0,0,0,0,0,0,0,0
260783,0,2,0,0,0,0,0,0,0,0,10,0
260783,1,1,0,0,0,0,0,0,0,0,0,0
260784,0,1,0,0,0,0,0,0,0,0,0,0
260784,1,1,0,0,0,0,0,0,0,0,0,0
260785,0,1,22,0,0,0,20,33,9,48,14,18
260785,1,1,0,0,0,0,0,0,0,0,0,0
260786,1,1,0,0,0,0,0,0,0,0,0,0
260786,2,1,22,0,0,0,0,0,0,10,0,0
260787,0,1,14,20,20,7,10,36,21,19,11,14
260787,1,1,10,0,8,6,8,0,0,0,7,2
260788,0,1,0,0,0,18,0,0,0,0,18,0
260788,1,1,15,10,0,20,0,0,0,0,0,0
260789,1,1,0,0,0,0,0,0,0,0,17,0
260789,2,1,0,0,15,0,0,0,0,0,0,0
260790,1,1,0,0,0,0,0,0,0,0,0,0
260790,2,1,0,0,0,0,0,0,0,0,0,0
260791,1,1,0,6,0,26,0,0,0,12,0,0
260792,1,1,0,0,0,0,23,19,0,0,0,0
260792,2,1,0,0,0,21,0,0,0,0,0,0
260793,0,1,0,33,0,0,8,0,0,0,0,0
260793,1,1,0,0,0,0,0,0,0,0,0,0
260794,1,1,0,0,0,0,0,0,0,0,0,0
260794,2,1,0,0,14,0,0,0,0,0,0,0
260795,0,1,14,5,40,26,15,21,5,20,0,9
260795,1,1,0,0,0,0,0,0,0,0,0,0
260796,1,1,0,0,0,0,0,0,0,0,0,0
260796,2,1,0,0,0,0,0,0,0,0,0,0
260797,1,1,17,0,0,0,0,0,0,0,0,0
260798,0,1,0,0,0,0,0,0,0,0,0,0
260798,1,1,0,0,0,0,0,0,0,0,0,0
260799,1,1,0,0,0,0,0,0,0,0,0,0
260799,2,1,0,0,0,0,0,0,0,0,0,0
260800,1,1,0,0,0,0,0,0,0,0,0,0
260801,0,1,0,0,0,0,0,0,0,0,0,0
260801,1,1,0,0,0,0,0,19,0,0,0,4
260802,1,1,8,8,8,8,8,8,8,8,8,8
260802,2,1,0,0,0,0,0,0,0,0,0,0
260803,1,1,0,0,0,0,0,0,0,0,0,0
260803,2,1,0,0,0,0,0,0,0,0,0,0
260804,1,1,0,0,0,0,0,0,0,0,0,0
260804,2,1,0,0,0,0,0,0,0,0,0,0
260804,3,1,0,0,0,0,0,0,0,0,0,0
260805,1,1,0,0,0,0,0,0,0,0,0,0
260805,2,1,0,0,0,0,0,0,0,0,0,0
260806,1,1,0,0,0,0,0,0,0,0,0,0
260806,2,1,0,0,0,0,0,0,0,0,0,0
260807,1,1,13,13,8,8,12,8,8,20,18,18
260808,1,1,9,0,15,10,0,10,0,30,13,0
260809,1,1,0,0,0,0,0,0,0,0,0,0
260810,1,1,0,0,0,0,0,0,0,0,0,0
260810,2,1,0,0,0,0,4,0,0,0,0,0
260810,3,1,0,0,0,0,0,0,0,0,0,0
260810,4,1,0,0,0,0,0,0,0,0,0,0
260811,0,1,0,0,0,0,0,0,0,0,0,0
260811,2,1,10,0,0,0,0,0,0,2,0,0
260812,1,1,0,0,0,0,0,0,0,0,0,0
260813,1,1,0,0,0,0,0,0,0,0,0,0
260813,2,1,0,0,0,0,0,0,0,0,0,0
260813,3,1,0,0,0,0,0,0,0,0,0,0
260814,1,1,0,0,0,0,0,0,0,0,0,0
260814,2,1,0,0,0,0,0,0,0,0,0,0
260814,3,1,0,0,0,0,0,0,0,0,0,0
260815,0,1,0,0,0,0,0,0,0,0,0,0
260815,1,1,18,0,18,0,0,6,16,0,0,5
260816,0,1,0,21,13,0,0,0,0,10,0,0
260816,2,1,0,0,0,0,23,0,0,0,0,0
260816,3,1,0,14,5,0,0,0,0,0,0,0
260817,1,1,0,0,0,0,0,0,0,0,0,0
260817,2,1,0,0,0,0,0,0,0,0,0,0
260817,3,1,0,0,0,0,0,0,0,0,0,0
260818,1,1,8,15,8,12,23,17,24,10,12,24
260819,1,1,0,0,0,0,0,0,0,0,16,0
260820,1,1,0,0,0,0,0,0,0,0,0,0
260821,0,1,0,0,0,0,0,0,0,0,0,0
260821,0,2,17,0,0,0,0,0,20,0,0,0
260821,1,1,2,2,2,2,2,2,2,2,2,2
260822,1,1,13,13,13,13,13,13,13,13,13,13
260822,2,1,0,0,0,0,0,0,0,0,0,0
260823,1,1,0,0,0,0,0,0,0,0,0,0
260824,1,1,0,0,0,0,0,0,0,13,0,0
260824,2,1,0,0,0,0,0,0,0,0,0,0
260825,1,1,0,0,0,13,0,0,0,0,10,0
260826,1,1,0,0,0,0,0,0,0,21,0,0
260827,0,1,0,0,0,0,0,16,0,0,0,25
260827,1,1,24,24,24,24,24,24,24,24,24,24
260828,1,1,25,25,25,25,25,25,25,25,25,25
260829,0,1,0,0,0,0,0,29,0,5,42,0
260829,1,1,0,0,0,0,0,0,0,0,0,0
260830,1,1,0,0,0,0,0,0,0,0,0,0
260830,2,1,0,0,0,0,0,0,0,0,0,0
260831,0,1,0,0,0,0,0,0,0,0,0,0
260831,1,1,0,0,0,0,0,0,0,0,0,0
260832,0,1,0,0,0,0,0,0,0,0,0,0
260832,1,1,0,0,0,0,0,0,0,0,0,0
260833,1,1,22,22,22,22,22,22,22,22,22,22
260833,2,1,0,0,0,0,0,0,0,0,0,0
260834,1,1,7,7,7,7,7,7,7,7,7,7
260835,1,1,0,0,0,0,0,0,0,0,0,0
260836,0,1,30,30,30,30,30,30,30,30,30,30
260836,1,1,0,0,0,0,0,0,0,0,0,0
260837,1,1,34,30,26,23,15,17,23,27,15,0
260838,1,1,16,16,16,16,16,16,16,16,16,16
260838,2,1,4,0,0,0,0,13,0,0,0,0
260839,1,1,24,24,24,24,24,24,24,24,24,24
260840,1,1,17,17,17,17,17,17,17,17,17,17
260841,1,1,15,23,8,9,11,14,7,0,0,7
260841,2,1,0,0,14,0,0,0,0,0,0,0
260841,3,1,0,0,0,0,0,0,0,0,0,0
260842,1,1,0,0,0,0,0,0,0,0,0,0
260842,2,1,0,0,0,0,0,0,0,0,0,0
260843,1,1,0,0,0,0,0,0,0,0,0,0
260844,1,1,0,0,0,0,0,0,20,0,0,0
260845,0,1,0,0,0,0,0,0,0,0,11,0
260845,1,1,0,7,0,0,0,0,0,0,16,0
260846,1,1,0,0,0,0,0,0,0,0,0,0
260847,0,1,0,0,29,0,0,0,0,0,0,0
260847,1,1,0,0,0,0,6,0,0,15,22,0
260848,0,1,0,0,0,0,0,0,0,0,0,0
260848,1,1,0,0,0,0,0,0,0,0,0,0
260849,0,1,0,0,0,14,0,9,0,0,0,44
260849,1,1,0,7,0,8,12,8,15,20,27,0
260850,1,1,0,0,0,0,0,0,0,0,0,0
260850,2,1,0,0,0,0,0,0,0,0,0,0
260850,3,1,0,0,0,0,0,0,0,0,0,0
260851,1,1,0,0,0,0,0,0,0,0,0,0
260851,2,1,0,0,0,0,0,0,21,0,0,0
260852,0,1,0,0,0,0,0,0,0,0,39,0
260852,1,1,0,0,0,0,10,0,0,0,14,0
260854,1,1,0,0,0,0,0,0,0,0,0,0
260854,2,1,0,0,0,0,0,0,0,0,0,0
260855,0,1,0,0,42,0,0,39,0,0,0,0
260855,0,2,0,0,0,0,0,0,0,0,0,0
260855,1,1,15,15,15,15,15,15,15,15,15,15
260856,1,1,0,0,0,0,0,0,0,0,0,0
260856,2,1,0,0,0,0,0,0,0,0,0,0
260857,0,1,21,6,8,35,12,19,8,12,13,18
260857,1,1,0,0,0,0,0,0,0,0,0,0
260858,1,1,0,0,0,0,0,29,0,0,0,0
260859,1,1,10,10,10,10,10,10,10,10,10,10
260860,1,1,0,0,0,0,0,0,0,0,0,0
260860,2,1,0,0,20,0,23,0,0,0,0,0
260861,1,1,10,10,10,10,10,10,10,10,10,10
260861,2,1,0,0,0,0,0,0,0,0,0,0
260862,1,1,15,8,13,23,0,24,19,0,22,0
260862,2,1,0,0,0,0,0,0,0,0,0,0
260863,1,1,0,0,0,0,0,0,24,0,0,11
260863,2,1,0,0,0,0,0,0,0,0,0,0
260864,1,1,0,0,0,0,0,0,0,0,0,0
260864,2,1,0,0,0,0,0,0,16,0,0,0
260865,0,1,29,0,0,0,20,0,0,0,0,0
260865,1,1,0,0,0,0,0,0,0,0,0,0
260866,1,1,5,5,5,5,5,5,5,5,5,5
260867,1,1,20,20,20,20,20,20,20,20,20,20
260868,1,1,0,0,0,0,0,0,0,0,0,0
260868,2,1,0,0,0,0,0,0,0,0,0,0
260869,1,1,16,16,16,16,16,16,16,16,16,16
260869,2,1,0,0,0,0,0,0,0,0,0,0
260870,1,1,0,0,0,0,0,0,0,0,0,0
260870,2,1,0,0,0,0,0,0,0,0,0,0
260871,1,1,0,0,0,0,0,0,0,0,0,0
260872,1,1,0,0,0,0,0,8,17,0,0,0
260873,1,1,22,22,22,22,22,22,22,22,22,22
260874,1,1,0,0,0,0,0,0,0,0,0,0
260874,2,1,0,0,0,0,0,0,13,0,0,28
260875,1,1,0,13,0,21,0,15,0,0,0,0
260876,1,1,0,0,0,0,0,0,0,0,0,0
260877,1,1,0,0,0,0,0,0,0,0,0,0
260877,2,1,0,0,0,0,0,0,0,0,0,0
260878,1,1,0,0,0,0,36,0,0,0,0,0
260879,1,1,0,0,0,0,0,0,0,0,0,0
260880,1,1,0,0,0,8,0,0,0,0,0,30
260881,0,1,0,35,0,0,0,15,0,0,0,0
260881,1,1,0,0,0,0,11,0,0,0,0,0
260882,0,1,0,0,0,0,0,0,0,0,0,0
260882,1,1,8,8,8,8,8,8,8,8,8,8
260883,1,1,15,8,21,17,22,21,16,17,21,19
260883,2,1,0,0,0,0,0,10,0,0,0,0
260884,1,1,0,0,14,0,0,12,0,0,0,0
260885,1,1,19,15,30,12,6,2,4,16,10,7
260886,1,1,5,5,5,5,5,5,5,5,5,5
260887,1,1,0,0,37,0,0,26,0,10,0,0
260887,2,1,6,0,0,0,0,0,9,0,0,0
260888,1,1,0,0,0,0,0,0,0,0,0,0
260888,2,1,0,0,0,0,0,5,0,0,0,0
260888,3,1,0,0,0,0,0,1,0,0,0,0
260889,1,1,0,0,0,0,0,0,3,11,0,0
260890,1,1,18,18,18,18,18,18,18,18,18,18
260890,2,1,0,0,0,31,0,0,0,0,18,0
260891,1,1,0,0,0,0,7,0,0,0,0,0
260891,2,1,0,0,0,0,0,0,0,0,0,0
260892,1,1,24,28,22,17,16,8,0,10,0,12
260892,2,1,0,0,0,0,0,0,0,0,0,0
260892,3,1,0,0,0,0,0,0,0,0,0,0
260893,0,1,0,0,0,0,0,0,0,0,0,0
260893,1,1,24,0,0,0,0,0,0,0,0,0
260894,1,1,0,0,5,0,0,0,0,0,13,0
260895,1,1,0,16,31,0,0,0,0,0,0,0
260895,2,1,0,0,0,0,0,0,0,0,0,0
260896,0,1,0,0,0,0,0,0,0,0,0,0
260896,1,1,0,0,0,0,0,0,0,0,0,0
260896,2,1,0,0,0,0,0,0,0,0,0,0
260897,1,1,0,0,3,0,0,0,0,0,24,0
260897,2,1,0,0,0,0,0,0,0,0,0,0
260897,3,1,0,0,0,0,0,0,0,0,0,0
260898,1,1,5,5,5,5,5,5,5,5,5,5
260899,0,1,0,0,0,0,0,0,0,0,0,0
260899,1,1,10,10,10,10,10,10,10,10,10,10
260900,1,1,0,0,0,0,0,0,0,22,0,0
260901,1,1,0,0,0,0,0,0,0,30,0,0
260902,1,1,6,23,14,32,22,0,29,0,27,15
260903,0,1,0,0,0,0,0,18,0,0,0,0
260903,1,1,0,0,0,0,0,0,0,0,0,0
260904,1,1,0,0,0,0,0,0,0,0,0,0
260904,2,1,0,0,0,0,0,0,0,0,0,0
260905,1,1,17,0,0,0,0,0,0,10,0,0
260905,2,1,0,0,0,0,0,0,0,0,0,0
260906,1,1,23,0,0,25,0,0,0,0,0,0
260907,0,1,0,0,20,0,0,0,0,0,0,17
260907,1,1,0,0,0,0,0,0,0,0,0,0
260908,1,1,0,0,0,0,0,22,0,0,0,0
260908,2,1,0,0,0,0,0,0,0,0,0,0
260909,0,1,0,0,0,0,0,0,0,0,0,0
260909,1,1,1,1,1,1,1,1,1,1,1,1
260910,0,1,0,0,0,0,0,0,20,0,0,0
260910,1,1,0,0,0,0,0,0,0,0,0,0
260911,1,1,0,0,0,0,0,0,0,0,0,0
260912,1,1,3,25,7,13,6,17,11,10,6,8
260912,2,1,0,0,0,0,0,0,0,0,0,0
260913,0,1,0,0,0,0,0,0,0,0,28,0
260913,1,1,0,0,0,0,0,0,0,0,0,0
260914,1,1,18,16,19,4,25,16,25,14,22,28
260915,1,1,18,28,27,16,11,30,11,16,23,16
260916,1,1,0,0,0,0,0,0,0,0,0,0
260916,2,1,0,0,0,0,0,0,0,0,0,0
260916,3,1,0,0,0,0,0,0,0,0,0,0
260916,4,1,0,0,0,0,0,0,0,0,0,0
260917,0,1,16,16,16,16,16,16,16,16,16,16
260917,1,1,0,0,0,0,0,0,0,0,0,0
260918,1,1,0,0,19,0,0,20,0,8,0,0
260919,1,1,0,0,0,0,0,0,0,0,0,0
260920,0,1,14,0,14,0,0,0,0,0,0,0
260920,1,1,0,0,0,0,0,0,0,0,0,0
260921,1,1,4,21,10,16,8,22,18,8,24,17
260922,1,1,0,0,0,0,0,0,0,0,0,0
260922,2,1,0,0,0,0,0,0,0,0,0,0
260923,0,1,0,0,0,0,0,0,0,0,0,0
260923,1,1,0,0,0,14,0,0,0,0,0,0
260924,1,1,19,19,19,19,19,19,19,19,19,19
260924,2,1,0,0,0,0,0,0,0,0,0,0
260925,1,1,0,0,0,0,14,0,0,0,0,0
260925,2,1,0,0,0,0,0,0,0,15,0,3
260926,0,1,13,13,13,13,13,13,13,13,13,13
260926,1,1,0,0,0,0,0,0,0,0,0,0
260926,2,1,0,0,0,0,0,0,0,0,0,0
260927,1,1,0,0,0,9,0,0,0,0,0,0
260928,1,1,2,2,2,2,2,2,2,2,2,2
260929,0,1,0,5,0,6,0,0,0,0,7,24
260929,1,1,0,0,0,0,0,0,0,0,0,0
260930,0,1,18,14,15,0,7,48,0,0,18,0
260930,1,1,0,0,0,0,0,0,0,0,0,0
260931,1,1,18,0,0,0,0,0,0,0,0,0
260931,2,1,0,0,0,0,0,0,0,0,0,0
260932,1,1,12,12,12,12,12,12,12,12,12,12
260933,1,1,0,0,0,0,0,0,0,26,0,0
260934,1,1,0,0,0,0,0,0,0,0,0,0
260935,1,1,0,0,0,0,0,0,0,0,20,15
260935,2,1,0,0,0,0,0,0,0,0,0,0
260936,1,1,0,0,0,0,0,0,0,0,0,0
260936,2,1,0,0,0,0,0,0,0,0,0,0
260936,3,1,0,0,0,0,0,0,0,0,0,0
260937,1,1,20,26,11,8,19,6,15,17,16,20
260938,1,1,27,27,27,27,27,27,27,27,27,27
260939,1,1,11,11,11,11,11,11,11,11,11,11
260939,2,1,0,0,0,0,0,0,0,0,0,0
260940,0,1,0,0,0,0,0,0,0,0,0,0
260940,0,2,26,0,20,33,0,0,0,0,0,0
260940,1,1,0,0,0,0,0,0,0,0,0,0
260940,2,1,0,0,0,0,0,0,0,0,0,0
260941,1,1,0,0,0,0,0,0,0,0,0,0
260941,2,1,0,0,0,0,0,0,0,0,0,0
260942,0,1,0,0,0,0,0,0,0,19,24,0
260942,1,1,3,3,3,3,3,3,3,3,3,3
260942,2,1,0,0,0,0,0,0,0,0,0,0
260943,1,1,0,0,0,0,0,0,0,0,0,0
260943,2,1,0,0,0,0,0,0,0,0,6,14
260943,3,1,0,0,0,0,0,0,0,0,0,0
260944,1,1,0,0,0,0,0,0,0,0,0,0
260944,2,1,0,0,0,0,0,0,0,0,0,0
260945,1,1,0,0,0,0,0,0,0,0,0,0
260946,1,1,14,25,12,22,9,11,12,25,0,17
260946,2,1,0,0,0,0,0,0,0,0,0,0
260947,0,1,14,16,10,18,14,15,4,12,0,2
260947,1,1,0,0,0,0,0,0,0,0,0,0
260948,1,1,0,0,0,0,0,0,0,0,0,0
260948,2,1,0,0,0,0,0,0,0,0,0,0
260949,0,1,0,0,0,0,0,0,0,0,0,0
260949,1,1,0,0,0,0,0,0,0,0,0,0
260950,0,1,0,0,14,0,0,0,0,0,0,0
260950,1,1,0,0,0,0,0,0,0,0,0,0
260951,1,1,0,0,0,0,0,0,0,0,0,0
260952,1,1,16,16,16,16,16,16,16,16,16,16
260952,2,1,14,14,14,14,14,14,14,14,14,14
260953,0,1,0,0,0,0,0,0,0,0,0,0
260953,1,1,0,0,0,0,0,0,0,0,0,0
260954,1,1,0,0,0,0,0,0,0,0,0,0
260954,2,1,0,0,0,0,0,0,0,0,0,0
260955,1,1,8,19,0,0,10,8,8,0,3,18
260955,2,1,0,0,0,0,0,0,0,0,0,0
260956,1,1,4,4,4,4,4,4,4,4,4,4
260957,1,1,0,0,0,11,0,0,0,0,0,0
260957,2,1,0,0,0,13,0,0,0,19,0,0
260958,0,1,0,0,0,0,0,0,0,0,0,0
260958,1,1,0,15,0,0,0,0,0,0,0,0
260959,0,1,15,17,22,12,30,14,12,30,22,23
260959,1,1,6,6,6,6,6,6,6,6,6,6
260960,1,1,15,15,15,15,15,15,15,15,15,15
260960,2,1,0,0,0,0,0,0,0,18,0,0
260961,1,1,0,0,0,22,14,0,0,0,0,0
260961,2,1,0,0,0,0,0,0,0,0,0,0
260961,3,1,0,0,0,0,0,0,0,0,0,0
260962,1,1,0,0,0,0,0,0,0,0,0,0
260963,1,1,39,39,39,39,39,39,39,39,39,39
260963,2,1,0,0,0,0,0,0,0,0,0,0
260964,1,1,0,0,0,0,0,0,0,0,0,0
260964,2,1,0,0,0,0,0,0,0,0,0,0
260965,1,1,3,3,3,3,3,3,3,3,3,3
260966,1,1,0,0,0,0,0,9,0,0,0,0
260967,0,1,23,44,31,12,24,5,16,11,15,36
260967,1,1,0,0,0,0,0,0,0,0,0,0
260968,0,1,21,17,40,47,9,14,17,15,26,5
260968,1,1,40,0,0,9,0,3,22,13,0,0
260970,0,1,0,0,0,0,18,0,0,0,0,0
260970,1,1,0,0,0,0,0,0,0,0,0,0
260971,1,1,25,0,0,0,0,22,13,0,0,0
260971,2,1,0,0,0,0,0,0,0,0,0,0
260972,1,1,0,0,0,0,0,0,0,0,0,0
260972,2,1,0,0,0,0,0,0,0,0,0,0
260973,0,1,0,0,0,0,0,0,10,0,0,0
260973,1,1,0,0,0,0,0,0,0,0,0,0
260974,1,1,11,11,11,11,11,11,11,11,11,11
260975,0,1,0,0,0,0,0,0,0,0,0,0
260975,1,1,0,0,0,0,0,0,0,0,0,0
260976,0,1,0,0,6,0,0,0,0,0,0,0
260976,1,1,0,12,0,0,0,0,0,0,4,16
260977,1,1,0,0,0,0,0,0,0,0,0,0
260978,1,1,0,0,0,0,0,0,0,0,0,0
260978,2,1,0,0,0,0,0,0,0,0,0,0
260979,1,1,0,0,0,13,0,18,0,0,0,0
260980,1,1,0,0,0,0,0,0,0,0,0,0
260981,0,1,24,12,34,23,23,6,5,14,14,20
260981,1,1,0,0,0,0,0,0,0,0,0,0
260982,0,1,0,0,0,0,0,0,16,0,0,0
260982,1,1,0,0,0,0,0,0,0,0,0,0
260983,1,1,0,0,0,0,0,0,0,0,0,0
260984,1,1,0,10,0,0,0,0,0,0,0,0
260985,1,1,0,0,0,0,0,0,0,0,0,0
260985,2,1,0,0,0,0,0,0,0,0,0,0
260985,3,1,0,0,0,0,0,0,0,0,0,0
260985,4,1,36,0,0,27,0,0,0,0,0,0
260986,0,1,0,0,0,0,0,20,11,0,0,0
260986,1,1,0,0,0,0,0,0,0,0,0,0
260987,1,1,0,0,0,18,0,0,0,0,0,0
260987,2,1,0,0,0,0,0,0,0,0,0,0
260988,1,1,0,0,0,0,0,0,0,0,0,0
260989,0,1,16,22,27,26,34,6,22,19,0,0
260989,1,1,0,0,0,0,0,0,0,0,0,0
260990,1,1,0,0,0,0,0,0,0,0,0,0
260991,1,1,0,0,0,19,0,0,0,0,0,0
260992,1,1,0,0,0,0,0,0,0,0,0,0
260993,1,1,0,0,0,0,0,0,0,0,0,21
260994,1,1,0,0,0,0,0,12,0,0,0,0
260995,1,1,18,18,18,18,18,18,18,18,18,18
260995,2,1,0,0,0,0,0,0,0,0,0,0
260996,0,1,0,0,0,0,0,0,4,0,0,0
260996,1,1,0,0,0,0,0,0,0,0,0,0
260997,1,1,0,0,0,0,0,0,0,0,0,0
260997,2,1,0,0,0,0,14,0,0,0,0,0
260997,3,1,0,0,0,0,0,0,0,0,0,0
260997,4,1,0,0,0,0,0,0,0,0,0,0
260998,1,1,0,0,0,0,0,0,0,0,0,0
260998,2,1,0,0,0,0,0,0,0,0,0,0
260999,1,1,6,6,6,6,6,6,6,6,6,6
261000,1,1,0,0,0,0,0,0,0,0,0,0
261001,1,1,0,0,0,0,0,0,0,0,0,0
261001,2,1,0,0,0,0,0,0,0,0,0,0
261002,1,1,0,19,16,0,0,0,0,0,0,15
261002,2,1,0,0,0,0,0,11,0,0,0,0
261003,1,1,0,0,0,0,0,0,0,0,0,0
261004,0,1,12,24,0,0,0,0,0,0,0,0
261004,1,1,17,0,0,0,0,0,0,0,0,0
261005,0,1,0,0,0,0,0,0,0,0,0,0
261005,1,1,0,0,0,0,0,7,0,0,0,0
261006,0,1,0,0,0,0,0,0,0,0,0,0
261006,1,1,0,0,0,0,0,0,0,0,0,0
261006,2,1,0,0,0,0,0,0,0,0,0,0
261007,0,1,0,23,0,0,0,0,0,0,19,0
261007,1,1,0,6,21,0,0,0,12,9,0,6
261008,1,1,0,0,0,0,0,0,0,0,0,0
261008,2,1,0,0,0,0,0,0,0,0,18,0
261009,1,1,0,0,0,0,0,0,0,0,0,0
261009,2,1,0,0,0,0,0,0,0,0,0,0
261010,1,1,0,0,0,0,0,0,0,0,0,0
261010,2,1,0,0,0,0,17,0,0,0,0,0
261010,3,1,0,0,0,0,0,0,0,0,0,0
261011,1,1,0,0,0,0,0,0,0,0,0,0
261011,2,1,0,0,0,0,0,0,0,0,0,0
261012,1,1,0,0,0,0,0,0,0,0,0,0
261012,2,1,0,16,0,0,0,0,0,0,0,0
261012,3,1,0,0,0,0,0,0,0,0,0,0
261012,4,1,0,0,0,0,0,0,0,5,0,0
261013,1,1,0,0,0,0,0,0,0,0,0,0
261013,2,1,0,0,0,0,0,0,0,0,0,0
261014,1,1,0,0,0,0,0,0,0,0,0,0
261015,1,1,0,0,0,0,0,0,0,0,0,0
261016,1,1,5,0,0,0,0,0,0,0,0,0
261016,2,1,0,0,0,0,0,0,0,0,0,0
261017,0,1,0,0,0,0,0,0,0,0,0,0
261017,1,1,0,0,0,0,0,0,0,0,0,0
261017,2,1,0,0,0,0,0,0,0,0,0,0
261018,0,1,13,13,13,13,13,13,13,13,13,13
261018,1,1,0,12,0,9,0,0,0,0,0,0
261019,1,1,0,0,0,0,0,0,0,0,21,0
261020,1,1,19,0,0,5,0,16,15,36,0,12
261020,2,1,0,0,20,0,0,0,0,0,0,0
261021,0,1,0,0,0,0,0,0,0,0,0,0
261021,1,1,0,0,0,0,0,0,0,0,0,0
261022,1,1,0,0,0,0,0,0,0,0,0,0
261022,2,1,0,0,0,0,0,0,0,0,0,0
261022,3,1,0,0,0,0,0,0,0,0,0,0
261023,0,1,0,0,0,0,0,0,0,0,0,0
261023,1,1,0,0,0,0,0,0,0,0,0,0
261024,1,1,0,0,0,0,0,0,0,0,0,0
261024,2,1,0,0,0,0,0,0,0,0,0,0
261025,1,1,0,0,0,19,6,0,0,19,0,12
261026,1,1,0,0,0,0,0,0,0,0,0,0
261026,2,1,0,0,0,0,0,0,0,0,0,0
261027,0,1,0,0,0,0,0,0,0,0,0,0
261027,1,1,0,0,10,0,0,0,0,0,0,0
261028,1,1,18,18,18,18,18,18,18,18,18,18
261029,0,1,0,0,0,0,0,0,0,0,0,0
261029,1,1,0,0,0,0,0,0,0,0,0,0
261030,1,1,15,15,15,15,15,15,15,15,15,15
261031,1,1,17,12,0,0,13,0,0,0,0,18
261032,1,1,0,0,0,0,0,17,0,4,0,0
261033,1,1,0,0,0,0,0,0,0,0,0,0
261033,2,1,0,0,0,0,0,0,0,0,0,9
261033,3,1,0,0,0,0,0,0,0,0,0,0
261034,1,1,0,0,0,0,0,0,0,18,13,0
261034,2,1,0,0,0,0,26,0,0,0,0,0
261035,1,1,0,0,12,0,8,12,0,0,9,0
261035,2,1,0,0,0,0,0,0,0,0,0,0
261036,0,1,28,24,18,28,25,20,4,32,20,11
261036,1,1,0,0,0,0,0,0,0,0,0,0
261037,1,1,0,0,0,0,0,0,0,0,0,0
261037,2,1,0,0,0,0,0,0,0,0,0,0
261039,1,1,0,0,0,0,0,0,0,0,0,0
261040,1,1,0,0,0,0,0,0,0,0,0,0
261041,1,1,14,12,11,29,22,34,25,28,9,17
261041,2,1,0,0,0,0,11,28,0,0,0,0
261042,1,1,0,0,19,0,0,0,0,0,0,0
261043,1,1,0,0,0,0,0,0,0,0,0,0
261044,1,1,0,0,0,0,0,0,0,0,0,0