ST_CASE,VEH_NO,PER_NO,P1,P2,P3,P4,P5,P6,P7,P8,P9,P10
270297,2,1,0,0,0,0,0,0,0,0,0,0
270298,1,1,0,0,0,0,0,0,0,0,0,0
270298,2,1,0,0,0,0,0,0,0,0,0,0
270299,1,1,0,0,0,0,0,0,0,0,0,0
270299,2,1,0,0,0,0,28,0,0,0,0,0
270300,1,1,19,19,19,19,19,19,19,19,19,19
270300,2,1,0,0,0,0,0,0,0,0,0,0
270300,3,1,0,0,0,0,0,0,0,0,0,0
270302,0,1,0,0,0,0,0,0,0,0,0,0
270302,1,1,0,0,0,0,0,0,0,0,0,0
270303,1,1,0,0,0,0,0,0,0,0,0,0
270303,2,1,0,0,0,0,0,0,0,0,0,0
270304,1,1,13,13,13,13,13,13,13,13,13,13
270305,1,1,0,0,0,0,6,0,0,0,0,0
270306,1,1,16,16,16,16,16,16,16,16,16,16
270307,1,1,0,0,0,0,0,0,0,0,0,0
270308,1,1,0,0,0,0,0,0,0,0,0,0
270308,2,1,0,0,0,0,0,0,0,0,0,0
270309,2,1,2,2,2,2,2,2,2,2,2,2
270310,1,1,0,0,0,0,0,0,0,0,0,0
270310,2,1,0,0,0,0,0,0,0,0,0,0
270311,1,1,0,0,7,0,0,0,0,0,0,0
270311,2,1,0,0,0,0,0,0,0,0,0,0
270312,1,1,9,9,9,9,9,9,9,9,9,9
270313,0,1,0,0,0,0,0,0,0,0,0,0
270313,1,1,0,0,0,0,0,0,0,0,0,0
270314,1,1,0,0,0,0,0,0,0,0,0,0
270314,2,1,0,0,0,0,0,0,0,0,0,0
270314,3,1,0,0,0,0,0,0,0,0,0,0
270315,1,1,12,0,0,16,11,0,0,0,0,28
270316,1,1,0,0,0,0,0,0,0,0,0,0
270317,1,1,16,16,16,16,16,16,16,16,16,16
270318,1,1,0,0,0,0,0,0,0,0,0,0
270319,1,1,0,0,0,0,0,0,0,0,0,0
270320,0,1,0,0,0,0,0,0,0,0,0,0
270320,1,1,0,0,0,0,0,30,0,0,0,0
270321,1,1,15,6,21,35,29,22,14,4,23,7
270322,1,1,0,0,0,0,0,0,0,0,0,0
270323,1,1,14,14,14,14,14,14,14,14,14,14
270324,1,1,0,0,0,0,0,0,0,0,0,0
270325,0,1,22,22,22,22,22,22,22,22,22,22
270325,1,1,0,0,14,0,0,0,0,0,19,0
270326,0,1,0,0,0,0,0,0,0,0,0,0
270326,1,1,0,0,0,0,0,0,0,0,0,0
270327,1,1,0,0,0,0,0,0,0,0,0,0
270327,2,1,0,0,0,0,0,0,0,0,0,0
270328,0,1,0,0,0,0,0,0,0,0,0,0
270328,1,1,13,13,16,11,0,0,23,0,0,0
270329,1,1,0,0,0,0,0,0,0,10,0,0
270330,1,1,0,0,0,0,0,0,0,0,0,0
270331,1,1,0,0,0,0,0,0,0,0,0,0
270332,0,1,0,0,0,0,0,0,0,0,0,0
270332,1,1,14,0,0,0,0,0,0,0,0,0
270333,1,1,17,17,17,17,17,17,17,17,17,17
270333,2,1,0,28,0,34,0,0,0,0,0,0
270334,0,1,14,14,14,14,14,14,14,14,14,14
270334,1,1,0,0,0,11,0,0,0,0,0,0
270335,1,1,0,0,0,18,0,0,0,0,0,0
270335,2,1,0,0,0,0,0,0,0,0,0,0
270336,1,1,0,0,0,0,0,0,0,0,0,0
270336,2,1,0,0,0,0,0,0,0,0,0,0
270337,1,1,21,21,21,21,21,21,21,21,21,21
270338,1,1,11,11,11,11,11,11,11,11,11,11
270339,1,1,12,7,20,30,16,14,18,17,10,9
270340,1,1,0,0,0,0,0,0,0,0,0,0
270341,1,1,23,14,31,9,16,25,22,18,0,21
270342,1,1,0,0,0,0,0,0,0,0,0,0
270342,2,1,0,0,0,0,0,0,0,0,0,0
270343,1,1,21,21,21,21,21,21,21,21,21,21
270343,2,1,0,0,0,0,0,0,0,0,0,0
270344,1,1,15,15,15,15,15,15,15,15,15,15
270345,0,1,0,0,0,0,0,0,0,0,0,0
270345,1,1,0,0,0,0,0,9,0,0,0,0
270346,1,1,0,0,0,0,0,0,0,0,0,0
270346,2,1,0,0,0,0,0,0,0,0,0,0
270347,1,1,0,0,0,0,0,0,0,0,0,0
270347,2,1,0,0,0,0,0,0,0,0,0,0
270348,1,1,0,0,0,0,0,0,0,0,0,0
270349,1,1,11,11,11,11,11,11,11,11,11,11
270350,1,1,0,0,0,0,0,0,0,0,0,0
270350,2,1,0,0,0,0,0,0,0,0,0,0
270351,0,1,0,0,0,0,13,0,0,0,0,0
270351,1,1,0,0,0,0,0,0,0,0,0,0
270352,1,1,24,12,8,5,17,19,31,13,4,13
270353,1,1,34,34,34,34,34,34,34,34,34,34
270354,1,1,0,0,0,0,0,0,0,0,0,0
270354,2,1,0,0,0,0,0,0,19,0,0,0
270355,1,1,0,0,0,0,0,0,0,0,0,0
270356,1,1,0,0,0,0,0,0,0,0,0,0
270356,2,1,0,0,0,0,0,0,0,0,0,0
270357,1,1,14,23,19,4,10,28,31,0,12,30
270358,1,1,0,0,0,0,0,0,0,0,0,0
270358,2,1,0,0,0,0,0,0,0,0,0,0
270359,1,1,0,0,0,8,0,0,0,24,0,0
270359,2,1,0,0,0,0,0,0,0,0,0,0
270360,1,1,0,0,0,0,0,0,0,0,0,0
270361,1,1,0,0,0,0,0,0,0,0,0,0
270362,1,1,13,13,13,13,13,13,13,13,13,13
270363,1,1,0,0,0,0,0,0,0,22,0,6
270363,2,1,0,0,0,0,0,0,0,0,0,0
270364,1,1,15,15,15,15,15,15,15,15,15,15
270364,2,1,0,0,0,0,0,0,0,0,0,0
270365,1,1,0,0,0,0,0,0,0,0,0,0
270365,2,1,0,0,0,0,0,0,0,0,0,0
270366,1,1,0,0,0,0,0,0,0,0,0,0
270366,2,1,0,0,0,0,0,15,0,0,0,0
270367,1,1,0,0,0,0,0,0,0,0,0,0
270367,2,1,0,0,0,0,0,0,0,0,0,0
270368,1,1,0,0,0,0,0,0,0,0,0,0
270368,2,1,0,0,0,0,0,0,0,0,0,0
270369,0,1,0,0,0,0,0,0,11,0,0,14
270369,1,1,0,0,22,0,0,0,0,0,0,0
270370,1,1,0,0,0,0,0,0,0,0,0,0
270370,2,1,0,0,0,0,0,0,0,0,0,0
270371,1,1,0,0,0,0,0,8,0,0,0,0
270371,2,1,0,0,0,0,0,0,0,0,0,0
270372,1,1,26,26,26,26,26,26,26,26,26,26
270373,1,1,0,0,0,0,0,0,0,0,0,0
270374,1,1,0,0,0,0,0,0,0,0,0,0
270375,1,1,0,0,0,0,0,0,0,0,0,0
270375,2,1,0,0,0,0,0,0,0,0,0,0
270376,1,1,7,7,7,7,7,7,7,7,7,7
270377,1,1,0,0,0,0,0,0,0,0,0,0
270377,2,1,0,0,0,0,0,0,0,10,0,0
270378,0,1,0,0,0,0,0,0,0,0,0,0
270378,1,1,0,0,0,0,0,0,0,0,0,0
270379,0,1,0,0,0,0,0,0,0,0,0,0
270379,1,1,0,0,0,0,0,0,0,0,0,0
270380,1,1,0,0,0,0,0,0,0,0,0,0
270380,2,1,0,0,0,0,0,0,0,0,0,0
270381,1,1,0,0,0,0,0,0,0,0,0,0
270382,1,1,0,0,0,0,0,0,0,0,0,0
270382,2,1,0,0,0,0,0,0,0,0,0,0
270383,1,1,22,11,13,19,23,25,24,27,19,24
270384,1,1,0,0,0,0,0,0,0,0,6,0
270384,2,1,0,0,0,0,0,0,0,0,0,0
270385,0,1,0,0,0,0,0,0,32,0,0,0
270385,1,1,15,0,4,0,0,16,0,18,0,0
270386,1,1,0,0,0,0,0,0,0,0,0,0
270387,1,1,0,0,0,0,0,0,0,0,0,0
270388,1,1,14,14,14,14,14,14,14,14,14,14
270389,1,1,29,29,29,29,29,29,29,29,29,29
270390,1,1,0,0,0,0,0,0,0,0,0,0
270390,2,1,0,0,0,0,0,0,0,0,0,0
270391,1,1,0,0,0,0,0,0,16,0,0,0
270391,2,1,0,0,18,0,0,0,0,0,0,0
270392,1,1,25,0,9,3,9,11,20,3,46,27
270392,2,1,0,0,0,0,0,0,0,0,0,0
270393,1,1,0,0,0,0,0,0,0,0,0,0
270393,2,1,0,0,0,0,0,14,0,0,0,0
270394,1,1,0,0,0,0,0,0,0,0,0,0
270394,2,1,0,0,0,21,0,0,0,0,0,0
270395,1,1,0,0,0,0,0,0,0,0,0,10
270395,2,1,0,0,0,0,0,0,0,0,0,0
270396,1,1,0,0,0,0,0,0,0,0,0,0
270396,2,1,0,0,0,0,0,0,0,0,0,0
270397,1,1,18,18,18,18,18,18,18,18,18,18
270398,1,1,20,14,25,10,10,7,10,33,6,21
270399,0,1,0,0,0,0,0,0,0,0,0,0
270399,1,1,12,12,12,12,12,12,12,12,12,12
270400,1,1,0,0,0,0,0,0,0,0,0,0
270401,0,1,0,0,0,0,0,0,0,0,0,0
270401,0,2,0,0,0,0,0,0,0,0,0,0
270401,1,1,0,0,0,0,0,0,0,0,0,0
270402,1,1,0,0,0,0,0,0,0,0,0,0
270402,2,1,0,0,0,0,0,0,0,0,0,0
270402,3,1,0,0,0,0,0,0,0,0,0,0
270403,0,1,9,9,9,9,9,9,9,9,9,9
270403,2,1,0,0,0,0,0,0,0,17,0,0
270404,1,1,0,0,0,0,0,0,0,0,0,0
270404,2,1,0,0,0,0,0,0,6,0,0,0
270405,1,1,0,0,0,0,8,0,0,17,0,0
270406,1,1,18,18,18,18,18,18,18,18,18,18
270406,2,1,0,0,0,0,0,0,0,0,0,0
270407,1,1,0,0,0,35,0,11,35,23,8,0
270408,0,1,0,0,0,0,0,0,0,0,0,0
270408,1,1,0,0,4,0,0,0,0,0,0,0
270409,1,1,0,0,0,0,0,0,0,0,0,0
270409,2,1,0,0,0,0,0,0,0,0,0,0
270410,1,1,0,0,0,0,0,13,0,0,0,0
270411,0,1,29,16,10,10,15,0,16,23,34,25
270411,1,1,0,0,0,0,0,0,0,0,0,0
270412,0,1,0,14,0,0,0,0,0,0,0,0
270412,1,1,0,0,0,19,0,13,7,18,0,0
270413,0,1,10,0,0,28,19,15,17,6,15,8
270413,1,1,0,0,0,0,0,0,0,0,0,0
270414,1,1,0,0,0,0,0,0,0,0,0,0
270414,2,1,0,0,0,0,0,0,0,0,0,0
270415,1,1,0,0,0,0,15,0,0,0,0,0
270416,1,1,0,0,0,0,0,0,0,0,0,0
270416,2,1,0,0,0,0,0,0,0,0,9,0
270417,1,1,0,0,0,0,0,0,0,0,0,0
270417,2,1,0,0,0,0,0,0,0,0,0,0
270419,1,1,0,0,0,0,0,0,0,0,0,0
270420,1,1,0,0,0,0,0,0,0,0,0,0
270420,2,1,0,0,0,0,0,0,0,0,0,0
270421,1,1,16,8,34,0,0,14,15,0,0,13
270422,1,1,20,20,20,20,20,20,20,20,20,20
270423,1,1,28,28,28,28,28,28,28,28,28,28
270424,1,1,0,0,0,0,0,0,0,0,0,0
270424,2,1,0,0,0,0,0,0,0,0,0,0
270425,0,1,0,0,0,0,0,23,0,0,6,0
270425,1,1,9,9,9,9,9,9,9,9,9,9
270426,0,1,6,12,15,19,51,36,32,4,0,29
270426,1,1,0,0,0,0,0,0,0,0,0,0
270427,0,1,26,26,26,26,26,26,26,26,26,26
270427,1,1,0,17,0,0,0,0,0,0,8,0
270428,1,1,0,0,0,0,0,0,0,0,0,0
270429,1,1,0,0,0,0,0,0,17,0,0,16
270430,1,1,19,19,19,19,19,19,19,19,19,19
270431,1,1,0,0,0,0,6,0,0,0,0,0
270431,2,1,0,5,0,0,0,0,0,0,0,0
270432,1,1,8,0,17,12,40,28,11,28,15,39
270433,1,1,7,7,7,7,7,7,7,7,7,7
270434,0,1,0,0,0,0,0,0,0,0,0,0
270434,1,1,0,0,0,10,0,0,0,0,0,0
270435,1,1,19,0,10,0,8,17,12,14,10,17
270436,1,1,18,18,18,18,18,18,18,18,18,18
280001,1,1,15,0,0,0,0,0,0,0,0,0
280002,1,1,0,0,6,0,0,9,11,0,0,0
280003,1,1,0,0,0,0,0,0,0,0,0,0
280003,2,1,0,0,0,0,0,0,0,0,0,0
280004,1,1,0,0,0,0,0,0,0,0,0,0
280004,2,1,0,13,35,0,0,0,0,0,0,0
280005,1,1,0,0,0,0,0,0,0,0,0,0
280005,2,1,0,0,0,0,0,0,0,0,0,0
280006,1,1,0,0,0,0,0,0,0,0,0,0
280006,2,1,0,0,0,0,0,0,0,0,0,0
280007,1,1,8,8,8,8,8,8,8,8,8,8
280008,1,1,15,0,18,0,0,21,0,0,10,0
280009,0,1,0,0,0,0,0,0,12,0,0,0
280009,1,1,0,0,0,0,0,0,0,0,0,0
280010,1,1,0,0,0,0,0,0,0,0,0,0
280010,2,1,0,0,0,0,0,0,0,0,0,0
280011,1,1,0,0,0,0,0,0,0,0,0,0
280012,1,1,0,0,0,0,0,0,8,0,0,0
280012,2,1,18,11,20,4,9,13,9,0,0,4
280013,1,1,0,0,0,0,0,0,0,0,0,0
280014,1,1,0,12,0,0,0,0,0,0,45,0
280014,2,1,0,0,0,0,0,0,0,20,0,0
280015,1,1,0,0,0,0,0,0,0,0,0,0
280016,1,1,0,19,12,11,0,10,0,15,22,8
280016,2,1,0,0,0,0,0,0,0,0,0,0
280017,1,1,0,0,0,0,0,0,0,0,0,0
280017,2,1,0,0,0,0,0,0,0,0,0,0
280018,1,1,0,0,0,0,0,0,0,0,0,0
280018,2,1,0,0,0,0,0,0,0,0,0,0
280019,1,1,6,6,6,6,6,6,6,6,6,6
280020,1,1,0,0,12,0,0,19,0,0,0,0
280021,1,1,0,0,0,23,0,0,0,0,0,0
280022,0,1,0,27,44,0,23,0,0,0,0,0
280022,1,1,0,0,0,0,0,0,0,0,0,0
280023,1,1,13,13,24,18,12,19,3,0,7,15
280023,2,1,0,0,0,0,0,0,0,0,0,0
280024,1,1,0,0,0,0,0,0,0,0,0,0
280025,1,1,0,0,0,0,0,15,0,0,0,0
280026,0,1,0,0,0,0,0,15,0,0,0,0
280026,1,1,22,22,22,22,22,22,22,22,22,22
280027,1,1,0,0,17,0,0,0,0,0,0,17
280028,1,1,0,0,0,0,0,0,0,0,0,0
280028,2,1,0,0,14,0,0,0,0,0,0,0
280028,3,1,0,0,0,0,0,0,0,0,0,0
280029,0,1,0,0,0,0,0,0,0,0,0,0
280029,1,1,0,0,0,0,0,0,0,0,0,0
280030,1,1,0,0,0,0,0,0,0,0,0,0
280030,2,1,0,0,0,0,0,0,0,0,0,0
280031,1,1,0,0,0,0,0,0,0,0,0,0
280031,2,1,0,0,0,0,10,0,0,0,0,0
280031,3,1,19,28,10,20,8,9,20,19,17,16
280032,1,1,14,21,22,0,0,0,0,0,0,0
280033,1,1,0,0,0,0,0,0,0,0,0,0
280034,1,1,0,0,0,21,0,0,0,0,0,0
280035,1,1,24,0,0,0,0,0,0,0,0,0
280037,0,1,0,16,0,0,0,0,0,0,23,0
280037,1,1,0,2,0,15,0,14,7,15,0,4
280038,1,1,23,25,19,23,6,24,2,11,2,5
280038,2,1,0,6,0,0,0,0,0,0,0,0
280038,3,1,0,0,0,0,0,0,0,23,0,0
280039,1,1,0,0,0,0,0,0,0,0,0,0
280039,2,1,0,0,0,0,0,0,0,0,0,6
280040,1,1,0,0,0,27,0,0,0,0,0,0
280041,1,1,0,0,0,0,0,0,28,0,21,0
280041,2,1,0,0,15,0,0,0,0,0,0,0
280042,1,1,0,0,0,0,0,0,0,17,0,0
280042,2,1,0,0,0,15,0,0,0,0,0,0
280043,1,1,0,0,0,0,0,0,0,0,0,0
280043,2,1,0,0,0,0,0,0,0,0,0,0
280044,1,1,0,0,0,12,0,0,8,20,0,0
280045,1,1,9,0,0,0,0,0,0,0,0,0
280046,1,1,0,0,0,0,0,0,0,0,0,0
280046,2,1,7,0,0,0,0,0,0,0,0,0
280047,1,1,0,0,0,0,0,0,0,0,0,0
280047,2,1,0,0,0,0,0,0,0,0,0,0
280047,3,1,0,0,0,0,0,0,0,0,0,0
280048,1,1,0,25,0,0,0,0,0,0,18,0
280049,0,1,0,0,0,0,0,0,0,0,0,0
280049,1,1,0,0,12,0,0,21,0,0,0,0
280050,1,1,0,0,0,0,0,0,0,0,0,0
280051,1,1,13,13,13,13,13,13,13,13,13,13
280051,2,1,0,0,0,0,0,0,0,0,0,0
280052,1,1,0,0,0,0,0,0,0,0,0,0
280053,1,1,0,0,0,0,0,0,0,0,0,0
280053,2,1,0,0,0,0,0,0,0,0,0,0
280054,1,1,0,5,0,0,0,0,0,0,0,0
280055,1,1,18,0,0,0,0,0,0,0,0,0
280056,0,1,0,0,0,0,21,32,20,0,0,0
280056,1,1,0,7,0,0,0,0,0,0,0,0
280057,1,1,0,0,0,0,18,14,15,14,0,0
280058,1,1,0,0,0,0,0,0,0,0,0,0
280058,2,1,0,0,0,0,0,0,0,0,0,0
280059,1,1,0,0,0,0,0,0,0,0,0,0
280059,2,1,14,25,0,22,19,22,0,16,13,0
280060,1,1,0,0,0,0,0,0,0,0,0,0
280060,2,1,0,0,0,0,0,0,9,0,0,0
280061,1,1,18,0,0,0,7,0,0,0,0,0
280062,1,1,0,0,0,0,0,0,0,0,0,0
280062,2,1,0,0,0,0,0,0,0,0,0,0
280063,1,1,0,0,0,0,0,0,0,0,0,0
280063,2,1,0,0,0,0,0,0,0,0,0,0
280064,1,1,0,0,0,0,0,0,0,0,0,0
280064,2,1,0,0,0,0,0,0,0,0,9,0
280065,1,1,0,0,0,0,0,0,0,0,0,0
280065,2,1,0,0,0,0,0,0,0,0,0,0
280065,3,1,0,0,8,0,0,0,0,0,0,0
280066,0,1,0,0,0,0,0,0,0,0,19,0
280066,1,1,0,0,0,0,0,0,0,0,0,0
280067,1,1,0,0,0,0,0,0,0,0,0,0
280067,2,1,0,0,0,0,0,0,0,0,0,0
280068,1,1,17,0,0,0,0,0,18,0,0,0
280068,2,1,15,15,15,15,15,15,15,15,15,15
280069,1,1,0,31,31,0,0,38,0,0,0,0
280070,1,1,0,0,0,0,0,0,0,0,0,20
280071,1,1,4,20,25,32,22,12,21,17,4,15
280072,1,1,0,0,0,0,0,0,0,0,0,0
280072,2,1,0,0,0,0,0,0,0,0,0,0
280072,3,1,0,0,0,0,0,0,0,0,0,0
280073,1,1,0,20,0,0,0,0,0,0,0,0
280073,2,1,0,0,0,0,0,0,0,0,0,0
280074,1,1,25,17,24,23,0,14,13,2,20,20
280075,1,1,8,0,13,25,6,0,15,11,13,11
280076,1,1,0,0,0,0,0,0,0,0,0,0
280076,2,1,0,0,0,0,0,0,18,0,0,0
280077,0,1,0,0,0,0,0,0,0,0,0,18
280077,1,1,0,0,0,0,0,0,0,0,29,0
280078,1,1,0,0,12,0,0,0,0,0,0,0
280078,2,1,0,0,0,0,0,0,0,0,0,26
280080,1,1,9,0,16,14,10,11,6,30,10,14
280080,2,1,0,8,0,0,0,0,0,0,26,0
280080,3,1,0,13,0,0,0,0,0,0,0,0
280081,0,1,0,0,0,0,30,0,0,0,0,20
280081,1,1,0,0,0,0,0,0,0,0,0,0
280082,1,1,0,0,0,0,19,0,0,0,0,0
280083,1,1,0,0,0,0,0,0,0,0,0,0
280083,2,1,0,0,0,0,10,0,0,0,0,24
280084,0,1,0,0,0,18,0,0,0,0,29,0
280084,1,1,0,0,0,0,0,0,0,0,0,0
280085,1,1,0,0,0,0,0,0,0,0,0,0
280085,2,1,0,0,0,0,0,5,0,0,0,0
280086,0,1,17,9,7,36,31,22,15,9,12,16
280086,1,1,0,0,0,0,0,0,0,0,0,0
280087,1,1,13,0,22,25,19,0,5,23,25,16
280088,1,1,37,10,17,28,19,21,28,9,15,19
280089,1,1,0,0,0,0,0,0,0,0,0,0
280089,2,1,0,0,0,0,0,0,0,0,0,0
280090,0,1,0,10,0,0,0,0,0,0,0,0
280090,1,1,0,0,0,0,0,0,22,0,0,0
280091,0,1,0,0,0,0,0,0,23,0,0,0
280091,1,1,0,0,0,0,0,0,0,0,0,0
280092,1,1,0,0,0,0,0,0,0,0,0,0
280092,2,1,0,0,0,0,0,0,0,0,0,0
280093,1,1,0,0,0,0,0,0,0,0,34,0
280093,2,1,0,0,0,0,0,0,0,0,0,0
280094,1,1,0,0,0,0,0,0,0,0,0,0
280094,2,1,0,0,0,0,0,0,0,0,0,0
280095,1,1,0,0,0,0,0,0,0,0,0,11
280095,2,1,0,0,0,0,0,0,0,0,0,0
280096,1,1,0,0,0,0,0,0,0,0,0,0
280097,0,1,0,0,0,0,0,0,0,0,0,0
280097,1,1,0,0,0,0,0,0,0,0,0,0
280099,1,1,0,12,0,0,0,0,0,0,0,0
280099,2,1,0,0,0,0,0,0,0,0,0,0
280100,0,1,26,0,0,27,0,0,34,14,30,0
280100,1,1,0,0,14,6,10,0,19,15,0,0
280101,1,1,28,18,12,24,20,15,0,24,18,25
280102,1,1,33,0,0,0,0,0,0,0,0,0
280102,2,1,0,0,0,0,0,0,0,0,0,0
280103,1,1,0,0,0,0,0,0,0,0,0,0
280104,1,1,0,0,0,0,0,0,0,0,0,0
280104,2,1,0,0,0,0,0,0,0,0,0,0
280104,3,1,0,0,0,0,0,0,0,0,0,0
280105,1,1,0,0,0,0,0,0,0,0,19,0
280105,2,1,0,0,0,0,0,0,0,0,0,0
280106,1,1,0,0,0,0,17,0,9,0,0,0
280107,1,1,0,0,0,0,0,0,0,0,0,0
280108,0,1,30,31,8,22,30,0,0,12,14,26
280108,1,1,0,10,0,0,12,25,13,0,0,0
280109,1,1,3,5,7,20,31,35,17,13,22,13
280110,1,1,1,1,1,1,1,1,1,1,1,1
280111,1,1,0,0,0,0,0,0,0,0,0,0
280111,2,1,0,0,0,0,12,0,0,0,0,0
280112,1,1,0,0,0,25,0,0,0,0,0,0
280112,2,1,0,0,0,0,0,0,0,0,0,0
280113,1,1,0,0,0,0,18,0,0,0,0,0
280113,2,1,8,7,0,16,8,0,23,11,3,15
280114,1,1,0,0,0,0,0,0,0,0,0,0
280114,2,1,0,0,0,0,0,0,0,0,0,0
280115,1,1,0,0,0,0,0,0,0,0,0,0
280116,1,1,0,0,0,0,0,0,16,0,0,0
280117,1,1,0,17,0,0,0,0,0,0,0,0
280118,0,1,0,21,0,0,0,28,16,23,0,0
280118,1,1,8,0,0,0,0,0,0,13,0,0
280119,1,1,19,23,12,25,24,21,6,22,13,7
280119,2,1,0,0,0,0,0,0,0,0,0,0
280120,1,1,0,0,0,0,0,0,0,0,0,0
280121,1,1,0,0,0,0,0,0,0,0,0,0
280121,2,1,0,0,0,0,0,0,0,0,0,0
280122,1,1,0,0,0,0,0,0,0,0,0,0
280123,0,1,0,18,0,14,26,10,0,0,0,0
280123,1,1,0,0,0,0,0,0,10,0,0,0
280124,1,1,0,0,0,0,0,0,0,0,0,0
280126,1,1,18,18,18,18,18,18,18,18,18,18
280126,2,1,0,0,0,0,0,0,0,30,0,0
280127,1,1,0,0,0,0,0,0,0,0,0,0
280127,2,1,0,0,0,0,0,0,0,0,0,0
280129,1,1,0,25,28,0,0,0,0,0,0,28
280130,1,1,0,0,0,0,0,0,0,0,0,0
280130,2,1,0,0,0,0,0,0,0,0,0,0
280131,1,1,18,0,15,0,8,9,21,12,0,20
280131,2,1,0,0,0,0,0,0,0,0,0,0
280132,1,1,0,0,0,0,0,0,0,0,0,0
280133,1,1,0,0,0,0,0,0,0,0,0,0
280133,2,1,16,0,0,0,0,0,0,0,0,0
280134,1,1,0,0,0,0,0,0,0,0,0,0
280134,2,1,0,0,0,11,0,0,0,0,0,0
280134,3,1,0,0,0,0,0,0,0,0,24,0
280135,0,1,0,0,18,0,0,0,0,0,0,18
280135,1,1,0,0,0,0,0,0,0,0,15,0
280136,1,1,0,0,0,0,0,0,0,0,0,0
280137,1,1,0,0,0,0,0,0,0,0,0,0
280138,2,1,0,0,0,0,0,0,0,0,0,0
280139,0,1,15,0,0,0,0,0,0,0,0,5
280139,1,1,12,0,0,0,0,0,0,0,0,0
280140,1,1,0,0,0,0,0,0,21,0,0,0
280140,2,1,0,0,0,0,0,10,0,0,0,0
280141,1,1,0,0,0,0,0,0,0,0,0,0
280142,1,1,0,0,0,0,0,0,0,0,0,0
280142,2,1,0,0,0,0,0,0,0,0,0,0
280143,1,1,0,8,0,0,0,0,0,0,0,0
280143,2,1,0,0,0,0,0,0,0,0,0,0
280144,0,1,0,0,0,0,0,0,0,0,0,0
280144,1,1,0,0,0,0,11,0,0,0,0,0
280145,1,1,0,0,0,0,0,0,0,0,0,0
280145,2,1,0,0,0,0,0,0,16,0,0,0
280146,1,1,5,0,0,0,0,0,0,0,0,0
280147,1,1,0,0,0,15,0,0,27,0,0,0
280147,2,1,0,0,3,0,0,0,0,0,0,0
280148,1,1,0,12,0,0,0,0,0,0,0,0
280149,1,1,0,0,0,0,0,0,0,0,0,0
280150,1,1,0,22,0,4,12,0,11,0,14,0
280151,1,1,0,0,0,0,0,0,0,0,0,0
280151,2,1,0,0,0,0,0,0,0,0,0,0
280152,1,1,0,0,0,0,0,0,0,0,21,0
280152,2,1,0,0,0,0,0,0,0,0,0,0
280153,0,1,0,0,0,0,0,25,0,0,0,27
280153,1,1,0,0,0,0,0,0,0,0,0,0
280154,1,1,0,0,0,0,0,0,0,0,0,0
280155,1,1,12,25,21,10,13,12,26,17,6,24
280155,2,1,0,0,0,0,0,0,0,0,0,0
280156,1,1,8,0,0,0,0,13,0,0,47,0
280157,1,1,0,0,0,0,0,0,0,0,0,0
280158,0,1,20,0,0,21,14,22,0,0,0,19
280158,1,1,0,0,0,0,0,0,0,0,0,0
280159,1,1,0,0,0,0,0,0,0,0,0,0
280159,2,1,0,0,0,0,0,0,0,0,0,0
280160,1,1,0,0,0,0,0,0,0,0,0,0
280161,1,1,0,0,0,0,0,0,0,0,0,0
280161,2,1,0,0,0,0,0,29,0,0,0,0
280161,3,1,0,0,0,14,0,0,0,0,14,0
280162,1,1,0,0,0,0,16,0,0,0,30,0
280163,1,1,17,17,41,16,22,21,8,6,29,33
280164,1,1,19,0,0,0,0,0,0,0,0,0
280164,2,1,0,0,0,0,0,0,25,0,0,0
280165,0,1,0,0,0,0,0,0,41,0,0,32
280165,1,1,0,0,15,0,0,0,0,0,0,0
280165,2,1,7,27,0,0,14,6,0,19,11,0
280166,0,1,10,0,0,0,0,0,16,18,0,0
280166,1,1,0,0,0,0,11,0,15,0,0,16
280167,0,1,0,0,0,2,29,0,0,0,0,0
280167,0,2,21,16,24,14,8,16,14,20,13,21
280167,0,3,0,39,0,0,0,0,25,0,0,15
280167,1,1,0,0,0,12,12,0,6,0,9,11
280168,1,1,0,0,0,0,0,0,0,0,0,0
280168,2,1,13,0,13,9,15,16,14,7,6,20
280169,1,1,0,0,23,21,0,0,0,0,8,0
280170,1,1,5,0,15,15,0,0,4,0,0,27
280172,0,1,0,11,0,0,0,0,9,0,0,0
280172,1,1,0,0,0,0,0,8,0,0,0,0
280173,1,1,0,0,0,0,0,0,0,0,0,0
280173,2,1,0,0,0,0,0,0,0,0,0,0
280174,1,1,0,0,0,0,0,0,0,0,0,0
280174,2,1,0,0,0,0,0,0,0,44,0,0
280175,1,1,0,0,0,0,18,0,0,0,0,0
280175,2,1,0,19,0,0,0,0,0,0,0,0
280176,0,1,16,0,0,0,0,0,0,0,0,0
280176,1,1,0,0,0,0,0,0,0,0,15,0
280177,1,1,11,0,20,0,0,11,0,0,0,0
280179,1,1,18,39,20,0,0,17,0,0,0,0
280180,0,1,0,10,0,0,8,18,15,0,21,20
280180,1,1,0,0,0,0,0,0,0,0,0,0
280181,1,1,13,13,13,13,13,13,13,13,13,13
280182,1,1,0,0,0,0,0,0,0,0,0,0
280183,1,1,0,0,0,0,0,0,0,0,23,0
280183,2,1,0,0,0,0,0,0,0,0,0,0
280184,1,1,10,0,0,0,0,0,0,0,0,1
280185,1,1,0,0,0,0,0,0,0,0,0,0
280186,0,1,0,33,0,0,0,13,0,0,15,29