ST_CASE,VEH_NO,PER_NO,P1,P2,P3,P4,P5,P6,P7,P8,P9,P10
280500,1,1,0,0,0,0,0,0,0,0,0,0
280501,1,1,0,0,16,0,0,0,0,0,19,0
280501,2,1,0,0,0,0,0,0,0,0,0,0
280501,3,1,0,0,0,0,0,0,0,0,0,0
280503,1,1,0,0,0,0,0,16,0,0,0,0
280504,1,1,0,0,0,0,0,0,0,22,0,21
280505,0,1,0,20,6,19,0,20,14,0,0,0
280505,1,1,0,0,0,0,0,0,0,0,14,0
280506,1,1,0,0,0,0,0,0,0,0,0,0
280506,2,1,0,0,0,0,0,0,0,5,0,0
280508,1,1,0,0,0,0,0,0,0,0,0,0
280508,2,1,0,0,0,0,0,0,0,0,14,0
280509,1,1,0,0,0,0,0,0,0,0,0,0
280509,2,1,0,0,0,0,0,17,0,0,0,0
280510,1,1,27,37,20,16,16,19,16,11,12,9
280511,0,1,0,0,0,12,0,0,0,0,0,30
280511,1,1,0,11,20,0,15,22,0,0,0,0
280512,1,1,0,0,0,0,0,0,0,0,0,0
280512,2,1,0,0,0,0,0,0,0,0,0,0
280512,3,1,0,0,0,0,0,0,0,0,0,0
280512,4,1,0,0,0,0,0,0,0,0,0,0
280512,5,1,0,0,0,0,0,0,22,0,0,0
280513,1,1,8,8,8,8,8,8,8,8,8,8
280514,1,1,12,22,15,18,10,12,13,9,20,7
280515,1,1,20,0,0,0,17,0,0,23,0,0
280516,1,1,0,0,0,0,0,0,0,0,0,0
280516,2,1,0,0,0,0,0,0,0,0,0,0
280517,1,1,0,0,0,0,0,0,0,0,0,0
280517,2,1,0,0,0,0,0,0,0,0,0,0
280518,1,1,0,0,0,0,0,0,0,13,0,0
280519,1,1,20,15,16,8,12,10,17,12,12,27
280520,1,1,0,0,0,0,21,0,0,0,0,52
280521,0,1,33,33,33,33,33,33,33,33,33,33
280521,1,1,0,0,0,0,34,0,0,0,0,0
280522,1,1,0,0,0,0,0,0,0,0,0,0
280522,2,1,0,0,0,0,0,0,0,0,0,0
280522,3,1,0,0,0,0,0,0,0,0,0,0
280522,4,1,0,0,0,0,0,0,0,0,0,0
280522,5,1,0,0,0,0,0,0,0,0,0,0
280523,1,1,0,0,0,0,0,0,0,0,0,0
280524,1,1,0,0,0,0,0,0,0,0,0,0
280524,2,1,10,0,0,0,0,0,0,0,0,0
280524,3,1,0,0,0,0,0,0,0,0,0,0
280524,4,1,0,0,0,6,0,0,0,0,0,0
280525,1,1,0,0,0,22,0,0,0,0,0,0
280525,2,1,12,12,12,12,12,12,12,12,12,12
280526,1,1,0,0,0,0,0,0,0,0,0,0
280527,1,1,0,0,0,0,0,0,0,0,0,0
280527,2,1,0,0,13,20,9,0,0,0,0,0
280528,1,1,0,0,0,0,0,0,0,0,0,0
280529,1,1,0,0,0,0,0,0,0,23,0,0
280530,0,1,0,0,0,0,0,0,0,0,0,0
280530,1,1,0,0,0,0,10,0,0,0,0,0
280531,1,1,0,0,0,0,0,0,0,0,0,0
280531,2,1,25,0,0,0,0,0,0,0,0,0
280533,1,1,0,0,0,0,0,0,0,0,0,0
280533,2,1,0,0,0,27,0,0,0,0,0,0
280534,1,1,0,0,29,0,0,0,0,0,0,0
280534,2,1,0,0,20,0,0,0,0,0,14,0
280535,1,1,0,0,0,0,0,0,0,0,0,0
280535,2,1,21,21,21,21,21,21,21,21,21,21
280536,1,1,27,16,0,14,17,24,14,16,9,16
280537,1,1,0,0,0,8,0,0,0,0,0,0
280537,2,1,0,0,0,26,0,0,0,0,0,7
280538,1,1,21,0,0,0,0,0,0,0,0,0
280539,1,1,0,0,0,0,0,18,0,0,10,0
280540,0,1,0,0,0,0,0,0,0,0,0,0
280540,1,1,0,0,0,0,0,0,0,0,0,0
280541,1,1,0,0,0,0,0,0,0,0,0,0
280542,1,1,10,0,10,5,21,0,19,0,0,0
280543,1,1,0,0,0,0,22,0,0,0,0,0
280544,1,1,37,21,26,21,9,21,0,19,38,15
280545,1,1,0,0,0,0,0,0,0,0,0,0
280545,2,1,0,0,0,0,0,0,0,0,0,0
280545,3,1,0,0,0,0,0,0,0,0,0,0
280547,0,1,0,12,0,0,0,0,0,0,0,0
280547,1,1,0,0,0,0,0,0,0,0,0,0
280548,1,1,0,0,0,0,0,0,0,0,0,0
280549,1,1,0,0,0,0,0,0,0,0,0,0
280549,2,1,4,4,4,4,4,4,4,4,4,4
280550,1,1,0,0,0,0,0,0,0,0,0,0
280550,2,1,0,0,0,0,0,0,0,0,0,0
280551,0,1,0,0,0,0,0,0,0,0,0,0
280551,1,1,0,0,0,0,0,0,0,0,0,0
280552,1,1,17,16,17,9,19,33,14,18,18,11
280553,1,1,15,31,8,20,18,32,19,11,13,13
280554,1,1,37,36,26,42,35,15,23,0,22,20
280555,1,1,9,9,9,9,9,9,9,9,9,9
280555,2,1,0,0,0,0,0,0,0,17,0,0
280556,0,1,0,8,0,0,0,0,0,0,0,28
280556,1,1,0,0,0,0,0,0,0,0,0,8
280556,2,1,0,0,0,0,0,0,0,0,0,0
280557,1,1,0,0,0,0,0,0,0,0,0,0
280558,1,1,0,0,0,0,0,0,0,0,0,0
280559,1,1,26,0,0,0,0,0,27,0,13,0
280559,2,1,0,0,0,8,0,0,0,0,0,0
280560,1,1,0,0,0,0,0,0,0,6,0,5
280560,2,1,0,0,0,0,0,0,0,0,0,20
280561,1,1,14,18,20,6,9,25,15,13,18,2
280561,2,1,0,0,0,0,0,0,0,0,0,0
280562,1,1,37,0,0,0,0,0,0,0,0,0
280563,1,1,0,18,0,0,0,0,0,0,0,0
280564,1,1,0,0,0,0,0,0,0,26,0,0
280564,2,1,0,0,0,0,0,0,0,19,0,0
280565,1,1,0,0,25,0,0,0,0,0,0,0
280565,2,1,5,0,0,0,0,0,0,0,0,0
280566,1,1,0,0,20,0,0,0,0,0,0,0
280567,1,1,0,0,0,0,0,0,0,0,0,0
280567,2,1,0,0,19,0,0,0,0,0,0,16
280567,3,1,0,0,0,0,0,0,0,0,0,0
280568,1,1,0,0,0,0,0,0,0,0,0,0
280568,2,1,7,37,18,17,14,8,2,13,13,7
280568,3,1,0,0,0,0,0,0,0,0,0,0
280569,0,1,0,22,0,0,0,0,0,0,0,0
280569,1,1,0,0,0,0,0,0,0,0,0,0
280570,1,1,0,0,0,0,0,0,0,0,0,0
280570,2,1,0,0,0,0,0,0,0,0,0,0
280571,1,1,21,16,10,13,18,29,23,0,0,13
280572,1,1,0,11,16,0,0,0,0,17,0,0
280573,1,1,9,19,18,9,1,22,0,27,2,21
280574,1,1,0,0,0,24,0,32,0,0,15,0
280575,1,1,0,0,0,0,0,0,0,0,0,0
280576,1,1,0,0,0,0,0,0,0,0,0,22
280577,1,1,0,20,0,0,0,0,0,0,20,6
280577,2,1,0,20,25,0,0,0,0,0,19,0
280578,0,1,14,14,14,14,14,14,14,14,14,14
280578,1,1,0,0,0,13,0,0,0,0,0,0
280579,1,1,0,0,0,0,0,24,0,0,0,0
280580,1,1,19,12,38,27,16,19,21,22,14,11
280581,1,1,0,0,0,0,0,0,28,35,0,0
280582,1,1,0,0,0,0,0,31,0,0,0,0
280582,2,1,0,0,0,0,0,0,0,0,0,0
280583,1,1,0,0,0,0,15,0,0,0,15,5
280583,2,1,0,9,7,0,0,0,0,0,0,0
280584,1,1,0,0,0,0,0,0,0,0,0,0
280585,1,1,0,0,0,0,20,0,0,0,0,0
280586,1,1,0,0,0,0,0,0,0,0,0,0
280587,0,1,4,0,0,0,0,0,0,0,0,16
280587,1,1,0,0,0,0,0,0,0,0,0,15
280588,1,1,0,0,0,0,0,0,0,0,0,10
280589,1,1,0,0,0,0,0,0,0,0,0,0
280590,1,1,0,0,0,0,0,0,0,0,0,0
280591,1,1,0,16,0,0,19,0,0,0,0,0
280592,1,1,0,0,0,0,0,0,0,0,0,0
280592,2,1,0,0,0,0,0,0,0,0,0,0
280593,1,1,21,10,13,14,7,12,16,9,11,18
280594,1,1,0,0,0,0,0,0,0,0,0,0
280595,0,1,0,20,13,0,0,0,22,22,47,0
280595,1,1,10,10,10,10,10,10,10,10,10,10
280596,1,1,11,11,11,11,11,11,11,11,11,11
280598,1,1,0,0,0,0,0,0,0,0,14,0
280599,1,1,0,0,0,0,0,0,0,0,0,0
280600,1,1,25,24,9,17,7,3,19,14,20,19
280600,2,1,0,0,0,0,0,0,0,0,0,0
280601,1,1,0,0,10,0,0,0,0,0,0,0
280603,1,1,0,0,0,0,0,20,0,0,0,0
280604,0,1,21,33,0,0,0,0,0,0,0,0
280604,1,1,0,0,0,0,0,0,0,0,0,0
280605,1,1,16,0,0,0,0,0,0,0,0,0
280606,1,1,0,39,0,0,0,0,0,0,0,0
280607,1,1,0,0,0,0,0,0,0,0,0,0
280607,2,1,0,0,0,0,0,0,0,6,19,0
280608,2,1,0,0,0,0,0,0,0,0,0,0
280609,1,1,0,0,0,0,0,0,0,0,0,0
280609,2,1,0,0,0,0,0,0,0,0,0,0
280610,1,1,20,0,0,20,0,0,0,0,0,0
280611,1,1,21,21,21,21,21,21,21,21,21,21
280612,1,1,0,0,0,0,0,0,0,0,18,0
280613,1,1,26,0,0,0,0,0,17,0,0,0
280614,1,1,21,19,26,26,5,17,9,17,10,27
280615,1,1,0,19,0,0,26,0,0,0,0,0
280616,1,1,0,0,0,0,0,0,0,0,0,0
280617,0,1,0,0,14,0,0,0,0,0,0,0
280617,1,1,0,0,2,0,18,24,0,0,0,0
280618,1,1,0,0,0,0,0,0,0,0,0,0
280619,1,1,0,0,0,0,0,0,0,0,0,0
280620,1,1,0,0,0,0,0,0,0,0,0,0
280621,1,1,10,24,11,17,18,2,22,8,13,0
280622,1,1,0,0,18,0,0,0,19,0,11,0
280623,1,1,0,0,0,0,0,0,0,0,0,0
280624,1,1,0,0,0,0,0,0,0,0,0,0
280624,2,1,17,27,12,17,15,14,13,15,30,3
280625,1,1,7,7,7,7,7,7,7,7,7,7
280626,0,1,42,25,21,0,19,25,18,28,37,15
280626,1,1,0,0,0,0,0,24,14,0,0,0
280628,1,1,0,0,0,0,0,0,0,0,0,0
280628,2,1,0,0,0,0,0,0,0,0,0,0
280628,3,1,0,0,0,0,0,0,0,0,0,0
280629,1,1,0,0,0,0,0,0,0,0,0,0
280630,1,1,8,9,23,12,0,0,16,13,10,0
280631,1,1,6,0,36,40,13,20,0,13,36,17
280632,1,1,0,0,0,0,0,0,0,0,0,0
280632,2,1,0,0,0,0,0,0,0,0,0,0
280632,3,1,0,0,0,0,0,0,0,0,0,0
280633,1,1,0,0,0,0,0,0,0,0,0,0
280634,1,1,0,0,0,0,0,0,0,0,0,0
280634,2,1,0,0,0,0,0,0,0,0,0,0
280635,1,1,0,0,0,0,0,0,0,0,0,0
280635,2,1,12,32,8,21,18,0,10,16,7,14
280636,1,1,0,0,0,0,0,22,0,0,0,12
280637,0,1,0,21,10,0,0,0,20,0,0,0
280637,1,1,0,4,0,0,0,0,0,0,0,23
280638,1,1,0,0,0,13,0,0,0,0,0,0
280639,1,1,18,0,0,0,19,0,0,0,0,0
280640,0,1,0,0,0,31,0,0,0,0,0,0
280640,1,1,0,0,0,0,0,0,0,0,0,0
280641,1,1,3,9,0,0,0,16,0,9,21,0
280642,0,1,0,0,0,0,0,2,0,57,32,17
280642,1,1,4,0,0,0,20,0,21,0,0,0
280643,1,1,24,11,0,0,0,0,22,0,8,30
280644,0,1,29,0,9,0,0,0,6,0,32,0
280644,1,1,0,27,0,6,13,0,15,0,0,0
280645,1,1,19,0,13,13,16,0,0,15,0,0
280646,1,1,0,18,5,0,0,0,0,0,0,0
280647,0,1,0,0,0,28,0,0,0,24,0,0
280647,1,1,0,0,0,0,0,22,0,0,0,0
280648,0,1,0,0,24,14,0,0,0,0,37,0
280648,1,1,0,0,0,0,0,0,9,4,19,0
280649,1,1,0,21,0,0,0,20,0,12,17,0
280650,1,1,0,14,0,19,19,33,11,12,23,29
280651,1,1,0,0,0,20,0,0,0,0,0,0
280652,1,1,0,0,0,0,0,12,0,0,0,0
280653,1,1,0,0,26,13,0,0,0,0,0,0
280653,2,1,40,0,0,0,0,0,0,0,0,0
280655,1,1,0,0,0,0,0,0,0,0,0,0
280656,1,1,0,0,0,0,0,11,0,0,0,0
280657,1,1,0,0,0,0,17,0,0,0,0,0
280657,2,1,0,18,0,0,0,0,0,0,0,23
280658,1,1,22,0,0,14,17,0,21,19,0,0
280659,0,1,0,0,0,0,0,0,0,0,0,0
280659,1,1,0,0,0,0,0,0,12,10,6,0
280660,1,1,0,0,13,0,0,0,0,3,0,0
280660,2,1,0,0,0,0,0,0,0,0,0,0
280661,1,1,0,0,0,0,0,0,0,0,14,0
280662,0,1,25,0,0,11,0,6,0,0,0,24
280662,1,1,0,0,0,0,0,0,0,0,0,0
280662,3,1,30,7,31,29,33,11,25,12,8,28
280663,1,1,0,0,0,0,0,0,0,0,0,0
280663,2,1,0,0,14,0,0,0,0,0,0,0
280664,1,1,0,0,0,0,0,14,0,0,0,0
280664,2,1,0,0,0,0,0,0,0,0,0,0
280665,0,1,0,0,15,21,18,23,15,29,34,21
280665,1,1,9,9,9,9,9,9,9,9,9,9
280666,1,1,17,6,15,20,6,14,0,29,16,16
290001,1,1,20,20,20,20,20,20,20,20,20,20
290001,2,1,0,0,0,0,0,0,0,0,0,0
290002,1,1,20,20,20,20,20,20,20,20,20,20
290002,2,1,0,0,0,0,0,0,0,0,0,0
290003,1,1,0,0,0,0,0,0,0,0,0,0
290003,2,1,0,0,0,0,0,0,0,0,0,0
290004,0,1,0,0,0,0,0,0,0,0,0,0
290004,1,1,0,0,0,0,0,0,0,0,0,0
290005,1,1,0,0,0,0,0,0,0,0,0,0
290006,1,1,24,24,24,24,24,24,24,24,24,24
290007,1,1,0,0,0,0,0,0,0,0,0,0
290008,1,1,9,9,9,9,9,9,9,9,9,9
290009,1,1,0,0,0,0,0,0,0,0,0,0
290009,2,1,0,0,0,0,0,0,0,0,0,0
290010,1,1,0,0,0,0,0,0,0,0,0,0
290010,2,1,0,0,0,0,0,0,0,0,0,0
290010,3,1,0,0,0,0,0,0,0,0,0,0
290011,1,1,5,5,5,5,5,5,5,5,5,5
290012,1,1,21,21,21,21,21,21,21,21,21,21
290013,1,1,15,0,0,0,15,0,23,18,0,0
290013,2,1,0,0,0,0,0,0,0,0,0,0
290014,1,1,24,24,24,24,24,24,24,24,24,24
290014,2,1,0,0,0,0,0,0,0,0,0,0
290015,0,1,0,0,0,0,0,0,0,0,0,0
290015,1,1,0,0,0,0,0,0,0,0,0,0
290016,1,1,0,0,0,0,0,0,0,0,0,0
290016,2,1,0,0,0,0,0,0,0,0,0,0
290017,1,1,23,26,0,0,0,0,0,0,0,16
290018,1,1,0,0,26,0,0,0,0,0,0,0
290018,2,1,0,0,0,0,0,0,0,0,19,14
290019,0,1,0,0,0,0,0,0,0,0,0,0
290019,1,1,0,0,0,0,0,0,0,0,0,0
290020,1,1,0,4,0,0,0,20,10,0,3,0
290021,0,1,0,0,0,0,0,0,0,0,0,0
290021,1,1,15,0,0,0,0,0,0,0,0,0
290022,1,1,0,0,0,0,0,0,0,0,0,0
290022,2,1,0,0,0,0,0,0,21,0,0,0
290023,1,1,23,20,14,14,4,0,4,0,0,0
290023,2,1,0,0,0,0,0,0,0,0,0,0
290024,1,1,18,30,16,11,11,0,10,8,10,36
290024,2,1,0,0,0,0,0,0,0,0,0,0
290025,1,1,0,0,0,0,0,0,0,0,0,0
290026,1,1,5,0,0,0,0,30,17,28,13,0
290027,1,1,20,20,20,20,20,20,20,20,20,20
290028,0,1,0,0,0,0,0,0,0,0,0,0
290028,1,1,0,0,0,0,0,0,0,0,0,0
290030,1,1,0,0,0,0,0,0,0,0,0,0
290030,2,1,0,0,0,0,0,0,0,0,0,0
290031,1,1,0,0,0,0,0,0,0,0,0,0
290031,2,1,0,0,0,16,0,0,0,0,0,0
290033,1,1,0,0,0,0,0,0,0,0,0,0
290033,2,1,0,0,0,39,37,16,0,35,31,0
290034,1,1,0,0,10,0,0,10,0,0,0,0
290035,1,1,0,0,0,0,0,0,0,0,0,0
290036,0,1,23,23,23,23,23,23,23,23,23,23
290036,1,1,0,0,0,0,0,0,0,0,0,0
290037,1,1,24,24,24,24,24,24,24,24,24,24
290038,1,1,20,20,20,20,20,20,20,20,20,20
290039,0,1,38,38,38,38,38,38,38,38,38,38
290039,1,1,0,0,0,0,0,0,0,0,0,0
290040,1,1,15,15,15,15,15,15,15,15,15,15
290041,0,1,11,11,11,11,11,11,11,11,11,11
290041,1,1,0,0,0,0,0,0,0,0,0,0
290042,1,1,0,0,0,0,0,0,0,0,0,0
290042,2,1,0,0,0,0,0,0,0,0,0,0
290043,1,1,0,0,0,0,0,0,0,0,0,0
290044,0,1,23,30,19,10,21,44,17,21,19,39
290044,2,1,0,0,0,0,0,0,0,0,0,0
290045,1,1,0,0,0,0,0,0,0,0,0,0
290046,1,1,25,25,25,25,25,25,25,25,25,25
290047,1,1,0,0,0,0,0,0,0,0,0,0
290048,1,1,24,24,24,24,24,24,24,24,24,24
290049,1,1,0,0,0,0,0,0,0,0,0,0
290049,2,1,0,0,0,0,0,0,0,0,0,0
290050,1,1,9,9,9,9,9,9,9,9,9,9
290051,1,1,0,0,0,0,0,0,0,0,0,0
290052,1,1,23,23,23,23,23,23,23,23,23,23
290053,1,1,18,18,18,18,18,18,18,18,18,18
290054,1,1,0,0,0,0,0,0,0,0,0,0
290055,1,1,20,20,20,20,20,20,20,20,20,20
290056,0,1,0,0,0,0,0,0,36,0,0,0
290057,1,1,0,0,0,0,0,0,0,0,0,0
290058,1,1,0,0,0,0,0,0,0,0,0,0
290059,1,1,0,0,0,0,0,0,0,0,0,0
290059,2,1,0,0,0,0,0,0,0,0,0,0
290060,1,1,0,0,0,0,0,0,0,0,0,0
290061,1,1,0,0,0,0,0,0,0,0,0,0
290061,2,1,3,3,3,3,3,3,3,3,3,3
290062,1,1,0,0,0,0,0,0,0,0,0,0
290062,2,1,0,0,0,0,0,9,0,0,0,0
290063,1,1,0,0,0,0,0,0,0,0,0,0
290063,2,1,0,0,0,0,0,0,0,0,0,0
290063,3,1,0,0,0,0,0,0,0,0,0,0
290064,1,1,9,9,9,9,9,9,9,9,9,9
290065,0,1,39,39,39,39,39,39,39,39,39,39
290065,1,1,7,0,0,18,23,0,0,8,20,10
290066,1,1,17,17,17,17,17,17,17,17,17,17
290066,2,1,14,14,14,14,14,14,14,14,14,14
290067,1,1,26,26,26,26,26,26,26,26,26,26
290068,1,1,0,0,0,0,0,0,0,0,0,0
290068,2,1,0,0,0,0,0,0,0,0,0,0
290069,1,1,10,10,10,10,10,10,10,10,10,10
290069,2,1,0,0,0,0,0,0,0,0,0,0
290071,1,1,0,0,0,0,0,0,0,0,0,0
290071,2,1,0,0,0,0,0,0,0,0,0,0
290072,1,1,0,0,0,0,0,0,0,0,0,0
290073,1,1,17,17,17,17,17,17,17,17,17,17
290074,1,1,0,0,0,0,0,0,0,0,0,0
290075,1,1,0,0,0,0,0,0,0,0,11,11
290076,1,1,0,0,0,0,0,0,0,0,0,0
290077,1,1,0,0,0,0,0,0,0,0,0,0
290077,2,1,0,0,0,0,0,0,0,0,0,0
290078,0,1,22,22,22,22,22,22,22,22,22,22
290078,1,1,0,24,0,0,0,8,16,0,0,0
290080,1,1,0,0,0,0,0,0,0,0,21,0
290080,2,1,0,0,0,0,0,0,0,0,0,0
290081,1,1,0,0,0,0,0,0,0,0,0,0
290081,2,1,0,0,0,0,0,0,0,0,0,0
290082,0,1,9,9,9,9,9,9,9,9,9,9
290082,1,1,0,0,14,14,4,30,0,0,0,0
290083,1,1,16,16,16,16,16,16,16,16,16,16
290084,1,1,0,0,0,0,0,0,0,0,0,0
290084,2,1,0,0,0,0,0,0,0,0,0,0
290085,1,1,0,6,0,14,0,0,0,0,13,10
290086,1,1,0,0,0,0,0,0,0,0,0,0
290087,1,1,26,26,26,26,26,26,26,26,26,26
290088,1,1,0,0,0,0,0,0,0,0,0,0
290090,1,1,0,0,0,0,0,0,0,0,0,0
290092,1,1,22,22,22,22,22,22,22,22,22,22
290093,1,1,0,0,0,0,0,0,0,0,0,0
290093,2,1,0,0,0,0,0,0,0,0,0,0
290094,1,1,0,0,0,0,0,0,0,0,0,0
290095,1,1,0,0,0,0,0,0,0,0,0,0
290096,1,1,0,0,0,0,0,0,0,0,0,0
290097,1,1,0,0,0,0,0,0,0,0,0,0
290097,2,1,0,0,0,0,0,0,0,0,0,0
290098,1,1,20,20,20,20,20,20,20,20,20,20
290099,0,1,28,28,28,28,28,28,28,28,28,28
290099,1,1,0,0,0,0,0,0,0,0,0,0
290100,1,1,15,20,22,0,24,14,34,7,11,9
290101,1,1,9,17,17,5,28,0,33,29,16,11
290102,1,1,0,0,0,16,0,0,0,0,0,0
290102,2,1,0,0,0,0,0,0,0,0,0,0
290102,3,1,0,0,0,0,0,0,0,0,9,0
290103,1,1,0,0,0,0,0,0,0,0,0,0
290104,0,1,23,23,23,23,23,23,23,23,23,23
290104,1,1,0,0,0,0,0,0,0,0,0,0
290105,1,1,0,0,0,0,0,0,0,0,0,0
290106,1,1,15,15,15,15,15,15,15,15,15,15
290107,0,1,0,0,0,0,0,0,0,0,0,0
290107,1,1,2,2,2,2,2,2,2,2,2,2
290108,1,1,0,0,0,0,0,0,0,0,7,0
290109,1,1,0,8,2,0,0,0,7,0,0,0
290109,2,1,0,0,0,0,0,0,0,0,0,0
290110,1,1,0,0,0,0,0,0,0,0,0,0
290110,2,1,0,0,0,0,0,0,0,0,0,0
290111,1,1,0,0,0,0,0,0,0,0,0,0
290111,2,1,0,0,0,0,0,0,0,0,0,0
290111,3,1,0,0,0,0,0,0,0,0,0,0
290112,1,1,0,0,0,0,0,0,0,0,0,0
290112,2,1,0,0,0,0,0,0,0,0,0,0
290113,1,1,15,15,15,15,15,15,15,15,15,15
290114,1,1,36,36,36,36,36,36,36,36,36,36
290115,1,1,10,10,10,10,10,10,10,10,10,10
290116,1,1,14,0,0,0,0,0,0,0,0,0
290116,2,1,13,0,0,0,0,0,0,0,0,0
290117,1,1,0,0,0,0,0,0,0,0,0,0
290117,2,1,0,22,12,0,10,14,0,0,0,0
290118,1,1,19,19,19,19,19,19,19,19,19,19
290118,2,1,0,0,0,0,0,0,0,0,0,0
290119,1,1,0,0,0,0,0,0,0,0,0,0
290119,2,1,0,0,0,0,0,0,0,0,0,0
290120,1,1,0,0,0,0,0,0,0,0,0,0
290121,1,1,2,2,2,2,2,2,2,2,2,2
290121,2,1,0,0,0,0,0,0,0,0,0,0
290122,1,1,0,0,0,0,0,0,0,0,0,0
290122,2,1,0,0,0,0,25,0,0,0,0,0
290123,0,1,0,0,0,0,0,0,0,0,0,0
290123,1,1,0,0,0,0,0,0,0,0,0,0
290124,0,1,0,0,0,0,0,0,0,0,0,0
290124,1,1,0,0,0,0,0,0,0,0,0,0
290126,1,1,13,13,13,13,13,13,13,13,13,13
290126,2,1,0,0,0,0,0,0,0,0,0,0
290127,1,1,6,6,6,6,6,6,6,6,6,6
290128,1,1,0,0,0,0,0,0,0,0,0,0
290128,2,1,0,0,0,0,0,0,0,0,0,0
290130,1,1,0,0,0,0,0,0,0,0,0,0
290130,2,1,0,0,0,0,0,0,0,0,0,0
290131,0,1,23,23,23,23,23,23,23,23,23,23
290131,1,1,0,0,0,0,0,0,0,0,0,0
290132,1,1,0,0,0,0,0,0,0,0,0,0
290133,1,1,0,15,0,11,0,0,19,0,0,0
290133,2,1,0,0,0,0,0,0,0,0,0,0
290134,1,1,19,19,19,19,19,19,19,19,19,19
290134,2,1,0,0,0,0,0,0,0,0,0,0
290135,1,1,23,23,23,23,23,23,23,23,23,23
290136,1,1,0,0,0,0,0,0,0,0,0,0
290137,1,1,0,0,0,0,0,0,0,0,0,0
290138,1,1,0,0,0,0,0,0,0,0,0,0
290139,1,1,0,0,0,0,0,0,0,0,0,0
290140,1,1,0,0,0,0,27,0,0,0,0,0
290141,1,1,0,0,0,0,0,0,0,0,0,0
290141,2,1,12,0,0,0,0,0,0,0,0,0
290142,1,1,27,27,27,27,27,27,27,27,27,27
290143,1,1,0,0,0,0,0,0,0,0,0,0
290145,1,1,23,23,23,23,23,23,23,23,23,23
290145,2,1,0,0,0,0,0,0,0,0,0,0
290146,1,1,12,12,12,12,12,12,12,12,12,12
290146,2,1,0,0,0,0,0,0,0,0,0,0
290147,1,1,0,0,0,0,0,0,0,0,0,0
290148,0,1,28,28,28,28,28,28,28,28,28,28
290148,1,1,0,0,0,17,0,0,0,0,0,0
290149,1,1,0,0,0,0,0,0,0,0,0,0
290150,1,1,0,0,0,0,0,0,0,0,0,0
290151,0,1,18,18,18,18,18,18,18,18,18,18
290151,1,1,0,0,0,0,0,0,0,0,0,0
290152,1,1,0,0,17,0,16,0,20,0,9,0
290153,1,1,0,0,0,0,0,0,0,0,0,0
290154,1,1,0,0,0,0,0,0,0,0,0,0
290154,2,1,0,0,0,0,0,0,0,0,0,0
290155,1,1,22,22,22,22,22,22,22,22,22,22
290156,1,1,0,0,17,0,0,0,0,4,0,0
290156,2,1,0,0,0,0,0,0,0,0,0,7
290157,0,1,0,0,0,0,0,0,0,0,0,0
290157,1,1,0,0,0,0,0,0,0,0,0,0
290158,1,1,21,12,0,0,0,0,13,13,0,0
290158,2,1,0,0,0,0,0,0,0,0,0,0
290159,1,1,0,0,0,0,0,0,0,0,0,0
290160,1,1,0,0,0,0,0,0,0,0,0,0
290161,1,1,23,23,23,23,23,23,23,23,23,23
290162,1,1,0,0,0,0,0,0,0,0,0,0
290162,2,1,0,0,0,0,0,0,0,0,0,0
290162,3,1,0,0,0,0,0,0,0,0,0,0
290163,1,1,4,13,16,0,13,14,6,18,12,8
290164,1,1,0,0,0,0,0,0,0,0,0,0
290164,2,1,0,0,0,0,0,0,0,0,0,0
290165,1,1,0,0,0,0,0,0,0,0,0,0
290166,1,1,0,0,0,0,0,0,0,0,0,0
290167,0,1,23,23,23,23,23,23,23,23,23,23
290167,1,1,0,0,0,0,0,0,0,0,0,0
290168,1,1,0,0,0,0,0,0,0,0,0,0
290168,2,1,0,0,0,0,0,0,0,0,0,0
290168,3,1,3,0,0,0,0,0,0,0,29,0
290169,1,1,0,0,0,0,0,0,0,0,0,0
290169,2,1,0,0,0,0,0,0,0,0,0,0
290170,1,1,0,0,0,0,0,0,0,0,0,0
290171,1,1,7,7,7,7,7,7,7,7,7,7
290171,2,1,0,0,0,0,0,0,0,0,0,0
290172,1,1,17,17,17,17,17,17,17,17,17,17
290173,1,1,0,0,0,0,0,0,0,0,0,0
290174,1,1,7,7,7,7,7,7,7,7,7,7
290175,1,1,0,0,0,0,0,0,0,0,0,0
290175,2,1,0,0,0,0,0,0,0,0,0,0
290176,0,1,8,8,8,8,8,8,8,8,8,8
290176,1,1,0,0,0,0,0,0,0,0,0,0
290177,1,1,6,23,6,16,13,20,11,4,12,12
290178,1,1,0,0,0,0,0,0,0,0,0,0
290178,2,1,0,0,0,0,0,0,0,0,0,0
290179,1,1,0,0,0,0,0,0,0,0,0,0
290180,1,1,0,0,0,0,0,0,0,0,0,0
290180,2,1,0,0,0,0,0,0,0,0,0,0
290181,1,1,11,11,11,11,11,11,11,11,11,11
290182,1,1,20,20,20,20,20,20,20,20,20,20
290183,0,1,0,0,0,0,0,0,0,0,0,0
290183,1,1,0,0,24,0,18,19,0,14,0,0