ST_CASE,VEH_NO,PER_NO,P1,P2,P3,P4,P5,P6,P7,P8,P9,P10
290490,1,1,9,9,9,9,9,9,9,9,9,9
290490,2,1,0,0,0,0,0,0,0,0,0,0
290491,1,1,7,0,0,35,26,0,14,0,0,9
290492,1,1,0,0,0,0,0,0,0,0,0,0
290493,1,1,1,1,1,1,1,1,1,1,1,1
290494,1,1,0,0,0,0,0,0,0,0,0,0
290495,1,1,2,2,2,2,2,2,2,2,2,2
290495,2,1,0,0,0,0,0,0,0,0,0,0
290496,1,1,1,1,1,1,1,1,1,1,1,1
290497,1,1,0,8,0,0,0,0,16,0,21,5
290497,2,1,0,0,0,0,0,0,0,0,0,15
290498,1,1,0,0,0,0,0,0,0,0,0,0
290498,2,1,0,0,0,0,0,0,0,0,0,0
290499,1,1,0,0,0,0,0,0,0,0,0,0
290500,0,1,12,0,11,23,0,0,11,0,0,0
290500,1,1,0,0,0,0,0,0,12,0,0,0
290501,1,1,0,0,0,0,0,0,0,0,0,0
290501,2,1,0,0,0,0,0,0,0,0,0,0
290503,1,1,13,13,13,13,13,13,13,13,13,13
290503,2,1,0,0,0,0,0,0,0,0,0,0
290504,0,1,0,0,0,0,0,0,0,0,0,0
290504,1,1,22,26,5,0,7,0,0,0,7,0
290504,2,1,0,0,0,0,0,0,0,0,0,0
290505,1,1,23,23,23,23,23,23,23,23,23,23
290506,1,1,0,0,0,0,0,0,0,0,0,0
290506,2,1,0,0,0,0,0,0,0,0,0,0
290507,1,1,0,0,0,0,0,0,0,0,0,0
290507,2,1,21,21,21,21,21,21,21,21,21,21
290508,1,1,0,0,0,0,0,0,0,0,0,0
290509,1,1,20,5,15,8,12,9,5,18,7,29
290510,1,1,20,20,20,20,20,20,20,20,20,20
290511,1,1,2,2,2,2,2,2,2,2,2,2
290512,1,1,21,12,13,11,21,0,13,23,29,25
290512,2,1,0,0,0,0,0,0,0,0,0,0
290513,1,1,9,9,9,9,9,9,9,9,9,9
290515,1,1,0,0,0,0,0,0,0,0,0,0
290516,1,1,11,8,25,21,15,23,15,0,14,0
290516,2,1,0,0,0,0,0,0,0,0,0,0
290516,3,1,0,0,0,0,2,0,0,0,0,0
290517,1,1,0,0,0,0,0,0,18,0,0,0
290517,2,1,0,0,0,0,0,0,0,0,0,0
290518,1,1,0,0,0,0,0,0,0,0,0,0
290518,2,1,0,0,0,0,0,0,0,0,0,0
290519,1,1,0,0,0,0,0,0,0,0,0,0
290520,1,1,0,0,0,0,0,0,0,0,0,0
290520,2,1,0,0,0,0,0,0,0,0,0,0
290522,1,1,0,19,0,0,24,0,16,20,0,0
290523,1,1,0,0,0,0,0,0,0,0,0,0
290523,2,1,0,0,0,0,0,0,0,0,0,0
290524,1,1,25,25,25,25,25,25,25,25,25,25
290524,2,1,0,0,0,0,0,0,0,0,0,0
290525,1,1,18,18,18,18,18,18,18,18,18,18
290527,1,1,0,0,0,0,0,0,0,0,0,0
290527,2,1,0,0,0,0,0,0,0,0,0,0
290528,1,1,8,8,8,8,8,8,8,8,8,8
290529,1,1,0,0,0,0,0,0,0,0,0,0
290529,2,1,0,0,16,0,0,0,0,0,0,0
290530,1,1,0,0,0,0,0,0,0,0,0,0
290530,2,1,6,6,6,6,6,6,6,6,6,6
290532,1,1,0,0,0,0,0,0,0,0,0,0
290532,2,1,0,0,0,0,0,0,0,0,0,0
290533,1,1,4,4,4,4,4,4,4,4,4,4
290534,1,1,24,24,24,24,24,24,24,24,24,24
290534,2,1,0,0,0,0,0,0,0,0,0,0
290535,1,1,0,0,0,0,0,0,0,0,0,0
290535,2,1,0,0,0,0,0,0,0,0,0,0
290536,1,1,0,0,0,0,0,0,0,0,0,0
290536,2,1,0,0,11,0,0,0,0,13,0,25
290536,3,1,0,0,0,0,0,0,0,0,0,0
290537,1,1,0,0,0,0,0,0,0,0,0,0
290538,1,1,1,1,1,1,1,1,1,1,1,1
290539,1,1,0,0,0,0,0,0,0,0,0,0
290540,1,1,0,0,0,0,0,0,0,0,0,0
290540,2,1,0,0,0,0,0,0,0,0,0,0
290541,1,1,0,0,0,0,0,0,0,0,0,0
290542,1,1,0,0,0,0,0,0,0,0,0,0
290542,2,1,0,0,0,0,0,0,0,0,0,0
290543,0,1,0,0,0,0,0,0,0,0,0,0
290543,1,1,14,14,14,14,14,14,14,14,14,14
290544,1,1,6,0,0,0,0,23,0,14,0,23
290544,2,1,0,0,0,0,19,0,0,0,0,0
290545,1,1,0,22,15,0,0,7,13,0,0,17
290545,2,1,0,0,0,0,0,0,0,0,0,0
290545,3,1,0,0,0,0,0,0,0,0,0,0
290546,1,1,21,21,21,21,21,21,21,21,21,21
290547,1,1,0,0,0,0,0,0,0,0,0,0
290548,0,1,21,0,11,0,0,0,0,0,0,13
290548,1,1,0,0,0,0,0,0,0,0,0,0
290549,1,1,8,8,8,8,8,8,8,8,8,8
290550,0,1,0,16,14,14,0,0,0,0,0,36
290550,1,1,0,0,0,0,0,0,0,0,0,0
290552,0,1,0,0,0,0,0,0,0,0,0,0
290552,1,1,0,0,0,0,20,0,0,3,0,0
290553,1,1,15,15,15,15,15,15,15,15,15,15
290553,2,1,0,0,0,0,0,0,0,0,0,0
290554,0,1,0,0,0,0,0,0,0,0,0,0
290554,1,1,0,0,0,0,0,0,0,0,0,0
290555,1,1,24,24,24,24,24,24,24,24,24,24
290556,1,1,0,0,0,0,0,0,0,0,0,0
290557,0,1,42,42,42,42,42,42,42,42,42,42
290557,1,1,0,0,0,0,0,0,0,0,0,0
290558,1,1,2,2,2,2,2,2,2,2,2,2
290558,2,1,0,0,0,0,0,0,0,0,0,0
290559,1,1,11,11,11,11,11,11,11,11,11,11
290559,2,1,0,0,13,0,0,0,0,0,0,0
290560,1,1,0,0,0,0,0,0,0,0,0,0
290561,1,1,18,18,18,18,18,18,18,18,18,18
290562,1,1,0,0,0,0,0,0,0,0,0,0
290562,2,1,0,0,0,0,0,0,0,0,0,0
290563,1,1,0,0,0,0,0,17,0,0,0,0
290563,2,1,0,0,0,0,0,0,0,0,0,0
290563,3,1,0,0,0,0,0,0,0,0,0,0
290564,1,1,0,0,0,0,0,0,0,0,0,0
290564,2,1,0,0,0,0,0,0,0,0,0,0
290565,0,1,44,44,44,44,44,44,44,44,44,44
290565,1,1,0,0,0,0,0,0,0,0,0,0
290566,0,1,35,35,35,35,35,35,35,35,35,35
290566,1,1,0,0,0,0,0,0,14,0,0,0
290567,1,1,0,0,0,0,0,0,0,0,0,0
290567,2,1,0,0,0,0,0,0,0,0,0,0
290568,1,1,13,13,13,13,13,13,13,13,13,13
290569,1,1,0,0,0,0,0,0,0,0,0,0
290570,1,1,0,0,0,0,0,0,0,0,0,0
290570,2,1,0,0,0,0,0,0,0,0,0,0
290571,1,1,0,15,0,0,0,0,40,23,0,12
290572,1,1,0,0,0,0,0,0,0,0,0,0
290573,1,1,0,0,0,0,0,0,0,0,0,0
290573,2,1,0,0,0,0,0,0,0,0,0,0
290574,1,1,0,0,0,0,0,0,0,0,0,0
290575,1,1,21,17,15,16,0,0,0,0,0,7
290575,2,1,0,0,0,0,0,0,0,0,0,0
290576,1,1,0,0,0,0,0,0,0,0,0,0
290577,1,1,0,0,0,0,0,0,0,0,0,0
290577,2,1,0,0,0,0,0,0,0,0,0,0
290578,1,1,10,10,10,10,10,10,10,10,10,10
290579,1,1,0,0,17,0,0,0,0,0,0,0
290580,1,1,27,27,27,27,27,27,27,27,27,27
290581,1,1,0,0,0,0,0,0,0,0,0,0
290582,0,1,0,0,0,0,0,0,0,0,0,0
290582,1,1,17,0,0,4,18,18,3,33,12,0
290583,0,1,0,0,0,0,0,0,0,0,0,0
290583,1,1,0,0,0,0,0,0,0,0,0,23
290584,1,1,0,21,10,0,0,4,0,0,0,22
290585,1,1,4,4,4,4,4,4,4,4,4,4
290586,1,1,0,0,0,0,0,0,0,0,0,0
290586,2,1,0,0,0,0,0,0,0,0,0,0
290587,0,1,25,25,25,25,25,25,25,25,25,25
290587,1,1,0,0,0,0,0,0,0,0,0,0
290587,2,1,0,0,0,0,0,0,0,0,0,0
290588,1,1,0,0,15,0,0,0,0,0,0,0
290589,1,1,0,0,0,0,0,0,0,0,0,0
290589,2,1,0,0,0,0,0,0,0,0,0,0
290589,3,1,0,0,0,0,0,0,0,0,0,0
290589,4,1,0,0,20,0,0,0,0,0,0,0
290590,1,1,0,0,0,0,0,0,0,0,0,0
290590,2,1,0,0,0,0,0,0,0,0,0,0
290590,3,1,0,0,0,0,0,0,0,16,9,0
290591,1,1,0,0,0,0,0,0,0,0,0,0
290592,0,1,0,0,0,0,0,0,0,0,0,0
290592,1,1,0,0,0,0,0,0,0,0,0,0
290593,1,1,0,0,0,0,0,0,0,0,0,0
290593,2,1,0,0,0,0,0,0,0,0,0,0
290594,1,1,0,0,0,0,0,0,0,0,0,0
290596,1,1,0,0,0,0,0,0,0,0,0,0
290596,2,1,0,0,0,0,0,0,0,0,0,0
290597,1,1,0,0,0,0,0,0,0,0,0,0
290598,1,1,0,0,0,0,0,0,0,0,0,0
290599,1,1,11,25,0,34,20,13,13,21,6,7
290599,2,1,0,0,0,0,0,0,0,0,0,0
290600,1,1,10,10,10,10,10,10,10,10,10,10
290601,1,1,0,0,0,0,0,0,0,0,0,0
290601,2,1,0,0,0,0,0,0,0,0,0,0
290602,1,1,0,0,0,0,0,0,0,0,0,0
290602,2,1,0,0,0,0,0,0,0,0,0,0
290603,0,1,0,0,0,0,0,0,0,0,0,0
290603,1,1,0,0,0,0,0,16,0,0,0,0
290604,1,1,0,32,15,0,13,0,0,0,31,0
290605,1,1,23,23,23,23,23,23,23,23,23,23
290605,2,1,0,0,0,0,0,0,0,0,0,0
290606,1,1,4,4,4,4,4,4,4,4,4,4
290607,1,1,0,0,0,0,0,0,0,0,0,0
290608,1,1,0,0,0,0,0,0,0,0,0,0
290609,0,1,26,26,26,26,26,26,26,26,26,26
290609,1,1,0,0,47,0,0,14,0,21,0,0
290610,1,1,0,0,0,0,0,0,0,0,0,0
290612,0,1,0,0,0,0,0,0,0,0,0,0
290612,1,1,0,0,0,0,0,5,26,0,21,0
290612,4,1,0,0,0,0,0,0,0,0,0,0
290613,1,1,15,15,15,15,15,15,15,15,15,15
290613,2,1,0,0,0,0,0,0,0,0,0,0
290613,3,1,0,0,0,0,0,0,0,0,0,0
290614,1,1,0,0,12,0,0,0,0,0,0,0
290614,2,1,0,0,0,0,0,0,0,0,0,0
290615,1,1,29,29,29,29,29,29,29,29,29,29
290616,1,1,0,0,0,0,0,0,0,0,0,0
290617,0,1,0,0,9,0,0,28,0,32,0,22
290617,1,1,0,18,0,0,13,15,0,29,20,25
290618,1,1,0,0,0,0,0,0,0,0,0,0
290618,2,1,0,0,0,0,0,0,0,0,0,0
290619,1,1,0,0,0,0,0,0,0,0,0,0
290619,2,1,0,0,0,0,0,0,0,0,0,0
290620,1,1,0,0,0,0,0,0,0,0,0,0
290620,2,1,0,0,0,0,0,0,0,0,0,0
290621,1,1,0,0,0,0,0,0,0,0,0,0
290621,2,1,0,0,0,0,0,0,0,0,0,0
290622,1,1,0,0,0,0,0,0,0,0,0,0
290622,2,1,0,0,0,0,0,0,0,0,0,0
290623,1,1,6,6,6,6,6,6,6,6,6,6
290624,1,1,0,0,0,0,0,0,0,0,0,0
290624,2,1,0,0,0,0,0,0,0,0,0,0
290625,1,1,28,28,28,28,28,28,28,28,28,28
290625,2,1,0,0,0,0,0,0,0,0,0,0
290626,1,1,0,0,0,0,0,0,0,0,0,0
290627,1,1,16,29,34,25,16,24,16,12,10,17
290628,1,1,0,0,0,0,0,0,0,0,0,0
290629,1,1,4,4,4,4,4,4,4,4,4,4
290630,1,1,0,0,0,0,0,0,0,0,0,0
290630,2,1,0,0,0,0,0,0,0,0,0,0
290631,1,1,0,0,0,0,0,0,0,0,13,0
290631,2,1,0,0,0,0,0,0,0,0,0,0
290632,1,1,46,46,46,46,46,46,46,46,46,46
290632,2,1,0,0,0,0,0,0,0,0,0,26
290633,1,1,0,0,0,0,0,0,0,0,0,0
290633,2,1,0,0,0,0,0,0,0,0,0,0
290634,1,1,0,0,0,0,0,0,0,0,0,0
290634,2,1,0,0,0,0,0,0,0,0,0,0
290635,1,1,0,0,0,0,0,0,0,0,0,0
290635,2,1,0,0,0,0,0,0,0,0,0,0
290635,3,1,0,0,0,0,0,0,0,0,0,0
290636,1,1,23,23,23,23,23,23,23,23,23,23
290637,1,1,18,18,18,18,18,18,18,18,18,18
290638,1,1,21,21,21,21,21,21,21,21,21,21
290638,2,1,18,0,0,0,0,14,18,0,0,0
290638,3,1,0,0,0,0,0,0,0,0,0,0
290639,1,1,0,0,0,0,0,0,0,0,0,0
290639,2,1,0,0,0,0,0,0,0,0,0,0
290640,1,1,0,0,0,0,0,0,0,0,0,0
290640,2,1,0,0,0,0,0,0,0,0,0,0
290641,1,1,0,0,0,0,0,0,0,0,0,0
290641,2,1,0,0,0,0,0,0,0,0,0,0
290642,1,1,6,6,6,6,6,6,6,6,6,6
290642,2,1,0,0,0,0,0,0,0,0,0,0
290643,1,1,4,4,4,4,4,4,4,4,4,4
290644,1,1,0,0,0,0,0,0,0,0,0,0
290644,2,1,3,3,3,3,3,3,3,3,3,3
290645,0,1,0,0,0,0,0,0,0,0,0,0
290645,1,1,0,0,0,0,0,0,0,0,0,0
290646,1,1,0,0,0,0,0,0,0,0,0,0
290647,1,1,14,14,14,14,14,14,14,14,14,14
290648,1,1,0,0,0,0,0,0,0,0,0,0
290649,1,1,0,0,0,0,0,0,0,0,0,0
290649,2,1,0,0,0,0,0,0,0,0,0,0
290650,1,1,0,0,0,0,0,0,18,0,0,0
290650,2,1,0,0,0,0,0,0,0,0,0,0
290651,1,1,1,1,1,1,1,1,1,1,1,1
290651,2,1,0,0,0,0,0,0,0,0,0,0
290652,1,1,9,9,9,9,9,9,9,9,9,9
290653,1,1,26,26,26,26,26,26,26,26,26,26
290654,0,1,19,19,19,19,19,19,19,19,19,19
290654,1,1,0,0,0,0,0,0,0,21,12,0
290654,2,1,0,0,0,0,0,0,0,0,0,0
290655,1,1,0,0,0,0,0,0,0,0,0,0
290655,2,1,0,0,0,0,0,0,0,0,0,0
290655,3,1,0,0,0,0,0,0,0,0,0,0
290656,0,1,0,0,0,0,0,0,0,0,0,0
290656,1,1,0,0,0,0,0,0,0,0,0,0
290657,1,1,19,19,19,19,19,19,19,19,19,19
290658,1,1,0,0,6,0,0,0,0,0,0,0
290658,2,1,0,0,0,0,0,0,0,0,0,0
290659,1,1,12,8,0,0,22,0,8,22,13,27
290659,2,1,0,0,0,0,0,0,0,6,0,0
290659,3,1,0,0,0,0,0,0,0,0,0,0
290659,4,1,0,0,0,0,0,0,0,0,0,0
290660,1,1,0,0,0,0,0,0,0,0,0,0
290660,2,1,0,0,0,0,0,0,0,0,0,0
290661,1,1,0,0,32,0,0,0,0,0,0,0
290661,2,1,0,10,0,0,0,0,0,10,0,0
290662,0,1,13,13,13,13,13,13,13,13,13,13
290662,1,1,17,17,17,17,17,17,17,17,17,17
290663,1,1,0,0,0,0,0,0,0,0,0,0
290663,2,1,0,0,0,0,0,0,0,0,0,0
290664,1,2,26,20,0,28,0,0,0,0,0,0
290665,1,1,0,0,0,0,0,0,0,0,0,0
290665,2,1,0,0,0,0,0,0,0,0,0,0
290666,1,1,0,0,26,11,14,5,13,7,0,23
290666,2,1,0,0,0,0,0,0,0,0,0,0
290668,1,1,0,0,0,7,0,0,18,0,0,9
290669,1,1,0,0,0,0,0,0,0,0,0,0
290669,2,1,0,0,0,0,0,0,0,0,0,0
290670,0,1,0,0,0,0,0,0,0,0,0,0
290670,1,1,0,0,0,0,0,0,0,0,0,0
290671,1,1,0,0,0,0,0,0,0,0,0,0
290671,2,1,0,0,0,0,0,0,0,0,0,0
290671,3,1,0,20,0,29,0,0,0,20,0,0
290671,4,1,0,0,0,0,0,0,0,0,0,0
290671,5,1,0,0,0,0,0,0,14,0,0,0
290672,1,1,27,27,27,27,27,27,27,27,27,27
290673,1,1,0,0,0,0,0,0,0,0,0,0
290673,2,1,0,0,0,0,0,0,0,0,0,0
290674,0,1,12,12,12,12,12,12,12,12,12,12
290674,1,1,9,0,0,0,0,0,0,0,0,0
290675,1,1,0,0,0,0,0,0,0,0,0,0
290676,1,1,0,0,0,0,0,0,0,0,0,0
290676,2,1,0,0,0,0,0,0,0,0,0,0
290677,2,1,0,0,0,0,0,0,0,0,0,0
290678,1,1,0,0,0,0,0,0,0,0,0,0
290679,1,1,0,0,0,0,0,0,0,0,0,0
290680,0,1,0,20,0,0,0,31,0,21,32,23
290680,1,1,0,0,0,0,0,0,0,0,0,0
290681,1,1,0,0,0,0,0,0,0,0,0,0
290681,2,1,0,0,0,0,0,0,0,0,0,0
290682,1,1,0,0,0,0,0,0,0,0,0,0
290682,2,1,16,0,0,25,14,0,0,16,0,0
290683,1,1,0,0,0,0,0,0,0,0,0,0
290683,2,1,0,0,0,0,0,0,0,0,0,0
290684,1,1,0,0,0,0,0,0,0,0,0,0
290684,2,1,0,0,0,0,0,0,0,0,0,0
290685,1,1,24,0,0,11,32,16,5,20,12,0
290686,1,1,8,8,8,8,8,8,8,8,8,8
290687,1,1,0,0,0,0,0,0,0,0,0,0
290688,1,1,0,0,0,0,0,0,0,0,0,0
290689,1,1,12,12,12,12,12,12,12,12,12,12
290689,2,1,27,25,19,23,14,0,22,17,15,12
290690,0,1,35,0,0,0,0,0,16,0,0,0
290690,1,1,0,0,12,0,0,4,0,0,0,0
290691,1,1,0,0,0,0,0,0,0,0,39,0
290691,2,1,0,0,0,0,0,0,0,0,0,0
290692,1,1,0,0,0,0,0,0,0,0,0,0
290693,0,1,0,0,0,0,0,0,0,0,0,0
290693,1,1,0,0,0,0,0,0,0,0,0,0
290694,1,1,0,0,16,9,0,0,0,0,27,12
290695,1,1,0,0,0,0,0,0,0,0,0,0
290695,2,1,0,0,0,0,0,0,0,0,0,0
290696,1,1,0,0,0,0,0,0,0,0,0,0
290697,1,1,3,3,3,3,3,3,3,3,3,3
290697,2,1,0,0,0,0,0,0,0,0,0,0
290698,1,1,0,0,0,0,0,0,0,9,0,0
290699,1,1,0,0,0,0,0,0,0,0,0,0
290700,1,1,0,0,0,0,0,0,0,0,0,0
290701,1,1,5,5,5,5,5,5,5,5,5,5
290702,0,1,3,3,3,3,3,3,3,3,3,3
290702,1,1,0,0,18,0,0,0,0,7,0,0
290703,1,1,0,0,0,0,0,0,0,0,0,0
290703,2,1,0,0,0,0,0,0,0,0,0,0
290703,3,1,0,0,0,0,0,0,0,0,0,0
290703,4,1,0,0,0,0,0,0,0,0,0,0
290703,5,1,0,0,0,0,0,0,0,0,0,0
290703,6,1,0,0,0,0,0,0,0,0,0,0
290704,1,1,0,0,8,0,0,0,0,0,0,0
290704,2,1,0,0,0,0,0,0,0,0,0,0
290704,3,1,8,0,0,0,0,0,0,0,0,0
290704,4,1,0,0,0,0,0,0,0,0,0,0
290705,1,1,5,5,5,5,5,5,5,5,5,5
290705,2,1,0,0,0,0,0,0,0,0,0,0
290706,0,1,0,0,0,24,0,7,0,11,0,0
290706,0,2,0,18,21,0,0,25,14,0,0,0
290706,1,1,0,0,0,0,0,8,0,19,0,13
290706,2,1,0,0,0,0,0,0,0,0,0,0
290707,1,1,0,0,0,0,0,0,0,0,0,0
290707,2,1,0,18,23,0,0,0,0,6,16,23
290708,1,1,0,0,0,0,0,0,0,0,0,0
290708,2,1,0,0,0,20,0,17,0,33,0,0
290708,3,1,0,0,0,0,0,0,0,0,0,0
290709,1,1,21,21,21,21,21,21,21,21,21,21
290709,2,1,0,0,0,0,0,0,0,0,0,0
290710,1,1,14,14,14,14,14,14,14,14,14,14
290711,0,1,4,4,4,4,4,4,4,4,4,4
290711,1,1,0,0,0,0,0,0,0,0,0,0
290712,1,1,0,0,0,0,0,0,0,0,0,0
290712,2,1,0,0,0,0,0,0,0,0,0,0
290713,1,1,0,0,0,0,0,0,0,0,0,0
290713,2,1,0,0,0,0,0,0,0,0,0,0
290714,1,1,0,0,0,0,0,0,0,0,0,0
290715,1,1,0,0,0,0,0,0,0,0,0,0
290716,0,1,40,40,40,40,40,40,40,40,40,40
290716,1,1,0,0,0,0,0,0,0,0,0,0
290717,1,1,0,0,0,0,0,0,0,0,0,0
290717,2,1,0,0,0,0,0,0,0,0,0,0
290718,1,1,0,0,11,0,52,0,0,0,0,0
290719,1,1,10,0,0,0,0,0,0,0,0,0
290719,2,1,0,0,0,0,0,0,0,0,0,0
290720,1,1,0,0,0,0,0,0,0,0,0,0
290721,1,1,0,0,0,0,0,0,0,0,0,0
290722,1,1,0,0,0,0,0,0,0,0,0,0
290722,2,1,0,0,0,0,0,0,0,0,0,0
290722,3,1,0,0,0,0,9,0,0,0,0,0
290722,4,1,0,0,0,0,0,0,0,0,0,0
290723,1,1,27,27,27,27,27,27,27,27,27,27
290724,0,1,0,50,0,19,0,4,0,15,11,0
290724,1,1,0,0,0,0,0,0,0,0,0,0
290725,1,1,24,10,10,26,16,14,16,8,16,7
290726,0,1,0,0,0,0,0,0,0,0,0,0
290726,1,1,18,8,11,11,5,6,23,27,16,8
290727,1,1,24,24,24,24,24,24,24,24,24,24
290728,0,1,17,0,0,14,0,13,0,0,0,0
290728,1,1,0,0,0,0,26,0,0,20,0,0
290729,1,1,0,0,0,0,0,0,0,0,0,0
290729,2,1,0,0,0,0,0,0,0,0,0,0
290730,0,1,0,0,0,0,0,0,0,0,0,0
290730,1,1,0,0,0,0,0,0,0,0,0,0
290731,1,1,0,0,0,0,0,0,0,0,0,0
290732,1,1,7,7,7,7,7,7,7,7,7,7
290733,1,1,0,0,0,0,0,0,0,0,0,0
290733,3,1,0,0,0,0,29,0,0,0,0,0
290733,4,1,0,0,0,0,0,0,0,0,0,0
290734,1,1,0,0,0,0,0,0,19,20,15,0
290735,1,1,0,0,0,0,0,0,0,0,0,0
290736,1,1,0,0,0,0,20,0,0,0,0,11
290737,0,1,0,0,0,0,0,0,0,0,0,0
290737,1,1,17,0,0,0,18,0,0,0,14,8
290738,1,1,0,0,0,0,0,0,0,0,0,0
290738,2,1,0,0,0,0,0,0,0,0,0,0
290739,1,1,0,0,0,0,0,0,0,0,0,0
290739,2,1,0,0,0,0,0,0,0,0,0,0
290740,1,1,0,0,22,0,0,0,0,0,0,0
290740,2,1,0,0,0,0,0,0,0,0,0,0
290741,1,1,0,0,0,0,0,0,0,0,0,0
290741,2,1,7,7,7,7,7,7,7,7,7,7
290742,1,1,0,0,0,0,0,0,0,0,0,0
290743,1,1,0,0,0,0,0,0,0,0,0,0
290744,1,1,0,0,0,0,0,0,0,0,0,0
290744,2,1,0,0,0,0,0,0,0,0,0,0
290745,1,1,13,13,13,13,13,13,13,13,13,13
290746,1,1,0,0,0,0,0,0,0,0,6,0
290746,2,1,0,0,0,0,0,0,0,0,0,0
290747,1,1,0,0,0,0,0,0,0,0,0,0
290747,2,1,25,13,0,0,0,0,0,0,0,0
290747,3,1,0,0,0,0,0,0,0,0,0,0
290748,0,1,24,24,24,24,24,24,24,24,24,24
290748,1,1,0,0,0,0,0,0,0,0,0,0
290749,1,1,0,0,7,0,0,0,0,0,0,9
290750,1,1,16,16,16,16,16,16,16,16,16,16
290751,1,1,0,0,0,0,0,0,0,0,0,0
290752,1,1,0,0,0,0,0,0,0,0,0,0
290753,1,1,0,0,0,0,0,0,0,0,0,0
290753,2,1,0,0,0,0,0,0,0,0,0,0
290753,3,1,0,33,0,0,0,0,0,0,0,0
290754,1,1,0,0,0,0,0,0,0,0,0,0
290755,0,1,31,31,31,31,31,31,31,31,31,31
290755,1,1,0,19,0,0,29,17,6,0,16,0
290756,1,1,22,22,22,22,22,22,22,22,22,22
290756,2,1,0,0,0,0,0,0,0,0,0,0
290756,3,1,0,0,0,0,0,0,0,0,0,0
290757,1,1,0,0,0,0,0,0,0,0,0,0
290758,0,1,36,36,36,36,36,36,36,36,36,36
290758,1,1,0,0,0,0,0,0,0,0,0,0
290759,1,1,0,0,0,20,0,0,0,23,0,0
290759,2,1,3,0,0,0,0,0,0,0,0,0
290760,1,1,25,25,25,25,25,25,25,25,25,25
290761,1,1,0,0,0,0,0,0,0,0,0,0
290761,2,1,0,0,0,0,0,0,0,0,0,0
290762,1,1,25,25,25,25,25,25,25,25,25,25
290762,2,1,0,0,0,0,0,0,0,0,0,0
290763,0,1,0,0,31,0,0,0,0,0,0,18
290763,1,1,0,0,0,0,0,0,0,0,0,0
290764,1,1,0,0,0,0,0,0,0,0,0,0
290765,1,1,14,14,14,14,14,14,14,14,14,14
290766,1,1,0,0,0,0,0,0,12,0,0,0
290766,2,1,0,0,0,0,0,0,0,0,0,0
290767,0,1,17,17,17,17,17,17,17,17,17,17
290767,1,1,0,0,0,0,0,0,0,0,0,0
290768,1,1,11,11,11,11,11,11,11,11,11,11
290768,2,1,14,14,14,14,14,14,14,14,14,14
290769,1,1,0,0,0,0,0,0,0,0,0,0
290769,2,1,0,0,0,0,0,0,0,0,0,0
290770,0,1,0,9,3,0,0,0,26,0,9,0
290770,1,1,0,0,0,0,0,0,0,0,0,0
290771,1,1,9,9,9,9,9,9,9,9,9,9
290771,2,1,0,0,0,0,0,0,0,0,0,0
290772,1,1,11,0,28,12,2,32,0,0,0,0
290773,1,1,17,17,17,17,17,17,17,17,17,17
290773,2,1,0,0,0,0,0,0,0,0,0,0
290774,1,1,0,0,0,0,0,25,0,0,0,0
290775,0,1,0,0,0,0,0,0,0,10,0,0
290775,1,1,0,19,0,0,0,0,0,0,0,0
290776,1,1,9,0,0,10,0,0,0,4,0,0
290777,1,1,0,0,0,0,0,0,0,0,0,0
290777,2,1,0,0,0,0,0,0,0,0,0,0
290778,1,1,0,0,0,0,0,0,0,0,0,0
290779,1,1,0,0,0,0,0,0,0,0,0,0
290780,1,1,0,0,0,0,0,0,0,0,0,0
290780,2,1,0,0,0,0,0,0,0,0,0,0
290781,1,1,0,0,0,0,0,0,0,0,0,0
290782,1,1,0,0,0,0,0,0,0,0,0,0
290783,1,1,0,0,0,0,0,0,0,0,0,0
290783,2,1,0,0,0,0,0,0,0,0,0,0
290784,0,1,0,0,0,0,0,0,0,0,0,0
290784,1,1,0,0,0,0,0,0,0,0,0,0
290785,1,1,15,15,15,15,15,15,15,15,15,15
290786,1,1,0,0,0,0,0,0,0,0,0,0
290787,1,1,0,0,0,0,0,0,0,0,0,0
290787,2,1,0,0,0,0,0,0,0,0,0,0
290787,3,1,0,0,0,0,0,0,5,0,0,0
290788,1,1,4,4,4,4,4,4,4,4,4,4
290789,1,1,0,0,0,0,0,0,0,0,0,0
290789,2,1,0,0,0,0,0,0,0,0,0,0
290790,1,1,0,0,0,0,0,0,0,0,0,0
290790,2,1,0,0,0,0,0,0,0,0,0,0
290791,1,1,0,0,0,0,0,0,0,0,0,0
290791,2,1,0,0,0,0,0,0,0,0,0,0
290792,1,1,6,0,0,0,0,0,0,0,0,0
290793,0,1,0,0,0,0,22,14,0,0,0,0
290793,1,1,0,0,0,0,0,0,11,0,0,0
290794,1,1,0,0,0,0,0,0,0,0,0,0
290795,1,1,0,0,0,0,0,0,0,0,0,0
290796,1,1,19,19,19,19,19,19,19,19,19,19
290797,1,1,0,0,0,0,0,0,0,0,0,0
290798,1,1,13,13,13,13,13,13,13,13,13,13
290798,2,1,0,0,0,0,0,0,0,0,0,0
290799,1,1,0,0,0,0,0,0,0,0,0,0
290799,2,1,0,0,0,0,0,0,0,0,0,0
290800,1,1,0,0,0,0,0,0,0,0,0,0
290800,2,1,0,0,0,0,0,0,0,0,0,0
290801,1,1,0,0,0,0,0,0,0,0,0,0
290802,1,1,0,0,0,0,12,0,0,0,14,0
290802,2,1,0,0,12,0,0,0,0,0,0,20