ST_CASE,VEH_NO,PER_NO,P1,P2,P3,P4,P5,P6,P7,P8,P9,P10
300132,2,1,5,5,5,5,5,5,5,5,5,5
300133,1,1,22,22,22,22,22,22,22,22,22,22
300133,2,1,2,2,2,2,2,2,2,2,2,2
300134,1,1,0,0,0,0,0,0,0,0,0,0
300135,1,1,26,26,26,26,26,26,26,26,26,26
300135,2,1,0,0,0,0,0,0,0,0,0,0
300136,1,1,0,0,0,0,0,0,0,0,0,0
300136,2,1,0,0,0,0,0,0,0,0,0,0
300137,1,1,16,16,16,16,16,16,16,16,16,16
300137,2,1,0,0,0,0,0,0,0,0,0,0
300138,0,1,28,28,28,28,28,28,28,28,28,28
300138,1,1,0,0,0,0,0,0,0,0,0,0
300139,1,1,0,0,0,0,0,0,0,0,0,0
300139,2,1,0,0,0,0,0,0,0,0,0,0
300140,1,1,23,23,23,23,23,23,23,23,23,23
300140,2,1,0,0,0,0,0,0,0,0,0,0
300141,0,1,0,0,0,0,0,0,0,0,0,0
300141,1,1,0,0,0,0,0,0,0,0,0,0
300142,1,1,16,16,16,16,16,16,16,16,16,16
300142,2,1,0,0,0,0,0,18,0,0,0,0
300142,3,1,0,0,0,0,0,0,0,0,0,0
300143,0,1,0,0,0,0,18,0,0,0,0,0
300143,0,2,0,0,0,0,0,0,0,0,0,10
300143,1,1,0,0,0,0,0,0,0,0,0,0
300144,1,1,0,0,0,0,0,0,0,0,0,0
300145,1,1,0,0,0,0,0,0,0,0,0,0
300146,1,1,0,0,0,12,0,0,0,0,20,0
300147,1,1,0,0,0,0,0,0,0,0,0,0
300147,2,1,0,0,0,0,0,6,0,0,0,0
300147,3,1,0,0,0,0,0,0,0,0,0,0
300148,1,1,0,0,0,0,0,0,0,0,0,0
300148,2,1,0,0,0,0,0,0,0,0,0,0
300149,0,1,34,34,34,34,34,34,34,34,34,34
300149,1,1,0,0,0,0,0,0,0,0,0,0
300150,1,1,17,17,17,17,17,17,17,17,17,17
300151,1,1,0,0,0,0,0,0,0,0,0,0
300151,2,1,0,0,0,0,0,0,0,0,0,0
300153,1,1,20,20,20,20,20,20,20,20,20,20
300154,0,1,33,33,33,33,33,33,33,33,33,33
300154,1,1,1,1,1,1,1,1,1,1,1,1
300155,1,1,22,22,22,22,22,22,22,22,22,22
300155,2,1,0,0,0,0,0,0,0,0,0,0
300156,1,1,0,0,0,0,0,0,0,0,0,0
300156,2,1,0,0,0,0,0,0,0,0,0,0
300157,0,1,0,0,0,0,0,0,0,0,36,0
300157,1,1,0,0,0,0,0,0,0,0,0,0
300158,0,1,0,0,0,0,18,0,0,0,0,0
300158,1,1,17,0,21,10,17,0,0,11,0,3
300159,0,1,0,10,10,27,0,17,4,0,23,0
300159,1,1,0,0,0,0,0,0,0,0,0,0
300160,1,1,10,21,27,12,28,28,9,20,21,15
300161,1,1,0,18,0,22,0,0,0,0,24,0
300162,1,1,20,8,0,0,0,0,0,0,0,0
300162,2,1,0,0,0,0,0,0,0,0,0,0
300162,3,1,0,0,0,0,6,0,0,0,0,0
300163,1,1,29,29,29,29,29,29,29,29,29,29
300163,2,1,0,0,0,0,0,0,5,0,0,0
300163,3,1,0,0,0,0,0,0,0,0,0,0
300164,1,1,22,22,22,22,22,22,22,22,22,22
300164,2,1,7,0,33,26,0,14,0,10,13,0
300165,1,1,0,0,0,0,0,0,0,0,0,0
300165,2,1,0,0,0,0,22,0,0,0,0,0
300166,1,1,0,0,0,0,0,0,0,0,0,0
300167,1,1,0,0,13,0,0,0,0,0,12,0
300168,1,1,25,25,25,25,25,25,25,25,25,25
300169,0,1,0,0,0,0,0,25,0,16,4,0
300169,1,1,0,0,0,0,0,0,0,0,0,0
300170,1,1,0,0,0,0,0,0,0,0,0,0
300171,0,1,0,0,0,0,0,0,0,0,0,0
300171,1,1,0,0,0,0,0,0,0,0,0,0
300172,1,1,0,0,0,0,0,0,0,0,0,0
300172,2,1,0,0,0,0,0,0,0,0,0,0
300173,1,1,0,0,0,0,0,0,0,0,0,0
300173,2,1,0,0,0,0,0,0,0,0,0,0
300174,1,1,0,0,0,0,0,0,0,0,0,0
300174,2,1,0,0,0,0,0,0,0,0,0,0
300174,3,1,0,0,0,0,0,0,0,0,0,0
300174,4,1,0,0,0,0,0,0,0,0,0,0
300175,0,1,0,0,0,0,0,0,0,0,0,0
300175,1,1,0,0,0,0,0,0,0,0,0,0
300176,1,1,0,19,16,11,19,7,12,12,26,0
300177,1,1,0,0,0,0,0,0,0,0,0,0
300177,2,1,4,0,19,0,0,0,3,0,0,0
300178,0,1,43,43,43,43,43,43,43,43,43,43
300178,1,1,0,0,0,0,0,0,0,0,0,0
300179,1,1,15,15,15,15,15,15,15,15,15,15
300179,2,1,0,0,0,0,4,0,0,0,0,27
300180,1,1,23,23,23,23,23,23,23,23,23,23
300181,1,1,0,0,0,10,0,0,0,0,0,0
300181,2,1,0,0,0,0,0,0,0,0,0,0
300182,1,1,0,0,18,21,13,0,0,15,0,24
300183,1,1,27,27,27,27,27,27,27,27,27,27
300184,1,1,0,0,23,0,0,7,15,0,13,0
300184,2,1,10,0,0,0,0,0,0,0,0,6
300185,0,1,12,23,29,0,16,40,0,0,0,0
300185,1,1,0,0,17,0,0,0,0,10,0,0
300186,1,1,0,0,0,0,0,0,0,0,0,0
310001,1,1,21,21,21,21,21,21,21,21,21,21
310002,1,1,0,0,12,0,18,0,0,0,0,0
310002,2,1,0,0,0,0,0,0,0,0,0,0
310003,1,1,11,11,11,11,11,11,11,11,11,11
310004,1,1,0,0,0,0,0,0,0,0,0,0
310004,2,1,0,0,0,0,0,0,0,0,0,0
310005,1,1,0,0,0,0,0,0,0,0,0,0
310005,2,1,0,0,0,20,0,0,0,0,0,0
310006,1,1,13,0,0,0,39,0,0,25,0,0
310006,2,1,0,0,0,8,14,0,0,0,0,0
310007,0,1,24,0,0,0,0,42,0,0,0,0
310007,1,1,0,0,0,0,0,0,0,0,0,0
310008,1,1,0,0,0,0,0,0,0,0,0,0
310009,1,1,0,0,0,0,0,0,0,0,0,0
310011,1,1,5,0,15,0,0,17,36,0,0,0
310011,2,1,0,0,0,0,0,0,0,0,0,0
310012,1,1,0,0,0,0,0,0,0,0,0,0
310012,2,1,0,0,0,0,0,0,0,0,0,0
310012,3,1,0,0,0,0,0,0,0,0,0,0
310013,1,1,0,0,0,0,0,0,0,0,0,0
310013,2,1,0,0,0,0,0,0,0,0,0,0
310015,1,1,2,2,2,2,2,2,2,2,2,2
310015,2,1,0,0,0,0,0,0,0,0,0,0
310016,1,1,0,0,0,0,0,0,0,0,0,0
310017,1,1,0,0,0,0,0,0,0,0,0,0
310017,2,1,2,2,2,2,2,2,2,2,2,2
310018,1,1,0,0,0,0,0,0,0,0,0,0
310018,2,1,0,0,0,0,0,0,0,0,0,0
310018,3,1,0,0,0,0,0,0,0,0,0,0
310019,1,1,0,0,0,0,0,0,0,0,0,0
310019,2,1,0,0,0,0,0,0,0,0,0,0
310020,1,1,0,0,0,0,0,0,0,0,0,0
310020,2,1,0,0,0,0,0,0,0,0,0,0
310020,3,1,0,0,0,0,0,0,0,0,10,0
310020,4,1,0,0,0,0,0,0,0,0,0,0
310020,5,1,0,0,0,0,0,0,0,0,0,0
310020,6,1,0,0,0,0,0,20,0,0,0,0
310020,7,1,0,0,0,0,0,0,0,0,0,0
310021,1,1,12,12,12,12,12,12,12,12,12,12
310022,1,1,0,0,0,0,0,0,0,0,0,0
310022,2,1,0,0,0,0,0,0,0,0,0,0
310023,1,1,0,0,0,0,0,0,0,0,0,0
310023,2,1,0,0,0,0,0,0,0,0,0,0
310024,0,1,0,0,0,0,22,0,0,0,0,0
310024,1,1,0,0,0,0,0,0,0,0,0,0
310025,1,1,0,0,0,0,0,0,0,0,0,0
310025,2,1,0,0,0,0,0,0,0,0,0,0
310026,1,1,0,0,0,0,0,0,0,0,0,0
310027,1,1,0,0,0,0,0,0,0,0,0,0
310027,2,1,0,0,0,0,0,0,0,0,0,24
310028,1,1,0,0,0,0,0,0,0,0,0,0
310028,2,1,0,0,0,0,0,0,0,0,0,0
310029,1,1,0,0,0,0,0,0,0,0,0,0
310030,1,1,0,0,0,13,0,0,0,0,0,0
310030,2,1,0,0,0,0,0,0,0,0,0,0
310031,1,1,0,0,0,0,0,0,0,0,0,0
310032,1,1,0,0,0,0,0,0,0,0,0,0
310032,2,1,22,22,22,22,22,22,22,22,22,22
310033,1,1,0,0,0,0,0,0,0,0,0,0
310033,2,1,0,0,0,0,0,0,0,0,0,0
310034,0,1,0,0,0,0,0,0,0,0,0,15
310034,2,1,0,0,0,0,0,0,0,0,0,0
310035,1,1,0,0,0,0,0,0,0,0,0,0
310035,2,1,0,15,0,0,0,0,0,0,0,0
310035,3,1,0,0,0,0,0,0,0,0,0,0
310035,4,1,0,0,0,0,0,0,0,5,0,0
310036,1,1,0,0,0,0,0,0,0,0,0,0
310036,2,1,0,0,0,0,0,0,0,0,0,0
310037,1,1,0,0,0,0,0,0,0,0,0,0
310037,2,1,0,0,0,0,0,0,0,0,0,0
310038,1,1,0,0,14,0,0,6,0,0,0,0
310039,1,1,18,18,18,18,18,18,18,18,18,18
310039,2,1,9,9,9,9,9,9,9,9,9,9
310040,0,1,0,0,0,0,0,0,9,0,0,0
310040,0,2,0,0,8,0,0,0,0,0,0,0
310040,0,3,0,0,4,24,0,0,20,24,0,16
310040,0,4,0,0,0,0,0,0,0,0,0,0
310040,0,5,0,0,0,0,0,0,16,0,35,0
310040,0,6,0,7,0,0,0,0,0,0,0,0
310040,0,7,0,0,0,0,0,0,17,0,0,0
310040,0,8,20,0,0,9,0,13,0,16,0,0
310040,0,9,20,0,0,23,0,0,0,0,0,0
310040,0,10,0,0,0,0,0,0,0,0,5,26
310040,0,11,8,0,34,0,0,27,19,0,0,0
310040,0,12,0,0,0,0,0,13,14,0,0,18
310040,0,13,0,0,0,0,0,31,35,0,34,0
310040,0,14,0,0,0,23,12,0,0,0,0,0
310040,0,15,42,0,0,0,0,14,15,0,18,0
310040,0,16,14,0,0,0,0,0,0,21,12,0
310040,0,17,0,0,21,0,0,18,0,18,6,0
310040,0,18,0,0,0,0,0,0,0,0,0,0
310040,0,19,20,0,0,0,0,0,0,0,0,34
310040,0,20,0,10,0,0,0,0,6,0,0,0
310040,1,1,0,0,0,0,0,0,0,0,0,0
310040,2,1,0,0,39,0,23,30,0,10,0,18
310042,1,1,7,7,7,7,7,7,7,7,7,7
310043,1,1,0,0,0,0,0,0,0,0,0,0
310043,2,1,0,0,0,0,0,0,0,0,0,0
310044,1,1,0,0,0,0,0,0,0,0,0,0
310044,2,1,0,0,0,0,0,0,0,0,0,0
310045,0,1,11,0,0,0,0,0,36,33,0,0
310045,1,1,3,3,3,3,3,3,3,3,3,3
310046,1,1,0,0,0,0,0,0,0,0,0,0
310047,1,1,3,3,3,3,3,3,3,3,3,3
310048,1,1,0,5,15,8,0,0,15,0,26,11
310048,2,1,2,2,2,2,2,2,2,2,2,2
310048,3,1,0,0,0,0,0,0,0,0,0,0
310049,1,1,0,0,0,0,0,0,0,0,0,0
310049,2,1,0,0,0,0,0,0,0,0,0,0
310050,1,1,15,15,15,15,15,15,15,15,15,15
310051,1,1,10,10,10,10,10,10,10,10,10,10
310051,2,1,0,0,0,0,0,0,0,0,0,0
310052,1,1,0,0,0,0,0,0,0,0,0,0
310052,2,1,0,0,0,0,0,0,0,0,0,0
310053,1,1,2,2,2,2,2,2,2,2,2,2
310054,1,1,0,0,0,0,0,0,0,0,0,0
310054,2,1,0,0,0,0,0,0,0,0,0,0
310055,0,1,0,0,0,0,0,0,0,0,0,0
310055,1,1,0,0,0,0,0,0,0,0,0,0
310056,1,1,16,16,16,16,16,16,16,16,16,16
310057,1,1,0,0,0,0,0,0,0,0,0,0
310057,2,1,0,0,0,0,0,0,0,0,0,0
310058,1,1,5,5,5,5,5,5,5,5,5,5
310059,1,1,16,0,0,0,0,20,0,0,0,0
310059,2,1,0,0,0,0,0,0,0,0,0,0
310060,1,1,0,0,0,0,0,0,0,0,0,0
310060,2,1,0,0,0,0,0,0,0,0,0,0
310061,1,1,0,0,0,0,0,0,0,0,0,0
310061,2,1,0,0,0,0,0,0,0,0,0,0
310062,1,1,0,0,0,0,0,0,0,0,0,0
310062,2,1,0,0,0,0,0,0,0,0,0,0
310063,1,1,0,0,0,0,0,0,0,0,0,0
310063,2,1,8,8,8,8,8,8,8,8,8,8
310064,1,1,13,13,13,13,13,13,13,13,13,13
310064,2,1,32,16,2,11,14,9,14,17,15,4
310065,1,1,0,0,0,0,0,0,0,0,0,0
310065,2,1,0,0,0,0,0,0,0,0,0,14
310066,0,1,0,0,0,20,0,0,0,0,10,9
310066,1,1,0,0,0,0,0,0,0,0,0,0
310067,1,1,0,0,0,0,0,0,0,0,0,0
310068,1,1,0,0,0,0,0,0,0,0,0,0
310068,2,1,0,0,0,0,0,0,0,0,0,0
310069,1,1,0,0,0,0,0,0,0,0,0,0
310070,1,1,0,3,32,21,0,0,0,12,14,0
310070,2,1,0,0,0,0,0,0,0,0,0,0
310070,3,1,14,14,14,14,14,14,14,14,14,14
310071,1,1,0,0,0,0,0,0,0,0,0,0
310071,2,1,0,0,0,0,0,0,0,0,0,0
310072,1,1,12,12,12,12,12,12,12,12,12,12
310073,1,1,2,2,2,2,2,2,2,2,2,2
310073,2,1,0,0,0,0,0,0,0,0,0,0
310074,1,1,0,0,0,0,0,0,0,0,0,0
310074,2,1,0,0,0,0,0,0,0,0,0,0
310075,1,1,15,15,15,15,15,15,15,15,15,15
310076,1,1,0,0,0,0,0,0,0,0,0,0
310076,2,1,0,0,0,0,0,0,0,0,0,0
310077,1,1,16,16,16,16,16,16,16,16,16,16
310078,1,1,0,0,0,0,0,0,0,0,0,0
310078,2,1,0,0,0,0,0,0,0,0,0,0
310079,1,1,6,0,0,0,0,0,0,0,0,0
310079,2,1,0,0,0,0,0,0,0,0,0,0
310080,1,1,0,0,0,0,0,0,0,0,0,0
310080,2,1,2,2,2,2,2,2,2,2,2,2
310081,1,1,0,0,0,0,0,0,0,0,0,0
310081,2,1,7,7,7,7,7,7,7,7,7,7
310082,1,1,0,0,0,0,0,0,0,0,0,0
310083,0,1,11,0,0,18,0,0,0,0,0,0
310083,1,1,0,0,0,0,0,0,0,0,0,0
310084,1,1,0,0,0,0,0,0,0,0,0,0
310085,1,1,0,0,0,0,0,0,0,0,0,0
310085,2,1,0,0,0,0,0,0,0,0,0,0
310087,1,1,0,0,0,0,0,0,0,0,0,0
310087,2,1,8,8,8,8,8,8,8,8,8,8
310088,1,1,0,0,0,0,0,0,0,0,0,0
310088,2,1,0,0,0,0,0,0,0,0,0,0
310089,1,1,0,0,0,0,0,0,0,0,0,0
310089,2,1,0,0,0,0,0,0,0,0,0,0
310089,3,1,0,0,0,0,0,0,0,0,0,0
310090,1,1,9,9,9,9,9,9,9,9,9,9
310091,1,1,0,0,0,0,0,0,0,0,0,6
310092,1,1,0,0,0,0,0,0,0,0,0,0
310093,1,1,0,28,0,0,13,0,14,29,0,0
310093,2,1,0,0,0,4,0,20,0,0,0,0
310093,3,1,0,0,0,0,0,0,0,0,0,0
310094,1,1,12,0,0,0,0,0,0,0,0,0
310094,2,1,0,0,0,0,0,0,0,0,0,0
310095,1,1,11,11,11,11,11,11,11,11,11,11
310096,1,1,15,15,15,15,15,15,15,15,15,15
310097,1,1,0,0,0,0,0,0,0,0,0,0
310098,0,1,9,22,0,10,0,0,0,15,22,15
310098,1,1,0,0,0,0,0,0,0,0,0,0
310099,1,1,20,20,20,20,20,20,20,20,20,20
310099,2,1,0,0,0,0,0,0,0,0,0,0
310099,3,1,5,0,0,0,0,0,8,16,0,0
310099,4,1,0,33,0,0,0,0,0,0,0,0
310100,1,1,0,0,0,0,0,0,0,0,0,0
310103,1,1,0,0,0,0,0,0,0,0,0,0
310103,2,1,0,0,0,0,0,0,0,0,0,0
310104,1,1,0,0,0,0,0,0,0,0,0,0
310104,2,1,13,13,13,13,13,13,13,13,13,13
310105,1,1,14,14,14,14,14,14,14,14,14,14
310105,2,1,10,10,10,10,10,10,10,10,10,10
310106,1,1,0,0,0,0,0,0,0,0,0,0
310106,2,1,14,14,14,14,14,14,14,14,14,14
310107,1,1,11,11,11,11,11,11,11,11,11,11
310108,1,1,0,0,0,0,0,0,0,0,0,0
310108,2,1,0,0,0,0,0,0,0,0,0,0
310109,1,1,0,0,0,0,0,0,0,0,0,0
310109,2,1,0,0,0,0,0,0,0,0,0,0
310110,1,1,0,0,0,0,0,0,0,0,0,0
310110,2,1,0,0,0,0,0,0,0,0,0,0
310110,3,1,0,0,0,0,0,0,0,0,0,0
310111,0,1,0,0,0,0,20,0,0,29,6,11
310111,1,1,0,0,0,0,0,0,0,0,0,0
310111,2,1,5,5,5,5,5,5,5,5,5,5
310112,1,1,0,0,0,0,0,0,0,0,0,0
310112,2,1,0,0,0,0,0,0,0,0,0,0
310113,1,1,0,0,0,0,0,0,0,0,0,0
310114,1,1,2,2,2,2,2,2,2,2,2,2
310114,2,1,0,0,0,0,0,0,0,0,0,0
310115,1,1,25,25,25,25,25,25,25,25,25,25
310115,2,1,0,0,0,0,0,0,0,0,0,0
310116,1,1,0,0,0,0,0,0,0,0,0,0
310117,1,1,0,0,0,0,0,0,0,0,0,0
310117,2,1,0,0,0,0,0,0,0,0,0,0
310118,1,1,0,0,0,0,0,0,0,0,0,0
310119,1,1,5,5,5,5,5,5,5,5,5,5
310119,2,1,0,0,0,0,0,0,0,0,0,0
310120,1,1,0,0,0,0,0,0,0,0,0,0
310120,2,1,0,0,0,0,0,0,0,0,0,0
310121,1,1,0,0,0,0,0,0,0,0,0,0
310122,0,1,0,0,0,0,0,0,0,15,0,0
310122,1,1,0,0,0,0,0,0,0,0,0,0
310123,0,1,0,0,0,0,0,0,16,9,0,16
310123,1,1,0,0,0,0,0,0,0,0,0,0
310124,1,1,21,0,0,5,0,14,26,10,20,0
310125,1,1,21,21,21,21,21,21,21,21,21,21
310125,2,1,0,0,0,0,0,0,0,0,0,0
310125,3,1,0,0,0,0,0,0,0,0,0,0
310126,0,1,0,0,0,0,0,0,0,0,0,0
310126,0,2,0,0,0,0,0,0,0,0,0,0
310126,1,1,0,0,0,0,0,0,0,0,0,0
310127,1,1,0,0,0,0,0,0,0,0,0,0
310127,2,1,0,0,0,0,0,0,0,0,0,0
310129,1,1,28,17,19,4,7,15,18,10,15,14
310129,2,1,0,0,0,0,0,0,0,0,0,0
310129,3,1,0,0,0,19,0,0,0,12,0,0
310130,0,1,10,0,0,0,23,0,0,0,0,0
310130,1,1,0,0,0,0,0,0,0,0,0,0
310130,2,1,0,0,0,0,0,0,0,0,0,0
310130,3,1,0,0,0,0,0,0,0,0,0,0
310131,1,1,0,0,0,0,0,0,0,0,0,0
310132,1,1,0,0,0,0,0,0,0,0,0,0
310132,2,1,0,0,0,0,0,0,0,0,0,0
310133,1,1,0,0,0,0,0,0,0,0,0,0
310133,2,1,0,0,0,0,0,0,0,0,0,0
310134,1,1,37,37,37,37,37,37,37,37,37,37
310134,2,1,0,0,0,0,0,0,0,0,0,0
310135,1,1,0,0,0,0,0,0,0,0,0,0
310136,1,1,0,0,0,0,0,0,0,0,0,0
310136,2,1,20,20,20,20,20,20,20,20,20,20
310137,1,1,0,0,0,7,15,0,0,0,0,0
310138,1,1,0,0,0,0,0,0,0,0,0,0
310138,2,1,0,0,0,0,0,0,0,0,0,0
310139,1,1,0,0,0,0,0,0,0,0,0,0
310139,2,1,0,0,0,0,0,0,0,0,0,0
310141,1,1,0,0,0,0,0,0,0,0,0,0
310141,2,1,0,0,0,0,0,0,0,0,0,0
310142,1,1,0,0,0,0,0,0,0,0,0,0
310142,2,1,0,0,0,0,0,0,0,0,0,0
310142,3,1,0,0,0,0,0,0,0,0,21,0
310143,1,1,5,5,5,5,5,5,5,5,5,5
310143,2,1,0,0,0,0,0,0,0,0,0,0
310144,1,1,0,0,0,0,0,0,0,0,0,0
310144,2,1,0,0,0,0,0,0,0,0,0,0
310145,1,1,0,0,0,0,0,0,0,0,0,0
310145,2,1,0,0,0,0,0,0,0,0,0,0
310146,1,1,0,0,0,0,0,0,0,0,0,0
310146,2,1,0,18,0,0,0,0,0,19,0,0
310147,1,1,6,6,6,6,6,6,6,6,6,6
310147,2,1,0,0,0,0,0,0,0,0,0,0
310148,1,1,0,0,0,0,0,0,0,0,0,0
310148,2,1,0,0,0,0,0,0,0,0,0,0
310149,1,1,16,16,16,16,16,16,16,16,16,16
310149,2,1,9,9,9,9,9,9,9,9,9,9
310149,3,1,0,0,0,0,0,0,0,0,0,0
310150,1,1,0,0,0,0,0,0,0,0,0,0
310150,2,1,0,0,0,0,0,0,0,0,0,0
310151,1,1,0,0,0,0,0,0,0,0,0,0
310152,1,1,0,0,0,0,0,0,0,0,0,0
310153,0,1,0,0,0,0,0,0,0,0,0,0
310153,1,1,0,3,0,0,32,0,0,0,0,16
310153,2,1,0,0,0,0,0,0,0,0,0,0
310153,3,1,0,0,0,0,0,0,8,0,0,0
310154,1,1,0,0,0,0,0,0,0,0,0,0
310154,2,1,0,0,0,0,0,0,0,0,0,0
310155,1,1,0,0,0,0,0,0,0,0,0,0
310156,1,1,0,0,0,10,0,0,0,0,0,0
310156,2,1,0,0,0,0,0,0,0,14,0,0
310156,3,1,0,0,0,0,0,0,0,0,0,0
310157,1,1,0,0,0,0,0,0,0,0,0,0
310157,2,1,27,27,27,27,27,27,27,27,27,27
310158,1,1,0,0,0,0,0,0,0,0,0,0
310158,2,1,12,12,12,12,12,12,12,12,12,12
310159,1,1,0,0,0,0,0,0,0,0,0,0
310159,2,1,0,0,0,0,0,0,0,0,0,0
310160,1,1,0,0,0,0,0,0,0,0,0,0
310160,2,1,0,0,0,0,0,0,0,0,0,0
310161,1,1,0,0,0,0,0,0,0,0,22,0
310161,2,1,0,0,0,0,0,0,0,0,0,0
310162,1,1,21,21,21,21,21,21,21,21,21,21
310163,1,1,25,0,0,0,0,17,0,10,0,0
310163,2,1,0,0,0,0,0,0,0,0,0,0
310163,3,1,0,0,0,0,0,0,0,0,0,0
310164,1,1,4,14,27,16,13,11,21,13,0,17
310165,1,1,0,0,0,0,0,0,0,0,0,0
310165,2,1,0,0,0,0,0,0,0,0,0,0
310166,1,1,22,22,22,22,22,22,22,22,22,22
310166,2,1,0,0,0,0,0,0,0,0,0,0
310167,1,1,0,0,0,16,0,0,0,0,0,0
310167,2,1,0,0,0,0,0,0,0,0,0,0
310168,1,1,0,0,0,0,0,0,0,0,0,0
310168,2,1,0,0,0,0,19,27,0,0,0,0
310169,1,1,0,21,19,25,14,17,25,28,21,33
310170,1,1,0,0,0,0,0,0,0,0,0,0
310171,1,1,0,0,0,0,0,0,0,0,0,0
310171,2,1,0,0,0,0,0,0,0,0,0,0
310172,1,1,0,0,0,0,0,0,0,0,0,0
310173,1,1,14,14,14,14,14,14,14,14,14,14
310173,2,1,0,0,0,0,0,0,0,20,0,0
310174,0,1,26,26,26,26,26,26,26,26,26,26
310174,1,1,0,0,0,0,0,0,0,0,0,0
310175,1,1,14,14,14,14,14,14,14,14,14,14
310176,1,1,0,0,0,0,0,0,0,0,0,0
310177,1,1,0,0,0,0,0,0,0,0,0,0
310177,2,1,0,0,0,0,0,0,0,0,0,0
310178,1,1,0,0,0,0,0,0,0,0,0,0
310178,2,1,0,0,0,0,0,0,0,0,0,0
310179,1,1,0,10,26,0,0,0,0,0,0,0
310179,2,1,0,0,0,0,0,0,0,0,0,0
310180,1,1,0,0,0,0,0,0,0,0,0,0
310181,1,1,0,0,0,0,0,0,0,0,0,0
310181,2,1,23,0,0,11,0,0,0,0,0,0
310182,1,1,0,0,0,0,0,0,0,0,0,0
310182,2,1,0,0,0,0,0,0,0,0,0,0
310183,1,1,25,25,25,25,25,25,25,25,25,25
310184,1,1,6,6,6,6,6,6,6,6,6,6
310185,1,1,0,0,0,0,0,0,0,0,0,0
310186,1,1,0,0,0,0,0,0,0,0,0,0
310187,1,1,0,0,0,0,0,0,0,0,0,0
310188,1,1,0,0,0,0,0,0,0,0,0,0
310188,2,1,0,0,0,0,0,0,0,0,0,0
310189,1,1,0,0,0,0,0,0,0,0,0,0
310189,2,1,19,19,19,19,19,19,19,19,19,19
310190,1,1,0,0,0,0,0,7,0,0,0,0
310191,1,1,18,18,18,18,18,18,18,18,18,18
310192,1,1,0,0,0,0,0,0,0,0,0,0
310192,2,1,0,0,0,0,0,0,0,0,0,0
310193,1,1,38,0,31,0,15,0,0,26,0,36
310194,1,1,0,0,0,0,0,0,0,0,0,0
310194,2,1,0,0,0,0,0,0,0,0,0,0
310195,1,1,0,0,0,0,0,0,0,0,0,0
310196,1,1,0,0,0,0,0,0,0,0,0,0
310196,2,1,0,0,0,0,0,0,0,0,0,0
310197,0,1,0,32,0,0,0,0,0,0,33,0
310197,1,1,0,0,0,0,0,0,0,0,0,0
310198,1,1,0,0,0,0,0,0,0,0,0,0
310198,2,1,0,0,0,0,0,0,8,0,0,0
310199,1,1,0,0,0,0,0,0,0,0,0,0
310199,2,1,0,0,0,0,0,0,0,0,0,0
310200,1,1,24,24,24,24,24,24,24,24,24,24
310201,1,1,0,18,0,20,0,0,0,0,0,16
310202,1,1,14,10,5,33,26,26,3,3,31,7
310203,0,1,18,18,18,18,18,18,18,18,18,18
310203,1,1,0,0,0,0,0,0,0,0,0,0
310204,0,1,0,0,0,0,0,0,0,0,6,16
310204,1,1,7,0,0,0,0,13,19,0,0,0
310206,0,1,0,0,0,0,0,0,0,0,0,0
310206,1,1,0,0,0,0,0,0,16,0,0,0
310207,0,1,0,0,0,0,0,0,0,0,0,0
310207,1,1,0,9,20,0,0,0,0,0,0,0
310208,0,1,37,37,37,37,37,37,37,37,37,37
310208,1,1,0,0,0,0,0,0,0,0,0,0
310209,0,1,29,17,18,0,0,22,6,0,0,0
310209,1,1,18,6,0,0,0,0,11,14,0,0
310210,1,1,24,24,24,24,24,24,24,24,24,24
310211,1,1,0,0,0,0,0,0,0,0,0,0
310212,0,1,16,16,16,16,16,16,16,16,16,16
310212,1,1,0,0,0,0,0,0,0,0,0,0
310213,1,1,22,22,22,22,22,22,22,22,22,22
310214,1,1,0,0,0,0,0,0,0,0,0,0
310214,2,1,0,0,0,0,0,0,0,0,0,0
310215,1,1,0,0,0,0,0,0,0,0,0,0
310216,1,1,10,10,10,10,10,10,10,10,10,10
310217,1,1,31,31,31,31,31,31,31,31,31,31
310217,2,1,0,0,0,0,0,0,0,0,0,0
310218,1,1,0,0,0,0,0,0,0,0,0,0
310218,2,1,0,0,0,0,0,0,0,0,0,0
310219,1,1,8,8,8,8,8,8,8,8,8,8
310219,2,1,0,0,0,0,0,0,0,0,0,0
310220,1,1,0,0,0,0,0,0,0,0,0,0
310220,2,1,2,2,2,2,2,2,2,2,2,2
310221,1,1,0,0,0,0,0,0,0,0,0,0
310221,2,1,0,0,0,10,0,0,0,0,0,0
310222,1,1,0,0,0,0,0,0,0,0,0,0
310222,2,1,0,0,0,0,0,0,0,0,0,0
310223,1,1,0,0,0,0,0,0,0,0,0,0
310223,2,1,0,0,0,0,0,0,0,0,0,0
310223,3,1,0,0,0,0,0,0,0,0,0,0
310223,4,1,0,0,0,0,0,0,0,0,0,0
320001,0,1,0,5,4,29,0,0,5,14,29,48
320001,1,1,4,0,0,4,0,0,0,0,11,0
320002,1,1,0,0,0,0,0,0,0,0,0,0
320002,2,1,0,0,0,0,0,0,0,0,0,0
320002,3,1,17,0,0,0,0,0,0,0,0,0
320003,0,1,0,0,0,0,0,0,0,0,0,0
320003,1,1,0,22,0,0,22,10,0,0,13,0
320004,0,1,0,0,0,0,0,0,0,0,0,0