ST_CASE,VEH_NO,PER_NO,P1,P2,P3,P4,P5,P6,P7,P8,P9,P10
320289,0,1,23,0,14,0,0,0,0,53,0,19
320289,1,1,0,0,0,0,0,17,0,0,0,0
320290,0,1,38,38,38,38,38,38,38,38,38,38
320290,1,1,0,0,0,0,0,0,0,0,0,0
320291,1,1,0,0,0,0,0,0,0,0,0,0
320291,2,1,0,0,0,0,0,0,0,0,0,0
320291,3,1,0,0,0,0,0,0,3,0,0,0
320292,1,1,10,10,10,10,10,10,10,10,10,10
320293,1,1,0,0,0,0,0,0,0,0,0,0
320294,1,1,15,15,15,15,15,15,15,15,15,15
320294,2,1,0,0,0,28,0,0,0,30,0,0
320294,3,1,0,0,0,0,0,0,0,0,0,0
320295,0,1,0,0,0,0,0,0,0,0,0,0
320295,1,1,0,0,0,0,0,0,0,0,0,0
320296,1,1,13,0,0,8,0,13,0,12,17,3
320296,2,1,0,0,0,0,0,0,0,0,0,0
320297,1,1,0,0,0,0,0,0,0,0,0,0
320297,2,1,0,0,0,0,0,0,0,0,0,0
320298,1,1,6,6,6,6,6,6,6,6,6,6
320299,0,1,0,0,0,0,0,0,0,0,0,0
320299,1,1,0,0,0,0,0,0,0,0,0,0
320300,1,1,0,0,0,0,0,0,0,0,0,0
320300,2,1,0,0,0,0,0,0,0,0,0,0
320301,0,1,0,0,0,0,0,0,0,0,0,0
320301,1,1,0,0,0,0,0,0,0,0,0,0
320302,1,1,0,11,8,9,15,14,0,12,13,15
320302,2,1,0,0,0,0,0,0,0,0,0,0
320303,1,1,0,0,0,0,0,0,0,0,0,0
320303,2,1,10,10,10,10,10,10,10,10,10,10
320304,0,1,26,26,26,26,26,26,26,26,26,26
320304,1,1,0,12,0,0,0,0,0,0,0,0
320305,0,1,12,12,12,12,12,12,12,12,12,12
320305,0,2,1,1,1,1,1,1,1,1,1,1
320305,1,1,15,15,15,15,15,15,15,15,15,15
320307,1,1,0,0,0,0,0,0,0,0,0,0
320307,2,1,0,9,0,0,0,0,0,0,0,0
320308,0,1,0,0,0,0,0,0,0,0,0,0
320308,1,1,20,20,20,20,20,20,20,20,20,20
320309,0,1,0,0,0,0,0,0,0,0,0,0
320309,1,1,0,0,27,0,8,13,0,0,0,0
320310,1,1,7,0,18,29,8,3,5,18,0,8
320311,1,1,0,0,0,0,0,0,0,0,0,0
320311,2,1,0,0,0,0,0,0,0,0,0,0
320312,1,1,0,0,0,0,0,0,0,9,0,0
320312,2,1,9,0,0,0,0,0,0,0,0,0
320312,3,1,0,0,0,0,0,0,13,0,0,0
320313,0,1,0,0,0,0,0,0,0,0,0,0
320313,1,1,0,0,0,0,0,0,0,0,0,0
320314,1,1,0,0,0,0,0,0,0,0,0,0
320314,2,1,0,0,0,0,0,0,0,0,0,0
320315,1,1,0,0,0,0,0,0,0,0,0,0
320316,0,1,14,0,0,0,0,0,0,0,0,0
320316,1,1,0,0,0,0,0,0,0,0,0,0
320317,0,1,14,9,10,9,32,19,30,23,4,8
320317,1,1,0,0,0,0,0,0,0,0,0,0
320317,2,1,0,0,0,0,0,0,0,0,0,0
320317,3,1,0,0,34,0,0,0,0,0,0,0
320318,1,1,0,0,0,0,0,0,0,0,0,0
320319,1,1,0,0,0,0,0,0,0,0,0,0
320319,2,1,0,0,0,0,0,0,0,0,0,0
320319,3,1,0,0,0,0,0,0,0,0,0,0
320319,4,1,0,0,0,0,0,0,0,0,0,0
320319,5,1,14,0,0,0,0,0,0,0,0,0
320319,6,1,0,0,0,0,0,0,0,0,0,0
320320,1,1,0,19,22,0,0,25,0,0,13,14
320321,1,1,1,28,17,19,25,28,11,17,10,10
320322,1,1,14,14,14,14,14,14,14,14,14,14
320323,1,1,11,0,0,0,0,10,0,0,0,0
320324,1,1,29,29,29,29,29,29,29,29,29,29
320325,1,1,0,0,0,0,0,0,0,0,0,0
320325,2,1,0,0,0,0,0,0,0,0,0,0
320325,3,1,0,0,0,0,0,0,0,0,0,0
320326,1,1,25,0,0,0,23,0,0,15,20,0
320326,2,1,0,0,0,0,0,0,0,0,0,0
320327,1,1,0,0,0,0,0,0,0,0,0,0
320327,2,1,0,0,0,0,0,0,0,0,0,0
320328,1,1,0,0,0,0,0,0,0,0,0,0
320329,1,1,0,0,0,0,0,0,0,8,0,0
320330,1,1,22,22,22,22,22,22,22,22,22,22
320331,0,1,11,11,11,11,11,11,11,11,11,11
320331,1,1,0,0,5,4,0,7,0,28,0,0
320332,1,1,0,0,0,0,0,0,0,0,0,0
320332,2,1,18,0,0,0,0,0,0,0,0,0
320333,0,1,0,0,0,0,0,0,0,0,0,0
320333,1,1,19,19,4,32,35,9,24,18,11,12
320334,0,1,0,0,0,0,0,0,0,0,0,0
320334,1,1,0,0,15,0,0,0,0,0,0,0
320336,1,1,0,0,0,0,0,0,0,0,0,0
320336,2,1,0,0,0,0,0,0,0,0,0,0
320337,1,1,0,0,0,0,0,0,0,0,0,17
320337,2,1,0,0,0,6,0,0,0,0,0,0
320337,3,1,0,0,0,0,0,0,0,0,0,0
320337,4,1,0,0,0,0,0,0,0,0,0,0
320337,5,1,0,0,0,0,0,6,0,0,0,0
320338,1,1,20,20,20,20,20,20,20,20,20,20
320339,1,1,0,0,0,0,0,0,0,0,0,0
320339,2,1,0,0,24,0,0,0,0,0,0,0
320340,1,1,0,0,0,0,0,0,0,0,0,0
320340,2,1,0,0,0,0,0,0,0,0,0,0
320341,0,1,19,19,19,19,19,19,19,19,19,19
320341,1,1,10,13,16,0,10,0,6,15,0,0
320341,2,1,5,17,0,12,2,0,7,0,7,0
320341,3,1,27,0,0,0,0,0,0,25,0,0
320341,4,1,0,0,17,0,0,0,0,0,0,0
320341,5,1,11,11,3,4,0,0,33,4,0,16
320342,0,1,23,0,0,0,0,21,0,4,15,0
320342,1,1,0,0,7,11,2,0,0,2,0,0
320343,1,1,25,0,0,8,23,23,10,0,27,24
320344,1,1,22,22,22,22,22,22,22,22,22,22
320345,1,1,0,0,0,0,0,0,0,0,0,0
320346,0,1,0,0,0,0,0,0,0,0,0,0
320346,1,1,27,0,3,0,0,0,0,0,0,0
320347,1,1,0,0,0,30,0,0,0,0,0,0
320348,1,1,0,0,0,0,0,0,0,0,0,0
320349,1,1,29,22,12,22,13,24,18,11,0,21
320349,2,1,0,7,0,0,0,0,0,0,0,0
320350,0,1,0,0,0,0,0,0,0,0,0,0
320350,1,1,0,0,0,0,0,0,0,0,0,0
320351,1,1,0,0,0,13,0,0,0,8,17,0
320351,2,1,9,0,14,0,0,0,0,0,0,0
320352,1,1,0,0,0,0,0,0,0,0,0,0
320353,1,1,0,0,0,0,0,0,0,0,0,0
320353,2,1,0,0,0,12,0,0,0,0,0,10
320354,1,1,0,0,0,0,0,0,0,0,0,0
320355,1,1,0,0,0,0,0,0,0,0,0,0
320356,1,1,4,4,4,4,4,4,4,4,4,4
320357,1,1,3,3,3,3,3,3,3,3,3,3
320357,2,1,0,0,0,0,0,0,0,0,0,0
320358,0,1,0,0,0,0,0,0,0,0,0,0
320358,1,1,21,15,10,13,13,10,4,0,6,7
320359,0,1,0,0,0,0,0,0,0,0,0,0
320359,1,1,0,0,28,0,0,0,0,0,0,0
320360,1,1,19,19,19,19,19,19,19,19,19,19
320361,1,1,11,39,0,0,0,18,0,14,0,0
320362,1,1,0,45,0,21,0,0,0,0,21,0
320363,1,1,3,24,10,20,14,11,10,11,33,18
320364,1,1,0,0,0,0,0,0,0,0,0,0
320364,2,1,0,13,0,0,0,0,0,0,0,0
320365,0,1,0,0,0,0,0,0,0,0,0,0
320365,1,1,13,0,0,0,0,0,0,0,0,0
320366,1,1,0,0,0,0,0,0,0,0,0,0
320366,2,1,19,19,19,19,19,19,19,19,19,19
320367,0,1,0,0,0,0,0,0,0,0,0,0
320367,1,1,0,0,0,0,8,0,0,22,0,0
320367,2,1,0,0,0,0,0,0,0,0,0,0
320368,0,1,0,0,0,0,0,0,0,0,0,0
320368,1,1,0,14,24,0,13,0,0,0,0,29
320369,0,1,0,0,0,0,0,0,0,0,0,0
320369,1,1,0,0,0,0,0,0,0,0,0,0
320370,1,1,24,24,24,24,24,24,24,24,24,24
320371,1,1,0,0,0,0,0,0,0,0,0,0
320371,2,1,0,0,0,0,0,0,0,0,0,0
320372,1,1,0,0,0,0,0,0,0,0,0,0
320372,2,1,0,0,0,0,0,0,0,0,0,0
320373,1,1,13,13,13,13,13,13,13,13,13,13
320374,1,1,21,21,21,21,21,21,21,21,21,21
320375,0,1,0,0,0,0,0,0,0,0,0,0
320375,1,1,0,0,0,0,0,0,0,0,0,0
320376,1,1,5,0,34,0,0,0,24,0,0,17
320377,1,1,0,0,0,0,0,0,0,34,0,0
320377,2,1,0,0,0,0,0,0,0,0,17,0
320378,1,1,0,0,0,0,0,0,0,0,0,0
320378,2,1,0,0,0,0,0,0,0,0,0,0
320379,1,1,22,22,22,22,22,22,22,22,22,22
320380,1,1,0,0,0,0,0,0,0,0,0,0
320380,2,1,0,0,0,0,11,0,0,0,0,0
320381,1,1,21,21,21,21,21,21,21,21,21,21
320382,0,1,0,0,0,0,0,0,0,0,0,0
320382,1,1,0,0,0,0,0,0,0,0,0,0
320383,1,1,0,0,0,0,0,0,0,0,0,0
320384,1,1,0,0,0,0,0,0,0,0,0,0
320384,2,1,0,0,0,0,0,0,0,0,0,0
320385,1,1,18,18,18,18,18,18,18,18,18,18
320386,1,1,0,0,0,0,0,0,0,0,0,0
320387,1,1,4,4,4,4,4,4,4,4,4,4
320388,0,1,25,25,25,25,25,25,25,25,25,25
320388,1,1,0,0,0,0,0,27,0,0,0,0
320389,1,1,0,0,0,0,0,0,0,0,0,0
330002,0,1,0,0,0,0,0,0,0,0,0,0
330002,1,1,0,0,0,0,0,0,0,0,0,0
330003,1,1,0,0,0,0,0,0,0,0,0,0
330003,2,1,0,0,0,0,0,0,0,0,0,0
330004,1,1,0,0,0,0,0,0,0,0,0,0
330004,2,1,15,0,0,0,0,0,0,0,0,0
330005,1,1,0,0,0,0,0,0,0,0,0,0
330005,2,1,0,0,0,0,0,0,0,0,0,0
330005,3,1,0,0,0,0,0,0,0,0,0,0
330006,1,1,0,0,0,0,0,0,0,0,0,0
330007,1,1,0,0,0,0,0,0,0,0,0,0
330007,2,1,0,0,0,0,0,0,0,0,0,0
330008,1,1,28,28,28,28,28,28,28,28,28,28
330009,1,1,8,8,8,8,8,8,8,8,8,8
330010,1,1,0,0,0,0,0,0,0,0,0,0
330010,2,1,0,0,0,0,0,0,0,0,0,0
330011,1,1,0,0,0,0,0,0,0,0,0,0
330011,2,1,0,0,0,0,0,0,0,24,0,0
330012,1,1,11,11,11,11,11,11,11,11,11,11
330012,2,1,0,0,0,0,0,0,0,0,0,3
330013,0,1,0,0,0,0,0,0,0,0,0,0
330013,1,1,0,0,0,0,0,0,0,0,0,0
330014,1,1,0,0,0,0,0,0,0,0,0,0
330015,1,1,0,0,0,0,0,0,0,0,0,0
330015,2,1,0,0,0,0,0,0,0,0,0,0
330016,1,1,0,0,0,0,0,0,0,0,0,0
330017,1,1,0,0,0,0,0,0,0,0,0,0
330018,1,1,0,0,0,0,0,0,0,0,0,0
330019,1,1,18,18,18,18,18,18,18,18,18,18
330020,1,1,0,0,0,0,0,0,0,9,25,0
330021,1,1,20,20,20,20,20,20,20,20,20,20
330022,1,1,2,2,2,2,2,2,2,2,2,2
330023,0,1,10,10,10,10,10,10,10,10,10,10
330023,0,2,0,28,16,0,20,4,12,0,14,20
330023,1,1,0,0,0,0,0,0,0,0,0,0
330024,1,1,0,12,13,0,0,0,0,0,0,0
330025,1,1,0,0,0,0,0,0,0,0,0,0
330026,1,1,7,7,7,7,7,7,7,7,7,7
330026,2,1,0,0,0,0,0,0,0,0,0,0
330027,1,1,0,0,0,0,0,0,0,0,0,0
330027,2,1,0,0,0,0,0,0,0,0,0,0
330028,1,1,25,25,25,25,25,25,25,25,25,25
330029,1,1,16,16,16,16,16,16,16,16,16,16
330029,2,1,4,4,4,4,4,4,4,4,4,4
330030,1,1,17,17,17,17,17,17,17,17,17,17
330031,1,1,0,0,0,0,0,0,0,0,0,0
330031,2,1,0,0,0,0,0,0,0,0,0,0
330032,1,1,24,24,24,24,24,24,24,24,24,24
330033,1,1,10,10,10,10,10,10,10,10,10,10
330034,1,1,6,6,6,6,6,6,6,6,6,6
330034,2,1,0,0,0,0,0,0,0,0,0,0
330035,1,1,0,19,17,0,0,0,0,23,21,0
330036,1,1,0,0,0,0,0,0,0,0,0,0
330036,2,1,0,0,0,0,0,0,0,0,0,0
330036,3,1,0,0,0,0,0,0,0,0,0,0
330037,0,1,0,0,0,0,0,0,0,0,0,0
330037,1,1,0,0,0,0,0,0,0,0,0,0
330038,1,1,26,26,26,26,26,26,26,26,26,26
330039,1,1,8,8,8,8,8,8,8,8,8,8
330040,1,1,21,21,21,21,21,21,21,21,21,21
330041,1,1,23,23,23,23,23,23,23,23,23,23
330042,0,1,0,0,0,0,0,0,0,0,0,0
330042,1,1,0,0,0,0,0,0,0,0,0,0
330043,1,1,22,22,22,22,22,22,22,22,22,22
330044,1,1,1,1,1,1,1,1,1,1,1,1
330045,1,1,23,23,23,23,23,23,23,23,23,23
330045,2,1,0,0,0,0,0,0,0,0,0,0
330045,3,1,0,0,0,0,0,0,0,0,0,0
330046,1,1,0,0,0,0,0,0,0,0,0,0
330046,2,1,0,0,0,0,0,0,0,0,0,0
330047,1,1,0,0,0,0,0,0,0,0,0,0
330048,1,1,16,16,16,16,16,16,16,16,16,16
330048,2,1,0,0,0,0,0,0,0,0,0,0
330049,1,1,0,0,0,0,0,0,0,0,0,0
330049,2,1,16,16,16,16,16,16,16,16,16,16
330050,1,1,17,17,17,17,17,17,17,17,17,17
330051,1,1,0,0,0,0,0,0,0,0,0,0
330052,1,1,0,0,0,0,0,0,0,0,0,0
330052,2,1,0,0,0,0,0,0,0,17,0,0
330053,1,1,18,18,18,18,18,18,18,18,18,18
330054,1,1,0,0,0,0,0,0,0,0,0,0
330054,2,1,0,0,0,0,0,0,0,0,0,0
330055,0,1,0,0,0,0,0,0,0,0,0,0
330055,1,1,0,20,0,0,0,0,19,0,0,0
330056,1,1,0,0,0,0,0,0,0,0,0,0
330057,1,1,17,17,17,17,17,17,17,17,17,17
330058,1,1,0,0,0,0,0,0,0,0,0,0
330059,0,1,0,0,0,0,0,0,0,0,0,0
330059,1,1,0,29,0,0,0,0,11,0,0,0
330060,1,1,8,8,8,8,8,8,8,8,8,8
330061,1,1,0,0,0,0,0,0,0,0,0,0
330061,2,1,0,0,0,0,0,0,0,0,0,0
330062,1,1,0,0,0,0,0,0,0,0,0,0
330063,1,1,0,0,0,0,0,0,0,0,0,0
330063,2,1,0,0,0,0,0,0,0,0,0,0
330064,1,1,0,0,0,0,0,0,0,0,0,0
330064,2,1,0,0,0,0,0,0,0,0,16,0
330065,1,1,0,0,0,0,0,0,0,0,0,0
330065,2,1,0,0,0,0,0,0,0,0,0,0
330066,1,1,21,21,21,21,21,21,21,21,21,21
330067,0,1,0,0,25,0,0,0,0,0,0,0
330067,1,1,0,0,0,0,0,0,0,0,0,0
330068,1,1,0,0,0,0,0,0,0,0,0,0
330068,2,1,0,0,0,0,0,0,0,0,0,0
330069,1,1,0,0,0,0,0,0,0,0,0,0
330069,2,1,0,0,0,0,0,0,0,0,0,0
330069,3,1,0,0,0,0,0,0,0,0,0,0
330070,1,1,0,0,0,0,0,0,0,0,0,0
330070,2,1,0,0,0,0,0,7,0,0,0,0
330070,3,1,0,0,0,0,0,0,0,0,0,0
330070,4,1,0,0,0,0,0,0,8,0,0,0
330070,5,1,0,0,0,0,0,0,0,0,0,0
330071,1,1,0,0,0,0,0,0,0,0,0,0
330071,2,1,0,0,0,0,0,0,0,0,0,0
330072,1,1,0,0,0,0,0,0,0,0,0,0
330072,2,1,0,0,0,0,0,0,0,0,0,0
330073,1,1,21,21,21,21,21,21,21,21,21,21
330074,1,1,0,0,0,0,0,0,0,0,0,0
330075,1,1,0,0,0,0,0,0,0,0,0,0
330075,2,1,0,0,0,0,0,0,0,0,0,0
330075,3,1,0,0,11,0,0,0,0,26,0,0
330076,1,1,0,0,0,0,0,0,0,0,0,0
330077,1,1,0,0,0,0,0,0,0,0,0,0
330078,1,1,23,23,23,23,23,23,23,23,23,23
330079,1,1,0,0,0,0,0,0,0,0,0,0
330079,2,1,0,0,0,0,0,0,0,0,0,0
330080,1,1,0,0,0,0,0,0,0,0,0,0
330081,1,1,0,0,0,0,0,0,0,0,0,0
330082,1,1,9,9,9,9,9,9,9,9,9,9
330082,2,1,0,0,0,0,0,0,0,0,0,0
330083,1,1,0,0,0,0,0,0,0,0,0,0
330083,2,1,0,0,0,0,0,0,0,0,0,0
330084,1,1,0,0,0,0,0,0,0,0,0,0
330084,2,1,0,0,0,0,0,0,0,0,0,0
330085,1,1,14,14,14,14,14,14,14,14,14,14
330085,2,1,0,0,0,0,0,0,0,0,0,0
330085,3,1,0,0,0,0,5,0,0,0,0,0
330086,1,1,0,20,0,21,0,12,0,0,16,18
330086,2,1,0,0,0,0,0,0,0,7,0,0
330087,1,1,25,25,25,25,25,25,25,25,25,25
330088,1,1,0,0,0,0,0,0,0,0,0,0
330088,2,1,0,0,0,0,0,0,0,0,0,0
330089,1,1,19,19,19,19,19,19,19,19,19,19
330090,1,1,0,0,0,0,0,0,0,0,0,0
330091,1,1,0,14,0,0,0,35,0,0,0,0
330091,2,1,28,28,28,28,28,28,28,28,28,28
330092,1,1,10,10,10,10,10,10,10,10,10,10
330093,1,1,0,0,0,0,0,0,0,0,0,0
330093,2,1,0,0,0,0,0,0,0,0,0,0
330094,1,1,0,0,0,0,0,0,0,0,0,0
330094,2,1,0,0,0,0,0,0,0,0,0,0
330095,1,1,0,0,0,0,0,0,0,0,0,0
330095,2,1,0,0,0,0,0,0,0,0,0,0
330096,1,1,0,0,0,0,0,0,0,0,0,0
330096,2,1,0,0,0,0,0,0,0,0,0,0
330097,1,1,22,22,22,22,22,22,22,22,22,22
330097,2,1,0,0,0,0,0,9,0,0,0,0
330098,0,1,0,0,0,0,0,0,0,0,0,0
330098,2,1,0,0,0,0,0,0,0,0,0,0
330099,1,1,26,26,26,26,26,26,26,26,26,26
330100,0,1,0,0,0,0,0,0,0,0,0,0
330100,1,1,0,0,0,0,0,0,0,0,0,0
330101,1,1,0,0,0,0,0,0,0,0,0,0
330101,2,1,0,0,0,0,0,0,10,0,0,0
330102,1,1,19,19,19,19,19,19,19,19,19,19
330103,1,1,0,0,0,0,0,0,0,0,0,0
330104,0,1,0,0,0,0,0,0,0,0,0,0
330104,1,1,0,0,0,0,0,0,0,0,0,0
330105,0,1,27,27,27,27,27,27,27,27,27,27
330105,1,1,0,0,0,0,0,0,0,0,0,0
330106,1,1,18,0,6,0,5,16,0,0,0,25
330107,1,1,0,0,0,0,0,0,0,0,0,0
330107,2,1,0,0,0,0,0,0,0,0,0,0
330108,1,1,18,18,18,18,18,18,18,18,18,18
330109,1,1,6,6,6,6,6,6,6,6,6,6
330110,1,1,0,0,0,0,0,0,0,0,0,0
330111,0,1,0,0,0,0,0,0,0,0,0,0
330111,1,1,0,0,8,0,24,0,0,0,0,0
330112,1,1,0,0,0,4,0,2,17,25,0,0
330112,2,1,5,0,0,31,0,23,0,11,0,0
330113,1,1,13,13,13,13,13,13,13,13,13,13
330114,1,1,16,16,16,16,16,16,16,16,16,16
330115,1,1,11,11,11,11,11,11,11,11,11,11
330116,1,1,0,0,0,0,0,0,0,0,0,0
330117,0,1,0,0,0,0,0,0,0,0,0,0
330117,1,1,0,0,0,0,0,0,0,0,0,0
330118,1,1,0,0,0,0,0,0,0,0,0,0
330118,2,1,0,0,0,0,0,0,0,0,0,0
330118,3,1,0,9,0,0,5,0,0,0,0,0
330119,1,1,23,23,23,23,23,23,23,23,23,23
330120,0,1,0,0,0,0,0,0,0,0,0,0
330120,1,1,0,0,0,0,0,0,0,0,0,0
330121,1,1,0,0,0,0,0,0,0,0,0,0
330122,1,1,16,16,16,16,16,16,16,16,16,16
330122,2,1,0,0,0,0,0,0,0,0,0,0
330123,1,1,0,0,0,0,0,0,0,0,0,0
330123,2,1,0,0,0,0,0,0,0,0,0,0
330123,3,1,0,0,0,0,0,0,0,0,0,0
330123,4,1,0,0,0,0,0,0,0,0,0,0
330124,1,1,10,10,10,10,10,10,10,10,10,10
330125,1,1,0,0,0,0,0,0,0,0,0,0
330125,2,1,0,0,0,0,0,0,0,0,0,0
330126,1,1,0,0,0,0,0,0,0,0,0,0
330126,2,1,0,0,0,0,0,0,0,0,0,0
330127,1,1,17,17,17,17,17,17,17,17,17,17
330128,1,1,22,22,22,22,22,22,22,22,22,22
330129,1,1,0,0,0,0,0,0,0,0,0,0
330129,2,1,0,0,0,0,0,0,0,0,0,0
330130,1,1,21,21,21,21,21,21,21,21,21,21
330131,0,1,0,0,0,0,0,0,0,0,0,0
330131,1,1,0,0,0,0,0,0,0,0,0,0
330132,0,1,0,0,0,0,0,0,0,0,0,0
330132,0,2,0,0,0,0,0,34,0,25,0,4
330132,1,1,0,0,0,0,0,0,0,0,0,0
330133,1,1,0,0,0,0,0,0,0,0,0,0
330134,0,1,5,5,5,5,5,5,5,5,5,5
330134,1,1,0,0,0,0,0,0,0,0,0,0
330135,1,1,21,21,21,21,21,21,21,21,21,21
330135,2,1,0,0,0,0,0,0,16,0,0,7
330136,0,1,0,0,0,0,0,0,0,0,0,0
330136,1,1,0,0,0,0,0,0,0,0,0,0
330136,2,1,0,0,0,0,0,0,0,0,0,0
330137,1,1,0,0,9,0,30,0,0,0,0,0
330137,2,1,0,0,0,0,0,0,0,0,0,0
330138,0,1,0,0,0,0,0,0,0,0,0,0
330138,2,1,0,0,0,5,0,0,0,0,0,0
340001,0,1,0,26,0,0,0,18,0,0,24,29
340001,1,1,0,0,0,0,0,0,0,0,0,0
340002,0,1,0,0,0,0,0,0,0,0,0,0
340002,1,1,0,0,0,0,0,0,0,0,0,0
340003,1,1,0,0,0,0,0,0,0,0,0,0
340004,1,1,0,37,0,17,0,0,0,0,14,0
340005,1,1,0,0,0,0,0,0,0,0,0,0
340006,1,1,0,0,0,0,0,0,0,0,27,9
340006,2,1,0,0,0,0,0,0,0,0,0,0
340007,1,1,5,5,5,5,5,5,5,5,5,5
340007,2,1,0,0,0,0,0,13,0,0,0,0
340008,1,1,17,17,17,17,17,17,17,17,17,17
340009,1,1,11,11,11,11,11,11,11,11,11,11
340010,0,1,0,0,0,0,0,0,0,0,0,0
340010,1,1,0,0,0,0,0,0,0,0,0,0
340011,0,1,0,0,0,0,0,0,0,0,0,0
340011,1,1,20,20,20,20,20,20,20,20,20,20
340012,1,1,0,0,0,0,0,0,0,0,0,0
340013,0,1,35,35,35,35,35,35,35,35,35,35
340013,1,1,0,0,0,0,0,0,0,0,0,0
340014,0,1,0,0,0,0,0,0,0,0,0,0
340014,1,1,12,14,0,9,14,24,0,0,0,18
340015,0,1,0,0,0,0,0,0,0,0,0,0
340015,1,1,0,0,0,0,0,0,0,0,0,0
340016,0,1,23,18,11,15,28,22,27,24,45,22
340016,1,1,8,8,8,8,8,8,8,8,8,8
340016,2,1,27,0,0,0,0,5,0,0,0,0
340016,3,1,21,13,0,7,18,4,13,0,0,8
340017,1,1,0,0,0,0,0,0,0,0,0,0
340017,2,1,0,0,24,0,0,0,0,0,7,0
340018,0,1,0,0,0,0,0,0,0,0,0,0
340018,1,1,0,0,0,0,0,0,0,0,0,0
340019,0,1,0,0,0,0,0,0,0,0,0,0
340019,1,1,0,0,16,0,0,0,0,0,0,0
340020,1,1,0,0,0,0,0,0,0,0,0,0
340020,2,1,0,0,0,0,0,0,0,0,0,0
340021,0,1,0,20,0,0,0,40,0,0,25,12
340021,1,1,0,0,4,0,0,0,0,0,0,0
340022,1,1,0,0,0,0,0,0,0,0,0,0
340022,2,1,0,0,0,20,0,0,0,0,0,0
340023,1,1,0,0,0,0,0,0,0,0,0,0
340023,2,1,0,0,0,0,0,0,0,0,0,0
340024,0,1,0,0,0,0,0,0,0,0,0,0
340024,1,1,0,0,0,0,0,0,0,0,0,0
340025,0,1,0,0,0,0,0,0,0,0,0,0
340025,1,1,0,0,15,0,0,0,0,0,0,0
340025,2,1,0,0,0,0,0,0,0,0,0,0
340026,1,1,0,0,0,0,0,0,0,0,0,0
340026,2,1,0,0,0,0,0,0,0,0,0,0
340027,1,1,14,14,14,14,14,14,14,14,14,14
340028,1,1,0,0,0,0,0,0,0,0,0,0
340029,0,1,19,19,19,19,19,19,19,19,19,19
340029,1,1,0,0,0,0,0,0,0,0,0,0
340030,1,1,7,7,7,7,7,7,7,7,7,7
340031,1,1,0,0,0,0,0,0,0,0,0,0
340031,2,1,0,0,0,0,0,0,0,0,0,0
340032,0,1,0,0,0,0,0,0,0,0,0,0
340032,1,1,0,0,0,0,0,0,0,27,0,0
340033,1,1,0,0,0,0,0,0,0,0,0,0
340033,2,1,0,0,0,0,0,0,0,0,0,0
340033,3,1,0,0,0,0,0,0,0,0,0,0
340034,0,1,0,0,0,0,0,0,0,0,0,0
340034,1,1,21,0,0,0,0,0,0,12,0,0
340035,1,1,0,0,0,0,0,0,0,0,0,0
340035,2,1,0,0,0,0,0,0,0,0,0,0
340036,1,1,0,0,0,0,0,0,0,0,0,0
340036,2,1,10,10,10,10,10,10,10,10,10,10
340037,1,1,23,23,23,23,23,23,23,23,23,23
340037,2,1,0,0,0,0,0,0,0,0,0,0
340037,3,1,0,0,0,0,0,0,0,0,0,0
340038,1,1,0,0,0,0,0,0,0,0,0,0
340038,2,1,17,17,17,17,17,17,17,17,17,17
340039,1,1,0,0,0,0,0,0,0,0,0,0
340039,2,1,0,0,0,0,0,0,0,0,0,0
340040,1,1,23,0,0,0,0,0,0,0,0,0
340040,2,1,0,0,0,0,0,0,0,0,0,0
340041,1,1,0,0,0,0,0,0,0,0,0,0
340041,2,1,0,0,0,0,0,0,0,0,0,0
340042,1,1,23,0,0,0,0,0,0,17,0,0
340042,2,1,0,0,0,0,0,0,0,0,0,0
340043,1,1,0,0,0,0,0,0,0,0,0,0
340043,2,1,0,0,0,0,0,0,0,0,0,0
340044,0,1,0,0,0,2,0,0,0,33,14,0
340044,1,1,0,0,0,0,0,0,0,0,0,0
340044,2,1,0,0,0,0,0,0,0,0,0,0
340044,3,1,0,0,0,15,0,0,0,0,0,0
340045,1,1,0,0,0,0,0,0,0,0,0,0
340046,1,1,24,24,24,24,24,24,24,24,24,24
340046,2,1,0,0,0,0,0,25,0,0,0,0
340047,1,1,0,0,0,0,0,0,8,8,0,3
340048,1,1,0,0,0,0,0,0,0,0,0,0
340048,2,1,0,0,0,0,0,0,0,0,0,0
340048,3,1,0,14,0,0,0,14,0,0,0,0
340048,4,1,0,29,10,0,7,9,14,16,6,0
340049,1,1,0,0,0,0,0,0,0,0,0,0
340049,2,1,0,0,0,0,0,0,0,0,0,0
340049,3,1,0,0,0,0,0,0,0,0,0,0
340049,4,1,0,0,0,0,0,0,0,0,0,0
340049,5,1,0,0,0,0,0,0,0,0,0,0
340049,6,1,0,0,0,0,0,0,0,0,10,0
340049,7,1,0,0,0,0,0,0,0,0,0,0
340049,8,1,0,0,0,0,0,15,25,0,0,0
340049,9,1,0,0,0,0,0,0,0,0,0,0
340050,0,1,0,0,0,0,0,0,0,0,0,0
340050,1,1,0,0,0,0,0,0,0,0,0,0
340051,0,1,0,0,0,0,0,0,0,0,0,0
340051,1,1,0,0,21,0,0,0,0,0,0,0