ST_CASE,VEH_NO,PER_NO,P1,P2,P3,P4,P5,P6,P7,P8,P9,P10
350218,2,1,0,0,0,0,0,19,0,0,0,0
350219,1,1,31,0,0,0,0,0,20,0,0,0
350219,2,1,0,0,0,0,0,0,0,13,0,13
350220,1,1,0,7,4,13,9,10,17,9,21,17
350221,0,1,0,0,0,0,0,14,20,20,0,0
350221,1,1,0,0,0,0,0,0,0,0,0,0
350222,1,1,0,0,0,0,0,0,0,0,0,0
350223,1,1,0,0,0,0,14,0,0,0,0,0
350223,2,1,0,0,0,0,0,0,0,0,0,0
350224,1,1,26,26,26,26,26,26,26,26,26,26
350225,1,1,0,0,0,0,0,0,0,0,0,0
350225,2,1,19,0,0,0,0,14,29,0,0,20
350225,3,1,0,0,0,0,0,0,0,0,0,0
350225,4,1,0,19,0,7,0,0,0,0,0,0
350225,5,1,0,0,0,0,0,13,0,24,0,0
350225,6,1,0,0,0,0,0,0,0,0,0,0
350226,1,1,0,0,0,0,0,0,0,0,0,0
350227,1,1,13,12,27,8,28,22,15,12,21,16
350227,2,1,0,0,0,0,0,0,0,0,0,0
350227,3,1,0,0,0,18,30,0,23,0,0,0
350227,4,1,0,0,0,0,0,0,0,0,0,0
350228,0,1,11,0,0,0,0,0,0,0,33,0
350228,1,1,0,0,0,0,0,0,0,0,0,0
350229,1,1,24,24,24,24,24,24,24,24,24,24
350230,1,1,0,10,0,0,0,9,21,29,0,0
350231,1,1,0,0,0,0,0,0,0,0,0,16
350231,2,1,0,0,0,0,0,0,0,0,0,0
350232,0,1,0,0,0,0,0,0,0,0,0,0
350232,1,1,13,0,4,21,0,0,0,0,11,0
350233,1,1,0,0,0,0,0,0,0,0,0,0
350234,1,1,18,18,18,18,18,18,18,18,18,18
350235,1,1,11,11,11,11,11,11,11,11,11,11
350235,2,1,12,6,0,0,0,13,0,17,0,16
350235,3,1,0,0,20,0,0,0,0,0,0,10
350236,1,1,0,0,0,0,0,0,0,0,0,0
350237,1,1,0,0,0,0,0,0,0,0,0,0
350238,1,1,36,36,36,36,36,36,36,36,36,36
350238,2,1,0,0,0,0,0,0,0,0,0,0
350239,1,1,20,20,20,20,20,20,20,20,20,20
350240,1,1,0,0,0,0,0,0,0,0,0,0
350241,0,1,0,0,0,0,0,0,0,0,0,0
350241,1,1,0,0,2,0,0,0,0,0,0,0
350242,1,1,0,0,0,0,0,0,0,0,0,0
350242,2,1,0,0,0,0,0,0,0,0,0,5
350243,1,1,6,6,6,6,6,6,6,6,6,6
350243,2,1,0,0,0,0,0,0,0,0,0,0
350244,0,1,0,0,0,0,0,0,0,0,0,0
350244,1,1,9,9,9,9,9,9,9,9,9,9
350245,1,1,0,0,26,0,0,0,0,0,0,0
350246,0,1,0,0,19,0,0,0,0,19,0,0
350246,1,1,0,20,0,0,0,0,0,0,0,0
350247,1,1,0,0,0,0,0,0,0,0,0,0
350248,1,1,14,0,0,0,0,0,0,0,0,0
350248,2,1,0,0,0,0,0,0,27,0,0,0
350249,1,1,0,0,0,0,0,0,0,0,0,0
350249,2,1,0,0,0,0,0,0,0,0,10,14
350250,0,1,0,0,0,0,0,0,0,0,0,0
350250,1,1,27,0,21,0,6,15,0,0,20,0
350251,1,1,21,23,17,17,17,14,9,23,18,5
350252,1,1,0,0,0,0,0,0,13,0,0,0
350253,0,1,0,0,0,0,0,0,0,0,0,0
350253,1,1,0,0,0,0,0,0,0,14,14,24
350254,1,1,19,28,13,3,0,10,35,6,20,20
350254,2,1,0,0,0,0,0,0,0,0,0,0
350255,0,1,0,0,0,0,0,0,0,0,0,0
350255,1,1,0,0,0,0,0,0,0,0,0,0
350256,0,1,26,26,26,26,26,26,26,26,26,26
350256,1,1,0,0,0,16,0,0,0,6,0,13
350257,1,1,0,27,0,0,12,25,0,0,0,0
350257,2,1,7,0,0,18,0,12,15,25,7,0
350258,1,1,17,0,0,0,0,0,0,0,0,0
350258,2,1,23,0,0,0,0,0,0,0,0,0
350259,1,1,0,0,0,0,0,0,0,0,0,0
350259,2,1,0,0,0,0,0,0,0,0,0,0
350259,3,1,11,7,0,46,14,18,19,0,22,10
350260,1,1,9,15,12,14,0,13,9,16,15,6
350260,2,1,0,0,0,0,0,0,0,0,0,0
350261,1,1,20,20,20,20,20,20,20,20,20,20
350262,1,1,18,18,18,18,18,18,18,18,18,18
350263,1,1,0,0,0,0,0,4,0,0,0,0
350263,2,1,0,0,0,0,0,0,0,0,0,0
350264,1,1,17,0,0,7,18,8,20,15,25,9
350264,2,1,0,0,0,0,0,0,0,0,0,0
350265,1,1,0,0,0,0,0,0,0,0,0,0
350266,0,1,25,25,25,25,25,25,25,25,25,25
350266,1,1,0,0,0,0,0,27,20,0,0,0
350267,1,1,0,18,6,0,9,18,0,0,30,0
350268,1,1,11,10,13,15,21,23,26,10,24,16
350269,1,1,0,0,0,0,0,0,0,0,0,0
350269,2,1,0,0,0,0,0,0,9,0,0,0
350270,0,1,20,20,20,20,20,20,20,20,20,20
350270,1,1,17,5,7,24,0,9,22,28,19,12
350271,1,1,0,0,0,0,0,0,0,0,0,0
350271,2,1,0,0,0,0,0,0,0,0,0,0
350272,0,1,0,0,0,0,0,0,0,0,0,0
350272,1,1,0,0,0,0,0,0,4,0,0,0
350273,0,1,0,0,0,0,0,0,0,0,0,0
350273,1,1,0,0,0,0,0,0,0,0,0,0
350274,1,1,22,22,22,22,22,22,22,22,22,22
350275,1,1,0,0,0,0,0,0,0,0,0,0
350275,2,1,0,0,0,0,0,0,0,0,0,0
350276,1,1,15,15,15,15,15,15,15,15,15,15
350277,1,1,0,0,0,0,0,0,0,0,0,0
350277,2,1,0,23,0,0,0,22,0,0,9,0
350278,1,1,0,0,0,0,0,0,0,0,0,0
350279,1,1,0,0,0,0,2,0,0,0,0,0
350279,2,1,0,0,0,0,0,0,0,0,0,0
350280,0,1,0,0,0,0,0,0,0,0,0,0
350280,1,1,0,0,0,0,0,0,0,0,0,0
350281,1,1,0,11,20,0,0,0,0,14,0,0
350281,2,1,0,0,0,0,13,0,0,0,0,23
350281,3,1,22,5,29,0,0,17,17,11,10,0
350281,4,1,0,0,0,0,0,0,0,0,0,0
350282,1,1,0,0,0,0,0,0,0,0,0,0
350282,2,1,28,28,28,28,28,28,28,28,28,28
350283,1,1,21,21,21,21,21,21,21,21,21,21
350284,1,1,0,0,0,0,0,0,0,0,0,0
350285,1,1,0,0,0,0,0,0,0,0,0,0
350286,1,1,0,0,0,0,0,0,0,0,0,0
350286,2,1,0,0,0,0,0,0,0,0,0,0
350287,1,1,0,0,0,0,0,0,0,0,0,0
350287,2,1,0,0,0,0,0,0,0,0,0,0
350288,1,1,0,0,0,0,0,0,0,0,0,0
350288,2,1,0,0,0,0,0,0,0,0,0,0
350289,1,1,20,20,20,20,20,20,20,20,20,20
350289,2,1,0,0,0,0,0,0,0,0,0,0
350290,0,1,0,0,0,0,0,0,0,0,0,0
350290,1,1,0,0,0,0,0,0,0,0,0,0
350291,0,1,0,0,0,0,0,0,0,0,0,0
350291,1,1,0,0,0,0,0,0,0,0,0,0
350292,1,1,0,0,0,0,0,0,0,0,0,0
350292,2,1,1,1,1,1,1,1,1,1,1,1
350293,1,1,0,0,0,0,0,0,0,0,0,0
350293,2,1,0,0,0,0,0,0,0,0,0,0
350293,3,1,0,0,0,0,0,0,0,0,0,0
350294,1,1,0,0,0,0,0,0,0,0,0,0
350295,1,1,0,0,0,0,0,0,0,0,0,0
350296,1,1,2,2,2,2,2,2,2,2,2,2
350296,2,1,0,0,0,0,0,0,0,0,0,0
350297,1,1,0,0,0,0,0,0,0,0,0,0
350297,2,1,0,0,0,0,0,0,0,0,0,0
350298,1,1,0,0,0,0,0,0,0,0,0,0
350298,2,1,0,0,0,0,0,0,0,0,0,0
350299,1,1,0,0,0,0,0,0,0,0,0,0
350300,1,1,0,0,0,0,0,0,0,0,0,0
350301,1,1,0,20,0,0,0,0,0,0,0,0
350301,2,1,0,0,0,0,0,0,0,0,0,0
350302,1,1,0,0,0,0,0,0,0,0,0,0
350302,2,1,0,0,0,0,0,0,0,0,0,0
350302,3,1,0,0,0,0,0,0,0,0,0,0
350303,1,1,0,0,0,0,0,0,0,0,0,0
350304,1,1,14,3,6,8,20,6,6,8,17,27
350304,2,1,0,0,0,0,0,0,0,0,0,0
350305,1,1,12,12,12,12,12,12,12,12,12,12
350305,2,1,19,11,2,15,24,25,18,19,9,19
350306,1,1,0,0,0,0,0,0,0,0,0,0
350307,1,1,0,0,0,0,0,0,0,0,0,0
350307,2,1,0,0,0,0,0,0,0,0,0,0
350307,3,1,27,0,0,0,0,0,0,0,0,0
350308,0,1,12,12,12,12,12,12,12,12,12,12
350308,1,1,0,0,0,0,0,0,0,0,0,0
350309,0,1,9,9,9,9,9,9,9,9,9,9
350309,1,1,0,0,0,0,0,0,0,0,0,0
350310,0,1,0,0,0,0,0,0,0,0,0,0
350310,1,1,0,0,0,0,0,0,0,0,0,0
350311,1,1,0,0,0,0,0,0,0,0,0,0
350312,1,1,0,0,0,0,0,0,0,0,0,0
350312,2,1,22,22,22,22,22,22,22,22,22,22
350313,0,1,13,13,13,13,13,13,13,13,13,13
350313,0,2,25,25,25,25,25,25,25,25,25,25
350313,1,1,5,9,15,0,13,0,18,37,11,7
350314,1,1,14,14,14,14,14,14,14,14,14,14
350314,2,1,14,0,0,15,0,0,0,0,0,0
350315,0,1,0,0,0,0,0,0,0,0,0,0
350315,1,1,6,16,5,19,11,6,22,13,0,11
350316,0,1,16,16,16,16,16,16,16,16,16,16
350316,1,1,4,0,0,0,17,22,0,0,27,0
350317,1,1,22,22,22,22,22,22,22,22,22,22
350317,2,1,22,0,0,0,0,0,0,0,0,0
350317,3,1,0,0,0,0,0,0,0,0,0,0
350318,1,1,0,0,0,0,0,0,0,0,0,0
350319,0,1,0,0,0,0,0,0,0,0,0,0
350319,1,1,0,0,0,0,0,0,0,0,0,0
350320,0,1,0,0,0,0,0,0,0,0,0,0
350320,1,1,0,0,0,0,0,0,0,0,0,0
350321,1,1,22,22,22,22,22,22,22,22,22,22
350322,1,1,0,0,0,0,0,0,0,0,0,0
350322,2,1,0,0,0,0,0,0,0,0,0,0
350323,1,1,0,0,0,0,0,0,0,0,0,0
350323,2,1,0,0,0,0,0,0,0,0,0,0
350324,1,1,0,0,0,0,0,0,0,0,0,0
350324,2,1,0,0,0,0,0,0,0,0,0,0
350324,3,1,0,0,9,9,0,0,0,0,0,0
350325,1,1,15,15,15,15,15,15,15,15,15,15
350326,1,1,0,0,0,0,0,0,0,0,0,0
350326,2,1,0,0,0,0,0,0,0,0,0,0
350327,1,1,0,0,0,18,0,0,0,0,0,0
350327,2,1,0,0,0,0,0,0,12,0,0,0
350328,1,1,0,0,0,0,0,0,0,0,0,0
350329,0,1,24,0,0,0,19,0,0,0,0,0
350329,1,1,0,0,0,0,0,0,0,0,0,0
350330,0,1,29,29,29,29,29,29,29,29,29,29
350330,1,1,0,0,0,0,0,0,0,0,0,0
350331,1,1,0,10,0,0,0,0,0,0,0,0
350332,1,1,0,0,0,0,0,0,0,0,0,0
350332,2,1,0,0,0,0,0,0,0,0,0,0
350333,1,1,0,0,0,0,0,0,0,0,0,0
350333,2,1,0,0,0,0,0,0,0,0,0,0
350334,1,1,0,0,0,0,0,0,0,0,0,0
350334,2,1,0,0,0,0,0,0,0,0,0,0
350335,1,1,0,0,0,0,0,0,0,0,0,0
350335,2,1,0,0,0,0,0,0,0,0,0,0
350336,0,1,8,8,8,8,8,8,8,8,8,8
350336,1,1,0,0,0,0,0,0,0,0,0,0
350337,1,1,34,0,0,0,0,0,0,0,0,0
350338,1,1,0,0,0,0,0,0,0,0,0,0
350338,2,1,9,0,0,0,0,0,0,0,0,0
350339,1,1,0,0,0,0,0,0,0,0,0,0
350340,0,1,0,0,0,32,12,9,0,15,5,11
350340,1,1,0,0,0,0,0,0,0,0,0,0
350341,0,1,0,0,0,0,0,0,0,0,0,0
350341,1,1,0,0,0,0,0,4,0,0,0,0
350342,0,1,15,6,0,0,41,0,0,0,0,0
350342,1,1,0,0,0,0,0,0,0,0,0,0
350343,0,1,0,0,0,0,0,0,0,0,0,0
350343,1,1,11,11,11,11,11,11,11,11,11,11
350344,1,1,0,0,0,0,0,0,0,0,0,0
350345,1,1,15,20,14,0,11,13,4,13,17,16
350345,2,1,0,0,0,0,0,0,0,0,0,0
350345,3,1,0,0,0,0,0,0,0,0,0,0
350346,1,1,24,24,24,24,24,24,24,24,24,24
350346,2,1,0,0,0,0,16,0,8,0,0,0
350347,0,1,0,0,0,0,0,0,0,0,0,0
350347,1,1,0,0,0,0,0,0,0,0,21,0
350348,1,1,0,0,0,0,0,0,0,0,0,5
350348,2,1,15,15,15,15,15,15,15,15,15,15
350349,1,1,0,0,0,0,0,0,0,0,0,0
350349,2,1,26,0,0,0,0,0,6,0,0,0
350350,0,1,0,0,0,0,0,0,0,0,0,0
350350,1,1,0,0,3,15,0,10,0,0,8,5
350351,1,1,0,0,0,0,0,0,0,0,0,0
350351,2,1,0,0,0,0,0,0,0,0,0,0
350351,3,1,0,0,0,0,0,9,0,0,0,0
350352,1,1,17,17,17,17,17,17,17,17,17,17
350352,2,1,0,0,0,0,0,0,0,0,0,0
350353,1,1,27,27,27,27,27,27,27,27,27,27
350354,0,1,0,0,0,0,0,0,0,0,0,0
350354,1,1,0,0,0,0,0,0,0,0,0,0
350354,2,1,0,6,0,9,0,13,0,0,0,0
350355,0,1,0,0,0,0,0,0,0,0,0,0
350355,1,1,0,0,0,0,0,0,0,0,0,0
350356,1,1,0,0,0,0,0,0,0,0,0,0
350356,2,1,0,0,0,0,0,0,0,0,0,0
350357,1,1,0,0,16,0,17,0,0,16,0,0
350357,2,1,0,0,0,0,0,0,0,0,0,0
350358,1,1,0,0,0,0,0,0,0,0,0,0
350358,2,1,0,0,29,0,0,0,0,0,0,0
350359,1,1,13,13,13,13,13,13,13,13,13,13
350360,0,1,0,8,0,0,36,0,0,0,0,10
350360,1,1,0,13,0,0,0,0,0,9,0,0
350361,1,1,5,5,5,5,5,5,5,5,5,5
350362,1,1,19,19,19,19,19,19,19,19,19,19
350363,1,1,0,0,0,0,0,0,0,0,0,0
350364,1,1,0,0,0,0,0,0,0,0,0,0
350364,2,1,3,0,12,0,0,0,0,0,0,18
350364,3,1,0,0,0,0,0,0,0,0,0,0
350365,0,1,23,23,23,23,23,23,23,23,23,23
350365,1,1,0,0,0,0,0,0,0,0,0,0
350366,1,1,17,0,0,0,16,0,15,0,0,0
350366,2,1,0,0,20,0,11,0,0,25,0,0
350367,0,1,1,1,1,1,1,1,1,1,1,1
350367,1,1,0,0,0,0,0,0,0,0,0,0
350368,1,1,0,0,0,0,0,0,0,0,0,0
350369,0,1,0,0,0,0,0,0,0,0,0,0
350369,1,1,0,0,0,0,0,0,0,0,0,0
350370,1,1,27,27,27,27,27,27,27,27,27,27
350370,2,1,0,0,0,0,0,0,0,0,0,0
350371,1,1,0,0,0,0,0,0,0,0,0,0
350372,1,1,0,5,0,0,12,0,0,0,0,9
350373,0,1,27,27,27,27,27,27,27,27,27,27
350373,1,1,0,0,0,6,0,0,0,0,0,0
350374,1,1,0,0,0,0,0,0,0,0,0,0
350375,1,1,0,0,0,0,0,0,0,0,0,0
350376,0,1,0,0,0,0,0,0,0,0,0,0
350376,1,1,22,0,0,0,0,0,0,0,0,0
350377,0,1,0,0,0,0,0,0,0,0,0,0
350377,1,1,0,0,0,0,0,0,0,0,10,0
350378,1,1,0,0,0,0,0,0,0,0,0,0
350378,2,1,0,0,0,0,0,0,0,0,0,0
350379,1,1,17,17,17,17,17,17,17,17,17,17
350380,0,1,0,0,0,0,0,0,0,0,0,0
350380,1,1,0,0,0,0,16,0,0,0,0,0
350381,1,1,0,0,0,0,0,0,0,0,0,0
350381,2,1,0,0,0,0,0,0,0,0,0,0
350382,0,1,38,38,38,38,38,38,38,38,38,38
350382,1,1,0,0,0,0,0,0,0,0,0,0
350383,1,1,0,0,0,0,0,0,0,0,0,0
350384,0,1,0,0,0,0,0,0,0,0,0,0
350384,1,1,0,0,0,0,0,0,0,0,0,0
350385,1,1,0,0,0,0,0,0,0,0,0,0
350386,1,1,3,3,3,3,3,3,3,3,3,3
350387,1,1,0,0,0,0,0,0,0,0,0,0
350388,1,1,15,15,15,15,15,15,15,15,15,15
350388,2,1,0,0,0,0,0,0,0,0,0,0
350389,1,1,0,0,0,0,0,0,0,9,0,0
350390,0,1,27,27,27,27,27,27,27,27,27,27
350390,1,1,0,0,0,9,0,0,0,0,0,0
350391,0,1,0,0,0,0,0,0,0,0,0,0
350391,1,1,0,0,28,0,0,0,0,0,0,0
350392,1,1,17,17,17,17,17,17,17,17,17,17
350393,1,1,0,15,0,0,0,0,0,0,0,0
350393,2,1,0,0,0,0,0,0,0,0,0,0
350393,3,1,0,0,0,0,0,0,0,0,0,0
350394,1,1,21,21,21,21,21,21,21,21,21,21
350395,1,1,0,0,0,0,0,0,0,0,0,0
350395,2,1,0,0,0,0,0,0,0,7,23,0
350396,1,1,9,12,20,6,45,17,9,15,8,23
350397,1,1,19,19,19,19,19,19,19,19,19,19
350397,2,1,0,0,0,0,0,0,0,0,0,0
350398,1,1,0,0,0,0,0,0,0,0,0,0
350398,2,1,17,17,17,17,17,17,17,17,17,17
350399,1,1,0,0,0,0,0,0,0,0,0,0
350399,2,1,0,0,0,0,0,0,0,9,0,23
350400,1,1,32,7,18,8,18,23,15,6,7,14
350401,1,1,0,0,0,0,0,0,29,0,0,0
350401,2,1,0,0,0,0,0,0,0,0,0,0
350402,1,1,0,21,36,0,0,23,0,6,0,0
350403,1,1,0,0,0,0,0,0,0,0,0,0
350403,2,1,0,0,0,0,0,0,0,0,19,0
350404,0,1,22,22,22,22,22,22,22,22,22,22
350404,1,1,0,0,0,14,0,0,0,0,13,12
350405,0,1,0,0,0,0,0,0,0,0,0,0
350405,1,1,20,0,15,0,0,0,0,20,0,0
350406,1,1,0,0,19,0,17,24,0,0,0,19
350407,1,1,16,23,15,9,21,8,22,25,16,15
350408,1,1,0,0,0,0,0,0,0,0,0,0
350409,1,1,0,0,0,0,0,0,0,0,0,0
350410,0,1,24,24,24,24,24,24,24,24,24,24
350410,1,1,0,0,0,24,3,0,0,0,0,0
350411,1,1,17,17,17,17,17,17,17,17,17,17
350412,0,1,15,15,15,15,15,15,15,15,15,15
350412,1,1,0,0,0,0,0,0,0,0,0,0
350413,1,1,1,0,19,26,0,0,15,0,0,0
350414,1,1,35,35,35,35,35,35,35,35,35,35
350415,0,1,0,0,0,0,0,0,0,0,0,0
350415,1,1,38,0,0,0,0,0,9,0,0,0
350416,1,1,13,7,0,18,0,6,23,18,27,0
350416,2,1,0,0,0,0,0,0,0,0,0,0
350417,1,1,8,9,36,15,28,16,12,23,16,0
350418,1,1,17,0,23,0,32,21,0,19,29,23
350419,1,1,26,0,0,39,10,14,12,10,10,28
360002,0,1,36,36,36,36,36,36,36,36,36,36
360002,1,1,0,0,0,0,0,0,0,0,0,0
360004,0,1,0,0,0,0,0,0,0,0,0,0
360004,1,1,0,0,0,11,0,0,0,10,0,0
360005,1,1,35,26,23,0,0,12,4,0,23,8
360006,0,1,0,0,0,0,0,0,0,0,0,0
360006,1,1,29,0,0,0,0,0,0,0,10,0
360007,0,1,0,0,0,0,0,0,0,0,0,0
360007,1,1,0,0,0,0,0,0,0,0,0,0
360008,1,1,0,0,0,0,0,0,0,0,0,0
360008,2,1,0,0,0,0,0,0,0,0,0,0
360009,0,1,19,0,0,0,0,0,7,0,0,0
360009,1,1,0,0,0,0,0,0,0,0,0,0
360010,1,1,0,0,0,0,0,0,0,0,0,0
360010,2,1,0,0,0,0,0,0,0,0,0,0
360012,0,1,0,0,0,0,0,0,0,0,0,0
360012,1,1,0,0,0,0,0,0,0,0,0,0
360012,3,1,0,0,0,0,0,0,0,0,0,0
360012,4,1,0,0,0,0,17,0,0,0,0,0
360013,1,1,12,7,13,21,21,7,27,8,2,29
360013,2,1,32,0,36,0,0,0,18,3,0,0
360014,1,1,20,20,20,20,20,20,20,20,20,20
360015,1,1,32,13,27,15,23,13,9,21,42,16
360016,1,1,24,11,13,10,17,0,13,22,27,14
360016,2,1,0,0,0,0,0,5,0,0,0,0
360017,1,1,0,0,0,0,0,0,0,0,0,0
360017,2,1,0,0,0,0,0,0,0,0,0,0
360018,1,1,0,0,0,0,0,0,0,0,0,0
360018,2,1,8,7,17,17,0,13,0,0,16,0
360018,3,1,0,0,0,0,0,0,4,27,0,0
360019,0,1,30,0,0,0,0,0,0,0,35,0
360019,0,2,19,0,0,0,0,11,0,0,0,14
360019,0,3,0,0,0,0,0,0,0,0,0,0
360019,1,1,20,9,0,18,28,13,26,0,9,0
360020,1,1,0,0,0,0,0,0,0,0,0,0
360020,2,1,0,0,0,0,0,0,0,0,0,0
360020,3,1,0,0,0,0,0,0,0,0,0,0
360021,0,1,21,21,21,21,21,21,21,21,21,21
360021,1,1,0,5,0,0,0,0,0,14,0,0
360022,0,1,0,0,0,0,0,0,0,0,0,0
360022,2,1,0,0,32,0,0,0,0,0,0,0
360023,0,1,0,0,0,0,0,0,0,0,0,0
360023,1,1,0,0,0,0,0,0,0,0,0,0
360025,1,1,0,0,0,0,0,0,0,0,0,0
360025,2,1,5,5,5,5,5,5,5,5,5,5
360026,1,1,26,26,26,26,26,26,26,26,26,26
360027,1,1,19,0,0,7,30,13,14,15,18,0
360028,1,1,0,0,0,0,0,0,0,0,0,0
360029,1,1,19,14,36,0,0,0,0,0,0,0
360030,1,1,23,0,29,13,27,0,0,0,0,22
360030,2,1,0,0,0,0,16,0,0,18,0,24
360032,1,1,0,33,0,0,0,0,0,26,0,28
360033,0,1,0,0,0,0,0,0,0,0,0,0
360033,1,1,0,0,0,0,0,0,3,0,0,9
360034,0,1,0,0,0,0,0,0,0,0,0,0
360034,1,1,0,0,0,0,0,0,25,0,12,0
360035,1,1,25,25,25,25,25,25,25,25,25,25
360036,0,1,27,27,27,27,27,27,27,27,27,27
360036,1,1,0,0,0,4,0,13,0,0,0,5
360037,1,1,11,24,0,18,4,0,0,16,8,6
360037,2,1,0,4,0,0,0,0,3,0,0,0
360038,0,1,0,0,22,30,0,5,27,22,0,0
360038,1,1,0,0,0,0,0,26,0,0,0,0
360039,1,1,20,20,20,20,20,20,20,20,20,20
360040,1,1,0,0,0,0,0,0,0,0,0,0
360041,1,1,0,0,0,0,0,0,0,0,23,19
360041,2,1,0,0,0,0,7,0,12,0,0,0
360042,1,1,6,6,6,6,6,6,6,6,6,6
360043,1,1,25,0,28,0,0,16,26,15,11,0
360045,0,1,0,0,0,0,0,0,0,0,0,0
360045,1,1,25,0,0,17,0,0,0,0,0,0
360046,0,1,0,0,0,0,0,0,0,0,0,0
360046,1,1,0,0,0,0,0,0,0,0,0,0
360047,0,1,0,0,0,0,0,0,0,0,0,0
360047,1,1,0,0,0,0,0,0,0,0,0,0
360048,1,1,0,0,0,22,0,12,0,0,0,10
360049,1,1,0,0,0,0,0,0,0,6,5,0
360049,2,1,0,0,0,0,0,0,0,0,0,0
360050,1,1,22,0,11,35,5,11,7,0,24,18
360051,1,1,0,11,0,24,27,17,5,15,11,10
360051,2,1,0,0,0,0,26,0,0,0,11,29
360052,2,1,25,8,8,34,10,17,13,14,26,5
360053,1,1,0,0,2,0,6,0,0,43,0,0
360053,2,1,0,0,18,0,0,32,0,10,0,0
360055,1,1,0,0,0,0,0,0,0,0,0,0
360056,0,1,0,0,0,0,0,0,0,0,0,0
360056,1,1,0,0,24,0,10,0,0,0,0,0
360056,2,1,0,0,0,0,0,0,0,0,0,0
360057,0,1,17,17,17,17,17,17,17,17,17,17
360057,1,1,0,0,0,0,0,15,0,0,0,0
360058,1,1,15,15,15,15,15,15,15,15,15,15
360058,2,1,0,0,0,0,0,0,9,0,8,19
360059,0,1,0,0,0,0,0,0,0,0,0,0
360059,1,1,0,0,0,0,0,0,0,0,0,0
360060,1,1,29,9,18,13,3,14,24,33,14,0
360061,1,1,0,0,0,0,0,0,0,0,0,0
360062,0,1,0,0,12,0,0,0,0,0,0,0
360062,1,1,0,0,0,0,0,0,27,0,0,0
360063,1,1,17,17,17,17,17,17,17,17,17,17
360064,0,1,0,0,0,0,0,0,0,5,17,0
360064,1,1,0,0,0,0,0,0,13,0,0,0
360065,1,1,5,0,0,0,0,0,0,0,0,0
360065,2,1,0,14,0,16,0,0,0,0,0,0
360066,0,1,0,0,0,0,0,0,0,0,0,0
360066,0,2,0,0,0,0,0,0,0,0,0,0
360066,1,1,1,0,0,0,0,0,0,0,0,0
360067,1,1,0,0,0,0,0,0,0,0,0,0
360067,2,1,0,0,0,0,0,0,0,0,0,0
360068,1,1,9,9,9,9,9,9,9,9,9,9
360068,2,1,0,0,0,0,0,4,0,0,0,0
360069,1,1,0,0,0,0,0,0,0,0,0,0
360069,2,1,0,0,0,0,0,0,0,0,0,0
360070,0,1,0,0,0,0,0,0,0,0,0,0
360070,1,1,0,0,0,0,10,13,0,0,0,26
360071,1,1,14,14,14,14,14,14,14,14,14,14
360072,1,1,0,0,18,0,14,0,0,0,11,0
360073,1,1,0,0,0,0,0,0,0,0,0,0
360073,2,1,0,0,18,0,0,0,0,0,0,0
360074,1,1,23,23,23,23,23,23,23,23,23,23
360075,0,1,0,0,0,0,0,0,0,0,0,0
360075,1,1,17,0,0,0,9,0,0,7,4,0
360076,0,1,0,0,0,0,0,0,0,0,0,0
360076,1,1,0,0,11,0,0,0,14,0,0,0
360077,0,1,18,18,18,18,18,18,18,18,18,18
360077,1,1,0,0,0,0,0,0,10,25,0,0
360078,1,1,18,16,6,36,19,22,30,33,21,18
360079,1,1,0,0,0,0,0,0,0,0,0,0
360080,1,1,33,12,0,11,0,29,0,0,11,28
360081,1,1,0,0,0,0,0,0,0,4,0,0
360081,2,1,0,0,0,0,0,13,0,0,0,10
360082,1,1,0,0,0,0,0,0,6,0,45,0
360082,2,1,0,0,0,0,0,0,0,0,0,13
360083,1,1,5,0,0,0,0,0,0,0,0,0
360084,1,1,73,73,73,73,73,73,73,73,73,73
360085,1,1,24,24,24,24,24,24,24,24,24,24
360086,1,1,0,0,0,0,0,0,0,0,0,0
360086,2,1,2,2,2,2,2,2,2,2,2,2
360088,1,1,18,18,18,18,18,18,18,18,18,18
360089,1,1,17,17,17,17,17,17,17,17,17,17
360090,1,1,0,17,0,25,0,0,0,0,0,0
360091,1,1,0,0,0,0,0,0,0,12,0,0
360091,2,1,0,0,0,0,0,0,0,0,0,9
360092,0,1,0,0,0,0,0,0,0,0,0,0
360092,1,1,0,11,0,0,0,25,8,0,0,11
360093,1,1,0,0,0,0,0,0,0,0,0,0
360093,2,1,0,0,0,0,0,0,11,0,13,0
360094,0,1,0,0,0,0,0,0,0,0,0,0
360094,1,1,0,0,0,0,0,0,0,0,0,0
360095,1,1,23,23,23,23,23,23,23,23,23,23
360095,2,1,0,17,0,18,37,34,0,0,12,0
360097,0,1,32,30,38,18,14,37,0,5,0,0
360097,1,1,0,0,0,13,0,0,20,0,0,0
360098,0,1,0,10,0,0,0,0,0,0,18,0
360098,1,1,0,0,0,0,0,0,0,0,0,0
360099,1,1,26,26,26,26,26,26,26,26,26,26