ST_CASE,VEH_NO,PER_NO,P1,P2,P3,P4,P5,P6,P7,P8,P9,P10
360099,2,1,0,0,0,0,18,5,0,0,0,0
360099,3,1,0,1,0,0,0,0,0,0,2,0
360100,1,1,18,18,18,18,18,18,18,18,18,18
360101,0,1,0,0,0,23,0,0,0,12,0,0
360101,1,1,0,0,0,0,0,0,0,15,0,0
360102,1,1,0,0,0,0,9,16,21,0,11,0
360103,1,1,14,9,14,19,20,38,10,18,12,6
360104,0,1,14,14,14,14,14,14,14,14,14,14
360104,1,1,0,0,0,0,0,0,0,0,0,6
360105,1,1,12,12,12,12,12,12,12,12,12,12
360107,1,1,0,0,0,0,0,0,0,0,0,0
360107,2,1,0,0,0,0,0,0,0,0,0,0
360108,1,1,0,0,4,0,0,0,0,0,0,0
360109,0,1,0,0,0,0,0,0,0,0,0,0
360109,1,1,0,0,0,0,0,0,0,0,0,0
360110,0,1,0,0,0,0,0,0,0,0,0,0
360110,1,1,0,0,0,15,13,33,12,0,0,0
360112,1,1,0,0,0,0,0,0,0,0,0,0
360112,2,1,0,0,0,0,0,0,0,0,0,0
360113,1,1,0,0,0,0,0,0,0,34,0,0
360114,1,1,18,0,0,0,0,0,0,11,9,0
360115,1,1,14,14,14,14,14,14,14,14,14,14
360116,1,1,0,0,0,0,0,10,0,0,0,13
360117,1,1,26,26,26,26,26,26,26,26,26,26
360118,0,1,20,0,19,0,0,25,0,0,0,0
360118,1,1,16,0,0,0,0,0,0,0,0,0
360119,0,1,0,0,0,0,0,0,0,0,0,0
360119,1,1,0,0,0,11,0,16,0,0,0,0
360120,1,1,0,0,0,0,0,0,0,0,0,13
360120,2,1,0,0,0,0,0,0,0,0,0,0
360121,1,1,0,0,0,0,0,0,0,0,0,0
360121,2,1,0,0,0,0,0,0,0,0,0,0
360122,1,1,13,13,0,0,0,0,0,0,0,0
360123,0,1,0,0,0,0,0,0,9,19,0,0
360123,1,1,0,0,0,0,12,0,0,0,0,0
360124,0,1,0,0,0,0,0,0,0,0,0,0
360124,1,1,0,0,0,0,0,0,0,0,0,0
360125,1,1,31,14,15,0,0,6,13,0,0,12
360126,1,1,17,20,7,5,28,11,4,17,15,3
360126,2,1,0,0,0,0,0,0,0,0,0,0
360127,1,1,2,2,2,2,2,2,2,2,2,2
360128,1,1,12,0,0,0,30,22,0,14,25,0
360128,2,1,0,0,0,0,0,0,0,0,0,0
360129,1,1,0,0,0,0,0,0,0,0,0,0
360129,2,1,0,0,0,0,0,0,0,0,0,0
360130,1,1,0,0,0,0,0,0,0,0,0,0
360130,2,1,0,10,0,0,0,0,0,0,0,0
360131,1,1,0,0,0,0,0,0,0,0,0,0
360132,0,1,0,0,0,0,9,0,0,0,0,0
360132,1,1,0,0,0,0,0,0,0,0,0,0
360133,1,1,9,18,21,12,18,0,20,15,19,15
360133,2,1,3,3,3,3,3,3,3,3,3,3
360135,0,1,0,0,0,0,0,0,0,0,0,0
360135,1,1,3,0,0,0,0,0,0,0,0,0
360136,1,1,26,26,26,26,26,26,26,26,26,26
360137,1,1,0,0,0,0,0,0,0,0,0,0
360138,1,1,0,0,0,0,0,0,0,0,0,0
360139,1,1,26,26,26,26,26,26,26,26,26,26
360140,1,1,0,23,11,0,15,0,25,0,0,0
360141,1,1,0,0,0,27,0,0,10,0,0,26
360142,0,1,0,0,13,0,0,0,0,0,0,0
360142,0,2,0,0,0,0,0,0,15,0,0,0
360142,1,1,8,0,0,14,0,0,0,0,0,0
360143,0,1,0,0,0,0,0,0,0,0,0,0
360143,1,1,5,21,0,10,0,21,0,4,0,0
360144,1,1,0,0,0,0,0,0,0,0,0,0
360144,2,1,0,0,0,0,0,0,0,0,0,0
360145,1,1,0,0,0,0,0,0,0,0,0,0
360146,0,1,20,20,20,20,20,20,20,20,20,20
360146,1,1,0,0,18,0,20,0,6,0,18,0
360147,1,1,0,0,0,0,0,0,0,0,0,0
360147,2,1,0,0,18,0,0,0,0,0,0,0
360148,0,1,0,0,0,0,0,0,0,0,0,0
360148,1,1,0,24,0,10,0,0,0,16,16,0
360149,1,1,0,10,0,0,11,19,8,0,22,0
360149,2,1,0,0,21,0,46,0,6,5,0,0
360150,1,1,16,0,0,0,0,15,5,14,13,7
360151,1,1,0,0,0,0,0,0,0,0,0,0
360151,2,1,0,0,0,0,0,0,0,0,0,0
360152,1,1,21,3,16,20,0,12,16,32,17,14
360152,2,1,0,0,0,0,46,0,0,0,11,0
360153,0,1,0,0,0,28,0,0,0,25,16,0
360153,1,1,0,0,0,0,0,0,0,0,0,0
360153,2,1,0,0,26,0,0,0,16,0,0,0
360154,0,1,0,0,0,0,0,0,0,0,0,22
360154,1,1,0,0,0,0,0,0,0,0,0,0
360155,1,1,19,19,19,19,19,19,19,19,19,19
360156,1,1,0,0,0,0,0,0,0,0,0,0
360157,1,1,25,25,25,25,25,25,25,25,25,25
360158,1,1,0,0,0,0,0,0,0,0,0,0
360159,0,1,5,5,5,5,5,5,5,5,5,5
360159,1,1,10,9,16,9,8,8,23,30,16,20
360159,2,1,31,0,0,7,0,0,0,0,27,23
360161,1,1,10,10,10,10,10,10,10,10,10,10
360162,1,1,28,28,28,28,28,28,28,28,28,28
360163,1,1,19,19,19,19,19,19,19,19,19,19
360164,0,1,0,38,0,0,0,12,0,0,25,21
360164,1,1,21,0,0,7,8,0,0,0,13,0
360165,0,1,0,0,0,0,0,0,0,0,0,0
360165,1,1,0,19,0,0,12,0,11,0,0,0
360166,1,1,31,31,31,31,31,31,31,31,31,31
360166,2,1,0,0,0,0,0,8,0,0,0,0
360167,1,1,10,21,0,0,5,22,0,0,12,24
360168,1,1,0,0,0,24,21,12,8,10,15,6
360169,1,1,24,22,38,15,0,0,12,0,12,0
360170,0,1,6,6,6,6,6,6,6,6,6,6
360170,1,1,0,0,0,9,5,0,0,0,0,0
360171,1,1,24,24,24,24,24,24,24,24,24,24
360172,1,1,22,22,22,22,22,22,22,22,22,22
360173,1,1,16,16,16,16,16,16,16,16,16,16
360174,1,1,0,0,0,0,20,0,0,0,12,0
360175,1,1,0,0,0,0,0,0,0,0,0,0
360176,0,1,6,6,6,6,6,6,6,6,6,6
360176,1,1,29,0,0,0,17,0,0,13,0,20
360177,0,1,0,0,0,0,0,0,0,0,0,0
360177,1,1,0,0,0,0,0,0,0,0,0,0
360178,1,1,0,0,0,0,0,0,0,0,0,0
360178,2,1,0,0,0,0,0,0,0,0,0,0
360179,1,1,0,25,0,25,0,0,0,0,0,19
360179,2,1,0,0,0,0,0,0,0,0,0,0
360180,1,1,11,11,11,11,11,11,11,11,11,11
360180,2,1,0,20,5,0,0,0,0,7,0,0
360181,1,1,0,25,0,5,0,3,10,0,0,0
360181,2,1,0,0,0,0,0,0,0,0,0,0
360182,1,1,29,29,29,29,29,29,29,29,29,29
360183,0,1,0,0,0,0,0,0,0,0,0,0
360183,1,1,0,0,0,0,0,15,0,0,0,0
360184,0,1,0,24,0,10,0,0,21,0,8,0
360184,1,1,0,27,0,0,0,0,0,0,0,0
360184,2,1,0,0,0,8,0,0,0,11,0,0
360185,1,1,0,0,0,0,0,0,0,0,0,0
360185,2,1,0,0,0,0,0,0,0,0,0,0
360185,3,1,0,0,0,0,0,0,0,0,0,0
360186,1,1,0,0,0,0,0,0,0,0,0,0
360186,2,1,0,0,0,0,0,0,0,0,0,0
360186,3,1,0,15,21,0,0,0,0,0,0,4
360187,1,1,35,35,35,35,35,35,35,35,35,35
360187,2,1,0,0,8,0,0,0,18,0,0,0
360187,3,1,0,0,0,0,0,0,0,0,0,0
360188,0,1,0,0,0,0,0,0,0,0,0,0
360188,0,2,0,19,0,0,0,0,0,0,0,0
360188,1,1,0,0,18,0,0,0,0,0,6,0
360189,1,1,17,17,17,17,17,17,17,17,17,17
360190,0,1,19,19,19,19,19,19,19,19,19,19
360190,1,1,16,21,0,0,31,0,0,0,19,0
360191,1,1,0,0,26,0,30,0,11,0,0,0
360191,2,1,0,0,0,0,0,0,0,0,0,17
360192,1,1,0,0,0,0,0,0,0,0,0,0
360193,0,1,0,0,0,0,0,0,0,0,0,0
360193,0,2,0,0,0,0,0,0,0,0,0,0
360193,1,1,0,0,0,0,0,0,0,0,0,0
360194,1,1,2,0,0,20,0,0,0,0,17,0
360194,2,1,0,0,0,0,19,0,0,0,0,0
360195,1,1,0,0,0,31,0,0,0,0,0,0
360195,2,1,0,0,0,0,0,0,0,0,0,0
360197,1,1,0,0,0,0,0,0,0,0,0,0
360198,1,1,0,0,0,0,0,0,0,0,0,0
360198,2,1,0,0,0,0,0,0,0,0,0,0
360200,1,1,0,0,0,0,0,0,0,0,0,0
360200,2,1,0,0,0,0,0,0,0,0,0,0
360201,1,1,0,0,0,0,0,0,0,0,0,0
360201,2,1,15,8,28,0,0,0,0,0,21,0
360201,3,1,0,0,0,0,0,16,0,15,0,9
360202,1,1,0,38,0,0,0,0,12,0,0,0
360203,1,1,0,0,0,0,0,0,0,0,0,0
360204,0,1,0,0,0,0,0,0,0,0,0,0
360204,1,1,11,0,0,0,0,10,0,22,0,0
360205,1,1,0,0,0,0,0,0,0,0,0,0
360205,2,1,0,0,25,0,0,0,0,0,0,0
360206,1,1,13,0,0,0,0,0,0,0,0,0
360206,2,1,26,0,0,0,0,0,0,0,0,0
360207,1,1,0,0,0,0,0,0,0,0,0,0
360207,2,1,0,0,0,0,0,0,0,0,0,0
360208,1,1,0,0,0,0,0,0,0,0,0,0
360209,1,1,0,0,0,0,0,0,0,0,0,0
360210,1,1,0,0,0,0,0,0,0,0,0,0
360211,1,1,12,12,12,12,12,12,12,12,12,12
360212,1,1,33,30,12,17,17,13,14,25,17,32
360213,1,1,0,0,0,0,0,0,0,0,0,0
360214,0,1,0,0,0,0,0,0,18,0,0,0
360214,1,1,11,0,0,0,0,0,0,14,0,0
360215,0,1,0,0,0,0,0,0,0,0,0,0
360215,1,1,29,0,25,0,16,19,0,12,0,18
360216,0,1,10,10,10,10,10,10,10,10,10,10
360216,1,1,0,0,0,0,0,0,0,0,0,0
360216,2,1,0,0,0,0,0,0,13,0,25,0
360217,0,1,0,0,0,0,0,0,0,0,0,0
360217,1,1,0,0,0,0,0,0,0,0,0,0
360217,2,1,0,9,0,0,0,0,0,0,0,0
360218,1,1,0,0,0,0,0,0,0,0,0,0
360219,0,1,0,0,0,0,0,0,0,0,0,0
360219,1,1,0,23,0,0,0,0,0,0,0,0
360221,1,1,3,3,3,3,3,3,3,3,3,3
360222,1,1,0,0,0,0,0,0,0,0,0,0
360222,2,1,21,21,21,21,21,21,21,21,21,21
360223,1,1,21,11,20,21,6,5,11,21,6,15
360223,2,1,34,34,34,34,34,34,34,34,34,34
360224,1,1,0,0,0,0,0,0,0,0,0,0
360224,2,1,0,0,0,0,0,0,0,0,0,0
360225,1,1,0,0,25,0,0,0,0,0,0,10
360225,2,1,0,0,0,0,0,0,0,0,0,0
360225,3,1,0,0,0,0,0,0,0,0,0,0
360226,1,1,0,0,0,0,0,0,0,0,0,0
360226,2,1,0,0,0,0,0,0,0,0,0,0
360227,0,1,20,20,20,20,20,20,20,20,20,20
360227,1,1,0,0,0,0,0,12,0,0,0,0
360228,1,1,0,0,0,0,0,0,0,0,0,0
360229,0,1,0,0,0,0,0,0,0,0,0,0
360229,1,1,17,0,0,0,20,0,11,0,0,11
360230,0,1,0,0,0,0,0,0,0,0,0,0
360230,1,1,0,0,0,0,0,0,0,0,0,0
360231,1,1,30,30,30,30,30,30,30,30,30,30
360233,1,1,10,10,10,10,10,10,10,10,10,10
360234,0,1,0,0,0,0,0,0,0,0,0,0
360234,1,1,0,0,12,0,0,0,0,0,0,0
360235,1,1,5,21,7,23,10,11,15,24,16,14
360235,2,1,0,0,0,0,0,0,0,0,0,0
360236,1,1,9,9,9,9,9,9,9,9,9,9
360238,0,1,0,0,0,0,0,0,0,0,0,0
360238,1,1,13,16,16,7,24,22,31,24,15,10
360238,2,1,14,0,9,17,0,0,0,13,0,0
360239,1,1,0,0,0,24,0,0,0,0,0,0
360241,0,1,0,0,0,0,0,0,0,0,0,0
360241,1,1,29,0,11,0,0,0,0,25,0,0
360242,0,1,0,0,0,0,0,6,0,0,0,0
360242,1,1,0,0,4,0,0,0,0,0,13,0
360243,1,1,0,0,0,0,0,0,0,0,0,0
360244,1,1,0,0,15,0,23,0,29,26,19,0
360245,1,1,9,9,9,9,9,9,9,9,9,9
360246,1,1,3,3,3,3,3,3,3,3,3,3
360246,2,1,0,0,0,0,0,0,8,0,0,0
360247,0,1,20,20,20,20,20,20,20,20,20,20
360247,1,1,0,13,0,0,20,0,6,0,6,23
360248,1,1,13,12,18,12,12,29,33,16,30,14
360248,2,1,1,1,1,1,1,1,1,1,1,1
360252,0,1,0,0,0,0,0,0,0,0,0,0
360252,1,1,0,0,0,0,6,0,0,0,0,0
360253,0,1,0,0,0,0,0,0,0,0,0,0
360253,1,1,0,0,0,0,0,0,0,0,0,0
360254,1,1,21,21,21,21,21,21,21,21,21,21
360254,2,1,0,3,0,0,0,0,0,0,0,0
360254,3,1,0,0,0,9,17,0,0,0,0,0
360255,1,1,0,0,0,0,0,0,0,0,0,0
360256,0,1,0,0,0,0,0,0,0,0,0,0
360256,1,1,0,0,0,0,0,10,0,0,0,0
360257,0,1,0,0,0,0,0,0,0,0,0,0
360257,1,1,0,0,0,0,0,0,0,0,26,0
360258,1,1,0,0,0,0,0,0,0,0,0,0
360259,1,1,0,0,0,0,0,0,0,0,0,0
360259,2,1,0,0,0,0,0,0,0,0,0,0
360261,0,1,0,0,0,0,0,0,0,0,0,0
360261,1,1,0,0,0,0,0,0,14,21,0,5
360262,1,1,0,0,0,0,0,0,0,0,0,0
360262,2,1,23,17,15,13,0,0,21,7,0,0
360263,1,1,0,0,0,0,0,0,0,0,0,0
360263,2,1,0,0,0,0,0,0,0,0,0,0
360264,1,1,0,0,0,0,0,0,0,0,0,0
360264,2,1,0,0,0,0,0,0,0,0,0,0
360265,1,1,0,0,0,14,0,0,9,0,0,0
360265,2,1,23,0,0,13,0,9,17,15,0,0
360265,3,1,17,16,15,15,27,19,8,0,16,12
360266,1,1,6,6,6,6,6,6,6,6,6,6
360266,2,1,0,0,0,0,0,0,0,0,0,0
360267,1,1,21,21,21,21,21,21,21,21,21,21
360268,0,1,0,0,0,0,0,0,0,0,0,0
360268,1,1,21,12,21,0,0,0,12,0,10,0
360269,1,1,0,0,0,0,0,0,0,0,0,0
360270,1,1,0,0,0,0,0,0,21,0,0,0
360270,2,1,0,0,0,0,2,0,0,0,0,0
360271,1,1,0,17,0,0,11,0,0,18,11,0
360272,1,1,0,0,0,0,0,0,0,0,0,0
360272,2,1,0,0,0,0,0,0,0,0,0,0
360273,1,1,0,0,0,0,0,0,0,0,0,0
360273,2,1,6,0,0,0,0,0,0,0,0,0
360274,1,1,0,0,0,0,0,0,0,0,0,0
360275,0,1,0,0,0,0,0,0,0,0,0,28
360275,1,1,0,0,0,0,0,0,0,0,0,0
360276,0,1,1,1,1,1,1,1,1,1,1,1
360276,1,1,0,0,0,0,0,0,0,1,0,0
360277,1,1,0,0,0,0,0,0,0,0,0,0
360277,2,1,0,0,0,0,0,0,0,0,0,0
360278,1,1,0,18,16,0,0,0,20,0,29,0
360279,0,1,0,0,0,0,0,0,0,0,0,0
360279,1,1,0,0,0,10,0,0,0,0,0,0
360280,0,1,0,0,0,0,0,0,0,0,0,0
360280,1,1,0,0,19,0,0,0,10,5,0,0
360281,1,1,18,16,12,0,8,15,26,14,0,0
360281,2,1,0,0,0,0,0,0,0,0,0,0
360282,0,1,48,48,48,48,48,48,48,48,48,48
360282,1,1,0,8,0,0,0,0,0,0,8,0
360283,1,1,0,0,0,0,0,0,0,0,0,0
360283,2,1,0,0,0,0,0,0,0,0,0,0
360284,1,1,13,13,13,13,13,13,13,13,13,13
360284,2,1,0,0,0,0,0,0,5,0,0,0
360285,1,1,14,14,14,14,14,14,14,14,14,14
360286,1,1,0,0,0,0,0,0,0,0,0,0
360287,1,1,0,32,0,0,0,0,0,0,0,0
360288,1,1,11,11,11,11,11,11,11,11,11,11
360289,0,1,0,0,0,0,0,0,0,0,0,0
360289,1,1,0,0,0,0,0,0,0,0,0,0
360291,1,1,0,0,0,0,0,0,24,0,0,0
360291,2,1,0,15,0,0,0,0,0,0,0,0
360292,1,1,6,6,6,6,6,6,6,6,6,6
360292,2,1,0,0,0,0,0,0,0,0,0,0
360293,1,1,8,0,0,0,0,21,0,22,0,0
360293,2,1,0,0,0,0,0,0,0,0,0,0
360294,1,1,0,0,0,0,0,0,0,0,0,0
360294,2,1,0,0,0,0,0,0,0,0,0,10
360295,1,1,0,0,0,0,0,0,0,0,0,0
360295,2,1,0,0,0,0,25,0,0,0,0,0
360296,1,1,0,0,0,0,0,0,0,25,0,0
360296,2,1,0,0,0,0,0,0,0,0,0,0
360297,1,1,15,15,15,15,15,15,15,15,15,15
360297,2,1,11,11,11,11,11,11,11,11,11,11
360299,1,1,12,12,12,12,12,12,12,12,12,12
360300,0,1,0,0,0,20,0,45,0,0,0,0
360300,1,1,0,0,0,0,0,0,12,0,0,0
360301,1,1,0,17,0,0,0,0,0,0,0,0
360302,0,1,0,0,0,0,0,0,0,0,0,0
360302,0,2,0,0,0,0,0,0,0,28,0,0
360302,0,3,19,0,0,0,21,0,0,0,0,0
360302,1,1,0,0,0,0,0,0,0,0,0,0
360303,1,1,0,0,0,0,0,0,0,0,0,0
360304,1,1,0,14,9,0,0,0,0,0,6,0
360304,2,1,0,0,0,0,15,0,8,0,24,0
360305,1,1,0,0,0,0,21,0,0,0,24,12
360306,0,1,0,26,0,21,0,45,0,7,0,0
360306,1,1,0,0,0,0,0,16,0,20,0,0
360307,1,1,24,8,13,42,10,0,25,23,23,19
360307,2,1,0,0,0,0,0,0,0,0,0,0
360308,1,1,0,0,0,0,0,0,0,0,0,0
360308,2,1,0,0,0,0,0,0,0,0,0,0
360309,0,1,0,0,0,0,0,0,0,0,0,0
360309,1,1,0,22,0,0,0,0,0,0,19,0
360309,2,1,0,0,0,0,0,0,0,0,0,0
360311,1,1,0,0,0,0,0,0,0,0,0,0
360312,1,1,0,0,0,0,0,0,23,0,0,0
360313,1,1,0,0,0,0,0,0,0,0,0,0
360313,2,1,11,11,11,11,11,11,11,11,11,11
360314,1,1,0,0,0,0,0,0,0,0,0,0
360315,1,1,9,0,5,14,23,17,9,16,5,8
360315,2,1,0,0,0,3,0,0,20,0,0,15
360316,1,1,8,8,8,8,8,8,8,8,8,8
360316,2,1,0,22,0,0,23,26,0,0,0,15
360317,1,1,0,0,0,0,0,0,0,0,0,0
360317,2,1,0,0,0,0,0,0,0,0,0,0
360318,1,1,0,0,0,0,0,0,0,0,0,0
360318,2,1,0,0,0,0,0,0,0,0,0,0
360319,1,1,17,17,17,17,17,17,17,17,17,17
360320,1,1,33,33,26,28,4,25,15,13,9,21
360321,1,1,0,0,0,0,0,31,0,0,3,0
360322,1,1,0,0,0,0,0,21,0,13,0,0
360322,2,1,0,0,19,0,0,0,0,0,6,15
360323,1,1,0,0,0,0,0,0,0,0,0,0
360324,0,1,0,0,0,0,44,0,0,0,0,0
360324,1,1,17,0,30,0,6,0,15,4,26,0
360325,0,1,0,0,0,12,0,0,0,5,0,0
360325,1,1,0,0,0,18,0,0,22,0,3,0
360326,0,1,0,0,0,0,0,0,0,0,0,0
360326,0,2,0,0,0,0,0,0,0,0,0,0
360326,1,1,0,0,0,0,0,0,0,0,0,0
360327,1,1,21,21,21,21,21,21,21,21,21,21
360327,2,1,0,0,1,0,0,0,0,0,0,0
360328,0,1,0,0,0,0,0,0,0,0,0,0
360328,1,1,0,0,0,0,0,0,0,0,0,0
360329,0,1,0,0,0,0,0,0,0,0,0,0
360329,1,1,7,0,0,0,0,0,0,0,0,0
360330,1,1,0,0,0,0,0,0,0,0,0,0
360330,2,1,0,5,0,0,13,0,0,0,0,0
360331,1,1,0,0,0,0,0,0,0,0,0,0
360332,0,1,0,13,10,37,14,5,20,0,0,0
360332,1,1,0,0,3,3,2,11,8,5,0,0
360333,1,1,19,19,19,19,19,19,19,19,19,19
360334,1,1,0,0,8,0,0,21,0,0,0,0
360334,2,1,0,0,0,0,0,0,0,0,0,0
360335,1,1,7,7,7,7,7,7,7,7,7,7
360335,2,1,0,0,0,0,0,0,0,0,0,0
360336,0,1,3,3,3,3,3,3,3,3,3,3
360336,1,1,0,0,0,0,0,12,27,4,0,0
360337,1,1,9,11,0,0,31,0,0,22,0,11
360338,1,1,0,0,0,0,0,0,0,0,0,0
360338,2,1,0,0,0,0,0,0,0,0,0,0
360339,1,1,6,22,24,15,0,33,0,0,0,0
360340,1,1,14,14,14,14,14,14,14,14,14,14
360340,2,1,0,0,0,0,0,6,2,0,9,0
360341,0,1,0,0,0,0,0,0,0,0,0,0
360341,1,1,0,0,0,0,30,0,0,0,16,0
360342,1,1,13,13,13,13,13,13,13,13,13,13
360342,2,1,0,0,21,0,0,0,0,0,0,7
360343,1,1,0,0,0,0,0,0,0,0,0,0
360343,2,1,0,0,0,0,0,0,0,0,0,0
360344,0,1,0,0,0,0,0,10,0,0,0,0
360344,1,1,12,13,0,10,12,0,7,0,30,15
360344,2,1,0,0,14,0,2,0,0,0,0,5
360345,1,1,28,28,28,28,28,28,28,28,28,28
360345,2,1,0,0,0,0,0,7,4,0,0,0
360346,1,1,20,9,0,13,32,0,0,0,0,23
360347,1,1,18,18,18,18,18,18,18,18,18,18
360347,2,1,0,0,0,0,0,0,0,0,0,0
360347,3,1,0,0,21,0,0,0,0,0,0,0
360347,4,1,0,0,6,0,0,0,0,0,0,4
360348,1,1,0,0,0,0,0,0,0,0,0,0
360348,2,1,0,0,0,0,0,0,0,0,0,0
360349,0,1,0,0,0,0,0,0,0,0,0,0
360349,1,1,15,0,0,17,25,0,0,0,0,0
360350,1,1,0,0,0,0,0,0,0,0,0,4
360350,2,1,0,0,0,0,0,0,0,0,0,0
360351,1,1,0,0,0,0,0,0,0,0,0,0
360351,2,1,14,12,0,17,0,0,18,0,0,0
360352,1,1,25,0,0,22,0,25,0,0,10,0
360353,0,1,0,0,17,0,0,0,0,0,0,0
360353,0,2,0,0,0,0,0,0,0,0,0,0
360353,1,1,12,0,2,0,0,0,0,22,9,16
360354,0,1,0,0,0,0,0,0,0,0,0,0
360354,1,1,0,16,5,0,0,5,0,21,35,0
360355,1,1,0,0,0,18,0,0,0,0,0,0
360355,2,1,0,6,0,0,0,0,0,0,0,0
360356,1,1,0,0,0,22,17,0,0,0,0,0
360357,1,1,0,0,0,0,0,0,0,0,0,0
360358,1,1,0,0,0,0,0,0,0,0,0,0
360359,1,1,16,16,16,16,16,16,16,16,16,16
360360,1,1,0,0,0,0,0,0,0,0,0,0
360360,2,1,0,0,0,0,0,0,0,0,0,0
360361,0,1,1,1,1,1,1,1,1,1,1,1
360361,1,1,0,0,0,15,0,12,0,0,15,0
360362,0,1,0,22,0,0,0,0,0,35,10,0
360362,1,1,0,0,0,13,0,0,0,13,25,10
360363,1,1,0,0,0,0,0,0,0,0,0,0
360363,2,1,10,0,4,0,0,0,0,0,0,0
360364,0,1,32,15,11,0,0,0,0,0,22,0
360364,1,1,0,0,0,7,0,10,0,0,0,0
360365,1,1,12,12,12,12,12,12,12,12,12,12
360365,4,1,7,26,18,18,0,14,0,24,8,15
360366,1,1,0,0,0,0,0,7,0,25,0,0
360367,1,1,0,0,0,0,0,0,0,0,0,0
360367,2,1,0,0,0,0,0,0,0,0,0,0
360368,1,1,0,0,0,0,0,0,0,0,0,0
360368,2,1,0,0,0,0,0,0,0,0,0,0
360368,3,1,0,0,0,0,0,0,0,0,0,0
360370,1,1,0,0,29,0,0,11,11,0,7,9
360371,1,1,27,0,15,6,8,0,0,0,7,36
360371,2,1,0,0,0,0,0,0,0,0,0,0
360372,1,1,0,0,0,0,0,0,0,0,0,0
360372,2,1,0,0,0,0,0,0,0,0,0,0
360373,1,1,6,6,6,6,6,6,6,6,6,6
360373,2,1,0,0,0,0,0,0,0,3,0,0
360374,1,1,0,18,0,21,0,0,0,0,0,0
360374,2,1,1,1,1,1,1,1,1,1,1,1
360375,1,1,0,0,16,0,0,19,17,0,0,0
360376,1,1,0,0,0,0,0,0,0,0,0,0
360377,1,1,0,0,0,18,0,0,0,0,0,0
360377,2,1,16,0,0,19,29,0,8,0,0,0
360378,1,1,0,0,0,0,0,0,0,0,0,0
360378,2,1,14,14,14,14,14,14,14,14,14,14
360379,1,1,0,0,0,0,0,0,0,0,0,0
360379,2,1,0,0,0,0,0,0,0,0,0,0
360380,0,1,0,0,0,0,0,0,0,0,0,0
360380,1,1,0,0,0,0,0,0,0,5,0,0
360381,1,1,0,0,0,0,0,0,0,0,0,0
360381,2,1,0,0,0,0,0,22,0,16,0,0
360382,1,1,0,0,0,0,0,27,0,0,0,0
360382,2,1,0,0,0,0,0,0,0,0,0,0
360383,1,1,0,0,0,0,0,0,0,0,0,0
360383,2,1,0,0,0,0,0,0,0,0,0,0
360384,0,1,0,0,0,0,0,0,0,0,0,0
360384,1,1,0,0,0,0,0,0,0,0,0,0
360385,1,1,31,31,31,31,31,31,31,31,31,31
360386,1,1,17,17,17,17,17,17,17,17,17,17
360387,1,1,0,0,0,0,0,0,0,0,0,0
360387,2,1,0,0,0,0,0,0,0,0,0,0
360388,1,1,18,18,18,18,18,18,18,18,18,18
360389,1,1,0,0,0,0,0,0,0,0,0,0
360389,2,1,0,0,0,0,0,0,0,0,0,0
360390,1,1,0,0,0,0,0,0,0,0,0,0
360390,2,1,3,0,0,10,0,0,0,0,0,0
360391,1,1,0,0,0,0,0,0,0,0,0,0
360392,1,1,0,0,0,0,0,0,0,0,0,0
360393,1,1,22,22,22,22,22,22,22,22,22,22
360394,1,1,0,0,0,0,0,0,0,0,0,0
360395,1,1,8,8,8,8,8,8,8,8,8,8
360396,0,1,38,38,38,38,38,38,38,38,38,38
360396,1,1,0,0,0,0,0,0,0,0,0,0
360398,1,1,0,0,0,0,0,0,0,0,0,0
360398,2,1,0,0,0,0,0,0,0,0,0,0
360399,1,1,10,0,0,0,32,0,0,0,29,0
360399,2,1,0,0,0,0,0,0,0,0,0,0
360400,0,1,14,14,14,14,14,14,14,14,14,14
360400,1,1,0,0,14,0,16,0,0,0,0,9
360401,1,1,19,9,0,9,11,21,6,16,10,0
360402,1,1,0,0,0,0,21,0,0,0,15,0
360402,2,1,0,0,0,0,0,0,0,0,0,0
360403,1,1,0,0,0,14,0,0,0,0,0,0
360403,2,1,0,0,0,0,0,0,0,0,16,0
360404,1,1,26,26,26,26,26,26,26,26,26,26
360405,1,1,0,0,0,0,0,0,0,0,0,0
360406,0,1,24,24,24,24,24,24,24,24,24,24
360406,1,1,18,12,22,0,0,0,0,0,0,0
360407,1,1,0,0,0,0,0,0,0,0,0,0
360407,2,1,0,0,0,0,0,0,0,0,0,0
360408,0,1,0,0,0,0,0,0,0,0,0,0
360408,1,1,10,0,0,5,13,8,12,0,0,14
360409,1,1,0,0,0,0,0,0,0,0,0,0
360409,2,1,0,0,0,0,0,0,0,0,0,0
360410,1,1,1,1,1,1,1,1,1,1,1,1
360410,2,1,0,0,20,0,11,11,0,0,0,0
360410,3,1,0,0,0,0,30,5,0,0,0,0
360411,0,1,0,0,12,0,0,0,0,24,0,24
360411,1,1,0,0,14,0,0,16,0,0,0,0