ST_CASE,VEH_NO,PER_NO,P1,P2,P3,P4,P5,P6,P7,P8,P9,P10
360988,2,1,14,0,0,0,0,0,0,21,0,0
360988,3,1,0,0,0,15,0,0,0,0,0,0
360989,1,1,0,0,0,0,0,0,0,0,0,0
360990,1,1,10,10,10,10,10,10,10,10,10,10
360991,1,1,0,0,0,0,0,0,0,0,0,0
360992,1,1,0,4,0,0,20,27,15,0,0,21
360993,1,1,0,0,7,19,0,0,0,0,0,0
360994,1,1,0,0,0,0,0,0,0,0,0,0
360995,1,1,0,0,0,3,7,0,14,15,0,13
360996,1,1,0,0,0,0,0,0,0,0,0,0
360997,1,1,11,0,0,0,0,0,0,0,0,0
360997,2,1,0,0,0,0,0,0,0,0,0,0
360997,3,1,0,0,0,0,0,0,0,0,0,0
361000,1,1,17,17,17,17,17,17,17,17,17,17
361001,1,1,0,0,4,0,0,0,0,0,0,0
361001,2,1,0,0,0,0,0,0,0,9,0,0
361002,0,1,0,21,0,0,0,0,0,22,21,0
361002,1,1,20,0,14,18,16,0,0,11,0,0
361003,0,1,0,0,0,0,0,0,0,0,0,0
361003,1,1,0,0,0,0,0,0,0,0,0,0
361004,1,1,0,0,0,0,0,0,0,0,0,0
361005,0,1,0,0,0,0,0,0,0,0,0,0
361005,1,1,0,0,0,0,0,0,0,0,0,0
361006,1,1,0,0,2,0,0,0,0,0,0,0
361006,2,1,0,0,0,0,0,0,0,0,0,0
361007,0,1,0,0,0,0,0,0,0,0,0,0
361007,1,1,0,0,0,0,0,0,0,0,13,0
361008,1,1,1,1,1,1,1,1,1,1,1,1
361008,2,1,0,0,0,0,0,0,0,0,0,0
361009,1,1,0,0,0,0,0,0,0,0,0,0
361009,2,1,0,0,0,0,0,0,0,0,0,0
361010,1,1,0,0,0,0,13,15,0,19,0,0
361011,0,1,0,0,0,55,23,0,0,22,0,0
361011,1,1,12,0,0,0,0,0,0,0,0,0
361012,1,1,0,0,0,0,0,0,16,0,10,0
361012,2,1,0,0,0,0,0,0,0,0,21,0
361014,1,1,0,0,0,0,0,0,0,0,0,0
361015,0,1,0,0,0,0,0,0,0,0,0,0
361015,1,1,0,0,15,0,0,0,14,0,0,18
361015,4,1,0,0,0,0,6,0,16,0,0,0
361016,1,1,15,15,15,15,15,15,15,15,15,15
361016,2,1,3,0,0,19,0,0,0,0,0,0
361017,1,1,0,0,0,0,0,0,0,0,0,0
361017,2,1,0,19,0,0,0,0,0,0,0,0
361018,1,1,0,0,21,3,0,0,27,5,0,10
361019,1,1,8,12,11,26,17,27,20,0,33,6
361020,1,1,0,1,8,10,0,0,0,0,0,0
361022,1,1,0,0,0,0,0,0,0,0,0,0
361022,2,1,0,0,0,0,0,0,0,0,0,5
361023,1,1,0,0,0,0,6,0,0,0,0,0
361023,2,1,0,0,0,0,0,0,0,0,0,0
361024,1,1,18,22,24,0,0,28,0,16,12,4
361025,0,1,0,32,0,0,18,0,0,0,24,15
361025,1,1,13,0,0,0,22,19,21,0,0,28
361026,0,1,0,0,0,0,0,0,0,0,0,0
361026,1,1,0,0,0,0,0,0,5,0,0,0
361027,0,1,10,0,25,0,20,15,16,28,19,6
361027,1,1,0,21,0,3,0,0,15,3,16,9
361028,0,1,0,0,0,0,0,0,0,0,0,0
361028,1,1,0,0,0,0,0,0,0,0,0,0
361029,1,1,0,0,0,0,0,0,0,0,0,0
361029,2,1,0,0,0,0,0,0,0,0,0,0
361030,0,1,0,0,0,0,0,0,0,0,0,0
361030,1,1,0,15,0,0,0,9,8,0,12,5
361031,0,1,0,0,0,0,0,0,0,0,0,0
361031,1,1,0,0,0,0,0,0,0,0,0,0
361032,1,1,16,16,16,16,16,16,16,16,16,16
361033,1,1,0,0,20,23,0,0,0,0,11,0
361033,2,1,0,0,0,0,0,0,0,18,0,0
361034,1,1,0,0,0,0,0,0,0,0,0,0
361035,0,1,0,31,0,0,0,21,0,0,0,0
361035,1,1,0,21,0,29,0,18,0,28,30,0
361036,1,1,0,0,0,0,0,0,0,0,0,0
361037,1,1,12,0,0,13,0,24,24,0,0,0
361037,2,1,0,20,0,0,0,13,9,0,0,0
361038,1,1,0,0,0,0,0,0,0,0,0,0
361038,2,1,0,0,0,22,0,0,0,0,4,24
361039,1,1,0,0,0,13,0,0,0,10,0,0
361039,2,1,0,0,0,0,0,0,9,0,0,0
361040,1,1,0,0,0,0,0,0,0,0,0,0
361040,2,1,0,0,0,0,0,0,0,0,0,0
361041,1,1,0,5,0,0,0,0,0,0,0,0
361041,2,1,0,0,0,0,0,0,0,0,0,0
361042,0,1,0,0,0,0,0,0,0,0,0,0
361042,1,1,20,0,24,0,0,10,14,21,0,22
361043,1,1,22,22,22,22,22,22,22,22,22,22
361044,1,1,0,0,0,0,0,0,0,0,0,0
361044,2,1,22,4,0,12,8,5,0,0,0,21
361044,3,1,13,0,0,0,0,0,12,0,0,0
361045,0,1,0,0,0,0,0,0,0,0,0,0
361045,1,1,0,0,0,0,17,22,0,0,24,0
361045,2,1,0,0,0,0,0,16,31,0,0,0
361046,1,1,0,0,0,0,0,0,0,0,0,0
361047,1,1,22,26,0,0,0,0,0,15,0,0
361047,2,1,29,0,0,0,0,0,0,0,0,0
361048,1,1,0,0,0,0,0,0,0,0,0,0
361048,2,1,0,0,0,0,0,0,0,0,0,0
361048,3,1,0,0,0,0,0,0,0,0,12,0
361048,4,1,0,0,0,0,0,11,0,0,0,0
361049,0,1,18,0,15,0,23,0,23,0,21,0
361049,1,1,0,13,6,0,12,19,25,0,13,16
361050,1,1,0,0,0,0,0,0,0,0,0,0
361051,1,1,0,0,0,0,0,0,0,0,0,0
361051,2,1,0,0,0,0,0,0,0,0,0,0
361052,1,1,0,0,0,0,0,0,0,0,0,0
361052,2,1,0,0,0,8,0,0,10,0,12,18
361053,0,1,20,20,20,20,20,20,20,20,20,20
361053,1,1,0,0,0,7,0,0,11,14,0,0
361054,0,1,13,13,13,13,13,13,13,13,13,13
361054,1,1,0,0,0,0,0,0,0,0,0,0
361054,2,1,0,0,0,0,6,0,0,0,0,0
361055,1,1,0,0,0,0,0,0,0,0,0,0
361056,1,1,0,0,0,0,0,0,0,0,0,0
361057,0,1,0,0,0,0,0,0,0,0,0,0
361057,1,1,0,0,0,0,0,0,0,0,0,0
361057,2,1,0,0,0,0,0,9,0,0,0,0
361057,3,1,20,0,0,10,0,0,0,0,0,0
361058,1,1,0,0,0,0,0,0,0,0,0,0
361059,1,1,0,0,0,0,0,0,0,0,0,0
361060,1,1,7,7,7,7,7,7,7,7,7,7
361060,2,1,0,13,0,0,0,0,0,0,0,0
361061,0,1,0,0,0,0,0,0,0,0,0,0
361061,1,1,12,23,18,12,16,0,20,2,33,22
361062,1,1,0,0,0,0,0,0,0,0,0,0
361063,0,1,0,19,0,23,0,0,8,35,19,0
361063,1,1,0,2,0,0,0,0,0,0,0,0
361064,1,1,0,0,0,0,0,0,0,0,0,0
361065,1,1,12,12,12,12,12,12,12,12,12,12
361066,1,1,0,0,0,0,0,0,0,0,0,0
361066,2,1,0,8,0,0,0,0,0,0,0,0
361067,1,1,0,0,0,0,0,0,0,0,0,7
361067,2,1,39,39,39,39,39,39,39,39,39,39
361068,1,1,33,6,12,15,17,10,22,5,3,22
361069,0,1,24,24,24,24,24,24,24,24,24,24
361069,1,1,0,0,0,0,0,0,0,0,0,0
361070,1,1,0,0,0,0,0,0,4,0,0,0
361071,0,1,0,0,0,0,0,0,0,0,0,0
361071,1,1,0,0,0,0,0,0,0,0,0,0
361072,0,1,0,0,0,0,0,0,0,0,0,0
361072,1,1,0,0,0,0,0,0,0,0,0,0
361073,1,1,7,7,7,7,7,7,7,7,7,7
361074,0,1,0,0,0,0,0,0,0,0,0,0
361074,1,1,4,0,0,0,0,0,14,0,21,19
361075,1,1,0,0,0,0,0,0,0,0,0,0
361076,1,1,0,0,0,0,0,0,0,0,0,38
361076,2,1,6,6,6,6,6,6,6,6,6,6
361077,1,1,0,0,0,0,0,0,0,0,0,0
361077,2,1,0,0,0,0,0,0,0,0,0,0
361077,3,1,0,0,0,0,0,0,0,0,0,0
361078,1,1,0,0,0,0,0,0,0,0,0,0
361078,2,1,0,0,0,0,0,0,0,0,0,0
361079,1,1,0,0,8,0,0,18,0,0,0,0
361079,2,1,0,0,0,0,0,0,0,0,0,0
361080,1,1,0,0,0,13,9,14,20,0,14,19
361080,2,1,19,13,0,11,0,12,0,19,29,0
361081,0,1,23,23,23,23,23,23,23,23,23,23
361081,1,1,0,0,0,0,0,0,0,0,0,0
361082,1,1,0,0,0,0,0,0,0,0,0,0
361083,1,1,0,0,0,0,0,0,0,0,0,0
361083,2,1,0,0,0,0,0,0,0,0,0,0
361084,1,1,0,0,0,0,0,0,0,0,0,0
361084,2,1,0,0,0,0,0,0,0,0,0,0
361084,3,1,0,0,0,0,0,15,0,5,0,0
361085,0,1,0,0,0,0,0,0,0,0,0,0
361085,1,1,0,22,0,0,22,0,0,8,0,0
361086,1,1,16,17,14,7,23,26,21,27,17,24
361087,1,1,0,0,0,0,0,0,0,0,0,0
361088,0,1,0,0,0,0,0,0,0,0,0,0
361088,1,1,0,0,0,0,0,0,0,0,0,0
361089,0,1,0,0,0,0,0,0,0,0,0,0
361089,1,1,0,0,0,0,0,0,0,12,0,16
361090,1,1,0,27,10,6,13,18,0,0,0,0
361091,1,1,0,0,0,0,0,23,0,0,0,0
361092,0,1,0,0,0,0,0,0,0,0,0,0
361092,1,1,5,0,0,0,0,0,0,0,0,0
361093,0,1,2,2,2,2,2,2,2,2,2,2
361093,1,1,0,0,0,14,6,4,7,0,21,15
361093,2,1,0,0,0,0,0,0,0,0,0,0
361094,1,1,11,20,17,0,16,13,0,19,9,22
361095,1,1,0,0,0,0,0,0,0,0,0,0
361095,2,1,0,0,0,0,0,0,0,0,0,0
361096,0,1,30,0,0,0,0,0,0,0,0,0
361096,1,1,15,0,0,0,0,10,0,0,0,0
361097,0,1,18,18,18,18,18,18,18,18,18,18
361097,1,1,0,0,0,0,0,0,0,0,0,0
361098,0,1,0,0,0,0,0,0,0,0,0,0
361098,1,1,0,0,0,0,0,0,0,0,0,0
361100,0,1,0,0,0,0,0,0,0,0,0,0
361100,1,1,0,0,0,0,27,0,0,0,0,0
361101,0,1,9,9,9,9,9,9,9,9,9,9
361101,1,1,0,0,13,0,0,0,0,0,0,0
361102,0,1,0,0,0,0,0,0,0,0,0,0
361102,0,2,0,0,0,0,0,0,0,0,0,24
361102,1,1,0,0,0,9,0,3,9,20,9,0
361103,0,1,0,0,0,0,0,0,0,0,0,0
361103,1,1,0,0,0,0,0,12,40,0,41,0
361104,0,1,0,0,0,0,0,0,0,0,0,0
361104,0,2,0,0,0,0,0,0,0,0,0,0
361104,1,1,0,0,0,0,0,0,0,0,0,0
361105,0,1,30,30,30,30,30,30,30,30,30,30
361105,1,1,0,0,0,0,0,0,0,0,11,0
361106,0,1,18,18,18,18,18,18,18,18,18,18
361106,1,1,11,35,11,20,7,1,19,23,19,28
361107,0,1,0,0,0,0,0,0,0,0,0,0
361107,1,1,0,0,0,0,0,0,0,0,0,0
361108,0,1,0,0,0,0,0,0,0,0,0,0
361108,1,1,10,10,0,0,0,21,8,0,14,9
361109,1,1,0,0,0,0,0,0,0,0,0,0
361109,2,1,0,0,0,0,0,0,0,0,9,0
361110,1,1,0,0,0,0,0,15,0,0,0,0
361110,2,1,0,0,0,0,0,0,0,0,0,0
361111,1,1,19,19,19,19,19,19,19,19,19,19
361112,1,1,0,0,0,0,0,0,0,0,0,0
361113,1,1,0,7,0,0,0,22,0,5,0,0
361114,1,1,10,10,10,10,10,10,10,10,10,10
361115,1,1,0,0,0,0,0,0,0,0,0,0
361117,1,1,0,0,0,0,0,0,0,0,0,0
361117,2,1,0,0,0,0,0,0,0,0,0,0
361118,0,1,35,0,0,0,0,5,0,0,0,0
361118,1,1,12,0,0,0,0,0,0,0,22,19
361119,0,1,0,0,0,0,0,0,0,0,0,0
361119,1,1,0,0,0,0,0,0,0,0,0,0
361120,0,1,0,0,0,0,0,0,0,0,0,0
361120,1,1,0,0,0,0,0,0,0,0,0,0
361121,0,1,0,0,0,0,0,0,29,23,0,0
361121,1,1,0,0,0,0,8,0,0,14,0,0
361122,0,1,0,0,0,0,0,0,0,0,0,0
361122,1,1,0,0,0,0,0,0,0,0,0,0
361123,0,1,21,21,21,21,21,21,21,21,21,21
361123,1,1,5,15,0,0,26,0,18,10,12,0
361124,0,1,0,0,0,0,0,0,0,0,0,0
361124,1,1,0,0,0,0,0,0,0,0,0,0
361125,0,1,0,0,0,0,0,0,0,0,0,0
361125,1,1,0,0,0,0,0,0,0,0,0,0
361126,0,1,0,0,24,0,0,0,0,19,0,15
361126,1,1,0,0,0,0,0,0,0,0,0,0
361127,0,1,0,0,0,0,0,0,0,0,0,0
361127,1,1,0,0,0,0,0,0,0,10,0,0
361128,0,1,0,24,0,0,26,0,14,0,20,0
361128,1,1,0,0,0,5,0,0,4,16,0,0
361129,1,1,1,1,1,1,1,1,1,1,1,1
361129,2,1,0,0,9,0,0,0,0,9,26,0
361130,1,1,6,0,0,8,0,8,0,40,32,0
361130,2,1,15,8,18,26,9,11,12,13,5,18
361131,1,1,0,0,0,0,0,0,0,0,0,0
361131,2,1,0,0,0,14,0,0,0,0,0,0
361132,0,1,0,0,0,0,0,0,0,0,0,0
361132,1,1,0,0,0,0,0,0,0,0,0,0
361133,0,1,0,0,0,31,0,0,0,26,24,0
361133,1,1,3,0,11,0,0,0,0,0,0,0
361133,2,1,14,0,10,0,16,8,0,10,15,0
361134,1,1,0,0,0,0,0,0,0,0,0,0
361134,2,1,0,0,0,0,0,0,0,0,0,0
361135,1,1,0,18,0,19,0,8,0,0,15,0
361135,2,1,0,0,0,0,0,0,0,0,0,0
361136,1,1,0,0,27,39,21,0,0,0,12,16
361137,0,1,0,0,0,0,0,0,0,0,0,0
361137,1,1,0,0,0,0,0,0,0,0,0,0
361137,2,1,15,0,0,0,0,0,0,0,0,16
361138,1,1,0,0,0,0,0,0,0,0,0,0
361138,2,1,0,0,0,0,0,0,18,0,0,0
361139,1,1,5,0,0,0,0,0,0,0,28,0
361139,2,1,16,0,0,0,7,0,21,0,0,8
361140,0,1,0,0,0,0,0,0,0,0,0,0
361140,1,1,0,0,0,0,0,0,0,0,0,0
361141,0,1,0,7,0,0,0,5,0,0,20,27
361141,1,1,0,0,0,0,0,0,0,0,0,0
361142,1,1,19,19,19,19,19,19,19,19,19,19
361143,0,1,0,0,0,0,0,0,0,0,0,0
361143,1,1,0,0,0,0,7,0,0,0,0,0
361144,0,1,0,0,3,0,0,0,0,0,0,0
361144,1,1,10,0,8,0,0,0,20,0,0,0
361145,1,1,0,0,0,0,0,0,0,0,0,17
361146,1,1,0,0,0,0,0,0,0,0,0,0
361147,0,1,0,33,0,0,0,0,31,0,0,13
361147,1,1,0,0,0,4,0,0,0,0,0,0
361148,1,1,23,23,23,23,23,23,23,23,23,23
361148,2,1,0,0,0,0,8,0,0,28,0,0
361149,1,1,0,9,0,0,0,0,0,0,16,0
361149,2,1,0,0,0,0,0,0,0,0,0,22
361149,3,1,0,0,0,0,0,0,0,0,0,0
361150,1,1,0,0,33,0,32,8,0,17,6,0
361151,1,1,0,0,27,0,0,0,17,0,0,20
361152,0,1,0,0,9,0,0,33,15,0,22,0
361152,1,1,0,0,0,0,0,26,14,17,0,0
361153,0,1,0,0,0,0,0,0,0,0,0,0
361153,0,2,0,0,0,0,0,0,0,0,0,0
361153,0,3,0,0,0,0,0,0,0,0,0,0
361153,1,1,0,0,0,0,0,0,0,0,0,0
361154,1,1,24,0,23,0,0,10,30,14,14,23
361155,1,1,7,7,7,7,7,7,7,7,7,7
361155,2,1,0,0,0,0,0,0,0,0,0,0
361156,1,1,0,0,0,0,0,0,0,0,0,0
361156,2,1,0,0,0,0,0,0,0,0,0,0
361157,1,1,37,11,29,13,8,4,42,32,25,12
361158,1,1,28,9,5,20,26,27,0,10,4,4
361159,1,1,0,0,0,0,0,0,0,0,0,0
361160,1,1,0,0,24,0,7,0,0,9,0,0
361161,0,1,0,0,0,0,20,0,10,0,0,0
361161,1,1,0,0,0,0,0,0,0,0,0,0
361162,1,1,0,0,0,0,0,0,0,0,0,0
361162,2,1,0,18,0,0,0,0,0,0,0,0
370001,1,1,0,0,0,0,0,0,0,0,0,0
370002,1,1,0,0,0,0,0,0,0,0,0,0
370002,2,1,0,0,10,0,0,0,0,0,0,37
370003,1,1,0,0,0,0,0,0,0,0,0,0
370003,2,1,0,0,0,0,0,0,0,0,0,0
370004,1,1,24,23,16,7,21,5,12,11,18,0
370005,1,1,28,28,28,28,28,28,28,28,28,28
370006,1,1,0,0,0,0,0,0,0,0,0,19
370007,1,1,0,0,0,0,0,0,0,0,0,7
370008,1,1,0,0,0,0,0,0,0,0,0,0
370008,2,1,0,0,0,0,0,0,0,0,0,0
370009,1,1,0,0,0,0,0,0,0,0,0,0
370009,2,1,0,0,0,0,0,0,0,0,0,0
370010,0,1,0,0,0,21,0,0,0,0,0,0
370010,1,1,0,0,7,0,0,0,0,0,0,0
370010,2,1,0,25,0,0,0,0,0,14,0,29
370010,3,1,0,0,0,0,0,0,0,0,0,0
370011,1,1,0,0,0,0,0,0,0,0,0,0
370011,2,1,0,0,0,0,0,0,0,0,0,0
370012,1,1,0,0,0,0,0,24,0,0,0,0
370012,2,1,0,0,0,0,0,0,0,0,0,0
370013,0,1,0,0,0,0,29,18,0,0,0,0
370013,1,1,0,0,0,0,0,0,0,0,0,0
370014,0,1,0,0,10,0,0,0,0,0,0,0
370014,1,1,0,0,0,0,0,0,0,0,0,0
370015,1,1,20,0,15,17,11,0,8,1,11,9
370016,0,1,0,0,0,0,0,0,0,0,0,0
370016,1,1,0,0,0,0,0,0,0,0,0,0
370017,1,1,20,14,22,11,14,14,24,26,13,36
370018,1,1,0,0,0,0,0,0,0,0,0,0
370018,2,1,0,0,0,0,0,17,0,0,0,0
370018,3,1,29,0,0,0,0,0,15,0,0,0
370020,0,1,19,19,19,19,19,19,19,19,19,19
370020,1,1,0,0,26,0,7,0,0,0,0,0
370021,0,1,0,0,0,0,0,0,0,0,0,0
370021,1,1,0,0,0,0,0,0,0,0,0,0
370022,1,1,0,0,0,11,0,0,0,0,0,16
370024,1,1,0,0,0,0,0,0,0,0,0,0
370025,1,1,0,0,0,0,0,0,0,0,0,0
370026,1,1,0,0,0,0,0,0,0,0,0,0
370026,2,1,0,0,0,0,0,0,0,0,0,0
370027,0,1,25,14,29,8,15,13,27,21,16,35
370027,1,1,0,0,0,0,0,0,0,0,0,0
370028,1,1,0,0,0,0,0,0,0,0,0,0
370029,1,1,0,33,13,0,0,7,0,15,0,0
370029,2,1,0,0,0,0,0,0,0,0,0,0
370030,0,1,0,13,0,0,0,0,0,0,0,0
370030,1,1,13,0,0,0,0,0,15,0,0,0
370031,1,1,0,0,0,0,0,0,0,0,0,0
370031,2,1,10,10,10,10,10,10,10,10,10,10
370032,1,1,17,17,17,17,17,17,17,17,17,17
370032,2,1,0,0,0,0,0,0,0,0,0,0
370033,1,1,0,0,0,0,0,0,0,0,0,0
370033,2,1,0,0,0,0,0,0,0,0,0,0
370034,0,1,2,2,2,2,2,2,2,2,2,2
370034,1,1,0,0,0,0,0,0,24,0,0,0
370035,1,1,0,0,0,0,0,0,0,0,0,0
370035,2,1,11,0,0,18,0,0,0,0,0,0
370036,1,1,0,0,0,0,0,0,0,0,0,0
370036,2,1,0,0,0,0,0,0,0,0,0,0
370037,0,1,0,0,12,0,0,14,13,9,10,0
370037,1,1,0,0,9,0,0,0,19,0,1,15
370038,1,1,14,14,14,14,14,14,14,14,14,14
370038,2,1,0,0,0,0,0,0,0,0,0,0
370039,0,1,0,0,0,0,0,0,0,0,0,0
370039,1,1,0,0,14,0,18,7,0,0,0,0
370040,1,1,17,17,17,17,17,17,17,17,17,17
370040,2,1,0,0,0,0,0,0,0,0,0,0
370041,0,1,5,25,27,33,27,38,10,9,33,7
370041,1,1,0,0,0,0,0,7,0,0,0,0
370042,1,1,0,0,0,0,0,0,0,0,0,0
370043,1,1,11,11,11,11,11,11,11,11,11,11
370044,0,1,5,5,5,5,5,5,5,5,5,5
370044,1,1,0,0,0,0,0,0,0,0,0,0
370045,1,1,0,0,0,0,0,0,0,0,0,0
370046,1,1,0,0,0,0,0,0,0,0,0,0
370047,1,1,0,0,0,0,0,0,0,0,0,0
370047,2,1,0,0,0,0,0,0,0,0,0,0
370047,3,1,0,0,0,0,0,31,0,0,0,0
370047,4,1,0,0,0,0,0,0,0,0,0,0
370047,5,1,0,0,0,0,0,0,0,0,0,0
370047,6,1,0,0,0,0,0,0,0,0,0,0
370047,7,1,0,0,0,0,0,0,0,0,0,0
370048,1,1,0,0,0,0,0,0,0,0,0,0
370049,1,1,0,0,0,0,11,32,0,0,0,0
370049,2,1,0,0,0,0,0,0,0,0,0,0
370050,1,1,0,0,0,0,0,0,0,0,0,0
370050,2,1,0,0,0,0,0,0,0,0,0,0
370051,1,1,19,20,21,9,12,15,14,14,20,20
370052,1,1,0,0,0,0,0,0,0,0,0,0
370053,1,1,0,0,0,0,0,0,0,0,0,0
370054,1,1,0,0,0,0,0,0,31,53,0,14
370055,1,1,28,25,21,24,18,4,17,31,22,28
370056,1,1,0,0,0,0,0,0,0,0,0,0
370056,2,1,0,14,9,0,28,0,0,0,7,14
370057,1,1,15,15,15,15,15,15,15,15,15,15
370057,2,1,0,0,0,0,0,0,0,0,0,0
370058,1,1,0,0,0,0,0,0,0,0,18,0
370058,2,1,0,0,0,0,0,0,0,0,0,0
370059,1,1,26,0,0,0,0,0,16,0,0,0
370059,2,1,0,0,0,0,0,0,0,0,0,0
370060,1,1,12,19,0,18,22,15,14,22,0,6
370061,1,1,0,0,0,0,0,0,0,0,0,15
370062,1,1,0,0,0,0,0,0,0,0,14,0
370063,1,1,6,6,6,6,6,6,6,6,6,6
370064,0,1,25,17,7,13,31,4,21,26,13,0
370064,1,1,0,0,0,0,0,0,17,0,13,20
370065,1,1,0,0,0,0,0,0,0,0,0,0
370066,1,1,0,0,0,0,0,0,0,0,0,0
370066,2,1,0,0,0,0,0,0,0,0,0,0
370068,1,1,23,9,13,16,12,31,5,17,12,21
370068,2,1,0,0,0,0,0,0,0,0,0,0
370069,1,1,18,18,18,18,18,18,18,18,18,18
370070,2,1,0,0,0,0,0,0,9,0,0,28
370071,1,1,0,0,0,0,0,0,0,0,0,0
370071,2,1,17,17,17,17,17,17,17,17,17,17
370072,1,1,0,0,0,0,0,0,0,0,0,0
370072,2,1,0,0,0,0,0,0,0,0,0,0
370073,1,1,25,25,25,25,25,25,25,25,25,25
370074,1,1,2,9,0,13,25,8,21,0,16,30
370074,2,1,0,0,0,0,0,0,0,0,0,0
370074,3,1,0,0,0,0,0,0,0,0,0,0
370074,4,1,0,0,0,0,0,0,0,0,0,0
370074,5,1,0,0,11,0,0,0,0,0,0,0
370074,6,1,0,22,0,0,0,0,0,0,0,0
370075,1,1,29,0,3,0,0,0,0,0,0,0
370076,1,1,0,0,0,0,0,0,0,0,0,0
370076,2,1,0,0,0,0,0,0,0,0,0,0
370077,1,1,0,0,0,0,0,0,0,0,0,0
370078,0,1,30,30,30,30,30,30,30,30,30,30
370078,1,1,0,0,0,0,0,0,0,0,0,0
370079,1,1,0,0,0,0,0,0,0,0,0,0
370080,1,1,0,0,0,0,0,0,0,0,0,0
370080,2,1,0,0,0,0,0,0,0,0,0,0
370081,0,1,34,34,34,34,34,34,34,34,34,34
370081,1,1,0,0,0,0,0,0,0,0,0,0
370082,1,1,0,0,0,0,0,0,0,12,0,0
370082,2,1,0,0,0,0,0,0,0,0,0,0
370083,0,1,0,0,0,0,0,0,0,0,0,0
370083,1,1,0,0,0,0,0,0,0,0,0,0
370085,1,1,14,14,14,14,14,14,14,14,14,14
370086,1,1,0,4,9,7,6,6,19,17,33,31
370086,2,1,0,0,0,0,0,0,0,0,0,0
370087,0,1,27,20,0,23,0,0,0,13,0,0
370087,1,1,0,23,0,0,0,0,0,0,0,0
370088,0,1,21,21,21,21,21,21,21,21,21,21
370088,1,1,0,0,0,0,0,13,0,0,0,0
370089,1,1,0,0,0,0,0,0,0,0,0,0
370090,1,1,0,0,0,0,0,0,0,10,9,0
370091,1,1,5,0,25,19,11,11,20,20,14,22
370092,0,1,0,0,0,0,0,0,0,0,0,0
370092,2,1,0,0,17,0,0,0,0,0,0,0
370092,3,1,0,0,0,0,0,0,0,0,0,0
370093,1,1,0,0,17,16,0,9,0,0,0,20
370094,1,1,11,0,12,0,0,24,0,0,0,0
370094,2,1,0,0,0,0,0,0,0,0,0,0
370095,1,1,41,41,41,41,41,41,41,41,41,41
370095,2,1,0,0,0,0,0,0,0,0,0,0
370096,1,1,17,0,0,30,0,0,0,0,0,0
370096,2,1,0,0,0,0,0,0,0,0,0,0
370097,1,1,0,0,19,0,0,28,0,0,0,0
370098,0,1,0,0,0,0,0,0,0,0,0,0
370098,0,2,0,0,14,4,0,0,0,0,0,0
370098,1,1,0,4,0,0,0,0,0,0,0,23
370099,1,1,22,0,10,7,0,0,0,0,0,16
370101,1,1,0,0,0,0,0,0,11,0,0,0
370102,1,1,0,0,0,0,0,0,0,0,0,0
370102,2,1,0,0,0,0,0,0,0,0,0,0
370102,3,1,0,0,0,0,0,0,0,0,0,0
370103,1,1,0,0,0,0,0,0,0,0,0,0
370103,2,1,0,0,0,0,0,0,0,0,0,0
370104,0,1,0,0,0,0,0,0,0,0,0,0
370104,1,1,12,0,17,14,28,19,14,16,13,0
370105,1,1,19,19,19,19,19,19,19,19,19,19
370106,1,1,0,0,23,0,0,0,0,0,0,0
370107,1,1,0,5,0,0,0,0,0,0,0,0
370108,1,1,0,0,0,0,0,0,0,12,0,0
370109,1,1,0,11,0,20,0,0,0,26,0,0
370109,2,1,0,14,0,0,0,0,0,20,0,0
370110,0,1,0,0,0,0,0,0,0,0,0,0
370110,1,1,0,0,0,0,0,0,0,0,15,0
370111,1,1,0,0,0,0,0,0,0,0,0,0
370112,0,1,0,0,0,0,0,0,0,0,0,0
370112,1,1,0,0,8,0,0,0,0,0,0,0
370113,0,1,30,0,14,0,0,13,0,0,0,0
370113,0,2,0,0,23,0,0,0,0,21,0,29
370113,1,1,6,10,11,12,13,0,17,5,4,11
370114,1,1,0,0,0,0,0,0,0,0,0,0
370114,2,1,0,0,0,0,0,0,0,0,0,0
370115,1,1,5,5,5,5,5,5,5,5,5,5
370116,1,1,0,0,0,0,0,0,0,0,0,0
370116,2,1,0,0,0,0,0,0,0,0,0,0
370117,1,1,11,17,0,0,24,24,36,26,29,22
370118,1,1,35,15,14,27,5,0,25,9,15,11
370119,1,1,29,20,13,9,22,0,16,18,23,0
370120,0,1,0,33,0,35,0,46,21,0,0,13
370120,1,1,28,21,10,0,12,0,0,0,10,9
370121,0,1,0,0,0,0,0,0,0,0,0,0
370121,1,1,8,15,0,0,0,7,5,0,0,0
370122,1,1,0,0,0,10,12,0,0,0,0,0
370123,1,1,0,0,0,0,0,0,0,0,0,0
370124,1,1,0,0,0,0,0,0,0,12,0,0
370125,1,1,9,8,25,16,0,17,7,6,0,17
370126,0,1,0,0,0,0,0,0,0,0,0,0
370126,1,1,0,0,0,0,0,0,0,0,0,0
370127,0,1,0,0,0,0,0,0,0,0,0,0
370127,1,1,0,0,0,0,0,0,0,0,0,0
370128,1,1,0,0,0,0,0,0,0,0,0,0
370129,1,1,0,0,23,0,0,25,0,0,0,0
370129,2,1,10,10,10,10,10,10,10,10,10,10
370130,1,1,0,0,20,0,0,18,0,0,14,0