ST_CASE,VEH_NO,PER_NO,P1,P2,P3,P4,P5,P6,P7,P8,P9,P10
370131,1,1,17,0,20,0,0,16,24,0,5,0
370132,1,1,0,0,0,0,0,0,0,0,0,0
370133,1,1,0,26,0,0,0,0,0,0,0,0
370133,2,1,0,0,0,0,0,0,0,0,0,0
370134,1,1,0,0,0,0,0,0,0,0,0,0
370135,1,1,0,0,0,0,0,0,0,0,0,0
370135,2,1,0,0,0,0,0,0,0,0,0,0
370136,1,1,0,2,0,0,0,0,0,0,0,0
370136,2,1,0,21,0,0,0,0,0,0,0,0
370137,1,1,0,0,24,6,12,0,0,0,0,0
370138,1,1,0,0,0,0,0,0,0,0,0,0
370139,0,1,0,0,0,0,0,0,0,0,26,22
370139,1,1,0,0,0,0,0,0,0,0,0,0
370140,1,1,28,0,12,0,20,0,35,0,29,0
370141,1,1,0,0,0,0,0,0,0,0,0,0
370141,2,1,0,0,0,0,0,0,7,0,0,0
370142,1,1,0,0,0,23,0,0,0,0,0,0
370143,0,1,20,20,20,20,20,20,20,20,20,20
370143,1,1,0,0,12,6,13,16,0,15,0,0
370144,1,1,0,0,0,10,0,0,0,0,0,0
370144,2,1,0,0,0,0,17,0,12,0,0,0
370145,0,1,16,16,16,16,16,16,16,16,16,16
370145,1,1,0,0,8,0,0,0,0,0,0,0
370146,1,1,0,0,10,0,25,0,0,9,0,25
370147,0,1,0,0,0,0,0,0,0,0,0,0
370147,1,1,0,0,0,0,0,0,0,0,0,0
370148,1,1,0,0,0,0,0,0,0,0,0,0
370149,1,1,15,15,0,27,29,0,23,22,16,8
370149,2,1,10,10,10,10,10,10,10,10,10,10
370150,1,1,24,24,24,24,24,24,24,24,24,24
370150,2,1,18,0,0,0,0,0,0,0,0,0
370151,0,1,0,0,0,0,0,0,0,0,0,0
370151,1,1,0,0,0,0,0,0,0,14,0,0
370152,1,1,0,25,0,7,0,0,0,22,0,31
370152,2,1,0,0,0,0,0,0,0,0,16,0
370154,1,1,5,5,5,5,5,5,5,5,5,5
370154,2,1,0,19,0,0,0,0,0,0,0,0
370155,1,1,30,30,30,30,30,30,30,30,30,30
370155,2,1,0,0,0,17,0,0,0,0,0,13
370156,1,1,16,16,16,16,16,16,16,16,16,16
370157,1,1,0,29,0,0,0,0,0,0,0,0
370157,2,1,0,0,0,0,0,0,0,0,0,0
370157,3,1,0,0,0,0,0,0,0,0,0,0
370157,4,1,0,0,0,0,0,0,0,0,0,0
370158,1,1,0,0,0,0,0,0,0,0,0,0
370159,1,1,7,0,0,0,0,0,0,0,0,0
370159,2,1,0,0,0,0,0,0,0,6,0,3
370160,1,1,0,0,0,0,0,0,0,0,0,0
370160,2,1,0,0,0,0,0,0,0,0,0,0
370161,1,1,1,1,1,1,1,1,1,1,1,1
370161,2,1,0,0,0,0,0,0,0,0,0,0
370162,1,1,13,10,17,8,0,9,6,19,14,22
370162,2,1,0,0,0,0,0,0,0,0,0,0
370163,1,1,0,0,0,0,0,0,0,0,0,0
370163,2,1,11,0,0,0,0,0,0,0,19,0
370164,1,1,0,0,0,0,0,0,0,15,0,0
370165,1,1,18,12,22,16,10,19,8,20,12,12
370166,1,1,0,0,0,0,0,0,0,0,0,0
370166,2,1,0,0,0,0,0,0,0,0,0,0
370167,1,1,0,0,0,6,0,0,0,0,0,0
370167,2,1,0,0,0,0,0,0,0,0,0,0
370168,1,1,0,0,0,0,0,0,0,33,0,17
370168,2,1,0,0,0,0,0,12,0,0,0,0
370169,1,1,0,0,0,0,0,0,0,0,0,0
370170,1,1,30,8,10,10,5,13,20,22,35,20
370170,2,1,0,0,0,0,0,0,0,0,8,0
370170,3,1,0,0,0,0,0,11,0,0,0,0
370170,4,1,0,0,0,0,0,0,9,0,10,0
370171,1,1,0,0,0,0,0,0,0,0,0,0
370171,2,1,0,0,0,0,0,0,0,0,0,0
370172,1,1,0,0,0,0,0,0,0,0,0,0
370174,0,1,0,0,25,0,0,26,0,0,0,0
370174,1,1,7,24,0,5,3,9,0,23,0,11
370175,1,1,0,0,0,0,0,0,0,0,0,0
370175,2,1,0,0,0,2,15,4,12,15,0,9
370176,1,1,0,0,0,0,0,0,0,0,0,0
370176,2,1,0,0,0,0,0,12,0,0,0,0
370176,3,1,0,18,0,0,0,0,0,15,0,0
370177,1,1,0,12,0,0,0,0,0,0,0,0
370178,1,1,0,0,0,0,0,0,0,0,0,0
370179,0,1,0,0,0,0,0,0,0,0,0,0
370179,1,1,0,0,0,8,0,0,0,0,0,0
370180,0,1,0,0,13,20,0,0,0,30,0,0
370180,1,1,0,0,0,0,11,0,0,0,0,0
370181,0,1,0,0,0,0,0,0,0,0,0,0
370181,1,1,0,0,0,0,0,0,0,0,0,0
370182,1,1,0,0,0,0,0,0,0,0,0,0
370182,2,1,0,0,0,0,0,0,0,0,0,0
370183,0,1,0,0,0,0,0,0,0,0,0,0
370183,1,1,0,0,0,0,0,0,0,0,0,0
370184,1,1,7,0,0,40,19,0,14,0,22,0
370185,1,1,0,0,0,0,0,0,0,0,0,0
370186,1,1,0,0,0,0,0,0,0,0,0,0
370186,2,1,0,0,0,0,0,0,0,0,0,0
370187,1,1,0,0,0,4,0,0,0,0,0,0
370188,1,1,0,0,0,0,0,0,0,0,0,0
370188,2,1,0,0,0,0,40,0,0,0,0,0
370188,3,1,0,0,0,0,0,0,0,0,0,0
370189,1,1,0,0,0,0,0,0,0,0,0,13
370190,1,1,0,0,0,0,0,0,0,0,0,0
370190,2,1,0,0,0,0,0,0,0,0,0,0
370191,1,1,0,12,28,8,11,0,0,0,0,0
370191,2,1,0,0,0,0,0,0,0,0,0,0
370191,3,1,0,0,0,0,0,0,0,0,0,0
370192,1,1,0,0,0,0,0,0,0,0,0,0
370192,2,1,0,0,0,0,0,0,0,0,0,0
370193,0,1,21,21,21,21,21,21,21,21,21,21
370193,1,1,0,0,0,0,0,0,5,11,0,9
370194,1,1,0,0,0,0,0,0,0,0,0,0
370194,2,1,0,0,0,0,0,0,0,0,0,0
370195,0,1,0,0,0,0,0,0,0,0,0,0
370195,1,1,0,0,0,0,0,0,0,0,0,0
370196,1,1,7,6,12,11,12,0,0,16,5,19
370197,1,1,0,0,0,0,0,0,0,0,0,0
370198,0,1,0,0,0,0,0,0,0,0,0,0
370198,1,1,0,0,0,0,0,6,0,0,0,0
370199,1,1,18,18,18,18,18,18,18,18,18,18
370200,0,1,13,13,13,13,13,13,13,13,13,13
370200,1,1,0,0,0,0,0,0,0,0,0,0
370201,1,1,0,0,0,0,0,0,0,0,0,0
370202,1,1,0,0,0,0,0,0,0,0,0,0
370202,2,1,0,0,0,0,0,0,0,0,0,0
370203,1,1,0,0,0,0,0,0,0,0,0,0
370203,2,1,0,0,0,0,0,0,0,0,0,0
370204,0,1,23,23,23,23,23,23,23,23,23,23
370204,1,1,14,18,0,0,31,8,11,17,15,0
370205,1,1,0,0,0,0,0,0,0,0,0,0
370206,1,1,0,0,0,0,0,0,0,0,0,0
370206,2,1,0,0,0,0,0,0,0,0,0,0
370207,1,1,23,15,0,0,20,18,27,0,11,18
370208,0,1,30,30,30,30,30,30,30,30,30,30
370208,1,1,0,0,0,0,0,0,0,0,0,0
370209,1,1,16,0,0,14,27,19,0,11,0,19
370209,2,1,0,4,6,0,19,0,7,0,0,0
370209,3,1,0,0,0,0,0,0,0,0,0,0
370210,1,1,4,9,4,29,26,8,11,10,15,9
370211,1,1,0,0,0,7,0,0,20,0,0,13
370211,2,1,0,0,0,0,0,0,0,11,0,0
370212,0,1,29,0,0,0,0,0,0,0,19,19
370212,1,1,0,0,0,0,0,0,0,0,0,0
370213,0,1,0,0,0,0,0,0,0,0,0,0
370213,0,2,0,0,0,0,0,0,18,0,0,0
370213,1,1,0,0,0,0,0,9,0,28,0,0
370214,0,1,0,0,0,0,0,0,0,0,0,0
370214,1,1,0,0,0,0,0,0,0,0,0,0
370215,1,1,0,0,0,0,0,0,0,0,0,0
370215,2,1,13,36,37,23,6,18,28,16,12,16
370216,1,1,8,10,15,17,8,9,9,15,12,11
370217,0,1,0,0,0,0,0,0,0,0,0,0
370217,1,1,0,0,7,0,0,0,0,0,0,0
370218,1,1,23,6,19,10,13,11,16,9,12,10
370219,1,1,0,11,0,14,0,16,19,0,0,0
370219,2,1,0,0,0,0,0,0,0,0,0,0
370220,1,1,0,0,0,0,0,0,0,0,0,0
370221,1,1,11,23,28,41,17,17,16,16,5,3
370222,1,1,16,6,27,16,22,7,11,18,11,5
370223,1,1,34,38,19,19,17,17,13,22,18,15
370224,1,1,23,23,23,23,23,23,23,23,23,23
370225,1,1,9,9,9,9,9,9,9,9,9,9
370226,1,1,18,18,18,18,18,18,18,18,18,18
370227,1,1,0,0,0,0,0,0,0,0,0,0
370228,1,1,22,22,22,22,22,22,22,22,22,22
370229,1,1,0,0,0,0,0,0,0,0,0,0
370229,2,1,0,0,0,0,0,9,0,0,0,0
370230,1,1,0,0,0,0,0,0,0,0,0,0
370230,2,1,0,0,0,0,0,0,0,0,0,0
370230,3,1,0,0,0,0,0,0,0,0,0,0
370231,1,1,0,0,0,0,0,0,0,0,0,0
370231,2,1,0,0,0,0,0,0,0,0,0,0
370232,1,1,14,26,14,14,4,0,18,13,15,11
370233,1,1,12,12,12,12,12,12,12,12,12,12
370234,1,1,24,24,24,24,24,24,24,24,24,24
370235,1,1,0,0,0,0,0,0,0,0,0,0
370235,2,1,0,0,0,0,0,0,0,0,0,0
370236,1,1,0,0,0,0,0,0,0,0,0,0
370236,2,1,0,0,0,0,0,0,0,0,0,0
370237,0,1,38,38,38,38,38,38,38,38,38,38
370237,1,1,10,25,14,27,0,0,13,20,24,25
370238,0,1,0,0,0,0,0,0,0,0,0,0
370238,1,1,0,0,0,6,0,8,0,0,0,0
370239,1,1,0,0,0,0,0,0,0,0,0,0
370239,2,1,0,0,0,0,0,0,0,0,0,0
370240,1,1,0,6,0,0,0,0,0,0,0,0
370240,2,1,0,0,0,0,0,0,0,0,0,0
370241,1,1,13,13,13,13,13,13,13,13,13,13
370242,1,1,0,0,8,0,0,0,0,16,0,0
370243,0,1,22,22,22,22,22,22,22,22,22,22
370243,1,1,0,0,0,0,0,0,0,0,0,0
370244,1,1,30,30,30,30,30,30,30,30,30,30
370246,0,1,32,32,32,32,32,32,32,32,32,32
370246,1,1,0,0,0,0,0,0,12,0,0,0
370247,0,1,0,19,17,16,20,35,7,0,22,0
370247,1,1,0,0,0,0,0,0,0,0,0,17
370248,1,1,0,0,0,0,0,0,0,0,0,0
370248,2,1,0,0,0,0,0,0,0,0,0,0
370249,1,1,0,0,0,0,0,0,0,0,0,0
370249,2,1,0,0,0,10,0,34,0,12,0,0
370250,1,1,0,19,0,0,0,0,0,0,0,0
370250,2,1,17,17,17,17,17,17,17,17,17,17
370251,1,1,0,0,0,0,0,0,0,0,0,0
370252,0,1,0,0,0,25,0,0,0,31,0,0
370252,0,2,0,11,0,0,0,0,0,8,20,0
370252,1,1,12,8,13,0,2,15,18,0,8,0
370253,1,1,0,0,0,22,0,0,0,0,0,0
370253,2,1,0,0,0,0,0,0,0,0,0,0
370254,1,1,0,0,0,0,8,0,0,0,0,0
370255,1,1,23,0,0,0,0,0,0,24,0,0
370256,1,1,0,0,0,0,0,0,0,0,0,0
370257,1,1,28,28,28,28,28,28,28,28,28,28
370257,2,1,0,0,0,0,0,0,0,0,0,0
370258,1,1,27,0,0,0,0,0,0,39,0,0
370259,1,1,12,0,0,0,21,0,0,0,0,0
370261,1,1,0,0,0,20,0,0,0,0,0,0
370262,0,1,0,0,0,0,0,0,0,0,0,0
370262,1,1,0,0,0,0,0,0,0,0,0,0
370263,1,1,0,0,0,0,0,0,15,0,0,0
370263,2,1,0,0,0,0,0,0,12,10,0,0
370264,1,1,3,3,3,3,3,3,3,3,3,3
370265,0,1,16,16,16,16,16,16,16,16,16,16
370265,1,1,0,0,0,0,0,0,0,0,0,0
370266,1,1,0,0,0,0,0,0,0,28,0,0
370266,2,1,0,0,0,0,0,10,15,0,0,0
370267,1,1,0,0,0,0,0,0,0,0,0,0
370267,2,1,0,0,0,0,0,0,0,0,0,0
370268,1,1,5,12,18,14,19,24,8,27,12,22
370269,1,1,0,10,0,21,0,0,0,0,0,0
370269,2,1,0,0,0,21,0,0,0,0,0,0
370270,0,1,0,0,0,0,27,18,0,0,0,0
370270,1,1,10,14,20,0,15,12,6,34,23,0
370271,0,1,4,4,4,4,4,4,4,4,4,4
370271,1,1,31,0,0,0,0,0,0,28,22,0
370272,1,1,28,28,28,28,28,28,28,28,28,28
370274,1,1,22,22,22,22,22,22,22,22,22,22
370274,2,1,0,0,0,0,0,0,0,0,0,0
370275,1,1,0,0,0,0,0,0,0,0,0,0
370275,2,1,0,0,0,0,0,0,0,0,0,0
370275,3,1,22,0,0,0,0,0,0,0,0,11
370276,1,1,25,0,17,15,0,18,8,25,7,8
370277,1,1,0,0,0,0,0,0,0,0,0,0
370278,1,1,0,0,0,0,0,0,0,0,0,0
370278,2,1,0,0,0,0,0,0,0,0,0,0
370278,3,1,0,0,0,0,0,0,0,0,0,0
370278,4,1,0,0,0,0,0,0,0,12,0,0
370279,1,1,0,0,19,0,0,0,0,0,0,0
370280,1,1,0,10,0,0,0,0,0,0,11,0
370280,2,1,0,0,0,9,0,0,0,0,0,0
370281,1,1,20,18,19,11,39,15,25,48,25,23
370281,2,1,0,0,0,0,0,5,0,0,0,0
370282,1,1,0,0,0,0,0,0,0,0,0,0
370282,2,1,13,24,10,0,0,20,8,21,9,6
370283,0,1,0,0,0,0,0,0,0,0,0,0
370283,0,2,0,0,0,0,0,0,0,0,0,0
370283,1,1,0,0,0,0,0,9,0,0,0,0
370284,1,1,13,17,0,0,0,26,27,9,25,9
370285,1,1,0,0,0,0,0,37,0,0,0,0
370285,2,1,0,0,0,0,0,0,0,0,0,0
370286,1,1,0,0,0,13,17,0,0,19,0,0
370287,0,1,0,0,0,0,0,0,0,0,0,0
370287,1,1,0,0,0,0,0,0,0,0,0,0
370288,1,1,29,0,17,0,0,0,0,0,0,0
370288,2,1,0,18,0,0,0,0,0,0,0,0
370288,3,1,0,0,0,0,0,0,4,0,0,0
370289,0,1,18,18,18,18,18,18,18,18,18,18
370289,1,1,0,0,18,0,0,0,0,0,0,0
370290,1,1,0,0,0,0,9,26,18,0,0,8
370291,1,1,0,0,0,0,0,0,0,0,0,0
370291,2,1,0,0,0,0,0,0,0,0,0,0
370292,1,1,0,19,0,20,0,0,0,0,0,0
370293,1,1,0,0,0,0,0,0,0,7,0,0
370293,2,1,0,0,0,0,0,0,0,0,0,0
370294,1,1,0,0,0,0,0,0,0,0,0,0
370295,0,1,0,0,0,0,0,0,0,0,0,0
370295,1,1,0,0,0,0,0,0,0,7,0,0
370296,1,1,16,0,0,0,0,0,7,0,26,0
370296,2,1,0,0,3,0,14,0,0,16,0,0
370297,1,1,0,0,0,0,0,0,0,0,0,0
370298,1,1,0,0,0,0,0,0,0,0,0,0
370298,2,1,0,0,0,0,0,0,0,0,0,0
370299,0,1,0,0,0,0,0,0,0,0,0,10
370299,1,1,0,0,0,0,0,0,0,0,0,0
370300,0,1,14,11,12,11,18,37,23,18,13,39
370300,1,1,0,37,0,0,0,0,0,0,0,0
370301,0,1,19,16,20,20,14,28,10,24,9,14
370301,1,1,0,0,0,0,0,0,0,0,0,0
370302,0,1,0,0,0,0,0,13,0,0,0,0
370302,1,1,25,13,14,7,11,13,13,12,17,31
370303,0,1,0,0,0,26,0,0,7,0,24,0
370303,1,1,0,5,0,0,0,6,0,0,0,0
370304,1,1,0,0,11,0,0,0,0,0,0,0
370305,1,1,0,0,0,0,0,0,0,0,0,0
370305,2,1,0,0,0,0,0,0,9,0,0,0
370306,1,1,0,0,0,0,0,0,0,0,0,0
370307,1,1,0,0,0,0,0,0,0,0,0,0
370307,2,1,0,0,0,0,0,0,0,0,0,0
370308,1,1,0,0,0,0,0,0,0,0,0,0
370309,1,1,0,0,0,0,0,0,0,0,0,0
370310,1,1,0,0,0,0,0,0,0,0,0,0
370311,1,1,0,0,0,0,0,0,0,0,0,0
370311,2,1,0,9,0,0,0,0,0,0,0,0
370312,1,1,0,0,0,0,0,0,0,0,0,0
370312,2,1,0,0,0,0,0,21,0,0,0,0
370313,0,1,0,37,0,0,0,0,0,0,0,0
370313,1,1,17,0,0,0,0,0,0,0,29,0
370316,1,1,5,8,19,13,17,0,13,25,17,8
370317,1,1,0,0,0,0,0,0,0,0,0,0
370317,2,1,0,0,0,0,0,0,0,0,0,0
370318,0,1,0,0,0,0,0,0,0,0,0,0
370318,1,1,0,0,14,0,0,0,0,0,0,0
370319,1,1,0,0,7,12,13,0,12,18,0,0
370320,0,1,23,23,23,23,23,23,23,23,23,23
370320,1,1,0,0,0,0,0,0,0,0,0,0
370321,1,1,0,0,0,0,0,0,0,0,0,0
370321,2,1,0,0,0,0,0,0,0,0,0,0
370322,1,1,0,0,0,0,0,0,0,0,0,0
370322,2,1,22,0,9,0,0,0,0,0,0,0
370323,1,1,10,10,10,10,10,10,10,10,10,10
370324,0,1,0,0,0,0,0,0,0,0,24,15
370324,1,1,5,5,5,5,5,5,5,5,5,5
370324,2,1,0,0,15,0,0,10,0,0,0,8
370324,3,1,0,0,18,0,0,0,0,0,0,3
370326,1,1,0,0,0,0,8,0,8,0,0,0
370327,1,1,0,0,0,0,0,0,4,0,0,0
370328,1,1,0,0,0,0,0,0,17,0,0,0
370328,2,1,18,26,9,13,14,42,18,12,23,11
370329,0,1,0,0,0,0,0,0,0,0,0,0
370329,0,2,0,0,0,0,0,0,0,0,0,26
370329,1,1,0,0,8,0,0,0,0,0,0,0
370330,0,1,0,17,0,21,30,0,0,28,7,0
370330,1,1,0,0,0,0,0,31,0,0,0,0
370331,1,1,5,5,5,5,5,5,5,5,5,5
370331,2,1,0,6,9,0,0,0,0,13,0,0
370332,1,1,0,0,0,0,0,21,0,0,0,0
370332,2,1,0,0,0,0,0,0,0,0,0,0
370333,1,1,0,0,0,0,0,0,0,0,0,0
370334,1,1,0,0,0,0,0,0,0,0,0,0
370334,2,1,0,0,0,0,0,0,0,0,0,0
370335,1,1,25,10,15,17,35,10,19,30,17,23
370336,1,1,0,0,0,0,0,0,0,0,0,0
370336,2,1,0,0,0,0,0,0,0,0,0,0
370337,1,1,0,0,0,0,0,0,0,0,0,0
370338,1,1,0,0,0,0,0,0,0,0,0,0
370338,2,1,0,0,0,26,0,0,0,0,0,0
370339,1,1,0,0,0,0,0,0,0,0,0,0
370340,1,1,0,25,8,0,13,13,7,0,0,0
370340,2,1,0,0,0,0,0,0,0,0,0,0
370341,1,1,24,24,24,24,24,24,24,24,24,24
370341,2,1,0,0,0,0,0,0,0,0,0,0
370342,1,1,0,0,0,0,0,0,0,0,0,0
370344,1,1,0,0,18,0,0,8,31,16,33,19
370345,1,1,0,0,0,0,0,0,15,0,24,0
370345,2,1,27,16,31,0,0,18,0,0,0,0
370346,0,1,30,0,0,16,0,0,0,5,20,18
370346,1,1,0,21,0,0,0,0,0,0,0,0
370347,1,1,0,0,0,28,0,16,11,15,18,21
370348,1,1,23,8,15,8,0,14,19,14,4,43
370348,2,1,31,0,0,0,0,0,0,0,0,0
370348,3,1,0,0,0,0,0,0,0,0,0,0
370348,4,1,0,0,0,0,15,0,38,0,0,0
370349,0,1,0,0,0,0,0,0,0,0,0,0
370349,1,1,0,0,0,0,0,0,0,0,0,0
370350,0,1,0,0,0,0,21,0,0,0,0,0
370350,1,1,25,0,0,0,0,0,0,0,21,0
370351,1,1,0,0,0,0,0,0,29,0,0,0
370352,1,1,8,0,29,19,21,20,21,32,15,10
370353,0,1,0,0,0,0,0,0,0,0,0,0
370353,1,1,0,0,6,0,0,0,0,0,0,0
370354,1,1,18,20,18,13,14,7,0,5,29,13
370355,0,1,0,0,0,0,0,0,0,0,0,0
370355,1,1,0,0,0,0,21,0,0,0,0,0
370356,1,1,13,22,16,36,18,11,27,6,13,14
370357,1,1,0,12,0,0,0,16,8,0,0,0
370358,1,1,0,0,0,0,0,0,0,0,0,0
370359,1,1,0,0,0,0,0,0,0,0,0,0
370360,1,1,0,20,0,0,0,0,22,0,0,0
370361,1,1,14,0,11,0,0,21,0,0,17,0
370362,1,1,0,0,0,0,11,0,33,0,21,16
370363,1,1,0,21,0,0,0,20,0,0,0,0
370364,1,1,36,15,0,17,9,6,9,20,13,9
370365,0,1,5,17,36,20,0,0,37,33,15,13
370365,1,1,0,0,0,11,0,0,0,0,0,0
370366,1,1,0,0,19,0,0,0,20,0,0,0
370368,1,1,0,19,0,0,14,12,17,0,17,0
370369,0,1,33,33,33,33,33,33,33,33,33,33
370369,1,1,0,0,0,20,0,0,0,0,0,0
370370,1,1,10,30,5,9,22,18,25,22,30,21
370371,1,1,0,22,0,0,0,0,0,0,11,0
370372,1,1,6,6,6,6,6,6,6,6,6,6
370373,0,1,19,19,19,19,19,19,19,19,19,19
370373,1,1,0,0,0,19,0,20,0,0,0,23
370374,1,1,34,14,16,20,6,27,12,13,27,18
370375,1,1,0,11,14,13,0,0,0,0,0,36
370376,1,1,0,0,0,0,0,0,0,0,0,0
370377,0,1,0,0,0,0,0,0,0,0,0,0
370377,1,1,0,0,0,0,0,0,0,0,0,0
370378,0,1,0,17,0,5,8,24,0,36,19,0
370378,1,1,16,10,11,0,0,0,0,0,0,13
370379,1,1,0,0,0,0,0,0,0,0,0,0
370380,1,1,0,25,0,0,14,0,0,4,0,0
370381,1,1,30,19,17,26,37,6,22,8,31,27
370382,1,1,0,31,20,27,17,0,26,28,25,21
370383,1,1,0,0,0,0,0,0,0,0,0,0
370384,1,1,0,0,0,0,0,0,0,0,0,0
370385,0,1,15,15,15,15,15,15,15,15,15,15
370385,1,1,0,0,0,0,0,0,0,0,0,0
370386,0,1,0,0,0,0,0,0,0,0,0,0
370386,1,1,30,15,0,0,0,10,0,0,0,0
370386,2,1,0,0,0,0,0,0,0,0,0,0
370387,1,1,0,0,16,0,32,0,0,0,0,0
370387,2,1,0,0,0,0,0,0,0,0,0,0
370388,1,1,0,0,0,0,0,0,0,0,0,0
370388,2,1,0,0,0,0,0,0,0,0,0,0
370389,1,1,0,0,0,0,0,0,0,0,0,0
370389,2,1,0,0,8,4,0,0,0,10,13,0
370390,1,1,0,0,0,22,18,0,20,0,0,0
370390,2,1,0,0,0,6,0,0,0,0,0,0
370391,1,1,0,0,0,0,0,0,0,0,0,0
370391,2,1,0,0,0,0,0,0,0,0,0,0
370392,1,1,0,0,20,0,0,0,18,0,0,0
370392,2,1,19,0,12,3,19,24,14,6,15,4
370393,1,1,0,0,0,0,0,0,0,0,0,0
370393,2,1,0,0,0,0,0,0,0,0,0,0
370394,1,1,0,0,0,0,0,0,0,0,0,20
370394,2,1,0,0,0,0,0,0,0,23,0,0
370395,1,1,0,0,0,0,0,0,0,0,0,0
370395,2,1,0,0,0,0,0,0,0,0,0,0
370396,1,1,0,0,0,0,0,0,0,0,0,0
370397,1,1,0,0,0,0,0,0,29,0,0,14
370397,2,1,0,0,0,0,0,0,0,0,0,0
370398,1,1,10,18,0,0,0,18,0,0,0,0
370398,2,1,0,0,0,0,0,0,0,0,0,0
370399,1,1,0,0,0,0,0,0,0,0,0,0
370399,2,1,0,0,0,0,0,0,0,0,0,0
370399,3,1,0,18,20,15,0,0,0,0,0,0
370400,1,1,0,0,0,0,0,0,0,0,0,0
370400,2,1,0,0,0,0,0,0,0,0,10,0
370401,1,1,0,0,0,0,0,0,0,0,0,0
370401,2,1,0,0,0,0,0,0,0,0,0,0
370403,1,1,0,0,0,0,0,0,0,0,0,0
370403,2,1,0,0,19,0,0,0,0,0,0,0
370404,1,1,0,0,0,0,0,0,0,0,0,0
370404,2,1,0,0,0,0,0,0,0,0,0,0
370405,1,1,0,0,0,0,0,0,0,0,0,16
370405,2,1,10,10,10,10,10,10,10,10,10,10
370406,1,1,0,0,0,0,0,0,0,0,0,0
370406,2,1,0,0,0,0,0,0,0,0,0,0
370407,1,1,0,0,0,0,14,0,0,0,0,0
370407,2,1,0,0,0,0,0,0,0,8,11,0
370408,1,1,0,0,0,0,0,0,0,0,0,0
370408,2,1,0,0,0,0,0,0,0,0,0,0
370409,1,1,0,0,0,0,0,0,0,0,0,0
370409,2,1,0,0,0,0,0,0,0,4,0,0
370410,1,1,0,0,0,0,0,0,0,0,9,0
370410,2,1,0,7,0,0,0,30,0,0,0,0
370411,1,1,0,0,0,0,0,0,0,0,0,0
370411,2,1,0,0,0,0,0,0,0,0,0,0
370412,1,1,0,0,0,0,0,0,0,0,0,0
370412,2,1,0,0,0,0,0,0,0,0,14,0
370413,1,1,13,13,13,13,13,13,13,13,13,13
370413,2,1,0,0,17,0,0,0,0,0,0,0
370414,1,1,0,0,0,0,0,0,0,0,0,0
370414,2,1,0,0,0,0,0,0,0,24,0,0
370414,3,1,0,11,0,0,0,0,0,0,0,0
370415,1,1,0,0,0,0,0,0,13,0,0,0
370415,2,1,0,0,0,0,0,0,0,0,0,0
370416,1,1,0,0,0,0,0,0,0,0,0,0
370416,2,1,0,0,0,0,0,0,0,0,10,0
370417,1,1,0,0,4,9,0,0,0,0,0,0
370417,2,1,0,0,0,0,0,0,0,10,0,0
370418,1,1,0,0,0,0,0,0,0,0,0,0
370418,2,1,13,13,13,13,13,13,13,13,13,13
370419,1,1,0,0,0,0,0,0,0,0,0,0
370419,2,1,0,0,0,0,0,0,0,0,0,0
370420,1,1,0,0,0,0,0,0,0,0,0,0
370420,2,1,0,0,0,0,0,23,0,0,11,0
370420,3,1,13,18,11,8,10,11,13,4,42,24
370421,1,1,0,0,0,0,0,0,0,0,0,0
370421,2,1,0,0,0,0,0,0,0,0,0,0
370422,0,1,0,0,0,0,0,0,0,0,0,0
370422,1,1,0,0,0,0,0,0,0,0,0,0
370423,1,1,0,0,0,0,0,0,0,0,0,0
370423,2,1,0,0,0,0,0,0,0,0,0,0
370424,1,1,0,0,0,0,0,0,0,0,0,0
370424,2,1,0,0,0,9,0,0,0,0,0,0
370425,1,1,0,0,0,0,0,0,0,0,0,0
370425,2,1,0,0,0,0,0,0,0,0,0,0
370426,0,1,27,0,0,0,0,0,0,0,0,0
370426,1,1,0,0,0,0,0,0,0,0,0,0
370426,2,1,0,0,0,0,0,0,0,0,0,0
370427,1,1,0,0,0,0,0,0,0,0,0,0
370427,2,1,0,0,0,0,0,0,0,0,0,0
370428,1,1,0,0,0,0,0,0,0,0,0,0
370428,2,1,9,9,9,9,9,9,9,9,9,9
370429,1,1,0,0,0,0,0,0,0,0,0,15
370429,2,1,0,0,0,0,0,0,0,0,0,0
370429,3,1,0,0,9,0,0,0,0,0,0,0
370430,0,1,0,0,6,0,0,0,0,0,0,0
370430,1,1,0,0,0,0,0,0,0,14,0,0
370431,1,1,34,25,18,2,14,16,12,13,13,7
370431,2,1,0,0,12,0,0,0,0,0,0,0
370432,1,1,0,0,0,0,0,0,0,0,0,0
370433,1,1,0,12,0,22,0,0,9,10,0,0
370434,1,1,23,23,23,23,23,23,23,23,23,23
370435,1,1,0,0,0,0,0,0,0,0,0,0
370436,1,1,14,14,0,0,0,0,3,0,0,5
370437,0,1,28,23,11,40,5,19,0,27,12,17
370437,1,1,0,0,0,0,0,0,0,0,0,0
370438,0,1,0,0,0,0,0,0,0,0,0,0
370438,1,1,0,0,0,0,0,0,0,0,0,0
370439,1,1,8,0,11,0,0,0,0,19,0,20
370440,1,1,0,0,0,0,0,0,0,0,0,0
370440,2,1,0,12,0,0,16,0,0,0,0,0