ST_CASE,VEH_NO,PER_NO,P1,P2,P3,P4,P5,P6,P7,P8,P9,P10
370441,1,1,0,0,0,0,0,0,0,0,0,0
370441,2,1,0,0,0,0,0,0,0,0,0,0
370442,1,1,0,0,0,0,0,0,0,0,0,0
370443,1,1,0,14,0,0,0,0,0,0,0,0
370443,2,1,0,0,0,0,0,0,0,0,0,0
370444,1,1,0,0,0,0,0,0,0,0,0,0
370445,1,1,0,0,0,0,0,0,0,0,0,0
370445,2,1,0,0,0,0,0,0,11,0,0,0
370446,1,1,0,0,0,0,0,0,0,0,0,0
370446,2,1,0,0,0,0,0,0,0,0,0,0
370447,1,1,25,8,14,28,6,11,30,12,20,16
370448,1,1,0,0,0,0,0,0,0,0,0,0
370448,2,1,0,0,0,0,0,0,0,0,0,0
370449,0,1,30,30,30,30,30,30,30,30,30,30
370449,1,1,0,0,0,0,0,0,0,0,0,0
370450,1,1,0,0,0,0,0,0,0,0,0,0
370451,1,1,0,24,0,0,0,0,0,0,21,0
370451,2,1,0,0,0,21,0,0,0,0,0,11
370451,3,1,0,0,0,0,0,0,0,0,0,0
370452,1,1,0,0,0,0,0,0,0,0,0,0
370452,2,1,0,0,0,0,0,0,0,0,0,0
370453,1,1,0,0,0,0,0,0,0,0,0,0
370453,2,1,0,0,0,0,0,0,0,0,0,0
370453,3,1,0,0,0,0,0,0,0,0,0,0
370453,4,1,0,0,0,0,0,0,0,0,0,0
370454,1,1,0,0,0,0,0,0,0,0,0,0
370454,2,1,0,0,0,0,0,0,0,18,0,0
370454,3,1,0,0,0,0,0,0,0,0,0,0
370455,1,1,11,0,0,16,0,0,0,0,0,0
370456,1,1,0,0,0,0,21,15,0,0,0,0
370457,1,1,0,0,0,0,0,0,0,0,0,0
370457,2,1,0,0,0,0,0,0,0,0,0,0
370458,1,1,28,8,29,16,4,41,25,12,5,17
370458,2,1,0,0,0,0,0,0,0,0,0,0
370459,1,1,0,0,0,0,0,0,0,0,0,0
370460,1,1,0,0,0,0,0,0,0,0,0,0
370460,2,1,0,0,0,0,0,0,0,0,0,0
370461,1,1,0,0,0,0,0,27,0,0,0,14
370461,2,1,0,0,0,0,0,0,0,0,0,0
370462,1,1,29,0,0,0,0,0,0,0,0,0
370463,0,1,0,0,0,14,0,0,0,0,0,0
370463,1,1,0,18,19,6,0,0,0,0,0,0
370464,1,1,0,0,0,0,0,14,0,0,0,0
370465,1,1,22,22,22,22,22,22,22,22,22,22
370466,1,1,0,0,0,0,0,0,0,0,0,0
370467,1,1,0,0,0,0,0,0,0,0,0,0
370467,2,1,0,0,0,0,0,0,0,19,0,0
370468,1,1,16,0,0,0,0,0,0,0,0,0
370468,2,1,0,0,0,0,0,0,0,0,0,0
370469,0,1,0,0,0,0,0,0,0,0,0,0
370469,1,1,0,0,0,0,0,0,0,0,0,0
370470,1,1,0,0,0,26,0,0,0,0,0,0
370470,2,1,0,0,0,0,0,0,0,0,0,0
370471,1,1,0,0,0,0,0,0,0,0,0,0
370471,2,1,0,0,0,0,0,0,0,0,0,0
370472,0,1,0,0,0,0,0,0,0,0,0,0
370472,0,2,0,0,0,0,0,18,0,0,24,0
370472,1,1,55,24,2,26,0,29,31,24,32,6
370474,1,1,0,0,0,0,0,0,33,37,0,0
370475,1,1,0,0,0,0,0,0,0,0,0,0
370475,2,1,34,0,0,0,24,0,0,0,0,0
370476,0,1,27,0,0,0,0,0,0,0,0,0
370476,1,1,0,0,0,0,0,0,0,0,6,0
370477,1,1,0,0,0,0,0,21,0,0,0,0
370477,2,1,6,6,6,6,6,6,6,6,6,6
370478,1,1,0,0,0,0,0,0,0,0,0,0
370478,2,1,0,0,0,0,0,0,0,0,0,0
370479,1,1,10,22,16,16,14,12,21,12,17,16
370479,2,1,0,0,0,0,0,0,0,0,0,0
370480,1,1,0,0,0,0,0,0,0,7,0,0
370481,1,1,0,0,0,0,0,0,15,0,0,0
370481,2,1,0,0,0,0,0,0,0,0,0,0
370482,1,1,0,0,0,0,10,12,20,0,0,5
370482,2,1,0,0,0,0,0,20,0,0,0,0
370483,1,1,0,0,0,0,0,0,0,0,0,0
370484,1,1,0,0,8,0,0,0,0,0,0,0
370485,1,1,5,0,0,16,13,0,17,10,0,14
370486,1,1,0,0,0,0,0,0,0,0,0,0
370486,2,1,0,0,0,0,0,0,0,0,0,0
370487,1,1,0,0,0,0,0,0,0,0,0,0
370488,0,1,23,22,18,27,19,19,11,18,17,7
370488,1,1,0,0,0,7,0,0,26,13,0,0
370489,1,1,18,15,0,24,11,6,7,14,5,33
370489,2,1,12,19,15,7,15,13,35,13,9,16
370490,1,1,18,18,18,18,18,18,18,18,18,18
370491,1,1,0,0,0,0,0,0,0,0,0,0
370491,2,1,0,0,0,0,0,0,0,0,0,0
370492,1,1,0,0,0,0,0,0,0,0,0,0
370492,2,1,8,6,5,8,17,0,4,0,18,6
370493,1,1,12,12,8,9,25,17,9,4,0,31
370494,1,1,0,21,6,21,0,12,28,0,15,13
370495,1,1,0,14,0,0,0,0,27,21,0,0
370495,2,1,0,0,0,0,0,0,0,0,0,0
370496,1,1,0,0,0,0,0,0,0,0,0,0
370496,2,1,0,0,0,0,0,0,0,0,0,0
370496,3,1,0,0,0,0,0,0,0,0,0,0
370497,1,1,0,0,0,0,0,0,0,0,0,7
370497,2,1,0,0,0,0,0,0,0,0,0,0
370498,1,1,13,0,14,4,16,9,0,2,34,15
370499,1,1,0,0,0,0,0,0,0,0,0,0
370499,2,1,0,0,0,0,0,0,0,0,0,0
370500,1,1,20,12,8,29,0,0,10,0,7,0
370501,1,1,14,0,10,0,10,0,0,0,19,0
370502,1,1,0,0,13,0,0,0,4,0,0,14
370502,2,1,0,25,0,0,0,0,0,0,0,0
370502,3,1,0,0,0,0,0,0,0,0,0,18
370503,1,1,0,0,0,0,0,0,0,0,0,9
370503,2,1,0,0,0,0,16,0,0,0,0,0
370504,1,1,0,0,0,0,9,0,0,0,0,0
370504,2,1,0,0,0,0,7,0,0,0,0,0
370505,1,1,0,0,20,0,0,0,0,0,18,0
370505,2,1,0,0,0,6,0,0,0,0,0,0
370506,0,1,5,0,0,0,10,0,0,31,4,8
370506,1,1,0,0,0,0,0,0,0,10,0,0
370507,1,1,0,0,0,0,0,0,0,0,0,0
370507,2,1,0,0,0,0,0,0,0,0,0,0
370508,1,1,0,18,0,0,0,0,0,0,0,0
370509,1,1,0,0,0,0,10,0,0,12,0,0
370510,1,1,0,0,20,0,0,3,18,15,10,0
370511,1,1,0,0,39,0,0,0,0,24,21,0
370512,0,1,14,12,0,0,5,9,0,16,0,0
370512,1,1,0,0,9,12,0,0,0,0,0,0
370513,1,1,8,15,11,27,20,46,17,15,16,43
370514,1,1,0,0,0,0,0,0,0,0,0,0
370514,2,1,0,0,0,0,0,0,0,0,0,0
370515,1,1,17,8,6,15,28,10,18,29,2,15
370516,1,1,0,0,0,0,0,0,0,0,0,0
370516,2,1,0,0,0,0,0,0,0,0,0,0
370517,2,1,18,0,0,0,0,0,20,0,0,0
370518,1,1,0,0,0,0,0,0,0,0,0,0
370519,1,1,0,0,0,0,0,0,0,0,0,0
370520,1,1,0,5,22,31,0,0,10,0,0,0
370521,1,1,0,0,0,0,0,0,0,0,0,0
370521,2,1,0,0,0,0,0,0,0,0,0,0
370522,1,1,6,6,6,6,6,6,6,6,6,6
370523,1,1,0,0,0,0,0,0,0,0,0,0
370523,2,1,0,0,0,0,0,0,0,17,0,0
370524,0,1,0,0,0,0,0,0,0,0,0,0
370524,1,1,0,0,0,0,0,0,0,0,0,0
370525,1,1,0,0,0,0,0,5,0,0,0,0
370526,1,1,34,29,0,0,0,0,11,0,0,16
370527,1,1,16,0,7,37,15,3,29,21,15,27
370528,1,1,0,0,0,0,0,0,0,0,0,0
370528,2,1,0,0,0,0,0,0,0,0,0,0
370529,1,1,0,0,0,0,0,0,0,0,0,0
370529,2,1,0,0,0,0,0,0,0,0,0,0
370530,1,1,0,0,0,0,0,0,0,0,0,0
370530,2,1,0,0,0,0,0,0,0,0,0,0
370531,1,1,11,11,11,11,11,11,11,11,11,11
370531,2,1,0,0,0,0,0,0,0,0,0,0
370532,1,1,0,0,0,0,0,0,0,0,0,0
370532,2,1,0,0,30,0,0,0,0,0,0,0
370533,1,1,0,0,0,0,0,0,0,0,0,0
370534,1,1,0,0,0,0,0,7,0,0,0,13
370534,2,1,0,0,0,0,0,0,0,0,0,0
370535,1,1,27,27,27,27,27,27,27,27,27,27
370536,1,1,0,0,17,6,36,19,0,35,0,0
370537,1,1,15,32,11,4,22,11,16,11,0,11
370538,1,1,26,0,0,0,0,0,0,0,30,0
370539,1,1,0,0,0,0,0,0,0,0,0,0
370539,2,1,0,0,0,0,0,0,0,0,0,0
370540,0,1,0,0,0,0,0,0,0,0,0,0
370540,1,1,0,0,0,0,0,0,0,0,0,0
370541,1,1,12,12,12,12,12,12,12,12,12,12
370541,2,1,8,8,8,8,8,8,8,8,8,8
370542,1,1,0,42,0,14,8,19,27,8,0,7
370543,1,1,0,0,0,0,0,0,0,0,0,0
370544,1,1,0,0,0,0,0,0,0,0,0,0
370544,2,1,0,0,0,0,0,0,0,0,0,0
370544,3,1,0,0,0,0,28,0,0,0,0,0
370545,0,1,0,0,0,0,0,0,0,0,0,0
370545,1,1,0,0,0,0,0,0,0,0,0,0
370546,1,1,16,16,16,16,16,16,16,16,16,16
370547,1,1,10,21,15,21,4,19,9,26,14,19
370548,1,1,0,0,0,0,0,0,0,0,0,0
370548,2,1,0,0,0,0,0,0,0,0,0,0
370549,1,1,15,15,15,15,15,15,15,15,15,15
370550,1,1,0,0,0,0,0,0,0,0,0,0
370550,2,1,0,0,0,0,0,0,0,0,0,0
370551,1,1,0,0,0,0,0,0,0,0,0,0
370552,1,1,21,0,22,0,0,0,0,0,0,26
370553,1,1,0,0,0,0,0,0,0,0,0,0
370553,2,1,0,0,0,0,0,0,0,0,0,0
370554,1,1,33,33,33,33,33,33,33,33,33,33
370554,2,1,0,0,0,0,0,0,0,0,11,0
370555,1,1,0,0,0,0,0,0,0,0,0,0
370556,1,1,10,10,10,10,10,10,10,10,10,10
370557,1,1,0,0,0,0,0,0,0,0,0,0
370558,1,1,0,0,0,0,0,0,0,0,0,0
370559,0,1,0,0,0,0,0,0,0,0,0,0
370559,1,1,0,0,0,0,22,0,13,0,0,0
370560,1,1,25,13,18,24,9,0,26,9,22,8
370560,2,1,0,0,0,0,0,33,0,0,0,0
370561,2,1,0,24,0,27,33,9,0,0,0,26
370562,1,1,0,0,0,0,0,0,0,0,0,0
370562,2,1,0,0,0,0,0,0,0,0,0,0
370563,1,1,0,16,0,0,17,7,22,12,0,0
370564,1,1,0,0,0,0,0,0,0,0,0,0
370564,2,1,0,0,0,0,0,0,0,0,0,0
370565,1,1,0,0,0,0,0,0,0,11,0,0
370565,2,1,0,0,0,0,0,0,0,0,0,0
370566,1,1,0,0,0,0,0,0,0,0,0,0
370567,1,1,12,14,32,17,13,32,24,20,30,0
370567,2,1,0,0,0,0,0,0,0,0,0,0
370568,1,1,0,0,0,0,0,6,0,0,0,0
370568,2,1,0,0,0,0,0,0,0,0,0,0
370569,1,1,0,0,0,0,0,0,19,0,0,0
370570,1,1,4,0,4,16,11,23,20,15,10,17
370571,1,1,0,0,0,0,16,0,12,0,0,0
370572,1,1,0,0,0,0,0,0,0,0,0,0
370572,2,1,0,0,0,0,0,0,0,0,0,0
370572,3,1,0,0,0,0,0,0,0,0,0,0
370573,1,1,0,21,26,0,0,15,17,12,22,0
370574,1,1,0,0,29,18,0,0,0,12,0,0
370575,1,1,0,30,4,9,0,0,0,5,10,14
370576,1,1,0,0,0,0,0,0,0,0,0,0
370576,2,1,21,21,21,21,21,21,21,21,21,21
370577,1,1,0,0,0,0,0,0,0,0,0,0
370578,1,1,0,0,0,0,0,0,0,0,0,0
370578,2,1,0,0,0,0,0,0,0,0,0,0
370579,1,1,0,0,0,0,0,0,0,0,0,0
370580,1,1,0,0,0,0,0,0,0,0,0,0
370581,1,1,18,5,9,0,2,17,8,36,5,14
370581,2,1,0,0,0,0,0,0,0,0,0,0
370582,1,1,6,9,39,9,4,20,13,30,5,20
370583,1,1,7,0,0,0,0,27,0,0,0,0
370583,2,1,0,0,0,0,0,0,0,0,0,0
370584,1,1,0,0,0,0,0,0,0,0,19,0
370584,2,1,15,28,35,15,15,23,2,7,0,29
370585,1,1,7,0,0,4,0,25,0,0,0,36
370586,1,1,0,0,0,0,0,0,0,0,0,0
370586,2,1,0,0,0,12,0,14,0,0,0,0
370587,1,1,0,0,22,0,0,0,0,0,0,0
370588,1,1,0,0,0,0,0,0,0,0,0,0
370588,2,1,0,0,0,0,0,0,0,0,0,0
370589,1,1,0,0,0,0,0,0,17,0,0,0
370589,2,1,0,0,0,0,0,0,0,0,0,0
370589,3,1,0,0,0,0,0,0,0,0,0,0
370590,1,1,0,0,0,0,0,0,0,0,0,0
370590,2,1,0,0,0,0,0,13,0,0,0,0
370591,1,1,9,14,29,23,9,17,16,26,14,29
370592,1,1,23,23,23,23,23,23,23,23,23,23
370592,2,1,0,0,0,0,0,0,0,0,0,0
370593,1,1,0,0,0,0,0,0,0,0,0,0
370593,2,1,0,14,0,0,0,0,0,0,0,0
370594,0,1,0,0,0,17,0,0,0,0,0,0
370594,1,1,0,0,0,0,0,0,0,0,0,0
370595,1,1,0,0,0,0,0,0,0,0,0,16
370595,2,1,0,0,0,0,0,0,0,0,0,0
370596,1,1,12,12,12,12,12,12,12,12,12,12
370596,2,1,0,0,0,0,0,0,0,0,0,0
370597,1,1,11,0,0,19,10,18,21,10,16,34
370598,0,1,0,0,0,0,0,0,0,0,0,0
370598,1,1,0,0,0,0,9,0,0,0,0,0
370598,2,1,0,0,0,0,0,0,0,0,0,0
370599,1,1,15,30,0,0,0,40,0,0,0,5
370600,1,1,0,0,0,0,19,20,14,0,0,0
370600,2,1,0,0,0,0,0,0,0,0,0,0
370601,1,1,0,0,0,0,0,0,0,0,0,0
370601,2,1,0,0,0,0,0,0,0,0,0,0
370602,1,1,0,0,0,0,0,0,0,0,0,0
370603,1,1,0,2,0,0,0,0,0,0,0,4
370604,0,1,20,20,20,20,20,20,20,20,20,20
370604,1,1,12,7,14,8,0,0,0,2,0,0
370605,1,1,0,0,0,0,0,12,0,0,0,0
370606,1,1,0,0,0,0,0,0,0,0,0,0
370607,1,1,45,37,14,12,12,23,27,26,7,21
370608,0,1,21,21,21,21,21,21,21,21,21,21
370608,1,1,0,0,0,0,0,0,0,0,0,0
370609,1,1,0,0,0,0,0,0,0,0,0,0
370609,2,1,0,0,0,0,0,0,0,0,0,0
370610,1,1,18,18,18,18,18,18,18,18,18,18
370611,0,1,13,0,31,0,0,3,20,19,19,27
370611,1,1,14,24,12,22,16,3,19,10,0,17
370612,1,1,16,16,16,16,16,16,16,16,16,16
370613,1,1,0,0,0,0,0,0,0,0,0,0
370614,1,1,0,0,0,0,0,0,0,0,0,0
370615,1,1,19,19,19,19,19,19,19,19,19,19
370616,1,1,0,0,0,0,0,0,0,0,0,0
370616,2,1,0,0,0,0,0,0,0,0,0,0
370617,1,1,0,0,0,0,0,0,0,0,0,0
370617,2,1,0,0,0,0,0,0,0,0,0,0
370618,1,1,0,0,0,0,0,0,0,0,0,0
370619,0,1,12,21,10,8,16,12,17,28,0,20
370619,1,1,0,0,0,0,0,0,0,0,0,0
370620,1,1,0,0,0,0,18,3,13,0,0,0
370621,1,1,0,0,0,0,0,0,0,0,0,0
370621,2,1,0,0,0,0,0,0,0,0,0,0
370621,3,1,0,0,0,0,0,0,0,0,0,0
370622,1,1,20,20,20,20,20,20,20,20,20,20
370623,0,1,0,0,0,0,0,0,0,0,0,0
370623,1,1,21,0,0,0,0,0,0,0,0,0
370624,1,1,0,0,0,0,0,0,0,0,5,0
370625,1,1,36,12,9,29,8,27,7,19,25,10
370625,2,1,0,0,0,0,0,0,0,0,0,0
370626,1,1,19,7,10,25,0,5,0,0,16,0
370627,0,1,0,0,0,0,11,0,17,0,0,0
370627,1,1,9,0,0,0,0,0,0,0,0,0
370628,1,1,0,12,0,25,0,0,0,0,0,0
370628,2,1,0,7,0,0,0,0,0,0,0,0
370630,0,1,0,0,0,0,0,0,0,0,0,0
370630,1,1,0,0,0,26,0,0,0,7,0,0
370630,2,1,0,0,0,0,0,0,0,0,0,21
370631,1,1,0,0,0,0,0,0,0,0,0,0
370631,2,1,14,14,14,14,14,14,14,14,14,14
370631,3,1,0,0,12,0,0,0,0,0,0,0
370632,1,1,0,0,0,0,0,0,0,0,0,0
370632,2,1,0,0,0,0,0,0,0,0,0,0
370633,0,1,21,0,0,23,20,9,20,29,9,27
370633,1,1,34,0,0,0,0,0,0,0,0,0
370634,1,1,25,35,12,12,19,10,16,22,27,10
370635,1,1,0,0,0,0,0,0,0,0,31,0
370635,2,1,0,0,0,0,0,0,0,0,0,0
370636,1,1,0,0,0,0,0,0,0,0,0,0
370636,2,1,0,0,0,0,0,0,0,0,0,0
370637,1,1,0,0,0,10,0,0,32,15,0,0
370638,1,1,0,0,0,0,0,0,0,0,0,0
370638,2,1,0,0,0,0,0,0,0,0,0,0
370639,1,1,0,0,0,0,0,0,0,0,0,0
370639,2,1,0,16,0,0,0,0,0,0,0,0
370640,1,1,5,5,5,5,5,5,5,5,5,5
370640,2,1,0,0,0,0,0,0,0,0,0,0
370641,1,1,0,0,0,7,0,0,0,0,0,0
370641,2,1,0,0,0,0,0,0,0,0,0,0
370642,1,1,4,19,17,0,18,15,21,8,15,15
370643,1,1,0,0,0,0,0,0,0,0,0,0
370643,2,1,0,11,0,0,0,0,0,0,0,0
370644,1,1,0,11,14,28,25,25,4,18,4,19
370644,2,1,0,0,0,0,8,0,0,0,0,0
370645,1,1,0,0,0,0,0,0,0,0,0,0
370645,2,1,0,0,0,0,0,0,0,0,0,0
370646,1,1,0,0,0,0,0,0,0,0,0,0
370647,1,1,0,0,0,0,0,0,0,0,14,11
370647,2,1,0,0,0,0,0,0,0,0,0,0
370648,1,1,12,12,12,12,12,12,12,12,12,12
370649,0,1,19,19,19,19,19,19,19,19,19,19
370649,1,1,0,0,0,0,0,0,0,0,0,0
370650,1,1,0,0,0,0,19,0,0,13,0,0
370651,0,1,0,0,0,0,0,0,0,0,0,0
370651,1,1,0,8,7,0,12,3,15,0,17,0
370652,1,1,0,0,0,0,0,0,0,0,0,0
370653,1,1,0,0,0,0,0,0,0,0,0,0
370653,2,1,0,0,0,5,0,0,0,0,0,22
370654,1,1,0,0,0,0,0,0,0,0,0,0
370654,2,1,0,0,0,0,0,0,0,0,0,0
370655,1,1,0,0,0,0,0,0,0,0,0,16
370655,2,1,7,0,9,0,0,0,0,0,0,0
370655,3,1,15,0,0,0,0,0,0,0,0,0
370656,0,1,0,0,0,0,26,11,11,0,18,0
370656,1,1,0,0,0,0,0,0,0,0,30,7
370657,1,1,27,27,27,27,27,27,27,27,27,27
370658,1,1,28,28,28,28,28,28,28,28,28,28
370658,2,1,0,0,0,0,0,0,0,0,0,0
370659,1,1,23,0,5,0,9,0,12,13,23,29
370660,1,1,0,0,0,0,0,0,0,0,0,0
370661,1,1,0,0,0,0,0,0,0,0,0,0
370661,2,1,0,11,0,0,0,0,0,0,0,0
370662,1,1,18,18,18,18,18,18,18,18,18,18
370663,1,1,0,0,0,0,0,0,0,0,0,0
370663,2,1,0,0,0,0,0,0,0,0,0,0
370664,0,1,27,18,19,2,27,0,22,21,16,19
370664,1,1,0,0,0,0,0,0,0,0,0,0
370665,0,1,0,0,0,0,0,0,0,13,0,0
370665,1,1,0,0,0,0,0,0,0,13,0,0
370666,1,1,0,0,16,0,0,0,0,0,0,0
370666,2,1,0,0,0,0,0,0,0,0,0,0
370667,1,1,15,15,15,15,15,15,15,15,15,15
370667,2,1,2,2,2,2,2,2,2,2,2,2
370668,1,1,0,0,0,0,0,0,0,0,0,0
370668,2,1,0,0,0,0,0,0,0,0,0,0
370669,1,1,0,0,0,0,0,0,0,0,0,0
370670,1,1,0,0,28,21,0,0,0,0,0,10
370671,1,1,0,0,0,0,0,0,0,22,0,0
370671,2,1,0,0,0,0,15,0,0,0,0,0
370672,1,1,0,16,11,6,16,0,0,0,21,0
370673,0,1,0,0,0,5,23,36,20,0,0,17
370673,1,1,0,0,0,0,0,17,6,18,6,0
370673,2,1,0,0,0,0,0,0,0,0,0,0
370674,1,1,13,0,0,0,5,6,5,10,5,38
370675,1,1,0,0,0,0,0,0,0,0,0,0
370676,1,1,0,0,0,23,0,0,18,0,11,0
370677,1,1,0,0,0,0,0,0,0,0,0,0
370678,1,1,0,0,0,0,0,0,0,0,0,0
370679,1,1,25,4,20,18,8,12,7,4,14,13
370679,2,1,0,0,0,0,0,0,0,0,19,0
370681,1,1,0,0,0,24,0,0,0,0,0,0
370682,1,1,14,14,14,14,14,14,14,14,14,14
370683,1,1,23,23,23,23,23,23,23,23,23,23
370684,1,1,0,20,20,0,19,0,15,24,11,38
370684,2,1,0,0,0,0,0,0,0,0,0,0
370685,1,1,0,0,16,0,0,0,0,0,0,0
370685,2,1,0,0,0,0,0,0,0,0,0,0
370686,1,1,19,19,19,19,19,19,19,19,19,19
370687,1,1,7,0,25,0,0,27,0,0,0,0
370688,0,1,0,0,0,0,0,0,0,0,0,0
370688,1,1,15,0,0,0,8,17,0,0,0,0
370689,1,1,0,0,0,0,0,0,0,0,0,0
370689,2,1,0,0,0,0,0,0,0,0,0,0
370690,0,1,18,18,18,18,18,18,18,18,18,18
370690,1,1,23,15,19,0,20,19,16,17,14,23
370691,0,1,21,45,12,13,0,0,0,43,25,46
370691,1,1,5,15,0,25,8,0,0,16,0,0
370692,1,1,0,0,0,0,0,0,0,0,0,0
370692,2,1,0,0,0,0,0,0,0,0,0,0
370693,1,1,0,0,0,0,0,0,0,0,0,0
370693,2,1,0,0,0,0,0,0,0,0,0,0
370694,0,1,0,0,0,0,0,0,0,0,0,0
370694,1,1,0,0,0,0,0,0,0,0,0,0
370695,1,1,13,0,0,0,0,0,17,44,0,0
370696,1,1,10,25,15,0,9,0,0,28,0,35
370697,1,1,0,0,0,0,0,0,0,0,0,0
370698,1,1,6,6,6,6,6,6,6,6,6,6
370699,1,1,0,0,0,0,0,0,0,0,0,0
370700,1,1,0,0,0,7,12,12,0,0,35,16
370701,1,1,8,13,12,11,15,0,23,10,0,21
370701,2,1,0,0,0,0,0,0,22,0,0,0
370702,1,1,23,23,23,23,23,23,23,23,23,23
370703,1,1,0,0,0,0,0,0,0,0,0,0
370703,2,1,0,0,0,0,0,0,0,0,0,0
370704,1,1,0,0,0,0,0,0,0,0,0,0
370705,1,1,0,0,0,0,0,0,0,0,0,0
370705,2,1,0,0,0,0,0,0,0,0,0,0
370706,1,1,0,0,0,0,0,0,0,0,0,0
370707,0,1,0,11,11,0,0,19,0,0,0,0
370707,1,1,0,0,9,9,15,24,0,21,0,0
370708,1,1,0,0,0,16,13,0,0,0,0,0
370708,2,1,0,0,10,0,36,0,0,0,0,26
370708,3,1,0,0,0,0,0,0,0,0,15,0
370709,1,1,0,0,0,0,0,0,0,0,0,0
370710,1,1,0,0,0,0,10,0,0,0,22,16
370711,1,1,14,14,14,14,14,14,14,14,14,14
370712,1,1,0,0,0,0,0,0,0,0,0,0
370713,1,1,0,0,0,0,0,0,0,0,0,0
370713,2,1,0,0,0,0,0,0,24,0,0,0
370714,1,1,0,0,0,0,0,0,0,0,0,0
370714,2,1,0,0,0,0,0,4,23,0,0,0
370714,3,1,0,0,0,0,0,0,0,0,0,0
370715,1,1,0,0,0,0,0,0,0,0,0,0
370716,1,1,0,0,0,0,0,0,0,0,0,0
370717,1,1,0,0,25,0,0,0,0,0,0,0
370718,1,1,27,19,18,15,25,25,16,18,2,22
370719,1,1,0,0,12,0,17,0,0,0,0,0
370720,1,1,16,15,21,12,0,12,16,0,5,28
370721,1,1,0,0,0,0,0,0,0,0,0,0
370721,2,1,0,0,0,0,0,0,0,0,0,0
370722,1,1,0,0,0,0,0,0,0,0,0,0
370723,1,1,8,28,30,4,17,9,15,26,13,16
370723,2,1,0,0,0,0,0,0,0,0,0,18
370724,1,1,0,0,0,0,0,0,0,0,0,0
370725,1,1,0,0,0,0,0,0,0,0,0,0
370726,1,1,0,10,0,0,0,0,0,0,0,0
370727,0,1,16,12,23,0,22,0,0,4,34,33
370727,1,1,0,19,9,0,0,15,0,0,0,0
370728,0,1,0,0,0,3,0,0,0,0,0,0
370728,1,1,0,0,15,0,13,0,0,0,0,0
370729,1,1,0,0,0,0,20,0,0,0,9,0
370729,2,1,0,0,0,0,0,0,0,0,0,0
370729,3,1,0,0,0,0,0,0,0,0,0,0
370729,4,1,0,0,0,0,0,0,0,0,0,0
370729,5,1,0,0,0,0,0,0,0,0,0,0
370730,1,1,10,0,0,0,0,0,0,0,0,0
370730,2,1,0,0,0,0,0,0,2,0,0,27
370731,1,1,6,34,15,20,20,16,31,21,13,34
370732,1,1,0,0,0,0,0,0,0,0,0,0
370732,2,1,0,0,0,0,0,0,0,0,0,0
370733,1,1,0,0,0,0,0,0,0,0,0,0
370733,2,1,0,0,0,0,0,0,0,0,0,0
370734,1,1,0,0,0,0,0,0,0,0,0,0
370734,2,1,0,0,0,0,0,0,0,0,0,0
370734,3,1,0,0,0,0,0,0,0,0,0,0
370735,1,1,0,0,0,0,0,0,0,0,0,0
370735,2,1,0,0,0,0,0,0,0,0,0,0
370735,3,1,0,0,0,0,0,0,0,0,0,0
370736,1,1,26,26,26,26,26,26,26,26,26,26
370737,1,1,25,25,25,25,25,25,25,25,25,25
370737,2,1,14,28,0,0,0,5,0,0,0,0
370738,1,1,15,8,14,18,11,10,6,13,21,28
370739,1,1,0,0,0,0,0,0,0,19,0,0
370740,1,1,0,0,0,0,0,0,0,0,0,0
370740,2,1,0,0,0,0,0,0,0,0,0,0
370740,3,1,0,0,0,0,0,0,0,0,0,0
370741,1,1,0,0,0,0,0,0,0,0,0,0
370742,0,1,0,0,0,0,0,0,0,0,0,0
370742,0,2,0,14,0,6,0,0,0,0,0,0
370742,1,1,5,13,2,0,0,14,27,7,6,17
370743,1,1,0,0,0,0,0,0,0,0,0,0
370743,2,1,29,0,0,0,0,0,0,0,0,0
370744,1,1,12,12,12,12,12,12,12,12,12,12
370745,1,1,51,51,51,51,51,51,51,51,51,51
370746,1,1,0,12,0,0,0,0,0,0,0,0
370747,0,1,0,0,0,0,0,18,0,0,0,0
370747,1,1,0,13,0,0,0,0,0,0,0,0
370748,1,1,13,0,11,11,3,0,16,15,7,0
370749,1,1,0,0,0,0,0,0,0,0,0,0
370749,2,1,0,0,0,0,0,0,0,0,0,0
370750,1,1,0,0,0,0,0,0,0,0,0,0
370750,2,1,0,0,0,0,0,0,0,0,0,0
370750,3,1,0,0,0,0,0,0,0,0,0,0
370751,1,1,14,14,14,14,14,14,14,14,14,14
370752,0,1,0,0,0,0,0,0,0,9,0,0
370752,1,1,0,0,0,0,21,0,0,0,0,0
370753,1,1,0,0,0,0,0,0,0,0,0,0
370753,2,1,0,0,0,0,0,0,0,0,0,0
370753,3,1,0,0,0,0,0,0,0,0,0,0
370754,1,1,20,18,25,3,12,15,15,9,21,13
370754,2,1,0,0,8,3,8,0,9,0,0,0
370755,0,1,0,0,0,0,0,0,0,0,0,0
370755,1,1,0,0,0,0,0,0,0,0,0,0
370756,1,1,14,14,14,14,14,14,14,14,14,14
370757,0,1,17,0,7,22,9,7,10,9,17,26
370757,1,1,0,0,0,0,0,0,0,0,0,0