ST_CASE,VEH_NO,PER_NO,P1,P2,P3,P4,P5,P6,P7,P8,P9,P10
370758,1,1,20,28,18,0,13,19,13,16,4,9
370759,1,1,0,0,0,0,0,0,0,0,0,0
370759,2,1,0,0,0,0,0,0,0,0,0,0
370762,1,1,0,0,0,0,0,0,0,0,0,0
370762,2,1,0,0,0,0,44,0,0,0,11,0
370763,1,1,27,27,27,27,27,27,27,27,27,27
370764,1,1,0,0,0,0,0,0,0,0,0,0
370764,2,1,0,0,0,0,0,0,0,0,0,0
370765,1,1,0,0,0,0,0,0,0,0,0,0
370765,2,1,0,0,0,0,0,0,0,0,0,0
370766,1,1,2,2,2,2,2,2,2,2,2,2
370767,1,1,10,0,0,0,0,0,0,0,0,0
370767,2,1,0,0,0,0,0,0,0,0,0,0
370768,1,1,7,7,7,7,7,7,7,7,7,7
370769,0,1,32,29,0,0,0,38,0,0,0,34
370769,1,1,0,0,0,0,0,0,0,0,0,0
370770,1,1,18,18,18,18,18,18,18,18,18,18
370771,1,1,0,0,0,0,0,0,16,0,0,0
370771,2,1,0,0,0,0,0,0,0,0,0,0
370772,1,1,0,0,0,0,0,0,0,0,0,0
370773,0,1,0,0,21,0,0,10,0,0,0,0
370773,1,1,3,0,0,0,0,0,0,0,16,0
370774,1,1,0,0,0,0,0,0,0,0,0,0
370774,2,1,0,0,0,0,0,0,0,0,0,0
370775,1,1,0,0,0,0,10,0,0,0,0,0
370775,2,1,0,0,0,0,0,0,0,0,0,0
370775,3,1,0,0,0,0,0,0,0,0,0,0
370777,1,1,0,0,0,0,0,0,0,0,0,0
370778,1,1,24,24,24,24,24,24,24,24,24,24
370779,0,1,0,0,0,16,0,0,0,0,16,21
370779,1,1,13,0,5,0,19,4,0,11,14,0
370780,0,1,0,28,3,0,0,7,0,0,0,0
370780,1,1,16,18,31,5,10,7,17,15,21,11
370781,1,1,0,0,0,0,0,0,0,0,0,0
370782,1,1,0,0,0,0,0,0,0,21,0,0
370782,2,1,0,0,0,0,0,0,0,0,0,0
370783,1,1,0,0,0,0,0,0,0,0,0,0
370784,1,1,0,0,0,0,0,0,0,0,0,0
370784,2,1,0,0,0,0,0,0,0,0,0,0
370785,1,1,0,0,0,0,0,0,0,0,0,23
370785,2,1,0,0,0,0,0,0,0,0,0,0
370785,3,1,0,0,0,13,0,0,0,0,0,0
370786,0,1,0,0,0,0,0,0,0,0,0,0
370786,1,1,25,0,0,6,0,0,17,0,15,25
370787,1,1,0,0,0,0,0,0,0,0,0,0
370787,2,1,0,0,0,0,0,0,0,0,0,0
370788,1,1,14,14,14,14,14,14,14,14,14,14
370789,1,1,0,0,0,0,0,0,0,0,0,0
370789,2,1,0,0,0,0,0,0,0,0,0,0
370789,3,1,0,0,21,0,0,0,0,0,0,0
370790,0,1,0,0,0,0,0,0,0,0,17,0
370790,1,1,0,0,0,15,0,0,0,0,0,0
370791,1,1,0,0,0,0,0,0,0,0,0,0
370792,0,1,0,18,18,0,0,26,8,0,0,0
370792,1,1,0,0,0,0,0,0,0,15,0,0
370793,1,1,0,0,0,0,0,0,0,0,0,0
370793,2,1,0,0,0,0,0,31,0,0,0,0
370793,3,1,0,7,0,0,0,0,0,0,0,0
370794,1,1,0,0,0,0,0,0,0,0,0,0
370796,0,1,0,0,0,0,0,0,0,0,0,0
370796,1,1,0,0,0,0,0,10,0,0,0,0
370797,1,1,16,0,20,0,0,0,25,0,0,0
370798,1,1,13,3,0,0,6,18,3,0,22,14
370799,1,1,0,0,0,0,0,0,0,0,0,0
370800,0,1,0,0,0,0,0,0,0,0,0,0
370800,1,1,0,0,0,0,0,0,0,0,0,16
370801,1,1,22,22,22,22,22,22,22,22,22,22
370802,1,1,0,0,0,0,0,0,0,0,0,0
370802,2,1,0,0,0,0,0,0,0,0,0,0
370803,1,1,0,0,0,0,0,0,0,0,0,0
370804,1,1,0,0,0,0,0,0,0,0,0,0
370804,2,1,0,0,0,0,0,0,0,13,0,0
370805,0,1,0,0,0,0,0,0,0,0,0,0
370805,1,1,0,0,0,0,0,0,0,0,0,0
370806,0,1,41,44,0,4,20,43,23,0,17,35
370806,1,1,0,0,0,0,0,0,0,0,0,0
370807,1,1,0,0,0,0,0,0,0,0,0,0
370807,2,1,0,0,0,0,0,15,0,0,0,0
370808,0,1,12,0,0,0,0,55,18,0,6,13
370808,1,1,0,0,0,0,0,0,0,0,0,0
370809,1,1,0,0,0,0,0,0,9,7,0,15
370809,2,1,0,0,0,0,0,0,0,0,0,0
370810,0,1,0,0,26,0,0,0,0,0,0,0
370810,1,1,0,0,0,0,0,0,0,0,0,0
370811,0,1,26,26,26,26,26,26,26,26,26,26
370811,1,1,0,0,0,0,0,0,0,0,0,0
370812,1,1,0,0,0,0,0,0,0,0,0,0
370813,1,1,0,0,0,0,0,0,0,0,0,0
370813,2,1,0,0,0,0,0,0,0,0,0,0
370814,1,1,0,0,0,0,0,0,0,0,0,0
370815,1,1,8,0,0,0,9,0,8,12,7,18
370815,2,1,0,0,0,0,0,0,0,0,0,0
370816,1,1,0,5,0,0,31,16,0,23,0,4
370817,1,1,0,0,0,0,0,0,0,0,0,0
370817,2,1,0,0,22,0,0,0,0,0,0,0
370818,1,1,0,0,13,0,12,0,0,0,0,0
370819,1,1,0,10,0,22,0,0,0,0,17,14
370820,1,1,0,0,0,0,0,31,0,25,0,0
370820,2,1,0,0,0,0,0,0,0,0,0,0
370821,1,1,0,0,0,0,0,0,0,0,0,0
370821,2,1,0,0,0,0,0,0,0,0,0,0
370822,1,1,0,0,0,0,0,0,0,0,0,0
370823,1,1,0,0,0,0,0,0,0,0,0,0
370824,0,1,0,0,0,0,0,0,0,0,0,0
370824,1,1,17,25,14,7,21,31,4,18,25,0
370825,1,1,0,0,0,0,0,0,0,0,0,0
370825,2,1,0,0,0,0,0,0,0,0,0,0
370826,1,1,0,0,0,0,0,0,0,0,0,0
370826,2,1,0,0,0,0,0,0,0,0,0,0
370827,1,1,19,0,8,0,45,0,0,0,13,0
370827,2,1,44,0,8,0,10,20,0,0,15,11
370828,1,1,0,0,0,0,0,0,0,0,0,0
370828,2,1,0,0,0,0,0,0,0,0,0,0
370829,1,1,16,13,24,7,13,6,13,15,14,21
370829,2,1,0,0,0,0,0,0,0,0,0,0
370829,3,1,0,27,0,0,0,0,0,0,0,0
370830,0,1,35,33,18,26,19,23,0,11,35,20
370830,1,1,0,0,0,0,0,0,0,0,0,0
370831,1,1,16,15,14,13,21,2,33,22,17,24
370832,1,1,12,24,0,13,0,0,6,13,5,22
370833,2,1,0,0,0,0,0,0,0,0,0,0
370834,1,1,0,0,0,0,0,0,0,0,0,0
370834,2,1,0,0,0,0,0,0,0,0,0,0
370835,1,1,0,0,18,27,5,0,0,0,25,0
370836,1,1,0,0,0,0,9,0,0,5,0,13
370836,2,1,0,0,0,0,0,0,0,0,0,0
370837,1,1,0,0,0,0,0,0,0,0,0,0
370838,1,1,0,0,0,0,0,0,0,0,0,0
370839,1,1,0,0,0,0,0,0,0,0,0,0
370841,1,1,30,0,33,0,0,0,0,0,15,0
370842,1,1,0,0,0,4,0,0,0,0,16,24
370843,1,1,0,0,0,27,0,0,20,0,0,27
370843,2,1,0,0,0,0,0,0,0,0,0,0
370844,1,1,0,0,0,0,0,0,0,0,0,0
370844,2,1,0,0,7,0,0,0,0,0,4,0
370845,1,1,0,0,6,0,0,0,0,0,0,0
370845,2,1,0,0,0,0,0,0,0,0,0,0
370846,1,1,24,24,24,24,24,24,24,24,24,24
370847,0,1,0,0,0,0,0,0,0,0,0,0
370847,1,1,0,0,0,0,0,0,0,0,0,0
370848,0,1,64,0,0,0,0,0,14,0,8,0
370848,1,1,0,0,0,0,0,0,0,0,0,0
370849,0,1,0,0,0,0,0,0,0,0,0,0
370849,1,1,0,0,0,0,0,0,0,0,0,0
370850,0,1,0,0,0,0,0,0,0,0,0,0
370850,1,1,0,0,0,0,0,0,0,0,0,0
370851,1,1,0,0,0,0,0,0,0,0,0,0
370851,2,1,0,0,0,0,0,0,0,0,0,0
370852,1,1,0,0,0,0,0,0,0,0,0,18
370853,1,1,5,0,13,9,14,5,0,15,0,19
370854,1,1,0,0,0,0,0,0,0,0,0,0
370855,1,1,0,0,0,0,0,0,0,0,0,0
370856,1,1,0,0,0,0,0,0,0,0,0,0
370857,1,1,0,0,0,0,0,0,0,0,0,0
370858,1,1,0,0,0,0,0,0,0,0,0,0
370858,2,1,3,8,7,9,0,12,0,24,0,0
370859,1,1,0,0,0,0,0,0,25,0,0,0
370860,1,1,24,52,13,0,39,16,0,0,0,16
370861,1,1,11,11,11,11,11,11,11,11,11,11
370862,1,1,4,4,4,4,4,4,4,4,4,4
370863,1,1,0,22,0,0,19,17,0,0,0,13
370864,1,1,0,0,0,0,0,0,0,0,14,0
370865,1,1,0,0,0,0,0,0,0,0,12,0
370866,1,1,0,0,0,0,0,0,0,0,0,0
370866,2,1,0,0,0,0,0,0,0,0,0,0
370866,3,1,0,0,0,0,0,0,0,0,0,0
370866,4,1,0,0,0,0,0,0,0,21,0,0
370866,5,1,0,0,0,0,0,0,0,0,0,0
370866,6,1,0,0,0,0,0,0,0,0,0,0
370867,0,1,0,0,25,0,0,19,0,0,0,25
370867,1,1,0,0,0,0,17,0,0,0,0,0
370868,1,1,17,0,13,28,0,11,16,0,5,13
370869,1,1,0,0,0,0,18,10,0,0,0,0
370870,1,1,0,0,16,0,0,0,0,0,0,0
370870,2,1,0,0,0,0,0,0,0,0,0,0
370871,1,1,16,16,16,16,16,16,16,16,16,16
370871,2,1,0,0,0,17,0,0,0,0,0,0
370872,0,1,0,0,0,0,0,0,0,0,0,0
370872,1,1,0,0,0,0,0,0,0,0,0,0
370873,0,1,0,0,0,0,0,0,0,0,0,0
370873,0,2,0,0,0,0,0,0,0,0,0,0
370873,0,3,0,0,0,0,0,0,0,0,0,0
370873,1,1,0,0,0,0,0,0,0,0,0,0
370874,1,1,0,0,0,0,0,0,0,0,0,0
370875,1,1,0,0,0,0,0,29,13,0,0,0
370875,2,1,0,0,0,0,0,0,0,0,0,0
370876,1,1,3,3,3,3,3,3,3,3,3,3
370877,1,1,0,0,0,0,0,13,0,0,0,0
370878,1,1,32,19,15,24,15,8,13,10,11,9
370879,1,1,9,9,9,9,9,9,9,9,9,9
370879,2,1,0,0,0,0,0,0,0,0,0,0
370880,1,1,0,0,0,0,0,0,0,0,0,0
370880,2,1,0,0,0,0,0,0,0,0,0,0
370881,1,1,0,0,0,0,0,5,0,0,0,0
370882,1,1,20,20,0,7,32,10,14,23,21,6
370883,1,1,14,22,13,14,20,18,16,30,16,26
370884,1,1,12,22,13,11,17,7,34,23,21,25
370885,1,1,0,9,0,0,0,0,0,0,0,0
370885,2,1,0,0,0,0,0,0,0,0,0,0
370887,1,1,14,14,14,14,14,14,14,14,14,14
370887,2,1,0,0,0,0,0,0,0,0,0,0
370888,1,1,0,0,11,0,23,14,0,0,0,14
370889,1,1,0,0,0,0,0,0,0,0,0,0
370889,2,1,0,0,0,0,0,0,0,0,0,0
370890,0,1,0,0,0,0,0,0,0,0,0,0
370890,1,1,0,0,0,0,0,0,0,0,0,0
370891,0,1,0,0,0,0,0,0,0,0,0,0
370891,2,1,0,0,0,0,0,0,0,0,0,0
370891,3,1,0,0,5,21,0,0,0,0,0,0
370892,1,1,0,0,0,0,0,0,0,0,0,0
370893,1,1,17,16,21,0,28,0,15,0,0,41
370894,1,1,0,0,0,17,0,0,0,0,0,0
370894,2,1,0,10,0,0,0,0,0,0,0,0
370895,1,1,0,0,0,0,0,0,0,0,0,0
370895,2,1,0,0,0,0,0,0,0,0,0,0
370896,1,1,0,0,0,0,0,0,0,29,0,5
370896,2,1,0,0,0,0,0,0,0,0,0,0
370897,0,1,0,0,0,0,0,0,0,0,0,0
370897,1,1,0,0,0,0,0,0,0,0,0,0
370898,1,1,0,13,10,16,16,9,16,17,20,23
370898,2,1,0,0,0,0,0,0,0,0,0,0
370899,1,1,0,0,0,0,0,0,0,0,0,0
370899,2,1,0,0,0,0,0,0,0,0,15,0
370900,1,1,0,0,0,0,0,0,0,0,0,0
370900,2,1,20,12,20,26,10,29,12,44,9,5
370901,1,1,20,20,20,20,20,20,20,20,20,20
370902,1,1,0,0,0,0,0,0,0,0,0,0
370903,1,1,14,14,14,14,14,14,14,14,14,14
370903,2,1,0,14,0,0,0,0,0,0,0,0
370904,1,1,0,0,0,0,0,0,0,0,0,0
370905,0,1,0,0,0,33,0,0,0,10,0,0
370905,1,1,0,0,0,0,0,0,0,0,0,0
370906,1,1,0,0,10,0,9,0,0,0,0,0
370906,2,1,23,23,23,23,23,23,23,23,23,23
370907,1,1,24,0,0,0,0,0,0,0,0,0
370908,1,1,0,0,0,0,0,0,0,0,0,0
370909,1,1,0,17,0,0,21,0,0,11,0,0
370909,2,1,0,0,0,0,0,0,34,0,0,0
370910,1,1,12,9,0,0,0,0,0,0,12,14
370910,2,1,0,0,0,0,0,0,0,0,0,0
370911,0,1,14,0,0,0,27,0,0,25,23,0
370911,1,1,0,0,0,0,0,0,0,0,10,0
370913,1,1,0,0,9,6,14,0,0,0,0,0
370913,2,1,33,20,8,15,11,12,11,24,18,12
370914,0,1,0,3,32,0,0,0,0,0,0,0
370914,1,1,0,0,0,0,0,0,0,0,0,0
370914,2,1,0,0,0,0,0,0,0,0,0,0
370915,1,1,0,0,0,0,0,0,0,0,0,0
370915,2,1,0,0,0,0,0,0,0,0,0,0
370916,1,1,14,20,11,17,13,19,20,10,0,18
370917,1,1,20,7,14,24,34,17,8,22,10,27
370918,0,1,0,0,0,0,0,0,9,0,0,0
370918,1,1,0,0,9,0,0,0,18,0,0,0
370919,1,1,28,0,0,0,0,0,0,0,0,0
370919,2,1,38,0,43,31,29,0,0,9,0,10
370920,1,1,13,0,0,10,18,22,14,0,0,18
370921,0,1,20,0,12,26,32,9,13,28,27,27
370921,1,1,0,0,7,0,0,0,0,0,0,16
370922,1,1,30,21,8,0,4,23,0,0,0,23
370922,2,1,8,0,0,0,0,0,0,0,0,0
370923,0,1,0,0,8,0,0,13,6,11,0,0
370923,0,2,0,0,0,0,0,0,0,0,0,0
370923,1,1,0,0,0,0,0,0,0,0,0,0
370924,1,1,0,0,0,0,0,0,0,0,0,0
370924,2,1,0,0,0,0,0,0,0,0,0,0
370924,3,1,0,0,0,0,0,27,0,0,0,0
370924,4,1,0,0,0,0,0,0,0,11,0,0
370925,0,1,0,0,0,0,0,0,0,0,0,22
370925,1,1,0,0,0,0,0,0,0,0,0,0
370926,0,1,20,18,19,10,11,16,31,5,18,13
370926,1,1,0,0,0,0,0,0,0,0,0,0
370927,1,1,0,0,0,11,0,0,0,15,0,28
370927,2,1,24,0,0,0,0,0,0,0,0,0
370928,1,1,9,0,0,0,0,0,0,3,0,0
370928,2,1,0,0,0,0,0,0,0,0,0,0
370928,3,1,0,0,8,0,0,8,0,0,0,0
370929,1,1,0,0,0,0,0,0,0,0,0,0
370929,2,1,0,28,0,0,0,0,0,0,0,0
370930,0,1,0,0,0,0,0,0,0,0,0,0
370930,1,1,0,0,0,0,0,0,0,0,0,0
370931,1,1,0,0,0,0,0,0,0,0,0,0
370932,1,1,0,0,0,0,0,0,0,21,0,12
370932,2,1,0,0,0,0,0,0,0,0,0,17
370933,1,1,10,10,10,10,10,10,10,10,10,10
370934,1,1,0,0,0,0,0,0,0,0,0,0
370935,1,1,0,0,0,0,6,0,0,0,0,0
370935,2,1,0,0,0,0,0,0,0,0,0,0
370936,1,1,0,0,0,0,0,0,0,0,0,0
370937,1,1,0,0,0,0,0,0,0,0,0,0
370938,1,1,0,0,0,0,0,0,0,0,0,0
370938,2,1,0,0,0,0,0,0,0,0,0,0
370939,1,1,0,0,0,0,0,0,0,0,0,0
370940,1,1,0,0,0,0,0,0,0,0,0,0
370941,1,1,0,0,0,0,0,0,0,0,0,0
370941,2,1,0,0,0,0,0,0,0,0,0,0
370942,1,1,0,0,0,0,0,0,0,0,0,0
370942,2,1,0,0,0,0,0,0,0,0,0,0
370942,3,1,0,0,0,0,0,0,0,0,0,0
370943,1,1,0,0,0,0,0,0,0,0,0,0
370943,2,1,0,0,0,16,0,0,0,0,0,0
370944,1,1,0,0,0,0,0,0,0,0,0,0
370944,2,1,0,0,0,0,0,0,0,0,0,0
370944,3,1,0,0,0,0,0,0,0,0,0,0
370945,1,1,16,0,0,8,0,0,16,0,17,20
370946,1,1,0,0,0,0,0,10,0,10,0,0
370947,1,1,8,0,0,0,0,0,0,0,0,0
370947,2,1,0,0,0,0,0,20,0,0,0,0
370948,1,1,15,15,15,15,15,15,15,15,15,15
370949,1,1,0,0,0,0,0,0,0,0,0,0
370950,1,1,0,0,0,0,0,0,0,0,0,0
370950,2,1,0,0,0,0,0,0,0,0,0,0
370951,1,1,21,5,16,10,18,9,22,10,41,16
370952,1,1,6,5,30,17,17,22,11,18,20,15
370953,1,1,0,0,0,0,0,20,0,0,0,0
370953,2,1,0,0,0,0,0,0,0,0,0,0
370953,3,1,0,0,0,0,0,0,0,0,0,0
370954,1,1,5,23,0,0,27,0,11,0,0,14
370954,2,1,0,0,0,17,0,0,0,0,0,12
370955,1,1,0,0,0,0,0,0,0,0,0,0
370956,1,1,0,0,0,0,0,0,0,0,0,0
370957,1,1,0,0,0,0,0,0,0,0,0,0
370957,2,1,0,0,17,0,0,0,0,0,0,0
370958,1,1,0,16,0,0,0,23,0,28,28,28
370958,2,1,0,0,0,0,0,0,0,0,0,0
370959,1,1,33,12,0,19,14,17,8,14,21,28
370960,1,1,0,0,0,0,0,0,0,0,0,0
370960,2,1,22,0,0,0,8,0,14,2,21,0
370960,3,1,0,0,0,6,0,0,0,17,12,0
370961,1,1,13,13,13,13,13,13,13,13,13,13
370961,2,1,0,0,0,0,0,0,0,0,0,0
370962,1,1,0,0,0,0,0,0,0,0,0,0
370962,2,1,0,0,0,22,0,0,0,0,0,0
370963,1,1,20,20,20,20,20,20,20,20,20,20
370963,2,1,21,21,21,21,21,21,21,21,21,21
370963,3,1,0,0,0,0,0,0,0,0,0,0
370964,1,1,0,0,0,0,0,0,0,0,0,0
370964,2,1,0,0,0,0,0,0,0,0,0,0
370965,0,1,0,0,0,0,0,0,0,0,0,0
370965,1,1,0,0,0,0,0,0,0,0,0,0
370966,1,1,0,0,0,0,0,0,0,0,0,0
370967,1,1,0,0,0,0,0,0,0,0,0,0
370967,2,1,0,0,0,0,0,0,0,0,0,0
370968,1,1,0,0,0,0,0,0,0,0,0,0
370969,0,1,0,0,0,0,19,59,0,0,0,20
370969,1,1,0,0,0,0,0,0,0,0,0,19
370970,0,1,0,0,0,0,0,0,0,16,0,0
370970,1,1,0,0,0,0,0,0,0,0,0,17
370971,1,1,0,0,0,0,0,0,0,0,0,0
370971,2,1,0,0,0,0,0,0,0,0,0,0
370971,3,1,0,0,0,0,0,0,0,0,0,0
370972,0,1,0,21,0,21,28,0,0,0,0,0
370972,1,1,8,15,10,10,13,0,7,11,0,2
370973,1,1,0,0,0,0,0,0,0,0,0,0
370973,2,1,0,0,0,0,0,0,0,0,0,0
370973,3,1,0,0,6,0,6,0,0,21,17,22
370974,1,1,21,21,21,21,21,21,21,21,21,21
370975,0,1,0,0,0,0,0,0,0,0,0,0
370975,1,1,0,0,0,0,0,0,0,26,0,0
370976,1,1,8,8,8,8,8,8,8,8,8,8
370976,2,1,0,0,0,0,0,0,0,0,0,0
370977,1,1,29,12,5,5,11,0,6,12,19,24
370978,1,1,0,0,0,0,0,0,0,0,0,0
370978,2,1,0,0,0,9,0,0,0,0,0,0
370979,1,1,12,17,7,16,21,6,32,29,8,12
370980,1,1,0,0,0,0,0,0,0,0,0,0
370980,2,1,0,0,0,0,0,0,0,0,0,0
370980,3,1,19,0,0,0,0,0,0,0,0,20
370981,1,1,0,0,0,11,0,0,0,0,0,0
370981,2,1,0,0,24,0,7,0,0,0,0,0
370982,1,1,12,15,0,0,18,23,27,13,25,16
370983,1,1,0,0,0,0,0,0,0,0,0,0
370983,2,1,0,0,0,0,0,0,0,7,0,0
370984,1,1,13,13,13,13,13,13,13,13,13,13
370985,1,1,19,24,5,2,0,26,8,15,16,6
370985,2,1,0,0,0,0,0,0,0,0,0,0
370986,1,1,0,0,0,0,0,0,0,0,0,0
370987,1,1,31,31,31,31,31,31,31,31,31,31
370988,1,1,0,0,18,0,0,0,0,0,0,0
370988,2,1,0,0,0,0,0,0,0,0,0,0
370989,1,1,0,0,0,0,0,0,0,0,0,0
370990,1,1,11,11,11,11,11,11,11,11,11,11
370991,1,1,0,0,0,0,0,0,0,0,0,0
370992,1,1,21,21,21,21,21,21,21,21,21,21
370992,2,1,0,0,0,0,0,0,0,0,12,0
370993,1,1,13,16,14,16,20,16,19,24,14,14
370993,2,1,4,8,5,12,20,4,10,19,17,10
370994,1,1,0,20,0,0,32,0,0,0,4,0
370995,1,1,27,21,18,0,0,11,23,33,37,14
370996,1,1,26,10,16,8,10,28,12,15,7,11
370997,1,1,0,0,0,0,0,0,0,0,0,0
370997,2,1,5,5,5,5,5,5,5,5,5,5
370998,0,1,0,0,0,0,0,0,0,0,0,0
370998,1,1,0,0,0,0,0,0,0,0,0,0
370998,2,1,0,0,0,0,0,0,0,0,0,0
370999,1,1,0,0,0,0,0,0,0,0,0,0
371000,1,1,0,0,0,0,0,0,0,0,0,0
371000,2,1,0,0,0,0,0,0,0,0,0,0
371001,1,1,0,0,0,0,0,0,0,0,0,0
371002,1,1,0,0,0,0,0,19,0,0,11,22
371002,2,1,7,0,0,0,0,0,0,0,0,0
371002,3,1,0,0,0,0,0,30,0,0,0,0
371003,1,1,13,0,0,0,0,15,3,24,24,13
371004,1,1,15,15,15,15,15,15,15,15,15,15
371005,1,1,19,23,10,0,9,16,13,8,13,12
371005,2,1,0,0,0,0,0,0,0,0,0,0
371006,1,1,0,0,0,0,0,0,0,0,0,0
371006,2,1,0,0,0,0,0,0,0,15,0,0
371007,1,1,0,10,0,0,0,0,0,0,0,0
371007,2,1,0,0,0,0,0,0,0,0,0,0
371008,1,1,0,17,0,0,0,0,0,0,24,0
371009,1,1,0,0,0,0,0,9,0,0,0,0
371009,2,1,0,0,0,0,0,0,0,0,0,0
371009,3,1,0,0,0,0,0,0,0,0,0,0
371010,0,1,15,22,30,12,24,15,16,26,31,36
371010,2,1,0,0,0,0,0,0,0,0,0,0
371011,1,1,5,10,8,6,8,2,8,2,0,14
371011,2,1,0,0,28,0,0,0,0,0,0,0
371011,3,1,0,0,0,0,9,0,0,0,0,0
371012,1,1,0,0,21,0,0,0,0,0,0,0
371012,2,1,0,0,0,0,0,0,0,0,0,0
371012,3,1,0,0,0,25,0,0,0,5,0,0
371013,1,1,0,0,0,0,0,0,0,0,0,0
371014,1,1,0,0,0,8,29,0,0,0,0,0
371015,1,1,13,16,0,24,0,20,0,21,0,0
371016,1,1,0,0,0,0,0,0,0,11,0,0
371016,2,1,0,0,0,0,0,0,0,0,0,0
371017,1,1,27,27,27,27,27,27,27,27,27,27
371017,2,1,0,0,0,0,0,0,0,0,0,0
371018,1,1,11,11,11,11,11,11,11,11,11,11
371019,1,1,0,13,0,0,0,0,0,0,0,0
371019,2,1,0,0,0,0,0,0,0,12,0,0
371020,1,1,0,0,0,0,0,0,0,1,0,0
371020,2,1,18,0,23,20,23,27,23,4,23,12
371021,1,1,0,0,0,0,0,14,0,0,0,0
371021,2,1,0,0,0,0,0,0,0,0,0,0
371022,1,1,2,2,2,2,2,2,2,2,2,2
371023,1,1,0,0,0,0,0,0,17,0,0,0
371023,2,1,0,0,0,0,0,0,0,0,0,0
371024,1,1,0,18,0,0,0,0,0,0,0,37
371025,1,1,0,0,0,0,0,0,0,0,0,0
371025,2,1,0,0,0,0,0,0,0,0,0,0
371026,1,1,27,20,11,11,24,11,7,12,18,11
371027,1,1,0,0,0,0,0,0,0,0,0,0
371027,2,1,0,0,0,0,0,0,9,0,0,0
371028,1,1,0,0,0,16,21,3,15,0,0,0
371029,0,1,16,16,16,16,16,16,16,16,16,16
371029,1,1,0,0,0,0,0,0,0,0,0,0
371030,1,1,0,0,20,0,0,13,0,0,7,0
371030,2,1,0,0,0,0,0,0,0,0,0,0
371031,1,1,0,0,0,0,0,0,0,0,0,0
371032,1,1,0,0,0,0,0,0,0,0,0,0
371032,2,1,0,0,0,0,0,0,0,0,0,0
371033,1,1,0,0,0,0,0,0,0,0,0,0
371033,2,1,0,0,0,0,0,0,0,0,0,0
371034,1,1,0,0,0,0,0,0,0,0,0,0
371034,2,1,0,0,0,0,0,0,0,0,0,0
371035,1,1,5,5,5,5,5,5,5,5,5,5
371035,2,1,0,0,0,0,0,0,0,0,0,15
371035,3,1,0,0,0,0,0,0,0,0,0,0
371035,4,1,0,0,0,0,0,0,0,0,0,0
371037,1,1,0,31,0,31,0,0,14,0,0,17
371038,1,1,0,0,0,0,0,0,0,0,0,0
371038,2,1,0,0,0,0,0,0,0,0,0,0
371040,1,1,0,0,0,0,0,0,0,0,0,0
371040,2,1,0,0,0,0,0,0,0,0,0,0
371041,1,1,0,0,0,0,0,0,0,0,0,0
371041,2,1,0,0,0,10,0,0,0,0,0,0
371042,0,1,0,42,0,0,0,0,0,0,6,0
371042,1,1,0,0,0,0,0,0,0,0,11,0
371043,1,1,0,0,0,0,0,0,0,0,0,0
371043,2,1,12,12,12,12,12,12,12,12,12,12
371044,0,1,0,0,27,0,0,0,0,21,0,0
371044,1,1,0,0,0,0,0,0,0,0,0,0
371045,1,1,0,0,0,0,0,0,0,0,0,0
371045,2,1,28,10,2,0,14,8,9,5,8,15
371046,1,1,0,0,0,0,0,0,0,0,0,0
371046,2,1,0,0,0,0,0,0,0,0,0,0
371047,1,1,0,0,0,0,0,0,0,0,0,0
371047,2,1,0,0,0,0,0,0,0,0,0,0
371047,3,1,0,0,0,0,0,0,0,0,0,0
371048,0,1,0,0,0,0,0,0,0,0,0,29
371048,1,1,0,0,0,0,0,0,0,0,0,0
371049,1,1,0,0,0,0,0,0,0,0,0,0
371049,2,1,0,0,0,0,0,0,0,0,0,0
371050,1,1,0,0,0,0,0,0,0,0,0,0
371050,2,1,0,0,0,0,0,0,0,0,0,20
371051,1,1,0,0,10,0,0,0,0,0,0,0
371051,2,1,0,0,10,0,0,0,0,0,0,0
371052,1,1,0,0,0,0,0,0,0,0,0,0
371052,2,1,0,0,0,0,0,0,0,0,0,0
371053,1,1,0,0,0,0,0,0,0,0,0,0
371053,2,1,0,0,0,0,0,0,0,0,0,11
371054,1,1,0,0,0,0,0,0,0,0,0,0
371054,2,1,0,0,0,0,0,0,0,0,0,0
371055,1,1,0,0,0,0,0,0,0,0,0,0
371056,1,1,23,0,0,0,12,24,0,0,17,0
371056,2,1,0,0,0,0,0,0,0,0,0,0
371056,3,1,0,0,0,0,0,0,0,0,0,0
371057,1,1,0,0,0,0,0,0,0,0,0,0
371058,1,1,0,0,0,0,17,0,13,22,19,0
371059,1,1,0,0,0,0,0,0,0,18,0,16
371060,0,1,0,0,0,17,0,0,0,0,0,0
371060,1,1,12,13,13,28,22,12,6,23,9,20
371061,1,1,0,0,13,12,0,13,0,0,23,0
371061,2,1,0,0,0,0,0,0,0,0,0,0
371062,1,1,0,0,0,0,0,0,0,0,0,0
371062,2,1,0,15,27,14,0,0,0,21,0,14
371064,1,1,8,8,8,8,8,8,8,8,8,8
371064,2,1,0,0,0,0,0,0,0,0,0,0
371065,0,1,0,0,0,0,0,0,0,0,0,0
371065,1,1,0,18,0,0,28,0,0,0,0,0
371066,1,1,0,0,0,0,0,0,0,0,0,0
371066,2,1,0,0,0,0,0,0,0,0,0,0
371066,3,1,0,0,0,0,0,0,0,0,0,0
371067,1,1,0,0,0,0,0,0,0,0,0,0