ST_CASE,VEH_NO,PER_NO,P1,P2,P3,P4,P5,P6,P7,P8,P9,P10
390044,1,1,11,11,11,11,11,11,11,11,11,11
390044,2,1,0,0,11,0,0,0,11,0,10,0
390045,1,1,20,20,20,20,20,20,20,20,20,20
390046,1,1,0,7,0,0,2,0,0,6,0,0
390046,2,1,16,16,16,16,16,16,16,16,16,16
390047,0,1,0,0,0,0,0,0,0,0,0,0
390047,2,1,0,0,0,0,0,0,0,0,0,0
390047,3,1,0,0,0,0,0,0,0,0,10,0
390048,1,1,22,22,22,22,22,22,22,22,22,22
390048,2,1,0,4,0,0,0,7,0,9,7,9
390048,3,1,0,0,0,0,0,7,0,0,0,0
390049,1,1,0,0,0,0,0,0,0,0,0,0
390050,1,1,0,0,0,0,0,0,0,0,0,0
390051,1,1,0,0,0,0,0,0,0,0,0,0
390052,1,1,22,22,22,22,22,22,22,22,22,22
390053,1,1,29,29,29,29,29,29,29,29,29,29
390053,2,1,12,0,0,15,0,0,0,14,23,8
390054,1,1,0,0,0,0,0,0,28,0,0,0
390054,2,1,0,0,0,0,0,0,0,0,0,29
390055,1,1,0,0,0,0,0,0,0,0,0,0
390055,2,1,0,0,0,0,0,0,0,0,0,0
390056,1,1,0,0,0,0,0,0,22,0,0,0
390057,1,1,16,16,16,16,16,16,16,16,16,16
390059,1,1,17,17,17,17,17,17,17,17,17,17
390060,1,1,0,0,0,0,0,4,0,0,0,0
390060,2,1,0,0,0,0,0,0,0,0,0,0
390061,1,1,0,0,9,0,0,0,25,0,0,0
390061,2,1,0,0,0,0,0,0,0,0,0,0
390062,1,1,0,0,0,0,0,0,0,0,0,0
390062,2,1,0,0,0,0,0,0,0,0,0,0
390063,1,1,0,34,0,23,0,0,0,0,19,23
390064,1,1,13,13,13,13,13,13,13,13,13,13
390064,2,1,0,17,0,0,13,0,24,27,18,27
390065,1,1,0,0,0,0,0,0,0,0,0,0
390066,0,1,0,0,0,0,0,0,0,0,0,0
390066,1,1,0,0,0,0,0,0,0,0,0,0
390066,2,1,0,0,0,0,0,0,0,0,11,0
390067,1,1,0,0,0,0,0,0,0,0,0,0
390068,1,1,0,0,0,0,0,0,0,0,0,0
390068,2,1,0,0,0,0,0,0,0,0,0,0
390069,0,1,0,0,0,0,0,0,0,0,0,0
390069,1,1,0,11,13,0,22,0,0,0,0,18
390070,1,1,0,0,0,0,0,0,0,0,0,0
390071,1,1,24,24,24,24,24,24,24,24,24,24
390072,1,1,21,21,21,21,21,21,21,21,21,21
390073,0,1,0,0,0,0,0,0,0,0,0,0
390073,1,1,0,0,9,0,0,12,26,0,9,10
390074,1,1,0,0,0,7,0,0,0,0,0,0
390074,2,1,0,0,0,0,0,0,0,0,0,0
390076,1,1,0,0,0,0,0,0,0,0,0,0
390076,2,1,0,0,0,0,0,0,0,0,0,0
390076,3,1,0,0,0,0,0,0,0,0,0,0
390076,4,1,0,0,0,0,0,0,0,0,0,0
390076,5,1,0,0,0,0,0,0,0,0,0,0
390077,0,1,0,0,0,0,0,0,0,0,0,0
390077,1,1,0,0,0,12,0,0,15,0,21,0
390078,1,1,19,18,0,0,0,0,22,0,0,0
390078,2,1,0,0,0,0,0,0,0,0,0,0
390079,2,1,0,0,23,0,17,0,0,0,0,16
390079,3,1,0,0,0,0,0,0,0,0,2,0
390080,0,1,0,0,0,0,0,0,0,0,0,0
390080,1,1,12,29,16,9,0,16,22,17,0,12
390081,1,1,24,24,24,24,24,24,24,24,24,24
390081,2,1,0,0,0,0,0,0,0,0,0,0
390082,1,1,0,0,0,0,0,0,0,0,0,0
390082,2,1,0,0,0,30,0,0,0,0,0,0
390083,1,1,0,5,0,0,0,0,0,11,0,0
390083,2,1,0,0,0,0,0,0,0,0,0,0
390084,1,1,0,0,0,0,0,0,0,0,0,0
390085,0,1,30,30,30,30,30,30,30,30,30,30
390085,1,1,2,0,34,0,0,7,0,9,0,9
390086,1,1,5,9,17,7,0,4,5,16,4,9
390086,2,1,0,0,0,0,0,0,0,0,0,0
390087,1,1,13,16,6,6,0,12,15,31,14,12
390087,2,1,28,11,0,8,10,0,23,23,5,20
390088,0,1,0,0,0,0,0,0,0,0,0,0
390088,1,1,0,0,0,0,0,0,0,0,0,0
390089,1,1,0,0,0,0,0,0,0,0,0,0
390090,1,1,26,26,26,26,26,26,26,26,26,26
390091,1,1,24,24,24,24,24,24,24,24,24,24
390092,1,1,0,12,14,11,14,3,12,11,10,0
390092,2,1,6,0,0,0,0,4,7,24,0,11
390094,0,1,0,0,0,0,0,0,0,0,0,0
390094,1,1,0,0,0,0,0,0,0,0,0,0
390095,1,1,14,0,0,0,0,0,5,12,0,0
390095,2,1,0,0,0,0,0,0,0,0,0,0
390096,1,1,0,0,0,0,0,0,0,0,0,0
390096,2,1,0,28,0,0,0,0,0,20,0,0
390097,1,1,16,16,16,16,16,16,16,16,16,16
390097,2,1,0,0,0,0,0,0,0,0,0,0
390098,1,1,0,0,0,0,0,0,0,0,0,0
390099,1,1,29,29,29,29,29,29,29,29,29,29
390099,2,1,0,0,0,0,0,0,0,0,0,0
390101,1,1,0,0,0,0,0,0,0,0,0,0
390103,1,1,25,11,0,16,24,0,7,0,34,16
390104,1,1,19,19,19,19,19,19,19,19,19,19
390104,2,1,0,0,0,0,0,0,0,0,0,0
390105,1,1,0,0,0,0,0,0,0,0,0,0
390105,2,1,0,0,0,0,0,0,0,0,5,0
390106,1,1,22,22,22,22,22,22,22,22,22,22
390107,0,1,4,4,4,4,4,4,4,4,4,4
390107,1,1,0,0,0,0,0,0,0,11,12,0
390108,0,1,0,0,0,0,0,0,0,0,0,0
390108,1,1,10,12,0,14,12,0,0,9,28,0
390109,1,1,0,0,0,0,0,0,0,0,0,0
390110,1,1,27,27,27,27,27,27,27,27,27,27
390112,1,1,33,33,33,33,33,33,33,33,33,33
390113,1,1,21,21,21,21,21,21,21,21,21,21
390114,0,1,29,29,29,29,29,29,29,29,29,29
390114,1,1,0,0,0,0,0,0,0,0,15,0
390115,1,1,0,0,0,0,0,0,0,0,0,0
390116,1,1,12,12,12,12,12,12,12,12,12,12
390117,1,1,0,0,0,0,0,0,0,0,0,0
390119,1,1,10,15,13,0,15,0,0,0,0,0
390119,2,1,0,0,0,0,0,0,0,0,0,6
390120,1,1,6,0,17,0,0,0,0,0,0,11
390120,2,1,0,0,0,0,0,0,0,0,0,0
390120,3,1,0,15,0,0,0,18,0,0,0,0
390121,1,1,0,0,0,0,0,0,0,0,0,0
390122,1,1,1,1,1,1,1,1,1,1,1,1
390123,1,1,0,0,0,0,0,0,0,0,0,0
390123,2,1,0,0,0,0,0,0,0,0,0,0
390124,1,1,21,21,21,21,21,21,21,21,21,21
390124,2,1,0,0,12,14,0,0,7,0,20,0
390126,1,1,23,23,23,23,23,23,23,23,23,23
390127,1,1,0,0,0,0,0,0,0,0,0,0
390127,2,1,0,0,0,0,0,0,0,0,0,0
390128,1,1,11,11,11,11,11,11,11,11,11,11
390128,2,1,0,0,4,0,0,0,0,0,0,0
390129,1,1,0,0,0,0,0,0,0,0,0,0
390130,1,1,9,0,16,7,14,9,0,0,0,9
390130,2,1,8,3,8,0,0,0,0,8,0,25
390131,1,1,0,0,0,16,0,0,21,8,0,0
390131,2,1,0,0,0,0,0,0,0,0,0,0
390132,1,1,0,0,0,0,0,0,0,0,24,0
390132,2,1,0,0,0,0,0,0,0,0,0,0
390132,3,1,0,0,0,0,0,0,0,0,3,0
390133,1,1,0,0,0,0,0,0,0,0,0,0
390133,2,1,0,3,0,0,0,0,0,0,0,0
390133,3,1,0,0,0,0,0,0,0,0,0,0
390134,1,1,33,33,33,33,33,33,33,33,33,33
390134,2,1,0,0,0,0,0,0,0,0,0,0
390135,1,1,0,0,0,0,0,0,0,0,0,0
390135,2,1,0,0,0,0,0,0,10,0,0,0
390136,1,1,0,0,0,0,0,0,0,0,0,0
390136,2,1,13,0,0,0,0,0,0,0,0,21
390137,1,1,0,0,0,0,0,0,0,0,0,0
390138,1,1,0,0,0,0,7,0,0,0,0,27
390138,2,1,0,0,0,0,0,0,0,0,0,0
390139,1,1,0,0,0,0,0,0,0,0,0,0
390140,1,1,0,0,0,0,0,0,0,0,0,0
390141,1,1,0,0,0,0,0,0,0,0,0,0
390141,2,1,0,0,0,0,0,0,0,0,0,0
390141,3,1,0,0,0,0,0,0,0,0,0,0
390142,1,1,0,0,0,0,0,0,0,0,0,0
390143,0,1,30,30,30,30,30,30,30,30,30,30
390143,1,1,0,0,0,0,0,17,0,0,0,0
390144,1,1,0,0,5,0,0,24,0,0,0,20
390145,1,1,0,0,0,0,0,14,0,0,0,14
390145,2,1,11,0,0,2,5,0,14,0,0,0
390146,1,1,6,6,6,6,6,6,6,6,6,6
390147,1,1,0,0,0,15,33,0,23,30,0,10
390148,1,1,17,17,17,17,17,17,17,17,17,17
390148,2,1,35,0,0,0,0,10,0,0,0,0
390149,1,1,0,15,29,0,0,0,0,10,0,0
390150,1,1,0,0,0,0,0,0,0,0,0,0
390150,2,1,0,0,0,0,0,14,0,3,0,0
390151,1,1,10,0,12,0,0,20,0,0,0,24
390151,2,1,0,20,21,8,0,0,16,0,0,0
390151,3,1,0,12,25,0,0,0,0,0,2,0
390151,4,1,0,0,0,0,0,0,0,0,0,0
390151,5,1,0,17,0,0,0,0,11,0,0,0
390153,1,1,0,0,0,0,0,0,0,0,0,0
390154,0,1,14,14,14,14,14,14,14,14,14,14
390154,1,1,28,0,23,0,0,15,5,0,11,0
390155,1,1,19,19,19,19,19,19,19,19,19,19
390155,2,1,0,0,0,0,0,0,0,0,0,0
390157,1,1,0,0,0,0,0,0,0,0,0,0
390157,2,1,0,0,0,0,0,0,0,0,0,0
390158,1,1,0,0,0,0,0,0,0,0,0,0
390159,1,1,19,0,8,0,0,40,0,9,17,0
390160,1,1,0,0,0,0,0,0,0,0,0,0
390161,1,1,0,0,0,0,0,0,0,0,0,0
390162,1,1,17,0,0,13,9,4,23,0,0,9
390162,2,1,0,0,0,0,0,0,0,0,0,0
390162,3,1,0,0,0,0,0,0,0,0,0,0
390163,1,1,1,1,1,1,1,1,1,1,1,1
390164,1,1,14,14,14,14,14,14,14,14,14,14
390164,2,1,22,12,0,0,0,0,0,0,15,8
390165,1,1,0,0,9,0,0,0,0,0,0,0
390166,1,1,8,8,8,8,8,8,8,8,8,8
390166,2,1,0,11,0,20,0,0,0,0,0,11
390167,1,1,0,0,0,0,0,0,0,0,0,0
390167,2,1,8,0,0,0,0,0,0,0,0,0
390168,1,1,0,0,0,0,0,0,0,0,0,0
390168,2,1,0,0,0,0,0,0,0,0,0,15
390169,1,1,0,0,0,0,0,0,0,0,0,0
390169,2,1,0,0,0,0,0,0,12,0,0,0
390170,1,1,19,19,19,19,19,19,19,19,19,19
390170,2,1,0,0,0,0,18,17,0,11,0,0
390171,0,1,0,0,0,0,0,0,0,0,0,0
390171,1,1,0,0,0,0,0,0,0,0,0,0
390172,1,1,0,0,0,0,0,0,0,0,0,0
390172,2,1,7,15,3,7,2,20,7,0,0,0
390173,1,1,0,10,0,9,0,0,15,0,0,0
390173,2,1,0,0,0,0,0,0,0,0,0,0
390174,1,1,22,22,22,22,22,22,22,22,22,22
390175,1,1,24,36,7,16,11,28,11,19,14,13
390176,1,1,19,0,0,0,24,0,0,0,0,0
390176,2,1,0,0,0,0,0,0,0,0,0,0
390176,3,1,0,0,0,0,0,0,0,0,0,0
390177,1,1,0,0,0,0,0,13,0,0,0,0
390177,2,1,27,27,27,27,27,27,27,27,27,27
390177,3,1,0,0,0,15,0,22,25,0,0,0
390177,4,1,0,0,0,0,11,9,0,9,0,0
390178,1,1,30,30,30,30,30,30,30,30,30,30
390179,1,1,16,16,16,16,16,16,16,16,16,16
390180,1,1,25,25,25,25,25,25,25,25,25,25
390181,1,1,0,0,0,0,0,0,0,0,0,0
390181,2,1,0,0,0,0,0,0,0,0,0,0
390182,1,1,0,0,0,0,0,0,0,0,0,0
390182,2,1,17,17,17,17,17,17,17,17,17,17
390183,1,1,21,21,21,21,21,21,21,21,21,21
390184,1,1,0,0,25,0,22,0,0,0,0,0
390185,1,1,27,27,27,27,27,27,27,27,27,27
390186,0,1,0,0,0,0,0,0,0,0,0,0
390186,1,1,0,0,33,0,0,0,0,0,24,0
390187,1,1,0,0,0,0,0,0,0,0,0,0
390187,2,1,0,0,0,0,0,0,0,0,0,0
390188,1,1,10,16,0,0,15,0,0,0,34,0
390189,1,1,0,0,0,0,0,0,0,0,0,0
390189,2,1,0,0,0,0,27,0,0,0,0,11
390190,1,1,0,0,0,0,9,12,9,0,0,0
390191,0,1,0,16,17,0,0,0,0,27,15,12
390191,1,1,0,0,0,17,0,0,0,13,23,16
390193,1,1,0,0,0,0,0,0,0,0,0,0
390194,1,1,0,0,27,9,24,0,0,0,0,11
390194,2,1,15,15,15,15,15,15,15,15,15,15
390195,1,1,36,36,36,36,36,36,36,36,36,36
390196,1,1,0,0,0,0,0,0,0,0,0,0
390196,2,1,0,0,0,0,0,0,0,0,0,0
390197,0,1,0,0,0,0,0,0,0,0,0,0
390197,0,2,0,0,0,0,0,0,0,0,0,0
390197,1,1,0,0,0,0,0,0,0,0,0,0
390198,1,1,0,0,0,0,0,0,0,0,0,0
390199,1,1,18,18,18,18,18,18,18,18,18,18
390200,1,1,0,12,0,0,0,0,0,0,0,0
390200,2,1,0,0,0,0,0,0,0,0,0,0
390201,1,1,0,0,0,0,0,0,0,0,0,0
390202,1,1,17,17,17,17,17,17,17,17,17,17
390203,0,1,0,0,0,0,0,0,0,0,0,0
390203,1,1,0,0,20,0,0,0,12,0,0,0
390204,1,1,0,0,0,0,0,0,0,0,0,0
390204,2,1,0,0,0,0,0,0,0,0,0,0
390205,1,1,16,0,2,0,6,0,0,0,7,0
390205,2,1,0,0,0,0,20,0,0,0,0,0
390206,1,1,0,0,0,0,0,0,14,0,0,0
390206,2,1,0,0,0,0,0,0,0,0,0,0
390207,1,1,14,14,14,14,14,14,14,14,14,14
390208,1,1,0,0,0,0,0,0,0,0,0,0
390208,2,1,0,0,0,0,6,0,0,0,0,0
390208,3,1,0,0,4,0,0,0,0,0,0,0
390209,0,1,0,0,0,0,0,0,0,0,0,0
390209,1,1,0,0,0,0,0,0,0,0,0,0
390210,0,1,0,0,0,0,0,0,0,0,0,0
390210,1,1,14,14,14,14,14,14,14,14,14,14
390211,1,1,0,0,0,0,0,0,0,0,0,0
390212,1,1,14,14,14,14,14,14,14,14,14,14
390212,2,1,0,0,0,0,0,0,0,0,0,0
390212,3,1,0,16,0,0,4,16,10,9,0,13
390213,1,2,12,0,0,12,0,6,0,4,16,0
390214,0,1,0,0,0,0,0,0,0,0,0,0
390214,1,1,0,0,0,0,0,0,0,0,0,0
390215,1,1,1,1,1,1,1,1,1,1,1,1
390216,1,1,23,23,23,23,23,23,23,23,23,23
390218,1,1,0,0,0,0,18,0,0,0,0,0
390219,1,1,0,0,0,0,0,0,0,0,0,0
390220,1,1,17,17,17,17,17,17,17,17,17,17
390220,2,1,0,0,0,0,0,0,0,0,0,0
390221,1,1,7,7,7,7,7,7,7,7,7,7
390221,2,1,0,0,0,0,0,0,0,0,0,0
390221,3,1,12,12,0,0,0,3,0,0,11,0
390221,4,1,0,0,0,22,0,0,0,16,0,0
390221,5,1,5,21,0,0,26,0,0,18,0,0
390222,1,1,0,0,0,0,0,0,0,0,0,0
390223,1,1,0,0,0,0,0,0,0,0,17,0
390223,2,1,0,0,0,0,0,0,0,0,0,0
390224,1,1,0,0,0,0,0,0,0,0,0,0
390225,1,1,0,0,0,19,0,12,10,3,0,0
390225,2,1,0,0,0,0,0,0,0,0,0,0
390226,1,1,33,33,33,33,33,33,33,33,33,33
390227,1,1,0,0,0,0,0,0,0,0,0,11
390227,2,1,0,0,0,0,0,0,0,0,0,0
390228,1,1,0,0,6,0,0,0,11,20,20,6
390228,2,1,0,0,0,0,0,0,0,0,0,0
390229,1,1,0,0,0,0,0,0,0,0,0,0
390229,2,1,0,0,0,0,0,0,0,0,0,0
390230,1,1,0,0,0,0,0,0,3,0,0,20
390230,2,1,0,0,0,0,0,0,0,0,0,0
390232,0,1,0,0,31,0,0,27,0,16,19,15
390232,0,2,0,0,0,0,0,0,0,0,0,0
390232,1,1,0,0,0,0,0,0,0,0,0,0
390233,1,1,0,0,0,0,0,0,0,0,0,0
390233,2,1,0,0,7,0,0,0,3,0,0,0
390234,1,1,29,29,29,29,29,29,29,29,29,29
390234,2,1,0,5,8,14,0,0,0,0,0,0
390235,1,1,0,0,0,0,0,0,0,0,0,0
390235,2,1,0,0,0,0,0,0,0,0,0,0
390236,1,1,17,17,17,17,17,17,17,17,17,17
390236,2,1,36,0,0,7,19,0,0,0,26,0
390237,1,1,19,19,19,19,19,19,19,19,19,19
390237,2,1,21,0,0,0,12,27,0,0,30,0
390238,1,1,27,27,27,27,27,27,27,27,27,27
390240,1,1,0,0,0,0,0,0,0,0,0,0
390240,2,1,0,0,0,0,0,0,0,0,0,0
390241,0,1,0,0,0,0,0,0,0,0,0,0
390241,0,2,0,0,0,0,0,0,0,0,0,0
390241,1,1,0,0,0,0,0,0,0,0,0,0
390242,1,1,18,18,18,18,18,18,18,18,18,18
390243,1,1,0,0,0,0,0,0,0,0,0,0
390244,1,1,0,0,0,0,0,0,0,0,0,0
390245,1,1,0,15,0,9,0,0,0,0,0,0
390247,1,1,21,0,0,0,0,0,0,0,0,0
390247,2,1,22,0,0,0,3,0,0,0,13,0
390248,1,1,0,0,0,0,0,0,0,0,0,0
390248,2,1,0,0,0,0,0,0,0,13,0,0
390249,1,1,0,0,0,0,0,0,0,0,0,0
390250,0,1,0,0,0,0,0,0,0,0,0,0
390250,1,1,0,52,0,0,16,5,0,22,17,8
390251,1,1,0,0,0,0,0,0,0,0,0,0
390251,2,1,15,0,0,0,0,0,0,0,0,9
390252,1,1,0,0,0,0,0,0,0,0,0,0
390253,1,1,20,20,20,20,20,20,20,20,20,20
390253,2,1,14,0,14,16,0,16,0,41,15,19
390254,0,1,17,17,17,17,17,17,17,17,17,17
390254,1,1,9,0,19,0,0,5,30,8,0,12
390254,2,1,12,0,18,0,0,0,15,27,17,20
390255,0,1,0,0,0,0,0,0,0,0,0,0
390255,0,2,0,0,0,0,0,0,0,0,0,0
390255,1,1,0,21,0,0,0,0,0,10,15,0
390256,1,1,21,21,21,21,21,21,21,21,21,21
390257,1,1,23,23,23,23,23,23,23,23,23,23
390258,1,1,27,5,11,25,16,7,30,14,18,11
390258,3,1,0,0,0,19,0,0,0,0,0,15
390259,0,1,16,16,16,16,16,16,16,16,16,16
390259,1,1,0,0,12,0,0,0,0,0,0,5
390260,1,1,28,28,28,28,28,28,28,28,28,28
390261,1,1,0,0,0,0,0,0,0,0,0,0
390261,2,1,0,0,0,0,0,0,0,0,0,0
390262,1,1,0,0,0,0,0,0,0,0,0,0
390262,2,1,0,0,0,0,0,0,0,0,0,0
390263,1,1,0,0,0,0,0,0,0,0,0,0
390263,2,1,0,0,0,0,0,0,0,0,0,0
390264,1,1,13,0,0,28,0,0,0,0,0,0
390264,2,1,0,0,0,0,0,0,0,0,0,0
390265,1,1,11,0,0,0,0,0,0,0,0,0
390265,2,1,0,0,0,0,0,0,0,0,0,0
390266,1,1,0,0,0,0,0,0,0,0,0,0
390266,2,1,0,0,0,0,0,0,0,0,0,0
390266,3,1,0,0,0,0,4,0,0,0,0,11
390267,1,1,25,25,25,25,25,25,25,25,25,25
390267,2,1,0,0,0,0,0,0,24,0,0,0
390267,3,1,0,0,0,0,0,0,0,0,0,0
390268,1,1,0,0,0,0,0,0,0,0,0,0
390268,2,1,0,0,0,0,0,0,0,13,0,0
390268,3,1,23,23,23,23,23,23,23,23,23,23
390268,4,1,0,0,0,0,0,0,0,0,0,0
390269,1,1,0,0,0,0,0,0,0,14,0,0
390269,2,1,0,0,0,0,0,0,0,0,0,0
390270,1,1,0,0,0,0,0,5,0,0,17,13
390270,2,1,0,24,5,17,0,7,0,0,0,0
390271,0,1,0,0,0,0,0,0,0,0,0,0
390271,1,1,19,13,0,12,0,29,0,0,30,5
390272,1,1,0,0,0,0,0,0,0,0,0,0
390273,1,1,0,0,0,6,0,0,0,0,0,0
390273,2,1,0,0,0,0,0,0,0,0,0,0
390274,1,1,19,19,19,19,19,19,19,19,19,19
390275,1,1,0,12,16,0,4,0,14,0,0,32
390275,2,1,0,0,0,0,0,0,0,0,0,0
390275,3,1,0,15,0,19,9,0,14,16,0,0
390275,4,1,0,0,0,0,0,0,0,0,0,0
390275,5,1,0,16,11,0,0,0,0,0,0,16
390275,6,1,2,0,0,0,0,0,0,0,0,0
390276,1,1,0,0,0,0,0,0,0,0,0,0
390277,1,1,0,0,0,0,0,0,0,0,0,0
390278,1,1,0,0,0,0,0,0,0,0,0,0
390279,1,1,0,8,25,0,13,0,17,0,0,0
390279,2,1,0,0,0,0,0,0,0,0,12,0
390279,3,1,29,11,0,11,0,0,7,0,7,0
390280,1,1,0,11,0,0,0,0,11,0,0,0
390280,2,1,20,0,0,0,0,0,0,0,0,0
390281,1,1,0,0,11,0,0,0,0,0,0,0
390281,2,1,2,0,0,0,0,12,0,0,0,0
390282,1,1,15,9,10,9,8,14,13,18,18,15
390282,2,1,11,0,11,0,0,0,16,16,0,7
390282,3,1,12,10,12,13,4,0,14,21,9,10
390283,1,1,0,0,0,0,0,0,0,0,0,0
390283,2,1,0,0,0,0,0,0,0,0,0,0
390284,1,1,0,0,0,0,0,0,0,0,0,0
390285,1,1,22,22,22,22,22,22,22,22,22,22
390286,1,1,0,25,7,0,0,16,14,0,20,14
390286,2,1,0,0,0,0,0,0,0,0,8,11
390287,1,1,0,0,0,20,22,0,0,0,0,0
390287,2,1,9,0,15,5,16,0,12,0,17,10
390288,1,1,0,0,0,0,0,0,0,0,0,0
390289,1,1,0,0,0,0,0,0,0,0,0,0
390290,1,1,18,18,18,18,18,18,18,18,18,18
390291,1,1,0,0,0,0,0,0,0,0,0,0
390292,1,1,0,0,0,0,0,0,0,0,0,0
390293,1,1,18,18,18,18,18,18,18,18,18,18
390293,2,1,0,4,5,0,0,7,0,4,0,0
390294,1,1,0,8,0,2,0,0,0,0,0,0
390294,2,1,0,0,0,0,0,0,0,13,0,0
390295,1,1,0,0,0,0,0,0,0,0,0,0
390295,2,1,0,0,0,0,0,0,0,0,0,0
390296,1,1,22,10,9,24,0,6,0,12,7,13
390296,2,1,17,17,17,17,17,17,17,17,17,17
390297,0,1,0,0,0,0,0,0,0,0,0,0
390297,1,1,10,0,0,0,0,20,0,0,0,11
390299,1,1,0,0,0,0,0,21,0,20,0,0
390300,0,1,0,0,0,0,0,0,0,0,0,0
390300,1,1,0,0,8,0,0,0,0,26,0,0
390302,1,1,40,40,40,40,40,40,40,40,40,40
390302,2,1,0,2,0,0,0,0,0,6,0,0
390303,1,1,18,18,18,18,18,18,18,18,18,18
390303,2,1,0,0,0,0,0,3,0,0,0,0
390304,1,1,0,0,0,0,0,0,0,0,0,0
390304,2,1,11,4,11,14,18,16,11,30,32,32
390305,1,1,0,0,0,0,0,12,13,0,0,0
390305,2,1,0,0,0,0,0,0,0,0,0,0
390306,1,1,0,0,0,0,6,0,0,0,0,0
390306,2,1,0,0,0,0,0,0,0,0,0,0
390307,0,1,11,11,11,11,11,11,11,11,11,11
390307,1,1,0,0,0,0,0,0,0,0,0,0
390308,1,1,34,34,34,34,34,34,34,34,34,34
390309,1,1,8,8,8,8,8,8,8,8,8,8
390309,2,1,20,20,20,20,20,20,20,20,20,20
390310,1,1,0,0,0,0,0,0,0,0,0,0
390311,1,1,38,38,38,38,38,38,38,38,38,38
390311,2,1,19,11,0,0,0,17,10,0,0,0
390312,1,1,11,11,11,11,11,11,11,11,11,11
390313,1,1,0,0,0,0,0,0,0,0,0,0
390314,1,1,0,0,18,0,0,6,0,0,0,0
390314,2,1,0,0,0,0,0,0,0,0,0,0
390315,1,1,8,8,8,8,8,8,8,8,8,8
390316,1,1,17,17,17,17,17,17,17,17,17,17
390317,1,1,6,6,6,6,6,6,6,6,6,6
390318,1,1,11,11,11,11,11,11,11,11,11,11
390318,2,1,8,8,8,8,8,8,8,8,8,8
390319,1,1,0,0,0,0,0,0,0,0,0,0
390320,0,1,5,5,5,5,5,5,5,5,5,5
390320,1,1,0,5,17,0,0,0,0,10,0,0
390320,2,1,7,13,0,0,0,0,0,14,0,2
390321,0,1,12,12,12,12,12,12,12,12,12,12
390321,1,1,20,0,6,0,14,0,0,0,18,0
390322,1,1,0,0,0,0,0,0,9,0,7,0
390322,2,1,0,19,0,14,0,0,0,12,0,0
390323,1,1,0,0,0,18,9,0,0,0,0,0
390323,2,1,0,0,0,0,0,0,0,0,0,0
390324,1,1,0,0,0,0,0,0,0,0,0,0
390324,2,1,0,10,0,0,0,0,0,12,0,0
390325,0,1,0,0,0,0,0,0,0,0,0,0
390325,1,1,0,0,7,9,12,0,0,0,0,0
390326,1,1,0,0,0,21,0,0,40,21,17,0
390326,2,1,0,0,14,6,0,0,0,0,0,5
390327,1,1,0,0,0,0,0,0,0,0,0,0
390327,2,1,0,0,11,0,0,0,0,0,10,7
390327,3,1,0,0,31,0,16,0,0,7,0,0
390327,4,1,0,0,12,5,0,0,17,0,0,0
390328,0,1,0,0,0,0,0,0,0,0,0,0
390328,0,2,0,0,0,23,0,0,0,0,0,0
390328,1,1,0,0,0,0,18,0,0,0,0,0
390329,1,1,0,0,0,0,0,0,0,0,0,0
390329,2,1,2,0,0,0,0,0,0,0,0,0
390330,1,1,20,20,20,20,20,20,20,20,20,20
390331,1,1,25,25,25,25,25,25,25,25,25,25
390332,1,1,5,0,0,0,0,0,14,0,0,0
390332,2,1,0,0,0,0,0,0,0,0,0,0
390332,3,1,0,0,0,0,0,0,0,0,0,0
390333,1,1,0,0,0,0,0,0,0,0,0,0
390333,2,1,0,0,0,0,0,0,0,20,0,0
390334,1,1,0,0,0,0,0,0,0,0,0,0
390334,2,1,17,11,0,0,0,0,0,0,14,0
390335,1,1,24,24,24,24,24,24,24,24,24,24
390335,2,1,0,0,0,0,0,0,11,0,0,0
390336,1,1,1,1,1,1,1,1,1,1,1,1
390337,1,1,0,0,0,0,0,0,0,0,0,0
390337,2,1,0,0,0,25,0,0,0,7,0,0
390338,1,1,3,0,11,0,0,20,0,19,9,21
390339,1,1,0,0,0,0,0,4,0,0,0,0
390339,2,1,0,0,0,0,0,0,0,0,0,0
390340,0,1,0,0,0,0,0,0,0,0,0,0
390340,1,1,0,0,0,0,0,0,7,0,0,6
390341,0,1,0,0,0,0,0,0,0,0,0,0
390341,1,1,0,0,0,0,6,0,0,25,0,0
390342,1,1,0,0,0,15,0,17,0,0,0,0
390342,2,1,0,0,0,0,0,0,0,0,0,0
390343,1,1,0,0,0,0,9,22,0,0,0,0
390344,1,1,4,4,4,4,4,4,4,4,4,4
390344,2,1,0,0,14,0,21,0,0,0,19,0
390344,3,1,0,0,0,0,0,0,0,0,0,0
390345,1,1,21,21,21,21,21,21,21,21,21,21