ST_CASE,VEH_NO,PER_NO,P1,P2,P3,P4,P5,P6,P7,P8,P9,P10
390669,1,1,0,0,0,0,10,0,0,11,0,0
390669,2,1,0,0,0,0,0,0,0,0,0,0
390670,1,1,0,0,0,0,0,0,0,0,0,0
390670,2,1,0,0,0,0,0,0,0,0,0,0
390671,1,1,0,0,0,0,0,4,0,0,0,0
390671,2,1,0,0,0,0,0,0,0,0,0,0
390672,1,1,0,0,6,0,0,0,0,0,0,0
390673,1,1,0,0,0,0,0,0,0,0,0,0
390673,2,1,0,0,0,0,0,0,0,0,0,0
390674,1,1,0,0,0,0,0,0,0,0,0,0
390674,2,1,0,0,0,0,0,0,0,0,0,0
390675,1,1,0,0,7,0,12,14,10,0,0,0
390676,1,1,0,0,0,0,0,0,0,0,0,0
390677,1,1,9,9,9,9,9,9,9,9,9,9
390677,2,1,36,0,13,0,0,0,0,0,0,0
390678,1,1,31,31,31,31,31,31,31,31,31,31
390680,1,1,0,0,0,0,0,0,0,0,0,0
390681,1,1,8,8,8,8,8,8,8,8,8,8
390681,2,1,0,0,0,0,0,0,0,0,0,0
390682,1,1,0,0,0,0,0,0,0,0,0,0
390682,2,1,0,0,0,0,0,0,4,0,0,0
390683,1,1,0,0,0,0,0,0,0,0,0,0
390684,1,1,0,0,0,0,0,0,0,0,0,0
390684,2,1,0,0,0,0,0,0,2,0,0,0
390685,1,1,0,0,0,0,0,0,0,0,0,0
390686,1,1,0,0,0,17,0,0,0,0,0,0
390686,2,1,0,0,0,0,0,0,0,0,0,0
390687,1,1,5,5,5,5,5,5,5,5,5,5
390687,2,1,18,0,0,0,0,0,0,0,13,0
390688,0,1,0,0,0,0,0,0,0,0,0,0
390688,1,1,0,15,18,0,17,0,15,21,0,0
390689,1,1,0,0,0,0,0,0,0,0,0,0
390689,2,1,0,37,7,0,8,0,24,0,38,0
390690,1,1,0,0,0,0,0,0,0,0,0,0
390692,1,1,18,18,18,18,18,18,18,18,18,18
390692,2,1,2,19,21,27,24,4,9,32,15,17
390693,1,1,0,0,0,0,0,0,0,0,0,0
390693,2,1,0,0,0,0,0,0,0,0,0,0
390694,1,1,0,0,0,0,0,0,0,0,37,0
390695,1,1,25,25,25,25,25,25,25,25,25,25
390696,1,1,0,0,0,0,0,0,0,0,0,0
390697,1,1,0,18,0,0,0,9,0,0,0,0
390697,2,1,0,0,0,0,0,0,0,0,2,0
390698,1,1,0,0,0,0,0,0,0,0,2,0
390698,2,1,21,0,0,0,0,0,19,0,0,0
390699,1,1,15,15,15,15,15,15,15,15,15,15
390701,0,1,0,0,0,0,0,0,0,0,0,0
390701,0,2,0,33,0,23,0,20,25,35,0,34
390701,0,3,0,0,0,0,0,0,0,0,0,0
390701,1,1,0,24,0,0,0,0,0,0,0,0
390702,1,1,0,0,0,0,0,0,0,0,0,0
390702,2,1,0,0,0,0,0,0,0,0,0,0
390703,0,1,38,38,38,38,38,38,38,38,38,38
390703,1,1,0,0,14,41,0,0,13,0,0,0
390703,2,1,0,6,0,20,0,0,0,0,0,0
390704,1,1,10,10,10,10,10,10,10,10,10,10
390704,2,1,0,0,0,0,0,0,0,0,0,0
390705,1,1,0,19,0,8,0,13,0,21,10,0
390705,2,1,0,0,0,0,0,0,0,0,0,0
390706,1,1,23,0,16,13,0,0,7,0,0,0
390706,2,1,0,0,0,0,0,0,0,0,0,0
390707,1,1,2,0,5,5,8,13,14,18,33,0
390708,1,1,0,9,0,19,0,19,0,0,0,0
390709,0,1,0,0,0,0,0,0,0,0,0,0
390709,1,1,0,27,0,0,0,0,5,0,0,0
390710,1,1,31,31,31,31,31,31,31,31,31,31
390711,1,1,13,13,13,13,13,13,13,13,13,13
390712,0,1,1,1,1,1,1,1,1,1,1,1
390712,0,2,17,12,0,20,0,0,25,0,0,0
390712,1,1,16,16,16,16,16,16,16,16,16,16
390713,1,1,9,9,9,9,9,9,9,9,9,9
390714,1,1,0,0,0,0,0,0,0,0,0,0
390714,2,1,10,10,10,10,10,10,10,10,10,10
390715,1,1,12,12,12,12,12,12,12,12,12,12
390716,1,1,0,0,0,0,0,0,0,0,0,0
390717,1,1,0,0,0,0,0,0,0,0,0,0
390718,1,1,0,0,0,0,0,0,0,0,0,0
390718,2,1,0,0,0,0,0,0,0,0,0,0
390719,0,1,7,7,7,7,7,7,7,7,7,7
390719,1,1,0,0,0,12,0,0,0,0,19,0
390720,1,1,0,0,0,0,0,0,0,0,0,0
390721,1,1,0,0,0,0,0,0,0,0,0,0
390721,2,1,0,0,0,0,0,0,0,0,0,0
390722,0,1,0,0,0,0,0,0,0,0,0,0
390722,1,1,0,0,0,25,7,20,9,10,0,0
390723,1,1,3,10,16,0,0,0,32,15,0,0
390724,1,1,0,0,0,0,0,0,0,13,0,0
390724,2,1,0,0,0,0,0,0,0,0,9,0
390724,3,1,0,0,0,0,0,0,0,0,0,0
390725,0,1,0,0,0,0,0,0,0,0,0,0
390725,1,1,0,0,11,0,0,0,0,16,0,6
390726,1,1,20,20,20,20,20,20,20,20,20,20
390726,2,1,12,0,9,0,10,10,0,0,0,25
390727,1,1,0,0,0,0,0,0,0,0,0,0
390727,2,1,0,0,0,0,0,0,0,0,0,0
390727,3,1,7,0,0,0,0,0,0,0,0,0
390727,4,1,16,0,0,1,0,0,0,0,0,0
390728,1,1,0,0,0,0,0,0,0,0,0,0
390728,2,1,0,0,0,0,0,0,0,0,0,0
390728,3,1,6,0,18,0,0,0,0,0,0,0
390729,0,1,0,0,0,0,0,0,0,0,0,0
390729,1,1,0,0,0,0,21,0,14,0,0,0
390730,1,1,0,0,0,28,9,0,0,0,0,0
390730,2,1,23,0,23,0,0,0,0,0,9,24
390730,3,1,0,0,0,0,0,0,0,0,0,0
390731,1,1,0,0,0,0,0,0,0,0,0,0
390732,0,1,0,0,0,0,0,0,0,0,0,0
390732,1,1,22,22,0,26,0,29,0,0,0,0
390733,1,1,14,14,14,14,14,14,14,14,14,14
390734,1,1,39,39,39,39,39,39,39,39,39,39
390734,2,1,0,0,16,0,0,20,0,0,0,0
390735,0,1,0,0,0,0,0,0,0,0,0,0
390735,1,1,0,19,11,0,0,0,0,0,0,0
390736,1,1,22,22,22,22,22,22,22,22,22,22
390736,2,1,0,0,0,0,0,0,0,0,0,18
390737,0,1,0,0,0,0,0,0,0,0,0,0
390737,1,1,20,0,0,0,0,0,0,0,0,0
390738,1,1,0,15,0,0,10,5,0,0,0,0
390738,2,1,12,6,0,0,11,0,0,0,0,0
390739,1,1,0,0,0,0,0,0,0,0,0,0
390739,2,1,0,22,0,0,0,0,0,0,16,0
390740,1,1,0,0,0,0,0,0,0,0,0,0
390741,1,1,0,0,0,0,0,0,0,0,0,0
390741,2,1,15,15,15,15,15,15,15,15,15,15
390742,1,1,0,0,0,0,0,13,9,0,0,9
390742,2,1,0,0,0,0,0,0,0,0,0,0
390743,1,1,26,26,26,26,26,26,26,26,26,26
390743,2,1,15,0,10,15,0,0,0,0,0,0
390744,1,1,26,26,26,26,26,26,26,26,26,26
390745,1,1,20,20,20,20,20,20,20,20,20,20
390746,1,1,0,0,19,6,0,0,0,0,0,0
390746,2,1,0,0,0,0,0,0,0,0,0,0
390747,1,1,32,0,0,14,0,0,7,5,0,26
390747,2,1,0,0,0,0,0,0,0,0,0,0
390747,3,1,0,7,10,0,0,0,0,6,0,0
390748,0,1,0,0,0,0,0,0,0,0,0,0
390748,1,1,0,0,0,0,0,0,0,0,0,0
390750,0,1,0,0,0,0,0,0,0,0,0,0
390750,1,1,0,0,0,0,0,0,0,0,0,0
390751,1,1,0,0,0,0,0,0,0,0,0,0
390752,1,1,3,15,4,0,9,30,0,10,12,0
390752,2,1,6,0,0,18,18,15,6,10,0,0
390753,1,1,0,0,0,0,0,0,0,0,0,0
390753,2,1,0,0,0,0,0,0,0,0,0,0
390754,1,1,0,0,0,0,9,0,0,0,0,0
390754,2,1,0,0,0,0,23,0,0,0,13,21
390756,1,1,0,0,0,0,0,0,0,0,0,0
390757,1,1,0,0,0,0,19,0,0,0,0,0
390757,2,1,0,0,0,0,0,0,0,0,0,0
390758,1,1,0,0,0,0,0,0,0,0,0,0
390758,2,1,0,7,15,19,16,0,0,0,0,0
390759,1,1,0,0,0,0,0,0,0,0,0,0
390759,2,1,0,0,0,0,0,0,0,0,0,0
390760,1,1,18,18,18,18,18,18,18,18,18,18
390761,1,1,10,10,10,10,10,10,10,10,10,10
390762,1,1,0,12,15,0,17,31,42,0,0,14
390763,1,1,0,0,0,6,0,0,0,0,0,0
390763,2,1,0,0,0,0,0,0,0,0,0,0
390763,3,1,0,0,0,0,0,0,0,0,0,0
390763,4,1,9,0,0,0,0,0,0,0,0,0
390764,1,1,0,0,0,0,0,0,0,0,0,0
390764,2,1,0,0,0,0,0,0,0,0,0,0
390765,1,1,2,2,2,2,2,2,2,2,2,2
390766,1,1,0,0,0,0,0,0,0,0,0,0
390767,1,1,0,0,0,0,0,0,9,0,10,22
390767,2,1,0,0,0,0,0,0,0,0,0,0
390768,1,1,17,17,17,17,17,17,17,17,17,17
390768,2,1,0,0,0,0,0,0,0,0,0,0
390769,1,1,21,21,23,0,9,0,0,0,0,0
390770,1,1,0,0,0,0,0,0,0,0,0,0
390771,1,1,30,30,30,30,30,30,30,30,30,30
390772,0,1,0,0,0,0,0,0,0,0,0,0
390772,0,2,0,0,0,0,0,0,23,16,0,0
390772,1,1,0,0,0,0,0,0,0,0,0,0
390773,1,1,0,0,0,0,0,0,0,0,0,0
390774,0,1,0,0,19,38,14,0,0,21,18,19
390774,1,1,15,15,15,15,15,15,15,15,15,15
390775,1,1,24,24,24,24,24,24,24,24,24,24
390776,1,1,16,0,0,0,0,0,0,0,4,0
390776,2,1,0,0,0,0,0,0,0,0,0,0
390777,1,1,0,0,0,0,0,26,0,0,0,22
390777,2,1,22,0,0,0,15,7,0,15,0,0
390778,1,1,33,26,0,9,0,0,28,0,0,32
390780,0,1,0,0,0,0,0,0,0,0,0,0
390780,1,1,0,0,0,0,0,0,5,17,15,0
390781,1,1,18,18,18,18,18,18,18,18,18,18
390781,2,1,9,0,18,23,0,0,0,0,12,0
390782,1,1,0,0,0,0,0,0,0,6,0,0
390782,2,1,0,0,0,0,0,0,0,0,0,0
390783,0,1,0,0,0,0,0,0,0,0,0,0
390783,1,1,0,0,0,0,14,0,0,0,0,0
390784,1,1,0,0,26,0,0,0,6,0,0,0
390784,2,1,0,0,0,0,0,0,0,0,0,0
390785,1,1,21,21,21,21,21,21,21,21,21,21
390785,2,1,0,0,0,0,19,0,0,36,0,0
390785,3,1,0,0,0,0,20,0,7,0,0,0
390785,4,1,0,0,8,12,0,0,0,0,0,0
390786,1,1,0,0,0,0,0,0,0,0,3,0
390786,2,1,0,0,0,0,0,0,0,0,0,0
390787,0,1,0,0,0,0,0,0,0,0,0,0
390787,1,1,7,7,7,7,7,7,7,7,7,7
390788,1,1,0,23,0,29,0,0,14,0,0,0
390788,2,1,25,25,25,25,25,25,25,25,25,25
390789,0,1,0,0,0,0,0,0,0,0,0,0
390789,1,1,24,0,0,0,5,8,8,22,11,0
390790,1,1,0,0,0,0,0,0,0,13,0,5
390790,2,1,8,8,8,8,8,8,8,8,8,8
390791,1,1,0,0,0,0,10,0,0,0,0,0
390791,2,1,0,0,0,6,0,0,15,0,0,0
390792,0,1,12,17,15,22,19,25,36,21,9,31
390792,1,1,19,10,0,0,16,0,6,5,16,0
390793,1,1,0,0,0,0,0,0,0,0,0,0
390794,0,1,25,25,25,25,25,25,25,25,25,25
390794,1,1,0,0,0,0,0,0,0,0,9,0
390795,0,1,23,23,23,23,23,23,23,23,23,23
390795,1,1,0,3,9,17,0,0,8,0,0,18
390796,1,1,24,24,24,24,24,24,24,24,24,24
390796,2,1,0,0,0,0,0,0,0,0,0,0
390796,3,1,21,0,6,0,19,0,26,21,16,0
390797,1,1,0,0,0,0,0,0,0,0,0,0
390798,0,1,0,37,0,0,0,0,19,22,0,0
390798,1,1,0,0,0,0,0,0,0,0,0,0
390799,0,1,0,0,0,0,0,0,0,0,0,0
390799,1,1,0,0,0,0,0,0,0,0,0,0
390800,0,1,0,0,0,0,0,0,0,0,0,0
390800,1,1,0,0,0,0,0,0,0,0,10,23
390801,1,1,0,0,0,0,0,0,0,0,0,0
390801,2,1,0,0,0,0,8,0,0,29,0,0
390801,3,1,0,0,0,0,0,0,0,0,0,3
390802,1,1,0,0,0,0,0,0,0,14,0,0
390803,1,1,0,0,0,0,0,0,0,0,0,0
390804,1,1,10,10,10,10,10,10,10,10,10,10
390804,2,1,0,0,0,0,0,0,0,0,7,0
390805,1,1,9,0,0,0,0,0,0,0,0,0
390805,2,1,0,0,0,0,0,0,0,0,0,0
390805,3,1,0,0,0,30,17,0,9,22,0,0
390806,1,1,0,0,0,0,0,0,0,0,0,0
390806,2,1,0,0,0,0,0,0,24,0,0,0
390806,3,1,0,0,0,16,0,0,39,0,0,0
390806,4,1,0,20,20,0,8,0,26,0,0,0
390806,5,1,0,0,0,0,0,0,0,0,0,0
390806,6,1,0,5,0,0,0,0,0,0,0,0
390806,7,1,0,0,0,0,0,0,0,0,0,0
390806,8,1,0,0,0,0,0,15,0,0,0,0
390806,9,1,0,0,0,0,0,0,0,0,0,0
390807,1,1,0,0,0,0,0,0,0,0,0,0
390807,2,1,0,0,0,0,0,0,0,0,0,0
390808,1,1,14,14,14,14,14,14,14,14,14,14
390808,2,1,0,0,0,0,0,0,0,0,0,0
390809,1,1,0,0,0,0,0,0,0,0,0,0
390810,1,1,0,0,0,0,0,0,0,0,0,0
390811,1,1,17,17,17,17,17,17,17,17,17,17
390812,0,1,0,0,0,0,0,0,0,0,0,0
390812,1,1,0,0,23,6,0,0,22,25,0,0
390813,1,1,0,0,0,0,0,0,0,0,0,0
390814,1,1,0,0,0,0,0,0,0,0,0,0
390814,2,1,0,0,0,0,0,0,0,0,0,0
390814,3,1,0,19,6,8,15,0,0,0,11,0
390815,1,1,0,0,0,0,0,0,0,0,0,0
390816,1,1,14,0,16,0,8,0,25,0,15,0
390816,2,1,0,0,0,0,0,0,0,0,0,0
390816,3,1,0,0,16,10,19,0,0,0,24,0
390817,1,1,13,13,13,13,13,13,13,13,13,13
390818,1,1,0,0,0,0,0,0,0,0,0,0
390818,2,1,0,22,0,0,0,0,0,12,28,0
390818,3,1,0,0,10,0,0,0,0,24,0,0
390819,1,1,0,0,24,9,18,9,13,21,0,0
390820,1,1,0,0,0,0,0,27,0,0,16,16
390821,0,1,21,21,21,21,21,21,21,21,21,21
390821,1,1,48,14,0,0,20,12,0,14,0,28
390822,0,1,24,24,24,24,24,24,24,24,24,24
390822,1,1,0,0,15,0,0,21,0,0,0,0
390823,1,1,0,32,13,0,0,10,0,0,3,18
390823,2,1,0,26,0,0,24,0,0,0,0,0
390824,0,1,30,30,30,30,30,30,30,30,30,30
390824,1,1,0,0,12,0,0,0,0,0,0,0
390825,1,1,0,0,0,0,0,0,0,0,0,0
390825,2,1,0,5,0,0,35,0,12,0,0,0
390826,1,1,0,0,0,0,0,0,0,0,0,0
390826,2,1,26,26,26,26,26,26,26,26,26,26
390827,1,1,0,0,0,0,0,0,0,0,0,0
390827,2,1,0,13,0,21,21,11,0,0,0,0
390827,3,1,0,0,0,0,0,0,0,0,0,0
390828,0,1,0,0,0,0,0,16,0,13,0,0
390828,1,1,0,4,0,0,18,0,0,13,0,0
390828,2,1,0,0,0,0,0,18,0,0,0,0
390829,1,1,21,21,21,21,21,21,21,21,21,21
390830,1,1,13,13,13,13,13,13,13,13,13,13
390831,1,1,18,18,18,18,18,18,18,18,18,18
390831,2,1,0,0,0,0,0,0,0,0,0,15
390832,1,1,0,0,0,0,0,0,0,0,0,0
390833,1,1,0,15,15,0,0,0,17,0,0,0
390833,2,1,0,0,0,0,0,0,0,0,0,0
390834,1,1,0,0,0,0,0,0,0,0,0,0
390834,2,1,0,0,0,0,0,0,0,0,0,0
390834,3,1,16,17,7,0,10,0,0,14,0,0
390835,1,1,18,18,18,18,18,18,18,18,18,18
390836,1,1,0,0,0,9,0,0,0,0,0,0
390836,2,1,0,0,0,0,0,0,0,0,0,0
390837,1,1,0,0,0,0,0,0,0,0,0,0
390837,2,1,0,0,0,0,0,0,0,0,0,0
390838,1,1,0,0,4,0,0,0,0,0,0,0
390838,2,1,24,0,0,0,0,0,0,0,0,0
390839,1,1,0,7,0,0,0,0,0,0,0,0
390839,2,1,23,23,23,23,23,23,23,23,23,23
390840,1,1,0,0,0,0,9,0,0,9,30,11
390841,1,1,16,0,7,0,0,0,0,2,0,0
390841,2,1,0,0,0,0,0,24,0,0,0,16
390842,1,1,0,0,0,0,0,0,0,0,0,0
390843,1,1,0,18,7,0,11,0,0,0,0,0
390843,2,1,2,2,2,2,2,2,2,2,2,2
390844,1,1,4,12,34,15,7,29,16,13,7,6
390845,1,1,17,0,0,0,17,0,17,0,0,0
390845,2,1,0,0,28,0,19,28,0,0,0,0
390846,1,1,23,23,23,23,23,23,23,23,23,23
390846,2,1,0,0,4,10,31,0,0,0,8,0
390847,1,1,26,26,26,26,26,26,26,26,26,26
390847,2,1,0,0,0,14,0,0,17,0,0,0
390848,1,1,0,0,0,0,0,0,0,0,0,0
390849,0,1,0,0,0,0,0,0,0,0,0,0
390849,1,1,0,8,0,12,0,0,17,0,0,0
390850,1,1,20,20,20,20,20,20,20,20,20,20
390850,2,1,0,0,0,14,0,0,0,6,0,0
390851,1,1,26,26,26,26,26,26,26,26,26,26
390852,1,1,5,0,0,0,17,0,0,0,0,0
390852,2,1,0,0,0,0,0,15,0,22,0,0
390853,0,1,29,29,29,29,29,29,29,29,29,29
390853,1,1,21,24,15,7,0,11,25,0,0,0
390854,1,1,0,0,0,0,0,0,0,0,0,0
390855,1,1,0,0,0,0,0,0,18,0,0,0
390855,2,1,0,0,0,0,0,0,0,0,0,0
390856,1,1,0,0,0,10,0,0,0,0,0,0
390856,2,1,0,0,0,0,0,0,0,0,0,0
390858,1,1,0,0,0,0,0,0,0,0,0,0
390859,1,1,1,1,1,1,1,1,1,1,1,1
390859,2,1,0,0,0,0,0,0,0,0,0,0
390860,1,1,6,6,0,0,4,0,0,0,3,0
390861,0,1,0,0,0,0,0,0,0,0,0,0
390861,1,1,10,10,10,10,10,10,10,10,10,10
390862,1,1,10,0,0,0,16,21,0,0,0,0
390862,2,1,30,0,0,0,0,0,0,0,0,20
390862,3,1,9,0,0,0,0,0,0,0,7,19
390862,4,1,20,9,0,16,0,0,0,0,23,0
390863,1,1,0,0,0,0,0,0,0,0,0,0
390864,1,1,8,8,8,8,8,8,8,8,8,8
390864,2,1,0,0,8,0,0,0,0,0,0,0
390865,1,1,0,24,0,0,0,0,0,0,0,0
390866,1,1,15,12,0,7,0,19,0,0,0,7
390867,1,1,10,13,16,11,7,0,21,14,19,20
390867,2,1,28,17,0,0,0,0,0,11,9,0
390868,1,1,26,26,26,26,26,26,26,26,26,26
390869,1,1,0,14,9,17,1,27,26,0,15,12
390869,2,1,11,19,15,0,0,0,0,0,0,24
390869,3,1,0,9,0,11,18,0,0,0,18,0
390870,1,1,0,0,0,0,0,0,0,0,0,0
390870,2,1,0,0,0,0,8,0,0,0,0,0
390871,1,1,0,0,0,0,0,0,5,0,0,0
390871,2,1,0,0,0,0,0,0,0,0,0,0
390872,1,1,13,13,13,13,13,13,13,13,13,13
390872,2,1,0,0,0,0,0,0,0,0,0,0
390873,1,1,0,0,7,0,0,0,0,0,0,0
390874,1,1,0,0,0,0,0,0,0,0,0,0
390875,1,1,0,0,0,0,0,0,0,0,0,0
390875,2,1,0,0,0,0,0,0,0,0,0,0
390875,3,1,9,0,0,0,0,0,0,0,0,0
390876,1,1,0,0,0,0,0,0,0,0,0,0
390877,1,1,26,26,26,26,26,26,26,26,26,26
390878,1,1,0,0,0,0,7,0,12,24,16,0
390879,1,1,17,17,17,17,17,17,17,17,17,17
390880,1,1,0,0,0,0,0,0,19,0,0,0
390880,2,1,14,0,0,0,0,0,0,0,0,0
390880,3,1,0,0,0,0,0,0,0,0,0,23
390880,4,1,0,0,0,4,0,0,0,0,0,0
390881,1,1,26,26,26,26,26,26,26,26,26,26
390882,1,1,25,0,0,0,0,0,0,0,21,0
390882,2,1,0,0,0,0,0,0,0,0,0,0
390883,1,1,0,0,0,0,0,0,0,0,0,0
390884,1,1,15,15,15,15,15,15,15,15,15,15
390885,1,1,8,17,0,24,0,0,8,19,25,0
390885,2,1,0,0,0,0,0,0,0,0,0,0
390885,3,1,0,17,0,27,0,0,16,0,0,0
390886,1,1,14,14,14,14,14,14,14,14,14,14
390887,1,1,0,0,0,0,0,0,0,0,0,0
390888,1,1,7,0,0,0,0,0,12,35,0,16
390888,2,1,0,0,0,0,0,18,0,0,0,0
390889,1,1,0,0,0,0,0,0,0,0,0,0
390889,2,1,0,0,0,0,0,0,0,0,0,0
390890,1,1,0,0,0,0,0,0,0,0,0,0
390890,2,1,0,0,0,0,0,0,12,0,0,0
390891,1,1,0,0,0,0,0,0,13,0,0,0
390892,1,1,0,0,0,0,0,0,0,0,0,0
390892,2,1,0,0,0,0,0,0,0,0,0,0
390893,1,1,0,0,0,0,0,0,0,0,0,0
390893,2,1,16,0,0,0,0,0,0,3,0,13
390894,1,1,21,21,21,21,21,21,21,21,21,21
390894,2,1,0,0,0,10,0,0,0,0,0,0
390895,1,1,36,36,36,36,36,36,36,36,36,36
390896,1,1,21,21,21,21,21,21,21,21,21,21
390897,0,1,3,3,3,3,3,3,3,3,3,3
390897,1,1,10,18,20,18,6,23,0,0,0,0
390898,0,1,0,0,0,0,0,0,0,0,0,0
390898,1,1,0,19,10,13,0,0,21,0,18,0
390899,1,1,20,20,20,20,20,20,20,20,20,20
390900,1,1,0,0,0,0,0,0,0,0,0,0
390900,2,1,0,0,0,0,0,0,0,0,0,0
390901,1,1,0,0,0,0,0,0,3,0,0,0
390901,2,1,0,0,0,0,0,0,0,0,0,0
390904,1,1,0,0,0,0,0,0,0,0,0,0
390904,2,1,0,0,0,0,0,0,0,0,0,0
390904,3,1,0,0,5,0,0,0,0,0,0,0
390905,0,1,0,0,0,0,0,0,0,0,0,0
390905,1,1,0,0,0,0,0,0,0,0,0,0
390905,2,1,0,0,0,0,0,0,0,0,11,0
390906,1,1,0,0,0,0,0,0,0,0,0,0
390907,0,1,0,0,0,0,0,0,0,0,0,0
390907,1,1,3,0,0,0,0,11,0,0,0,0
390908,1,1,23,23,23,23,23,23,23,23,23,23
390908,2,1,0,0,0,3,0,0,0,0,0,0
390909,1,1,19,19,19,19,19,19,19,19,19,19
390909,2,1,0,0,0,0,0,0,0,0,0,0
390910,1,1,0,0,0,0,0,0,0,0,0,0
390910,2,1,0,0,0,0,0,0,0,0,0,0
390911,1,1,0,0,0,0,0,0,0,0,0,0
390911,2,1,0,0,15,0,7,0,0,8,0,0
390912,0,1,0,0,0,0,0,0,0,0,0,0
390912,1,1,0,0,0,0,0,0,0,0,0,0
390912,3,1,0,0,0,0,0,0,0,0,0,0
390912,4,1,0,0,0,0,0,0,0,0,0,0
390913,0,1,0,0,0,0,0,0,0,0,0,0
390913,1,1,0,0,0,0,0,0,0,0,0,0
390914,1,1,10,10,10,10,10,10,10,10,10,10
390914,2,1,0,0,0,0,0,0,0,0,0,0
390915,1,1,0,0,0,0,0,0,0,0,6,0
390915,2,1,0,0,0,0,0,0,0,0,0,0
390916,1,1,0,0,0,0,0,0,0,0,0,0
390916,2,1,0,3,0,0,0,0,0,7,0,0
390917,1,1,0,0,0,0,0,0,0,0,0,0
390917,2,1,0,0,0,0,0,0,0,0,0,0
390918,1,1,0,0,0,0,0,0,0,0,0,0
390919,1,1,18,18,18,18,18,18,18,18,18,18
390919,2,1,0,0,0,0,0,0,0,0,0,0
390920,1,1,0,0,0,0,0,0,0,0,0,0
390920,2,1,8,0,0,0,0,11,0,0,22,0
390921,0,1,7,7,7,7,7,7,7,7,7,7
390921,1,1,22,21,9,9,0,0,0,4,15,0
390922,0,1,0,0,0,0,0,0,0,0,0,0
390922,0,2,0,0,0,0,0,0,0,27,0,0
390922,0,3,0,0,0,13,0,0,0,0,0,0
390922,0,4,0,0,0,0,0,0,0,0,59,13
390922,1,1,11,0,0,7,0,0,0,0,0,0
390922,2,1,0,9,0,0,0,0,0,0,0,0
390922,3,1,0,0,0,0,0,0,0,17,0,0
390922,4,1,0,0,9,13,9,0,10,0,0,0
390923,1,1,10,10,10,10,10,10,10,10,10,10
390924,1,1,4,4,4,4,4,4,4,4,4,4
390925,0,1,40,40,40,40,40,40,40,40,40,40
390925,1,1,17,0,0,0,0,0,0,0,0,0
390926,0,1,21,21,21,21,21,21,21,21,21,21
390926,1,1,0,0,0,0,24,0,0,0,0,0
390927,1,1,0,0,0,0,0,0,0,0,0,0
390928,1,1,0,0,0,0,0,0,0,0,0,0
390929,1,1,5,5,5,5,5,5,5,5,5,5
390930,1,1,22,22,22,22,22,22,22,22,22,22
390931,1,1,21,16,0,11,0,0,0,0,0,0
390931,2,1,0,0,0,0,0,0,0,0,0,0
390932,1,1,0,11,0,19,0,0,0,0,0,0
390932,2,1,0,0,0,0,0,0,0,0,0,0
390933,1,1,0,0,0,0,0,0,0,0,0,0
390933,2,1,0,0,0,0,0,0,0,0,0,0
390934,1,1,17,19,0,0,0,0,0,0,0,0
390934,2,1,0,0,0,0,0,0,0,0,0,0
390935,1,1,7,7,7,7,7,7,7,7,7,7
390936,1,1,21,0,17,19,8,10,16,0,14,0
390936,2,1,0,0,10,0,0,24,0,0,0,0
390937,1,1,23,23,23,23,23,23,23,23,23,23
390937,2,1,25,0,0,0,0,10,0,0,0,12
390937,3,1,0,0,0,19,0,0,0,0,27,0
390938,1,1,0,0,0,0,0,0,0,0,0,0
390938,2,1,0,0,0,0,0,0,0,0,0,22
390939,0,1,0,0,0,0,0,0,0,0,0,0
390939,1,1,0,18,13,17,14,0,7,0,0,0
390940,1,1,21,21,21,21,21,21,21,21,21,21
390940,2,1,0,0,0,0,0,0,0,0,20,0
390941,1,1,0,0,0,0,0,0,0,0,0,0
390942,1,1,3,3,3,3,3,3,3,3,3,3
390943,1,1,13,13,13,13,13,13,13,13,13,13
390944,1,1,0,0,0,0,0,0,9,0,0,0
390944,2,1,0,0,0,0,0,0,0,0,0,0
390945,1,1,0,0,0,0,0,0,0,0,7,0
390945,2,1,0,0,0,0,0,0,0,0,0,0
390945,3,1,0,0,0,0,15,0,0,0,0,0
390946,1,1,26,26,26,26,26,26,26,26,26,26
390947,1,1,11,11,11,11,11,11,11,11,11,11
390947,2,1,20,12,0,0,0,0,38,0,12,9
390948,1,1,0,0,0,0,0,0,0,0,0,0
390948,2,1,0,0,0,0,0,4,0,0,6,0
390949,1,1,0,0,42,0,0,0,0,0,0,0
390949,2,1,0,0,0,0,0,0,0,0,0,0
390950,1,1,2,2,2,2,2,2,2,2,2,2
390951,1,1,0,0,0,0,0,0,0,0,0,0
390952,1,1,0,0,0,0,0,0,0,0,0,0
390953,1,1,0,0,0,0,12,0,16,0,0,13
390953,2,1,0,0,0,0,0,0,0,0,0,0
390954,1,1,26,26,26,26,26,26,26,26,26,26
390954,2,1,14,0,0,0,0,0,0,0,0,9