ST_CASE,VEH_NO,PER_NO,P1,P2,P3,P4,P5,P6,P7,P8,P9,P10
390955,1,1,0,0,0,0,0,0,0,0,0,0
390955,2,1,0,0,0,0,0,0,0,0,0,0
390956,1,1,35,0,0,27,0,0,0,0,31,0
390957,1,1,0,0,0,0,0,0,0,0,0,0
390957,2,1,13,0,15,0,0,12,0,31,0,0
390958,1,1,0,0,0,0,0,0,17,0,0,0
390958,2,1,0,0,0,0,0,0,0,0,0,0
390959,1,1,0,2,0,0,0,0,0,0,0,0
390959,2,1,0,0,0,0,0,0,0,0,0,0
390959,3,1,25,0,7,12,0,0,0,0,0,0
390959,4,1,0,0,0,0,0,0,0,0,0,0
390960,1,1,0,0,0,0,0,0,0,0,0,0
390961,1,1,0,6,20,0,0,0,11,0,0,0
390961,2,1,0,0,0,0,0,0,0,0,0,0
390962,1,1,0,0,0,15,8,18,17,0,0,16
390964,1,1,0,0,0,0,0,0,0,0,0,0
390964,2,1,0,0,0,0,0,0,0,0,0,0
390965,1,1,0,0,0,0,0,0,0,0,0,0
390966,1,1,0,6,0,16,11,24,0,6,0,0
390967,1,1,1,1,1,1,1,1,1,1,1,1
390968,1,1,0,20,7,0,0,7,0,0,0,0
390968,2,1,0,0,0,0,0,0,0,0,0,0
390968,3,1,13,0,0,0,0,0,0,0,0,0
390969,1,1,0,0,0,0,0,0,0,0,0,0
390969,2,1,0,0,0,0,0,0,0,0,0,0
390970,1,1,0,0,0,0,0,0,0,0,0,0
390970,2,1,0,0,11,0,0,0,5,0,0,0
390971,0,1,0,12,0,15,0,10,0,0,0,0
390971,0,2,0,0,0,0,0,0,0,0,0,0
390971,0,3,16,16,16,16,16,16,16,16,16,16
390971,1,1,19,0,5,3,2,4,18,4,8,3
390972,1,1,0,0,0,0,36,0,0,0,19,9
390973,1,1,0,17,0,0,11,0,21,18,16,0
390974,1,1,7,7,7,7,7,7,7,7,7,7
390975,1,1,0,0,0,0,0,0,0,0,0,0
390975,2,1,0,0,0,0,0,0,0,5,0,0
390976,1,1,0,0,0,0,0,0,0,0,0,0
390976,2,1,0,0,6,0,0,8,0,0,0,0
390977,1,1,0,0,0,0,0,0,0,0,0,0
390978,1,1,0,0,0,0,0,0,0,0,0,0
390978,2,1,0,0,0,0,0,0,0,11,0,0
390979,0,1,0,0,0,0,0,0,0,0,0,0
390979,0,2,0,0,0,0,32,0,0,0,0,0
390979,1,1,0,0,0,6,0,0,13,0,0,13
390980,1,1,0,0,0,0,0,0,0,0,0,8
390981,1,1,0,20,0,0,0,9,0,0,0,0
390981,2,1,0,0,0,0,0,0,0,0,0,0
390982,1,1,0,0,0,0,0,0,0,0,0,0
390983,1,1,0,0,0,0,0,0,0,0,0,0
390983,2,1,0,0,0,0,0,0,0,0,0,0
390984,1,1,26,26,26,26,26,26,26,26,26,26
390984,2,1,0,0,0,0,0,0,0,0,0,0
390985,1,1,2,2,2,2,2,2,2,2,2,2
390985,2,1,0,0,0,0,0,0,0,0,0,0
390986,1,1,12,12,12,12,12,12,12,12,12,12
390987,1,1,0,0,0,0,0,0,0,0,0,0
390987,2,1,0,0,0,0,0,0,0,29,0,0
390988,1,1,0,0,0,0,0,0,0,0,0,0
390988,2,1,0,0,0,0,0,0,0,0,0,0
390989,1,1,0,0,0,0,0,0,0,0,0,0
390990,1,1,0,0,0,0,0,0,0,0,0,0
390990,2,1,37,0,0,0,0,0,0,0,0,0
390991,0,1,0,0,0,0,0,0,0,0,0,0
390991,1,1,0,0,0,0,0,0,0,9,0,0
390992,1,1,0,0,0,0,0,0,0,0,20,0
390992,2,1,0,0,0,0,0,0,0,0,0,0
390993,1,1,16,16,16,16,16,16,16,16,16,16
390994,1,1,0,0,0,0,0,0,0,0,0,0
390995,1,1,0,0,0,0,0,0,0,0,0,0
390996,1,1,15,15,15,15,15,15,15,15,15,15
390996,2,1,16,15,0,0,12,0,0,13,12,23
390997,1,1,0,0,0,0,0,0,0,19,0,0
390997,2,1,0,0,0,0,0,0,0,0,0,0
390998,1,1,0,0,0,0,0,0,0,0,0,0
390998,2,1,11,0,0,0,0,0,0,0,0,0
390999,1,1,0,0,0,0,0,0,0,0,0,0
390999,2,1,0,0,0,0,0,0,0,8,0,0
391000,1,1,0,0,0,0,0,0,0,0,0,0
391000,2,1,0,0,0,0,0,0,0,0,0,9
391001,1,1,0,0,0,0,0,0,0,0,0,0
391002,0,1,31,31,31,31,31,31,31,31,31,31
391002,1,1,32,5,0,16,6,0,19,0,21,0
391003,1,1,0,0,0,0,0,0,0,0,0,0
391004,1,1,0,0,0,0,0,0,0,0,0,0
391004,2,1,0,0,0,0,0,0,0,0,0,0
391005,1,1,14,0,0,0,0,0,8,0,0,0
391006,1,1,0,0,0,0,0,0,0,0,0,0
391006,2,1,19,19,19,19,19,19,19,19,19,19
391007,1,1,0,0,0,0,0,0,0,0,0,0
391008,1,1,0,0,11,0,0,0,0,0,0,0
391008,2,1,17,17,17,17,17,17,17,17,17,17
391009,1,1,18,18,18,18,18,18,18,18,18,18
391010,0,1,0,0,0,0,0,0,0,0,0,0
391010,1,1,0,0,0,0,0,0,0,0,0,0
391011,1,1,0,0,0,0,0,0,0,0,0,0
391011,2,1,20,0,0,0,0,15,0,0,0,0
391011,3,1,9,0,6,9,0,0,0,0,0,0
391011,4,1,0,0,23,0,0,0,0,0,0,0
391012,1,1,14,0,0,0,0,29,0,7,0,0
391013,0,1,0,0,0,0,0,0,0,0,0,0
391013,1,1,16,13,15,0,15,5,0,0,0,0
391014,0,1,0,0,0,0,0,9,0,7,0,0
391014,1,1,0,18,0,0,0,0,0,11,20,4
391014,2,1,23,0,19,0,0,16,22,0,0,0
391015,1,1,0,0,0,0,0,0,0,0,0,0
391015,2,1,0,0,0,0,0,0,0,0,0,0
391016,1,1,0,0,0,0,0,0,0,0,0,0
391016,2,1,0,0,0,0,0,0,0,0,0,0
391017,1,1,0,0,0,0,0,0,0,0,0,0
391018,1,1,26,26,26,26,26,26,26,26,26,26
391019,1,1,18,18,18,18,18,18,18,18,18,18
391020,1,1,23,23,23,23,23,23,23,23,23,23
391021,1,1,22,22,22,22,22,22,22,22,22,22
391022,1,1,0,0,0,0,0,0,0,18,11,0
391023,0,1,11,11,11,11,11,11,11,11,11,11
391023,1,1,0,0,0,0,0,0,0,0,0,0
391024,0,1,0,0,0,0,0,0,0,0,0,0
391024,0,2,0,0,5,0,0,15,34,18,0,0
391024,1,1,0,16,0,0,6,0,0,7,0,0
391025,1,1,19,19,19,19,19,19,19,19,19,19
391026,1,1,0,0,0,0,11,16,0,0,0,0
391026,2,1,0,0,0,0,0,0,0,0,7,0
391027,1,1,17,0,0,16,0,0,0,28,8,0
391028,1,1,0,0,0,0,0,0,0,0,0,0
391029,1,1,0,0,0,0,0,14,0,0,0,0
391029,2,1,0,0,0,0,0,0,0,0,0,0
391030,0,1,4,4,4,4,4,4,4,4,4,4
391030,1,1,0,0,0,0,0,0,0,0,0,0
391031,1,1,0,0,0,0,0,0,0,0,0,0
391032,1,1,0,0,0,0,0,0,0,0,0,0
391033,1,1,33,33,33,33,33,33,33,33,33,33
391034,1,1,14,14,14,14,14,14,14,14,14,14
391035,1,1,22,22,22,22,22,22,22,22,22,22
391035,2,1,0,0,0,0,0,0,4,0,0,0
391036,1,1,0,0,0,0,0,0,0,0,0,0
391037,1,1,18,18,18,18,18,18,18,18,18,18
391037,2,1,0,0,0,0,0,23,19,0,0,0
391038,1,1,0,0,0,0,0,30,0,0,0,0
391038,2,1,0,0,0,0,0,0,0,0,0,0
391039,1,1,0,0,0,0,0,0,0,0,0,0
391039,2,1,0,0,0,0,0,0,0,0,0,0
391040,1,1,0,0,0,0,0,0,0,0,0,0
391041,1,1,0,0,0,0,0,0,0,0,0,0
391041,2,1,0,0,0,0,0,0,0,0,0,0
391042,1,1,21,21,21,21,21,21,21,21,21,21
391043,1,1,9,9,9,9,9,9,9,9,9,9
391044,1,1,22,22,22,22,22,22,22,22,22,22
391044,2,1,0,0,0,0,0,0,0,0,0,0
391045,0,1,0,0,0,0,0,0,0,0,0,0
391045,1,1,8,0,38,0,0,0,13,0,0,0
391046,1,1,0,0,0,0,0,0,0,0,0,0
391047,1,1,0,0,0,0,0,0,0,0,0,0
391048,1,1,0,0,0,23,2,0,22,0,17,12
391048,2,1,32,0,0,0,0,9,20,10,0,0
391049,1,1,24,24,24,24,24,24,24,24,24,24
391050,1,1,0,11,0,0,29,0,0,0,0,0
391050,2,1,0,0,0,0,0,0,0,0,27,0
391051,1,1,0,17,0,0,0,16,15,0,0,0
391051,2,1,0,0,0,0,0,0,0,0,0,0
391052,1,1,13,0,17,0,0,0,19,0,0,19
391052,2,1,0,0,0,0,0,0,0,0,0,0
391052,3,1,0,0,0,0,0,0,0,0,0,0
391053,1,1,0,0,0,0,0,0,0,0,0,0
391054,1,1,10,10,10,10,10,10,10,10,10,10
391055,1,1,0,0,0,0,0,0,0,0,0,0
391055,2,1,0,0,0,0,0,0,0,0,0,0
391056,1,1,19,19,19,19,19,19,19,19,19,19
391057,1,1,0,0,0,0,0,0,22,0,11,0
391057,2,1,0,0,0,0,0,0,7,0,0,0
391058,1,1,0,0,0,0,0,0,0,0,0,0
391059,1,1,6,6,6,6,6,6,6,6,6,6
391060,1,1,20,20,20,20,20,20,20,20,20,20
391060,2,1,0,0,0,0,0,0,0,0,0,0
391061,1,1,0,0,0,0,0,0,0,0,0,0
391061,2,1,0,0,0,0,0,0,0,0,0,0
391062,1,1,0,0,0,0,0,0,0,0,0,0
391063,1,1,36,36,36,36,36,36,36,36,36,36
391063,2,1,0,0,0,0,0,19,0,0,0,0
391064,1,1,0,0,0,0,0,0,9,0,7,0
391064,2,1,0,0,0,0,2,7,0,0,0,0
391065,1,1,0,0,0,0,0,0,0,0,0,0
391066,1,1,13,13,13,13,13,13,13,13,13,13
391066,2,1,0,0,0,0,0,0,0,0,0,3
391066,3,1,24,10,0,0,33,19,0,0,4,0
391067,0,1,0,0,0,0,0,0,0,0,0,0
391067,1,1,0,0,0,0,18,0,14,0,0,0
391069,1,1,21,21,21,21,21,21,21,21,21,21
391070,0,1,0,0,0,0,0,0,0,0,0,0
391070,1,1,24,0,0,18,0,12,21,4,0,0
391071,1,1,0,0,20,0,20,13,31,0,0,0
391071,2,1,0,0,0,15,0,15,8,0,0,0
391072,1,1,7,7,7,7,7,7,7,7,7,7
391073,0,1,24,24,24,24,24,24,24,24,24,24
391073,1,1,15,0,26,0,0,11,0,17,0,20
391074,1,1,18,0,0,0,16,16,16,19,17,19
391075,1,1,0,0,0,0,0,0,0,0,0,0
391075,2,1,0,0,0,0,0,0,0,0,0,0
391076,0,1,4,4,4,4,4,4,4,4,4,4
391076,1,1,0,0,14,0,0,0,0,0,0,0
391077,1,1,0,0,0,13,16,0,0,0,0,0
391077,2,1,0,0,0,0,0,0,0,0,0,0
391078,1,1,23,23,23,23,23,23,23,23,23,23
391079,1,1,0,0,18,21,0,10,8,45,0,17
391080,1,1,0,0,0,21,8,4,37,11,31,0
391080,2,1,0,0,0,0,0,0,0,0,0,0
391081,1,1,30,30,30,30,30,30,30,30,30,30
391082,1,1,22,0,0,14,14,14,0,10,6,19
391083,0,1,0,0,0,0,0,0,0,0,0,0
391083,1,1,0,0,20,0,21,0,7,0,27,0
391083,2,1,8,0,0,0,0,0,18,0,0,0
391084,1,1,0,0,0,0,0,0,0,0,0,0
391084,2,1,0,0,17,0,0,0,0,0,0,0
391085,1,1,0,0,0,0,0,0,0,16,0,0
391085,2,1,25,8,16,0,0,0,0,0,19,0
391086,0,1,15,15,15,15,15,15,15,15,15,15
391086,1,1,0,6,0,0,0,0,0,0,7,0
391087,1,1,4,4,4,4,4,4,4,4,4,4
391087,2,1,13,13,13,13,13,13,13,13,13,13
391088,1,1,0,0,0,0,0,0,0,0,0,0
391088,2,1,0,0,0,0,0,7,0,0,0,0
391089,1,1,0,0,0,0,0,0,0,0,0,0
391090,1,1,8,0,12,8,21,5,7,10,39,8
391090,2,1,0,0,30,15,0,0,0,12,0,14
391091,1,1,0,0,0,0,0,0,0,0,0,0
391091,2,1,0,0,0,0,14,0,0,0,0,12
391092,0,1,2,2,2,2,2,2,2,2,2,2
391092,1,1,13,0,0,0,0,16,0,6,0,0
391093,1,1,0,0,0,0,0,0,0,0,0,0
391093,2,1,9,0,0,0,0,0,0,0,9,0
391094,1,1,0,17,39,12,26,14,8,8,10,5
391095,1,1,0,0,0,0,0,0,0,0,0,0
391095,2,1,0,0,0,0,0,0,0,0,0,0
391096,1,1,0,0,0,0,0,0,0,0,0,0
391097,1,1,29,29,29,29,29,29,29,29,29,29
391098,1,1,9,11,26,14,31,17,12,7,20,21
391099,1,1,0,0,0,0,0,0,0,0,0,0
391100,1,1,28,15,22,19,10,0,7,0,4,0
391101,0,1,0,0,0,0,0,0,0,0,0,0
391101,1,1,0,5,5,0,0,6,14,20,11,11
391102,1,1,0,5,0,0,0,0,0,28,21,0
391103,1,1,0,0,0,0,0,0,0,0,0,0
391103,2,1,0,11,0,0,0,0,15,0,0,0
391104,1,1,0,0,0,0,0,0,0,0,0,0
391104,2,1,0,0,0,0,0,0,0,0,0,0
391105,1,1,0,19,37,9,15,0,0,6,0,0
391105,2,1,6,31,23,12,15,21,22,9,29,18
391106,1,1,11,11,11,11,11,11,11,11,11,11
391107,0,1,0,0,0,0,0,0,0,0,0,0
391107,1,1,0,0,0,0,0,20,7,20,0,0
391107,2,1,0,0,0,0,0,0,0,8,0,0
391108,1,1,0,0,0,0,0,0,0,0,0,0
391108,2,1,0,0,0,0,0,0,0,0,0,0
391108,3,1,0,0,0,0,0,0,0,0,0,0
391108,4,1,12,4,0,0,0,0,0,21,0,0
391108,5,1,0,0,0,0,0,0,0,0,0,0
391109,1,1,0,0,16,0,0,0,9,16,16,0
391110,1,1,15,15,15,15,15,15,15,15,15,15
391111,1,1,9,9,9,9,9,9,9,9,9,9
391111,2,1,0,0,9,0,0,0,0,0,0,0
391112,1,1,0,0,0,0,0,0,14,0,0,14
391112,2,1,0,0,0,0,0,0,0,0,0,0
391112,3,1,0,4,0,0,0,0,0,0,0,0
391113,1,1,28,28,28,28,28,28,28,28,28,28
391115,2,1,0,0,0,0,0,0,0,0,0,0
391115,3,1,14,10,0,21,0,19,0,0,0,19
391116,0,1,0,0,0,0,0,0,0,0,0,0
391116,1,1,0,0,15,0,0,0,0,0,0,0
391117,1,1,0,0,0,0,0,0,0,0,0,0
391118,1,1,0,0,0,0,0,0,0,0,0,0
391118,2,1,0,0,0,0,0,0,0,0,0,0
391119,1,1,0,0,0,0,0,0,0,0,0,0
391119,2,1,0,0,0,0,0,6,31,0,0,0
391120,1,1,0,0,0,0,0,0,0,0,0,0
391120,2,1,0,0,0,0,0,0,0,0,0,0
391121,1,1,0,0,0,0,0,0,0,0,0,0
391121,2,1,0,0,0,0,0,17,0,0,0,0
391122,0,1,19,19,19,19,19,19,19,19,19,19
391122,1,1,0,19,0,0,0,0,0,0,23,0
391123,1,1,0,0,0,0,0,0,0,0,0,0
391123,2,1,17,0,0,0,0,0,0,16,0,0
391124,1,1,0,0,0,0,0,0,0,0,0,0
391124,2,1,0,43,39,12,0,5,20,13,0,32
391125,1,1,0,0,0,0,0,0,0,0,7,0
391126,0,1,0,0,0,0,0,0,0,0,0,0
391126,1,1,0,27,0,15,18,0,0,11,0,0
391127,1,1,0,0,0,0,0,0,0,0,0,0
391128,1,1,21,21,21,21,21,21,21,21,21,21
391128,2,1,11,0,0,0,0,0,0,0,0,0
391129,1,1,0,0,0,0,0,0,0,0,0,14
391130,1,1,0,0,9,0,26,14,0,0,0,17
391131,1,1,0,0,0,0,0,0,0,0,0,0
391132,1,1,0,0,0,0,0,0,0,0,0,0
391132,2,1,0,0,0,0,0,0,0,0,0,0
391133,1,1,13,13,13,13,13,13,13,13,13,13
391134,1,1,0,0,0,0,0,0,0,0,0,0
391134,2,1,0,0,0,0,0,0,0,0,0,0
391135,1,1,3,3,3,3,3,3,3,3,3,3
391136,0,1,0,0,0,0,0,0,0,0,0,0
391136,1,1,0,33,13,19,13,20,16,10,14,34
391137,1,1,0,0,0,0,0,0,0,0,0,0
391138,1,1,2,2,2,2,2,2,2,2,2,2
391138,2,1,0,0,29,0,0,0,0,0,0,0
391139,1,1,18,18,18,18,18,18,18,18,18,18
391139,2,1,0,0,0,0,0,0,0,5,0,0
391140,1,1,0,0,0,0,0,0,0,0,0,0
391140,2,1,0,6,9,0,20,0,0,20,9,0
391140,3,1,0,0,0,0,0,0,0,0,13,0
391141,1,1,5,5,5,5,5,5,5,5,5,5
391141,2,1,3,3,3,3,3,3,3,3,3,3
391142,1,1,0,0,0,0,0,0,0,0,0,0
391143,1,1,0,0,0,0,0,0,0,0,0,0
391144,1,1,0,0,0,0,0,0,0,0,0,0
391145,1,1,0,0,0,0,0,0,0,0,0,0
391146,1,1,0,0,0,0,17,0,0,15,0,0
391146,2,1,0,0,0,17,9,0,0,18,0,0
391146,3,1,0,0,0,10,19,9,0,8,0,0
391147,0,1,0,0,0,0,0,0,0,0,0,0
391147,1,1,0,0,0,0,0,0,9,0,0,0
391148,0,1,23,23,23,23,23,23,23,23,23,23
391148,1,1,0,12,0,10,0,0,0,21,20,0
391149,1,1,0,0,0,0,0,0,0,0,0,0
391150,0,1,13,13,13,13,13,13,13,13,13,13
391150,1,1,0,0,0,6,0,0,0,0,0,0
391151,1,1,19,14,0,0,0,0,0,0,0,6
391152,1,1,43,0,0,12,0,0,0,0,0,0
391152,2,1,0,0,0,0,0,0,0,0,0,0
391153,1,1,0,0,0,0,0,0,0,0,0,0
391154,1,1,29,29,29,29,29,29,29,29,29,29
391155,2,1,0,0,0,0,0,0,0,0,0,0
391156,1,1,0,0,0,0,0,0,0,0,0,0
391156,2,1,13,0,0,0,0,0,23,0,0,16
391156,3,1,21,0,0,32,0,0,0,0,0,0
391156,4,1,0,0,29,0,0,12,0,0,0,0
391156,5,1,0,8,0,0,0,0,0,0,0,0
391156,6,1,0,9,0,0,0,0,17,0,0,13
391156,7,1,33,16,0,0,19,0,0,0,0,0
391156,8,1,0,0,0,0,0,0,0,0,0,0
391157,0,1,0,0,0,0,0,0,27,0,0,19
391157,1,1,0,0,0,0,0,0,0,0,0,0
391159,0,1,0,0,0,0,0,0,0,0,0,0
391159,1,1,17,0,0,0,0,17,0,0,0,0
391160,1,1,13,13,13,13,13,13,13,13,13,13
391161,1,1,0,0,0,0,0,0,0,0,0,0
391161,2,1,0,9,0,0,0,0,0,0,0,24
391162,1,1,0,0,0,0,0,0,0,0,0,0
391162,2,1,0,0,0,0,0,0,9,0,0,0
391162,3,1,0,32,17,8,0,0,0,0,0,15
391162,4,1,10,0,0,4,0,20,0,0,0,0
391163,1,1,0,0,0,0,0,0,0,0,0,0
391164,1,1,0,0,0,0,0,0,0,0,0,0
391164,2,1,0,0,0,0,0,18,20,0,0,0
391165,1,1,0,8,8,0,0,34,0,0,0,0
391165,2,1,0,0,0,0,0,0,0,0,0,0
391166,1,1,0,0,0,0,0,0,0,0,0,0
391166,2,1,0,0,0,0,0,0,0,3,0,0
391168,0,1,0,0,0,0,0,0,0,0,0,0
391168,1,1,12,16,0,0,0,0,0,0,0,0
391169,1,1,0,0,0,0,20,0,0,14,0,0
391170,0,1,22,3,21,0,0,0,0,0,0,0
391170,0,2,15,0,0,19,28,0,44,0,26,22
391170,1,1,0,11,0,14,0,0,0,16,0,0
391171,1,1,0,0,0,0,0,0,0,0,0,0
391172,0,1,25,25,25,25,25,25,25,25,25,25
391172,1,1,11,20,0,10,10,0,0,14,0,0
391173,1,1,0,0,0,0,0,0,0,0,0,0
391173,2,1,0,0,0,10,0,0,0,0,23,0
391174,1,1,8,0,13,0,16,28,9,25,46,0
391175,0,1,0,0,0,0,0,0,0,0,0,0
391175,1,1,0,0,0,0,0,0,0,0,0,0
391176,0,1,11,0,0,16,0,0,0,0,34,12
391176,2,1,0,0,13,0,0,12,31,0,0,0
391176,3,1,0,3,0,0,0,0,5,0,0,0
391177,1,1,0,0,0,0,0,0,0,0,0,0
391177,2,1,0,23,0,0,0,0,0,12,0,8
391177,3,1,0,22,0,0,0,0,0,0,0,0
391178,1,1,0,0,0,0,0,0,0,0,0,0
391179,0,1,0,0,0,0,0,0,0,0,0,0
391179,1,1,0,0,0,0,0,0,0,0,0,0
391180,1,1,0,0,0,0,0,0,0,0,0,0
391180,2,1,0,0,0,0,0,0,0,0,0,0
391181,0,1,0,0,0,0,0,0,0,0,0,0
391181,1,1,0,7,10,0,23,17,0,0,12,0
391182,1,1,16,16,16,16,16,16,16,16,16,16
391183,1,1,0,0,0,0,0,0,3,0,0,0
391183,2,1,0,0,0,0,0,0,0,0,0,0
391184,1,1,0,0,18,0,0,0,0,0,0,0
391184,2,1,19,0,0,0,0,0,0,0,34,0
391185,1,1,23,23,23,23,23,23,23,23,23,23
391186,1,1,0,0,0,0,0,0,0,0,0,0
391186,2,1,0,0,0,0,0,0,0,24,0,0
391187,1,1,0,0,0,0,0,0,0,0,0,0
391188,1,1,2,2,2,2,2,2,2,2,2,2
391189,1,1,24,13,0,0,0,0,0,0,0,8
391189,2,1,22,22,22,22,22,22,22,22,22,22
391190,2,1,0,0,0,0,0,0,0,0,9,13
391191,0,1,0,0,0,37,0,0,0,0,0,4
391191,1,1,0,0,0,0,5,0,0,0,0,0
391192,1,1,0,0,0,19,0,0,0,0,0,0
391192,2,1,25,25,25,25,25,25,25,25,25,25
391193,1,1,0,18,10,0,0,16,16,0,6,3
391194,1,1,0,0,0,0,0,0,0,0,0,0
391194,2,1,0,0,0,0,0,0,0,0,2,0
391195,1,1,0,17,8,0,0,0,4,0,28,18
391196,1,1,0,0,0,0,0,0,0,0,0,0
391197,1,1,0,0,0,0,0,0,0,0,0,0
391197,2,1,0,0,0,0,0,0,0,0,0,0
391197,3,1,0,0,0,0,0,0,0,0,0,0
391197,4,1,0,0,0,0,0,0,0,0,0,0
391197,5,1,33,0,0,0,0,6,0,0,0,14
391197,6,1,0,0,0,0,0,0,0,0,0,0
391197,7,1,0,0,0,0,0,0,0,0,0,0
391197,8,1,0,0,0,0,0,0,0,0,0,0
391197,9,1,0,0,0,0,0,0,0,0,12,0
391197,10,1,0,0,0,0,0,0,0,0,0,0
391197,11,1,0,0,0,0,0,0,0,0,0,0
391197,12,1,0,0,0,0,0,0,0,0,0,0
391197,13,1,0,0,9,3,0,0,4,27,0,0
391197,14,1,0,0,0,0,0,0,0,0,0,0
391197,15,1,0,0,0,0,0,0,0,0,0,0
391197,16,1,15,0,0,0,0,0,0,0,0,0
391197,17,1,0,0,0,0,0,0,0,0,0,0
391197,18,1,0,0,0,0,0,0,0,0,0,0
391197,19,1,0,0,0,0,0,0,0,0,0,0
391197,20,1,0,0,0,16,0,0,0,0,0,0
391197,21,1,0,7,0,0,0,0,0,0,0,0
391197,22,1,0,0,0,7,19,6,0,0,0,0
391197,23,1,0,0,0,0,5,0,0,0,0,0
391197,24,1,0,0,0,0,0,0,0,0,0,0
391197,25,1,0,6,0,0,0,0,0,6,0,0
391197,26,1,0,0,0,0,0,0,4,0,0,0
391197,27,1,2,0,0,0,0,0,0,0,17,0
391197,28,1,9,0,0,0,0,16,0,0,0,0
391197,29,1,0,0,15,0,0,27,0,0,0,0
391197,30,1,0,0,0,0,3,0,0,0,0,0
391197,31,1,0,0,0,0,0,0,5,0,0,0
391197,32,1,0,0,0,0,0,0,0,0,0,0
391197,33,1,0,11,0,0,0,0,0,0,16,0
391197,34,1,44,0,0,0,0,0,0,0,0,0
391197,35,1,0,0,0,0,0,0,0,0,0,0
391197,36,1,0,0,0,0,0,0,0,20,0,0
391197,37,1,0,0,0,23,0,0,0,0,0,0
391197,38,1,0,0,0,0,15,0,0,14,0,0
391197,39,1,0,33,0,0,0,0,0,0,0,0
391197,40,1,0,0,0,0,0,0,0,0,0,0
391197,41,1,0,0,0,0,0,11,0,0,0,14
391197,42,1,12,0,25,0,13,0,0,0,0,0
391197,43,1,0,0,0,8,13,0,0,0,0,0
391197,44,1,0,0,0,0,15,0,0,17,0,0
391197,45,1,0,0,0,0,0,0,0,0,17,0
391197,46,1,0,0,0,0,0,0,0,6,0,0
391197,47,1,4,0,0,0,0,0,0,0,0,0
391197,48,1,0,7,0,9,0,0,0,0,0,0
391197,49,1,0,0,0,0,0,0,0,0,9,0
391197,50,1,0,0,0,14,0,0,0,27,0,0
391198,0,1,0,0,0,0,0,0,0,0,0,0
391198,1,1,13,0,0,0,0,0,0,0,23,0
391199,1,1,0,0,0,0,0,0,0,0,0,0
391199,2,1,0,0,0,0,0,0,0,0,0,0
391199,3,1,0,0,0,0,0,0,0,0,0,0
391201,1,1,0,0,0,0,0,0,0,0,0,0
391202,1,1,0,0,0,0,0,4,0,0,20,17
391202,2,1,0,0,0,0,0,5,0,3,0,17
391203,1,1,23,21,27,0,0,21,24,32,8,20
391204,1,1,15,15,15,15,15,15,15,15,15,15
391204,2,1,0,23,5,0,16,0,0,0,0,0
391205,1,1,0,0,0,0,0,0,0,0,0,0
391205,2,1,0,0,0,0,0,0,0,0,0,0
391206,1,1,0,0,20,0,0,0,0,15,0,0
391206,2,1,0,0,0,0,0,0,0,0,0,0
391207,1,1,0,10,16,0,0,0,0,0,0,0
391207,2,1,0,0,0,0,0,0,0,0,0,0
391208,0,1,0,0,0,0,0,0,0,0,0,0
391208,1,1,0,0,0,0,0,0,16,0,0,0
391209,1,1,15,15,15,15,15,15,15,15,15,15
391209,2,1,0,0,0,0,0,0,0,0,0,0
391210,1,1,22,22,22,22,22,22,22,22,22,22
391211,1,1,12,0,30,0,0,0,0,0,0,0
391212,0,1,0,0,0,0,0,0,0,0,0,0
391212,1,1,0,19,0,0,0,5,0,0,0,0
391213,1,2,0,8,0,0,0,0,0,0,0,0
391214,1,1,0,0,0,0,0,0,0,14,0,15
391214,2,1,0,0,8,0,0,0,0,0,0,0
391215,0,1,13,13,13,13,13,13,13,13,13,13
391215,1,1,0,6,31,20,0,20,0,22,0,7
391216,1,1,21,21,21,21,21,21,21,21,21,21
391217,1,1,21,0,0,0,0,0,0,9,0,0
391217,2,1,0,0,0,0,0,0,0,0,0,0
391218,1,1,21,0,18,0,15,0,17,0,0,0
391219,1,1,19,15,24,0,23,13,22,0,22,8
391219,2,1,2,2,2,2,2,2,2,2,2,2
391220,0,1,16,16,16,16,16,16,16,16,16,16
391220,1,1,0,0,0,0,20,0,0,0,0,0
391221,1,1,0,24,0,0,0,0,0,7,23,20
391222,1,1,0,0,0,0,0,0,0,0,0,0
391223,1,1,22,22,0,0,0,0,0,17,0,28
391224,1,1,16,0,0,0,0,26,0,0,8,20
391224,2,1,0,0,0,0,0,9,5,0,0,0
391225,1,1,10,0,0,0,0,0,18,12,0,22
391225,2,1,0,0,0,0,0,0,0,0,0,0
391226,1,1,21,21,21,21,21,21,21,21,21,21
391227,1,1,0,0,0,0,0,0,0,0,0,0
391227,2,1,0,0,0,0,0,0,0,0,0,22
391228,0,1,0,0,0,0,0,0,0,0,0,0
391228,1,1,0,10,0,13,0,0,0,14,0,0
391229,1,1,16,15,15,0,0,0,0,16,0,0
400001,1,1,0,0,0,0,0,0,0,0,0,0
400001,2,1,0,0,0,0,0,0,0,0,0,0
400002,1,1,0,0,0,0,0,0,0,0,0,0
400003,1,1,0,0,0,0,0,0,0,0,0,0