ST_CASE,VEH_NO,PER_NO,P1,P2,P3,P4,P5,P6,P7,P8,P9,P10
400004,0,1,0,0,26,16,0,0,17,0,21,5
400004,1,1,0,0,0,0,0,0,0,37,0,0
400005,1,1,17,17,17,17,17,17,17,17,17,17
400006,1,1,0,0,0,0,0,0,0,0,0,0
400006,2,1,0,0,0,0,0,0,0,0,0,0
400007,1,1,0,0,0,0,0,0,0,0,0,0
400007,2,1,0,0,0,0,0,0,0,0,0,0
400008,1,1,0,0,0,0,0,0,0,0,0,0
400009,0,1,0,0,0,0,0,0,0,0,0,0
400009,1,1,0,0,0,0,0,0,0,0,0,0
400010,1,1,11,11,11,11,11,11,11,11,11,11
400011,1,1,0,0,0,0,0,0,0,0,0,0
400011,2,1,0,0,0,0,0,0,0,0,0,0
400012,1,1,0,0,0,0,0,0,0,0,0,0
400012,2,1,0,0,0,0,0,0,0,0,0,0
400012,3,1,0,0,0,0,0,0,0,0,0,0
400013,1,1,12,18,24,0,27,5,11,5,22,8
400013,2,1,0,0,0,0,0,0,0,0,0,0
400013,3,1,0,0,0,0,0,0,0,0,0,13
400014,1,1,19,0,0,0,0,0,0,13,0,0
400014,2,1,0,0,0,0,0,0,0,0,0,0
400014,3,1,0,0,0,0,0,0,0,0,0,0
400015,1,1,0,0,0,0,0,0,0,0,0,0
400015,2,1,0,0,0,0,0,0,0,0,0,0
400016,1,1,0,0,0,0,0,0,0,0,0,0
400016,2,1,8,8,8,8,8,8,8,8,8,8
400017,1,1,0,0,0,0,0,0,0,0,0,0
400018,1,1,0,0,0,0,0,0,0,0,0,0
400018,2,1,0,0,0,0,0,0,0,0,0,0
400019,1,1,0,0,0,0,0,0,0,0,0,0
400019,2,1,0,0,0,0,0,0,0,0,0,0
400020,1,1,15,15,15,15,15,15,15,15,15,15
400020,2,1,0,0,0,0,0,0,0,0,0,0
400020,3,1,0,0,0,0,0,0,0,0,0,0
400020,4,1,0,0,0,0,0,0,0,0,0,0
400020,5,1,0,0,0,0,0,0,0,0,0,0
400021,1,1,0,0,0,0,0,0,0,0,0,0
400021,2,1,0,0,0,0,0,0,0,0,0,0
400022,1,1,13,13,13,13,13,13,13,13,13,13
400023,0,1,2,2,2,2,2,2,2,2,2,2
400023,1,1,0,0,0,0,0,0,0,0,0,0
400024,1,1,0,0,0,0,0,0,0,0,9,0
400024,2,1,0,0,0,0,0,0,0,0,0,0
400025,1,1,0,0,0,0,0,5,0,0,0,0
400025,2,1,25,25,25,25,25,25,25,25,25,25
400026,1,1,0,0,0,0,0,0,0,0,0,0
400027,1,1,2,8,11,22,0,0,0,0,14,14
400027,2,1,0,0,0,0,0,0,0,0,0,0
400028,1,1,0,0,0,0,0,0,0,0,0,0
400029,1,1,0,0,0,0,0,0,0,0,0,16
400030,1,1,0,0,0,0,0,0,0,0,0,0
400030,2,1,0,0,0,0,0,0,0,0,0,0
400031,0,1,26,26,26,26,26,26,26,26,26,26
400031,1,1,0,0,0,0,0,0,0,0,0,0
400031,2,1,0,0,0,0,0,0,0,17,0,0
400032,1,1,29,29,29,29,29,29,29,29,29,29
400032,2,1,0,0,0,0,0,0,0,0,0,0
400033,1,1,0,0,0,0,0,0,0,0,0,0
400033,2,1,0,0,0,0,0,0,0,0,0,0
400034,1,1,0,0,0,0,0,0,0,0,0,0
400034,2,1,21,21,21,21,21,21,21,21,21,21
400035,0,1,26,0,0,8,0,0,14,6,0,0
400035,1,1,0,0,0,0,14,0,5,3,0,0
400036,0,1,41,41,41,41,41,41,41,41,41,41
400036,1,1,0,0,0,10,0,0,0,0,0,0
400037,1,1,30,30,30,30,30,30,30,30,30,30
400037,2,1,0,0,0,0,0,0,0,0,0,0
400038,1,1,0,0,0,0,0,0,0,0,0,0
400038,2,1,0,0,0,0,0,0,0,0,0,0
400039,1,1,0,0,0,0,0,0,0,0,0,0
400040,1,1,0,0,0,0,0,0,0,0,0,0
400041,1,1,27,27,27,27,27,27,27,27,27,27
400041,2,1,0,0,0,0,0,0,0,0,0,0
400042,1,1,29,29,29,29,29,29,29,29,29,29
400043,1,1,0,0,0,0,0,0,0,0,0,0
400043,2,1,0,0,0,0,0,0,0,0,0,0
400044,1,1,13,13,13,13,13,13,13,13,13,13
400044,2,1,0,0,0,0,0,0,0,0,0,0
400045,1,1,0,0,0,0,0,0,0,0,0,0
400045,2,1,0,0,0,0,0,0,0,0,0,0
400045,4,1,0,0,0,0,0,0,0,0,0,0
400045,5,1,0,0,0,9,0,0,0,0,0,0
400045,6,1,0,0,0,0,0,0,0,0,0,0
400046,1,1,34,34,34,34,34,34,34,34,34,34
400047,1,1,22,22,22,22,22,22,22,22,22,22
400047,2,1,0,0,0,0,0,0,0,0,0,0
400048,1,1,0,0,0,0,0,0,0,0,0,0
400048,2,1,0,0,0,0,0,0,0,0,0,5
400048,3,1,16,0,0,0,0,0,25,0,0,0
400048,4,1,0,0,0,0,0,0,0,0,0,0
400049,1,1,0,0,0,0,0,0,0,0,0,0
400049,2,1,0,0,0,0,0,0,0,0,0,0
400050,1,1,0,0,0,0,0,0,0,0,0,0
400050,2,1,0,0,0,0,0,0,0,0,0,0
400050,3,1,0,0,0,0,0,0,0,0,0,0
400051,1,1,35,35,35,35,35,35,35,35,35,35
400052,1,1,0,0,0,0,0,0,0,0,0,0
400052,2,1,0,0,0,0,0,0,0,0,0,0
400053,1,1,0,0,0,0,0,0,0,0,0,0
400053,2,1,0,0,0,0,0,0,0,0,0,0
400054,1,1,11,11,11,11,11,11,11,11,11,11
400055,1,1,20,20,20,20,20,20,20,20,20,20
400056,1,1,0,0,0,0,0,0,0,0,0,0
400056,2,1,0,0,0,0,0,0,0,0,0,0
400057,1,1,0,0,0,0,0,0,0,0,0,0
400058,1,1,0,0,0,0,0,0,0,0,0,16
400058,2,1,0,0,0,0,0,0,0,0,0,0
400059,1,1,0,0,0,0,0,0,0,0,0,0
400060,1,1,0,0,0,0,0,0,0,0,0,0
400060,2,1,0,0,0,0,0,0,0,0,0,0
400060,3,1,0,0,0,0,0,0,0,0,0,0
400061,1,1,0,0,0,0,0,0,0,0,0,0
400061,2,1,0,0,0,0,0,0,0,0,7,0
400062,0,1,24,2,0,8,0,0,0,0,0,8
400062,1,1,0,0,0,0,0,0,0,0,0,0
400062,2,1,0,0,0,0,0,0,0,0,0,0
400062,3,1,0,0,0,0,0,0,0,0,0,0
400063,1,1,24,23,11,0,15,23,14,19,0,21
400063,2,1,0,0,0,0,0,0,0,0,0,0
400064,1,1,15,15,15,15,15,15,15,15,15,15
400064,2,1,0,0,0,0,0,0,0,0,0,0
400065,1,1,0,0,0,0,0,0,0,0,0,0
400066,1,1,4,4,4,4,4,4,4,4,4,4
400067,1,1,0,0,0,0,0,0,0,0,0,0
400067,2,1,0,0,0,0,0,0,0,0,0,0
400068,1,1,0,0,0,0,0,0,0,0,0,0
400068,2,1,0,0,0,15,0,0,0,0,0,0
400069,0,1,8,8,8,8,8,8,8,8,8,8
400069,1,1,0,0,0,0,0,0,0,0,0,0
400070,1,1,27,27,27,27,27,27,27,27,27,27
400071,1,1,0,0,0,0,0,0,0,0,0,0
400072,1,1,0,0,0,0,0,0,0,0,0,0
400072,2,1,0,0,0,0,0,0,0,0,0,0
400072,3,1,0,0,4,0,0,0,0,0,0,0
400074,1,1,0,0,0,0,0,0,0,0,16,0
400075,1,1,0,0,0,0,0,0,0,0,0,0
400076,1,1,0,0,0,0,0,0,0,0,0,0
400077,1,1,0,0,0,0,0,0,0,0,0,0
400077,2,1,0,0,0,0,0,0,0,0,0,0
400078,0,1,0,0,0,0,0,0,0,0,0,0
400078,1,1,12,0,0,13,0,0,0,0,0,0
400079,1,1,0,0,0,0,0,0,0,0,0,0
400080,1,1,12,12,12,12,12,12,12,12,12,12
400080,2,1,12,12,12,12,12,12,12,12,12,12
400082,1,1,0,0,0,0,0,0,0,0,0,0
400083,0,1,0,0,0,0,0,0,0,0,0,0
400083,1,1,24,13,0,0,22,0,0,0,12,0
400084,1,1,0,0,0,0,0,0,0,0,0,0
400084,2,1,0,0,0,0,0,0,0,0,0,0
400085,1,1,0,0,0,0,0,0,0,0,0,0
400086,1,1,13,0,6,0,0,0,22,0,0,4
400087,1,1,0,0,0,0,0,0,0,0,0,0
400088,0,1,11,14,0,0,0,0,24,0,0,0
400088,1,1,0,0,0,0,0,0,0,0,0,0
400089,0,1,0,0,0,0,0,0,0,0,0,0
400089,0,2,0,0,0,0,0,0,0,0,0,0
400089,1,1,23,0,30,0,0,2,0,0,0,0
400090,1,1,0,0,16,0,0,0,0,0,0,32
400090,2,1,0,0,0,0,0,0,0,0,0,0
400090,3,1,0,0,0,0,0,0,0,0,0,0
400091,1,1,0,0,0,0,0,0,0,0,0,0
400091,2,1,0,0,0,0,0,0,0,0,0,0
400092,0,1,9,9,9,9,9,9,9,9,9,9
400092,1,1,23,7,9,0,11,0,0,15,0,0
400092,2,1,21,0,15,28,0,8,0,0,7,8
400092,3,1,0,0,0,0,0,23,0,0,0,0
400092,4,1,0,0,0,0,0,0,0,0,0,0
400093,1,1,15,15,15,15,15,15,15,15,15,15
400093,2,1,0,0,0,0,0,0,0,0,0,0
400094,1,1,26,26,26,26,26,26,26,26,26,26
400095,0,1,0,0,0,0,0,0,0,0,0,0
400095,1,1,0,0,0,0,0,0,0,0,0,0
400096,1,1,0,0,0,0,0,0,0,0,0,0
400097,1,1,0,0,0,0,0,0,0,0,0,0
400098,0,1,0,0,17,0,0,0,0,0,0,0
400099,1,1,0,0,0,0,0,0,0,0,0,0
400099,2,1,0,0,0,0,0,0,0,0,0,0
400100,1,1,12,12,12,12,12,12,12,12,12,12
400100,2,1,0,0,0,0,0,0,0,0,0,0
400101,1,1,0,0,0,0,0,0,0,0,0,0
400101,2,1,0,0,0,0,0,0,0,0,0,0
400102,1,1,0,0,0,0,0,0,0,0,0,0
400103,0,1,27,27,27,27,27,27,27,27,27,27
400103,1,1,0,0,0,0,0,0,0,0,0,0
400104,1,1,17,17,17,17,17,17,17,17,17,17
400104,2,1,0,0,0,17,0,0,19,0,0,0
400105,1,1,0,0,0,0,0,0,0,0,0,0
400106,1,1,0,0,0,0,0,0,0,0,0,0
400106,2,1,0,0,0,0,14,0,0,0,0,18
400107,1,1,21,21,21,21,21,21,21,21,21,21
400108,1,1,0,0,0,0,0,0,0,0,0,0
400108,2,1,0,0,0,0,0,0,0,0,0,0
400109,1,1,21,21,21,21,21,21,21,21,21,21
400110,0,1,0,0,0,0,0,0,0,0,0,0
400110,1,1,0,0,0,0,0,0,0,0,0,0
400111,1,1,0,0,0,0,0,0,0,0,0,0
400111,2,1,0,0,0,0,0,0,0,0,0,0
400113,1,1,14,14,14,14,14,14,14,14,14,14
400114,1,1,0,0,0,0,0,0,0,0,0,0
400114,2,1,0,0,0,0,0,0,0,0,0,0
400115,1,1,0,0,0,0,0,0,0,0,0,0
400116,1,1,0,0,0,0,0,0,0,0,0,0
400117,1,1,12,17,23,0,24,19,0,0,0,19
400118,1,1,0,0,0,0,0,0,0,0,0,0
400119,0,1,3,3,3,3,3,3,3,3,3,3
400119,1,1,0,0,0,0,0,0,0,0,0,0
400120,0,1,0,0,0,0,0,0,0,0,0,0
400120,1,1,0,0,0,0,0,0,0,0,0,0
400121,1,1,0,0,0,0,0,0,0,0,0,0
400121,2,1,0,0,0,0,0,0,0,0,0,0
400122,1,1,0,0,0,0,0,0,0,0,0,0
400122,2,1,0,0,0,0,0,0,0,0,0,0
400123,1,1,9,9,9,9,9,9,9,9,9,9
400124,1,1,0,0,0,0,0,0,0,0,0,0
400125,1,1,25,25,25,25,25,25,25,25,25,25
400126,1,1,6,6,6,6,6,6,6,6,6,6
400126,2,1,0,0,0,0,0,0,0,0,0,0
400127,0,1,0,0,0,0,0,0,0,0,0,0
400127,1,1,0,0,0,0,0,0,0,0,0,0
400128,0,1,10,10,10,10,10,10,10,10,10,10
400128,1,1,15,0,0,13,0,14,0,19,4,0
400129,0,1,0,14,0,16,0,0,0,0,0,13
400129,0,2,0,0,0,0,0,0,0,0,0,0
400129,1,1,0,0,7,0,0,0,0,0,0,0
400130,1,1,0,0,0,0,0,0,0,0,0,0
400130,2,1,0,0,0,0,0,0,0,0,0,0
400131,1,1,31,31,31,31,31,31,31,31,31,31
400132,1,1,0,0,22,0,0,0,0,14,36,19
400133,1,1,0,0,0,0,0,0,0,0,0,0
400133,2,1,0,0,0,0,0,0,0,17,0,0
400134,1,1,0,0,0,0,0,0,0,0,0,0
400134,2,1,0,0,0,0,0,0,0,0,0,0
400135,1,1,6,0,0,0,0,0,0,0,0,0
400135,2,1,0,0,0,0,0,0,0,0,0,0
400136,1,1,5,5,5,5,5,5,5,5,5,5
400137,1,1,0,0,0,0,0,0,0,0,0,0
400137,2,1,0,0,0,0,0,0,0,0,0,0
400138,1,1,0,0,0,0,0,0,0,0,0,0
400138,2,1,0,0,0,0,0,0,0,0,0,0
400139,1,1,0,0,0,0,0,0,0,0,0,0
400140,0,1,0,0,0,0,0,0,0,0,0,0
400140,1,1,0,0,0,0,0,0,0,0,0,0
400141,0,1,0,0,0,0,0,0,0,0,0,0
400141,1,1,0,0,0,0,0,0,0,9,0,0
400142,0,1,8,8,8,8,8,8,8,8,8,8
400142,1,1,0,0,0,0,0,0,0,0,0,0
400143,1,1,0,12,0,0,0,0,0,0,0,0
400143,2,1,0,0,0,0,0,0,0,0,0,0
400144,1,1,0,0,0,0,0,0,0,0,0,0
400144,2,1,0,0,0,0,0,0,0,0,0,0
400145,0,1,0,0,0,0,0,0,0,0,0,0
400145,1,1,0,0,0,0,0,0,0,0,0,0
400146,1,1,0,0,0,0,0,0,0,0,0,0
400146,2,1,0,0,0,0,0,0,0,0,0,0
400146,3,1,0,0,0,0,0,0,0,0,0,0
400147,1,1,22,22,22,22,22,22,22,22,22,22
400147,2,1,0,0,0,0,0,0,0,0,0,0
400148,1,1,0,0,0,0,0,0,0,0,0,0
400149,1,1,0,0,0,0,0,0,0,0,0,0
400149,2,1,0,0,0,0,0,0,0,0,0,0
400150,1,1,0,0,0,0,0,0,0,0,0,0
400150,2,1,0,0,0,0,0,0,0,0,4,19
400151,1,1,0,0,0,0,0,0,0,0,0,0
400152,1,1,20,20,20,20,20,20,20,20,20,20
400152,2,1,0,0,0,0,0,0,0,0,0,0
400153,1,1,0,0,0,0,0,0,19,0,0,0
400153,2,1,0,0,0,0,0,0,0,0,0,0
400154,1,1,26,0,46,19,20,27,20,18,34,19
400155,1,1,0,0,0,0,0,0,0,0,0,0
400156,1,1,0,0,0,0,0,0,0,0,0,0
400156,2,1,0,0,0,0,0,0,0,0,0,0
400157,1,1,17,17,17,17,17,17,17,17,17,17
400157,2,1,0,0,0,0,0,0,0,0,0,0
400158,0,1,0,0,0,0,0,0,0,29,0,9
400158,1,1,0,0,0,20,0,0,0,0,0,0
400159,1,1,1,1,1,1,1,1,1,1,1,1
400160,1,1,0,0,0,0,0,0,0,0,0,0
400160,2,1,0,0,0,0,0,0,0,0,0,0
400161,1,1,0,0,0,0,0,0,0,0,0,0
400161,2,1,0,0,0,0,0,0,0,0,0,0
400162,0,1,0,0,0,0,0,0,0,0,0,0
400162,1,1,0,0,0,0,0,0,0,0,0,0
400163,1,1,0,0,0,0,0,0,0,0,0,0
400164,1,1,0,0,14,24,0,0,0,0,0,0
400165,1,1,9,9,9,9,9,9,9,9,9,9
400166,1,1,0,0,0,0,0,0,0,0,0,0
400167,1,1,8,8,8,8,8,8,8,8,8,8
400168,1,1,31,31,31,31,31,31,31,31,31,31
400169,1,1,0,0,0,9,0,0,11,0,23,0
400169,2,1,0,0,0,18,0,0,0,0,0,0
400170,1,1,0,0,0,0,0,0,0,0,0,0
400170,2,1,0,0,0,0,0,0,0,0,0,0
400171,1,1,31,31,31,31,31,31,31,31,31,31
400172,1,1,0,0,0,0,0,0,0,0,0,0
400173,1,1,0,0,0,0,0,0,0,0,0,0
400173,2,1,0,0,0,0,0,0,0,0,0,0
400174,1,1,0,0,0,0,0,0,0,0,0,0
400174,2,1,0,0,0,0,0,0,0,0,0,0
400175,1,1,0,0,0,0,0,0,0,0,0,0
400175,2,1,17,0,0,0,0,0,0,0,0,12
400175,3,1,0,0,0,0,0,0,0,0,0,8
400175,4,1,0,0,0,0,0,0,0,0,0,0
400176,1,1,0,0,0,0,0,0,0,0,0,0
400176,2,1,10,10,10,10,10,10,10,10,10,10
400176,3,1,0,11,9,0,0,15,30,16,12,5
400177,0,1,0,0,0,0,0,0,0,0,0,0
400177,1,1,0,0,0,0,0,0,0,0,0,0
400178,1,1,10,0,0,0,0,15,0,30,8,0
400178,2,1,3,12,0,0,0,0,16,0,0,21
400179,0,1,0,0,0,0,0,0,0,0,0,0
400179,1,1,21,0,0,0,0,0,19,0,0,0
400180,1,1,0,0,0,0,0,0,0,0,0,0
400180,2,1,0,0,0,0,0,0,0,0,0,0
400181,1,1,0,0,0,0,0,0,0,0,0,0
400182,0,1,0,0,0,0,0,0,0,0,0,0
400182,1,1,0,0,0,0,0,0,0,0,0,0
400183,1,1,0,0,0,0,0,0,0,0,0,0
400183,2,1,0,0,0,0,0,0,0,0,0,0
400184,1,1,0,0,0,0,0,0,0,0,0,0
400184,2,1,0,0,0,0,0,0,0,0,0,0
400185,1,1,0,0,0,0,0,0,0,0,0,0
400186,1,1,0,0,0,0,0,0,0,0,0,0
400186,2,1,0,0,0,0,0,0,0,0,0,0
400187,2,1,0,0,0,0,0,0,0,0,0,0
400188,1,1,0,0,0,0,0,0,0,0,0,0
400188,2,1,0,0,0,0,0,0,0,0,0,0
400189,1,1,0,0,0,0,0,0,0,0,0,0
400190,1,1,6,15,22,12,20,14,23,10,20,21
400191,1,1,0,0,0,0,0,0,0,0,0,0
400192,1,1,11,11,11,11,11,11,11,11,11,11
400193,1,1,15,15,15,15,15,15,15,15,15,15
400193,2,1,0,0,0,0,0,0,0,0,0,0
400194,1,1,0,0,0,0,0,0,0,0,0,0
400196,1,1,0,0,0,0,0,0,0,0,0,0
400197,1,1,0,0,0,0,0,0,0,0,0,0
400197,2,1,0,0,0,0,0,0,0,0,0,0
400198,0,1,0,0,0,0,0,0,0,0,0,0
400198,1,1,14,19,0,0,0,0,0,0,0,0
400198,2,1,0,0,0,0,0,0,0,0,0,0
400200,1,1,0,0,0,0,0,0,0,0,0,0
400201,1,1,0,0,0,0,0,0,0,0,0,0
400203,0,1,0,0,0,0,0,0,0,0,0,0
400203,0,2,0,0,0,0,0,0,0,0,0,0
400203,1,1,0,0,0,0,0,0,0,0,0,0
400204,1,1,32,32,32,32,32,32,32,32,32,32
400205,1,1,0,0,0,0,0,0,0,0,38,9
400206,1,1,16,16,16,16,16,16,16,16,16,16
400206,2,1,0,0,0,0,0,0,0,0,0,16
400207,0,1,0,0,0,0,0,0,0,0,0,0
400207,0,2,20,0,6,28,0,0,0,0,0,0
400207,1,1,0,0,0,0,0,0,0,0,0,0
400208,0,1,0,0,0,0,0,0,0,0,0,0
400208,1,1,0,0,0,0,0,0,0,0,0,0
400209,0,1,37,0,0,14,0,0,0,0,0,0
400209,0,2,0,0,0,0,0,0,0,0,0,0
400209,1,1,0,0,0,0,0,0,20,0,0,0
400210,1,1,0,0,0,0,0,0,0,0,0,0
400211,1,1,10,10,10,10,10,10,10,10,10,10
400212,1,1,10,0,0,0,0,0,0,0,0,0
400213,1,1,0,0,0,0,0,0,0,0,0,0
400214,1,1,0,0,0,0,0,0,0,0,0,0
400215,1,1,32,32,32,32,32,32,32,32,32,32
400216,1,1,19,19,19,19,19,19,19,19,19,19
400216,2,1,0,0,0,0,0,0,0,0,0,0
400217,1,1,0,0,0,0,0,0,0,0,0,0
400218,1,1,10,10,10,10,10,10,10,10,10,10
400219,1,1,0,0,0,0,0,0,0,0,0,0
400219,2,1,0,0,0,0,0,0,0,0,0,0
400220,1,1,21,21,21,21,21,21,21,21,21,21
400221,1,1,0,0,0,0,0,0,0,0,0,0
400221,2,1,0,0,0,0,0,0,0,0,0,0
400222,1,1,0,0,0,0,0,0,0,0,0,0
400223,1,1,18,18,18,18,18,18,18,18,18,18
400224,1,1,0,25,21,0,0,0,0,0,0,0
400224,2,1,0,0,0,0,0,0,0,0,0,0
400225,1,1,0,0,0,0,0,0,0,0,0,0
400225,2,1,0,0,0,0,0,0,0,0,0,0
400226,1,1,0,0,0,0,0,0,0,0,0,0
400227,1,1,0,21,0,0,0,12,14,0,0,0
400228,1,1,0,0,0,0,0,0,0,0,0,0
400229,1,1,23,23,23,23,23,23,23,23,23,23
400230,1,1,0,0,0,0,0,0,0,0,0,0
400230,2,1,0,0,0,0,0,0,0,0,0,0
400231,1,1,0,0,0,0,0,0,0,0,0,0
400232,1,1,0,0,0,0,0,0,0,0,0,0
400232,2,1,0,0,0,0,0,0,0,0,0,0
400233,0,1,0,0,0,0,0,0,0,0,0,0
400233,1,1,0,0,0,0,0,0,19,0,0,0
400234,1,1,0,0,0,0,0,0,0,0,0,0
400234,2,1,0,0,0,0,30,0,0,0,15,0
400234,3,1,0,0,0,0,0,0,0,0,0,0
400235,1,1,0,0,0,0,0,0,0,0,0,0
400236,1,1,10,10,10,10,10,10,10,10,10,10
400237,1,1,0,0,0,0,0,0,0,0,0,0
400237,2,1,0,0,0,0,0,0,0,0,0,0
400238,1,1,21,21,21,21,21,21,21,21,21,21
400239,1,1,0,12,0,0,0,24,0,0,0,0
400240,1,1,0,0,0,0,0,0,0,0,0,0
400241,0,1,0,0,0,0,0,0,0,0,0,0
400241,0,2,26,0,0,0,0,0,0,0,0,0
400241,1,1,0,0,0,0,0,0,0,0,0,0
400242,1,1,29,29,29,29,29,29,29,29,29,29
400243,0,1,20,20,20,20,20,20,20,20,20,20
400243,1,1,0,0,0,0,0,0,0,0,0,0
400245,1,1,0,0,0,0,0,0,0,0,0,7
400246,1,1,0,0,0,0,0,0,0,0,0,0
400246,2,1,0,0,0,0,0,0,0,0,0,0
400247,1,1,19,19,19,19,19,19,19,19,19,19
400247,2,1,0,0,0,0,0,0,0,0,0,0
400247,3,1,0,0,0,0,0,0,0,0,0,0
400248,0,1,0,0,0,0,0,0,0,0,0,0
400248,1,1,0,0,0,0,0,0,0,0,0,0
400249,1,1,8,8,8,8,8,8,8,8,8,8
400249,2,1,0,0,0,0,0,0,0,0,0,0
400250,1,1,25,0,0,7,0,5,20,0,0,0
400250,2,1,0,0,0,0,0,0,0,0,0,0
400251,1,1,33,33,33,33,33,33,33,33,33,33
400252,0,1,0,0,0,0,12,0,31,0,0,27
400252,1,1,0,0,0,12,0,0,12,6,0,0
400252,3,1,0,0,5,6,10,0,26,12,0,0
400253,1,1,13,13,13,13,13,13,13,13,13,13
400254,1,1,0,0,0,0,0,0,0,0,0,0
400255,1,1,0,0,0,0,0,0,0,0,0,0
400256,1,1,0,0,0,0,0,0,0,0,0,0
400256,2,1,0,0,0,0,0,0,0,0,0,0
400257,1,1,0,0,0,0,0,0,0,0,0,0
400258,1,1,7,7,7,7,7,7,7,7,7,7
400259,1,1,0,0,0,0,0,0,0,0,0,0
400260,1,1,0,0,0,0,0,0,0,0,0,0
400260,2,1,0,0,0,16,0,0,0,0,0,0
400261,1,1,0,0,0,0,0,0,0,0,0,0
400261,2,1,0,0,0,0,0,0,0,0,0,0
400262,1,1,2,2,2,2,2,2,2,2,2,2
400262,2,1,0,0,0,0,0,0,0,0,0,0
400263,1,1,0,0,0,0,0,0,0,0,0,0
400263,2,1,0,0,0,0,0,0,0,0,0,0
400264,1,1,20,20,20,20,20,20,20,20,20,20
400265,1,1,0,0,0,0,0,0,0,0,0,0
400266,0,1,27,27,27,27,27,27,27,27,27,27
400266,1,1,0,0,0,0,0,0,0,7,0,0
400267,1,1,2,2,2,2,2,2,2,2,2,2
400268,1,1,0,0,0,0,0,0,0,0,0,0
400268,2,1,0,0,0,0,0,0,0,0,0,0
400269,1,1,0,0,0,0,0,0,0,0,0,0
400270,0,1,0,0,0,0,0,0,0,0,0,0
400270,1,1,0,0,0,0,0,0,0,0,0,11
400271,1,1,17,17,17,17,17,17,17,17,17,17
400272,1,1,0,0,0,0,0,0,0,0,0,0
400272,2,1,0,0,0,0,0,0,0,0,0,0
400272,3,1,0,0,0,0,0,0,0,0,0,0
400272,4,1,0,0,0,0,0,0,0,0,0,0
400272,5,1,0,0,0,0,0,0,0,0,0,0
400273,0,1,0,22,0,0,0,0,0,0,0,0
400273,0,2,0,0,0,0,0,0,0,0,0,0
400273,1,1,0,0,0,0,0,0,0,0,0,0
400275,1,1,0,0,0,0,0,0,0,0,0,0
400275,2,1,0,0,0,0,0,0,0,0,0,0
400276,1,1,11,0,0,15,0,0,0,24,2,0
400277,1,1,0,0,0,0,0,0,0,0,0,0
400278,1,1,0,0,0,0,0,0,0,0,0,0
400278,2,1,0,0,0,0,0,0,0,0,0,0
400279,0,1,0,0,0,19,0,0,0,27,0,0
400279,1,1,0,0,0,0,0,0,0,0,10,0
400280,1,1,0,0,0,0,0,0,0,0,0,0
400280,2,1,0,0,0,0,0,0,0,0,0,0
400281,1,1,0,0,0,0,0,0,0,0,0,0
400282,1,1,0,0,0,0,0,0,0,0,0,0
400282,2,1,0,0,0,0,0,0,23,0,0,0
400283,0,1,0,0,0,0,0,0,0,0,0,0
400283,1,1,0,0,0,0,0,0,0,0,0,0
400284,1,1,14,14,14,14,14,14,14,14,14,14
400284,2,1,0,0,0,0,0,12,0,0,0,0
400285,1,1,0,0,0,0,0,0,0,0,0,0
400286,0,1,0,0,0,0,0,0,0,0,0,0
400286,1,1,0,0,0,0,0,0,0,0,0,0
400287,1,1,0,0,0,0,0,0,0,0,0,0
400287,2,1,0,0,0,0,0,0,0,0,0,0
400288,0,1,0,0,0,0,0,0,0,0,0,0
400288,1,1,0,0,0,0,0,0,0,0,0,0
400288,2,1,13,18,0,0,18,9,13,0,0,0
400288,3,1,0,0,0,0,0,0,0,0,0,0
400289,1,1,0,0,0,0,0,0,0,0,0,0
400290,0,1,0,0,0,0,0,0,0,0,0,0
400290,1,1,0,0,0,0,0,0,0,0,0,0
400292,1,1,0,0,0,0,0,0,0,0,0,0
400293,1,1,0,0,0,0,0,0,0,0,0,0
400293,2,1,0,0,0,0,0,0,0,0,0,0
400294,1,1,0,0,0,0,0,0,0,0,0,0
400294,2,1,18,0,0,0,0,0,0,0,0,0
400295,1,1,0,0,17,0,0,0,11,0,0,0
400296,0,1,0,0,0,0,0,0,0,0,0,0
400296,1,1,0,0,0,0,0,0,0,0,0,0
400297,1,1,0,0,0,0,0,0,0,0,0,0
400298,1,1,21,21,21,21,21,21,21,21,21,21
400299,0,1,0,0,0,0,0,0,0,0,0,0
400299,1,1,12,9,0,0,0,0,0,0,0,0
400300,1,1,0,6,0,0,0,0,0,0,0,0
400300,2,1,0,0,0,0,0,0,0,0,0,0
400301,0,1,28,16,0,0,0,0,0,0,0,13
400301,1,1,0,0,0,0,0,0,0,0,0,0
400302,0,1,22,22,22,22,22,22,22,22,22,22
400302,1,1,16,0,0,0,0,15,0,0,22,0
400303,1,1,9,9,9,9,9,9,9,9,9,9
400304,0,1,0,0,0,31,0,0,17,4,0,0
400304,1,1,0,0,0,0,0,0,8,0,0,0
400305,1,1,0,0,0,0,0,0,0,0,0,0
400305,2,1,0,0,0,0,0,22,0,0,0,0
400306,0,1,0,0,0,0,0,0,0,0,0,0
400306,1,1,0,0,0,0,0,0,0,0,0,0
400307,1,1,0,0,0,0,0,0,0,0,0,0
400308,1,1,0,0,0,0,15,42,7,0,0,0
400308,2,1,0,0,0,0,0,0,0,0,0,0
400309,1,1,26,26,26,26,26,26,26,26,26,26
400310,1,1,0,0,0,0,0,0,0,0,0,0
400311,1,1,0,0,0,0,0,0,0,0,0,0
400311,2,1,0,0,0,0,0,0,0,0,0,0
400312,1,1,0,0,0,0,0,0,0,0,0,0