ST_CASE,VEH_NO,PER_NO,P1,P2,P3,P4,P5,P6,P7,P8,P9,P10
400312,2,1,0,0,0,0,0,0,0,0,0,0
400313,1,1,0,0,0,0,0,0,0,0,0,0
400314,1,1,0,0,0,0,0,0,0,0,0,0
400314,2,1,0,0,0,0,0,0,0,0,0,0
400314,3,1,0,0,0,0,0,0,0,0,15,0
400315,1,1,0,0,0,0,0,0,0,0,0,0
400316,1,1,0,0,0,0,0,0,0,0,0,0
400316,2,1,0,0,0,0,0,0,0,0,0,0
400317,1,1,0,0,0,0,0,0,0,0,0,0
400318,1,1,0,0,0,0,0,0,0,0,0,0
400318,2,1,0,0,0,0,0,0,0,0,0,0
400318,3,1,0,0,0,0,0,33,0,0,0,0
400318,4,1,0,0,0,0,0,0,21,0,0,0
400319,1,1,16,16,16,16,16,16,16,16,16,16
400319,2,1,0,0,0,0,0,0,0,0,0,0
400320,1,1,0,0,0,0,0,0,0,0,0,0
400321,1,1,10,10,10,10,10,10,10,10,10,10
400322,1,1,17,17,17,17,17,17,17,17,17,17
400323,0,1,0,0,0,0,0,0,0,0,0,0
400323,1,1,0,0,0,0,16,0,0,0,0,12
400324,1,1,0,0,0,0,0,0,0,0,0,0
400324,2,1,18,18,18,18,18,18,18,18,18,18
400325,1,1,31,31,31,31,31,31,31,31,31,31
400325,2,1,0,0,0,0,0,12,0,0,0,0
400326,1,1,0,0,0,0,0,0,0,0,0,0
400326,2,1,0,0,0,0,0,0,0,0,0,0
400327,1,1,0,0,0,0,0,0,0,0,0,0
400327,2,1,0,0,0,0,0,0,0,0,0,0
400328,1,1,0,0,0,0,0,0,0,0,0,0
400328,2,1,0,0,0,0,0,0,0,0,0,0
400329,1,1,0,0,0,0,0,0,0,0,0,0
400329,2,1,0,0,0,0,0,19,0,0,0,22
400330,1,1,11,11,11,11,11,11,11,11,11,11
400331,1,1,0,0,0,0,0,0,0,0,0,0
400331,2,1,0,0,0,0,0,0,0,0,0,0
400331,3,1,0,0,0,0,19,0,0,0,0,0
400332,1,1,0,0,0,9,20,29,18,0,0,19
400332,2,1,0,0,0,0,0,0,0,0,0,4
400333,1,1,0,0,0,0,0,0,0,0,0,0
400333,2,1,0,0,0,0,0,0,0,0,0,0
400334,0,1,0,0,0,0,0,0,0,0,0,0
400334,1,1,0,0,0,0,0,0,0,0,0,0
400335,0,1,0,0,0,0,0,0,0,0,0,0
400335,2,1,0,0,0,0,0,0,0,0,0,0
400335,3,1,0,0,0,0,0,0,0,0,0,0
400336,1,1,12,12,12,12,12,12,12,12,12,12
400337,1,1,0,0,0,0,0,0,0,0,0,0
400337,2,1,0,0,0,0,0,0,0,0,0,0
400338,1,1,23,23,23,23,23,23,23,23,23,23
400338,2,1,0,0,0,0,0,0,0,0,0,0
400339,1,1,0,0,0,0,0,0,0,0,0,0
400340,1,1,0,0,0,0,0,0,0,0,0,0
400340,2,1,0,0,0,0,0,13,0,0,0,0
400341,1,1,21,21,21,21,21,21,21,21,21,21
400342,1,1,0,0,0,0,0,0,0,0,0,0
400343,1,1,0,0,0,0,0,0,0,0,0,0
400344,1,1,0,0,0,0,0,0,0,0,0,0
400344,2,1,0,0,0,0,0,0,0,0,0,0
400345,0,1,0,0,0,0,0,0,0,0,0,0
400345,1,1,21,0,8,0,0,0,7,0,21,0
400346,1,1,0,0,0,0,0,0,0,0,0,0
400346,2,1,0,0,0,0,0,0,0,0,0,0
400347,1,1,5,0,22,0,19,0,0,0,0,0
400348,0,1,0,0,0,0,0,0,0,0,0,0
400348,1,1,0,0,7,0,15,0,0,43,0,0
400349,0,1,0,0,0,0,0,0,0,0,0,0
400349,1,1,15,12,10,6,0,16,11,32,0,0
400350,0,1,0,0,0,0,0,0,0,0,0,0
400350,1,1,0,0,16,6,7,0,0,0,0,0
400351,1,1,0,0,0,0,0,0,0,0,0,0
400351,2,1,0,0,0,0,0,0,0,0,0,0
400352,1,1,0,0,0,0,0,0,0,15,0,0
400353,1,1,0,0,0,0,0,0,0,0,0,0
400354,1,1,0,0,0,0,0,0,0,0,0,0
400355,1,1,11,11,11,11,11,11,11,11,11,11
400356,1,1,0,0,0,0,0,0,0,0,0,0
400357,1,1,0,0,0,0,0,0,0,0,0,0
400357,2,1,0,0,0,0,0,0,0,0,0,0
400358,1,1,0,0,0,0,0,0,0,0,0,0
400358,2,1,0,0,0,0,0,0,0,0,0,0
400359,1,1,0,0,0,0,0,0,0,0,0,0
400360,1,1,0,0,0,0,0,0,0,0,0,0
400362,1,1,0,0,0,0,0,0,0,0,0,0
400362,2,1,0,0,0,0,0,0,0,0,0,0
400363,1,1,13,13,13,13,13,13,13,13,13,13
400364,1,1,0,0,16,0,41,0,0,16,0,0
400364,2,1,0,0,0,0,0,0,0,0,0,0
400365,1,1,0,0,0,0,0,0,0,0,0,0
400365,2,1,0,0,0,0,0,0,0,0,0,0
400365,3,1,0,0,0,0,0,0,0,0,0,0
400366,1,1,0,0,0,0,0,0,0,0,0,0
400366,2,1,0,1,0,0,0,0,0,0,0,0
400367,0,1,0,0,0,0,0,0,0,0,0,0
400367,1,1,0,0,15,0,0,0,0,0,0,0
400368,1,1,0,0,0,0,15,0,0,0,0,0
400368,2,1,0,0,0,0,0,21,0,0,14,0
400369,1,1,25,25,25,25,25,25,25,25,25,25
400370,1,1,0,0,0,0,0,14,0,0,0,23
400370,2,1,0,0,0,0,0,0,0,0,0,0
400371,1,1,0,0,0,0,0,0,0,0,0,0
400371,2,1,0,0,0,0,0,0,0,0,0,0
400372,1,1,0,24,0,0,9,0,0,0,0,0
400372,2,1,0,0,0,0,0,0,0,0,0,0
400373,1,1,0,0,0,0,0,0,0,0,0,0
400373,2,1,0,0,0,0,0,0,0,0,0,0
400374,1,1,4,4,4,4,4,4,4,4,4,4
400375,1,1,0,0,0,0,0,0,0,0,0,0
400375,2,1,15,15,15,15,15,15,15,15,15,15
400376,1,1,19,19,19,19,19,19,19,19,19,19
400377,1,1,0,0,0,0,0,0,0,0,0,0
400377,2,1,0,0,0,0,0,0,0,0,0,0
400378,0,1,0,0,0,0,0,0,0,0,0,0
400378,1,1,0,0,0,0,0,0,0,0,0,8
400379,1,1,2,2,2,2,2,2,2,2,2,2
400379,2,1,0,0,0,0,0,0,0,0,0,0
400380,1,1,0,0,0,0,0,0,0,0,0,0
400381,1,1,0,0,0,0,0,0,0,0,0,0
400382,1,1,0,0,0,20,0,0,13,0,0,22
400383,0,1,0,0,0,0,0,0,0,0,0,0
400383,1,1,0,0,0,0,0,0,0,0,0,0
400384,1,1,28,28,28,28,28,28,28,28,28,28
400385,1,1,0,0,0,0,0,0,0,0,0,0
400385,2,1,0,0,0,0,0,0,0,0,0,0
400386,1,1,15,15,15,15,15,15,15,15,15,15
400387,1,1,14,14,14,14,14,14,14,14,14,14
400387,2,1,0,0,0,0,0,0,0,0,0,0
400388,4,1,0,0,0,0,0,0,0,0,0,0
400389,1,1,0,0,0,0,0,0,0,0,0,0
400390,1,1,39,39,39,39,39,39,39,39,39,39
400390,2,1,0,0,0,0,0,0,0,0,0,0
400391,1,1,0,0,0,0,0,0,0,0,0,0
400391,2,1,0,0,0,0,0,0,0,0,0,0
400392,1,1,18,18,18,18,18,18,18,18,18,18
400392,2,1,0,0,0,0,0,0,0,0,0,0
400393,1,1,17,17,17,17,17,17,17,17,17,17
400393,2,1,20,0,10,0,0,0,0,0,0,0
400394,0,1,0,0,0,0,0,0,0,0,0,0
400394,1,1,15,0,0,0,0,0,0,0,0,0
400395,1,1,0,0,0,0,0,0,0,0,0,0
400396,1,1,0,0,0,0,0,0,0,0,0,0
400396,2,1,0,0,0,0,0,0,0,0,0,0
400396,3,1,0,0,0,0,0,0,0,0,14,0
400397,1,1,0,0,0,0,0,0,0,0,0,0
400397,2,1,0,0,0,25,0,0,12,14,0,0
400398,1,1,0,0,0,0,0,0,0,0,0,0
400398,2,1,0,0,0,0,0,0,0,0,0,0
400399,1,1,0,0,0,0,0,0,0,0,0,0
400399,2,1,0,0,0,0,10,0,0,0,0,0
400400,0,1,0,0,0,0,0,0,0,0,0,0
400400,1,1,0,0,0,0,0,0,0,0,0,0
400401,1,1,13,13,13,13,13,13,13,13,13,13
400402,1,1,0,0,0,0,0,0,0,0,0,0
400402,2,1,0,0,0,0,0,0,0,0,0,0
400403,1,1,26,0,0,0,0,0,0,0,0,0
400403,2,1,15,15,15,15,15,15,15,15,15,15
400404,1,1,11,11,11,11,11,11,11,11,11,11
400404,2,1,0,0,0,0,0,0,0,0,0,0
400405,1,1,0,0,0,0,0,0,0,0,0,0
400406,1,1,11,11,11,11,11,11,11,11,11,11
400407,1,1,0,0,0,0,0,0,0,0,0,0
400408,1,1,0,0,0,0,0,0,0,0,0,0
400408,2,1,0,0,0,0,0,0,0,0,0,0
400409,1,1,4,4,4,4,4,4,4,4,4,4
400410,1,1,0,0,0,0,0,0,0,0,0,0
400410,2,1,0,0,0,0,0,0,0,0,0,0
400411,0,1,0,0,0,0,0,0,0,0,0,0
400411,1,1,0,0,0,0,0,0,0,0,0,0
400411,2,1,0,0,0,0,0,0,0,0,0,0
400411,3,1,0,0,0,0,0,0,0,0,0,0
400412,1,1,27,27,27,27,27,27,27,27,27,27
400412,2,1,0,0,0,0,0,0,0,0,0,0
400413,1,1,0,0,0,0,0,0,0,0,0,7
400413,2,1,0,0,0,0,0,0,0,0,0,0
400413,3,1,0,0,0,0,0,0,3,0,0,0
400414,1,1,0,0,0,0,0,0,0,0,0,0
400414,2,1,0,0,0,0,0,0,0,0,0,0
400414,3,1,0,0,0,0,0,0,0,0,0,0
400414,4,1,0,0,0,0,0,0,0,0,0,0
400414,5,1,0,0,0,0,0,0,0,0,0,0
400414,6,1,0,0,0,0,0,0,0,0,0,0
400415,1,1,0,0,9,13,0,0,0,0,27,0
400415,2,1,15,15,15,15,15,15,15,15,15,15
400415,3,1,23,0,0,0,0,0,0,0,0,0
400415,4,1,14,6,0,27,16,18,31,6,9,8
400416,1,1,0,0,0,0,0,0,0,0,0,0
400416,2,1,0,0,0,0,0,0,0,0,0,0
400417,1,1,0,0,0,0,0,0,0,0,0,0
400417,2,1,0,0,0,0,0,0,0,0,0,0
400418,0,1,0,0,0,0,0,0,0,0,0,0
400418,1,1,0,0,0,0,0,0,0,0,0,0
400419,1,1,27,27,27,27,27,27,27,27,27,27
400420,1,1,0,0,0,0,0,0,0,0,0,0
400420,2,1,0,0,0,0,0,0,0,0,0,0
400421,1,1,0,0,0,0,0,0,0,0,0,0
400422,1,1,0,0,0,0,0,0,0,0,0,0
400423,1,1,0,0,0,0,0,0,0,0,0,0
400424,1,1,0,0,0,0,0,0,0,0,0,0
400424,2,1,0,0,0,0,0,0,0,0,0,0
400425,0,1,0,0,0,0,0,0,0,0,0,0
400425,1,1,4,13,0,0,0,0,0,27,0,9
400425,2,1,0,20,16,23,0,0,0,0,0,0
400425,3,1,0,3,0,0,0,8,26,0,0,13
400426,1,1,0,0,0,0,0,0,0,0,0,0
400426,2,1,0,0,0,0,0,0,0,0,0,0
400427,0,1,14,14,14,14,14,14,14,14,14,14
400427,1,1,0,0,0,0,0,0,0,0,0,0
400428,1,1,10,10,10,10,10,10,10,10,10,10
400429,0,1,26,26,26,26,26,26,26,26,26,26
400429,1,1,0,0,0,0,0,14,0,0,0,5
400430,1,1,0,0,0,0,0,0,0,0,0,0
400431,1,1,0,0,0,0,0,0,0,0,0,0
400432,1,1,0,0,0,0,0,0,0,0,0,0
400433,1,1,37,37,37,37,37,37,37,37,37,37
400434,1,1,7,7,7,7,7,7,7,7,7,7
400435,1,1,0,0,0,0,0,0,0,0,0,0
400436,0,1,0,0,0,0,0,0,0,0,0,0
400436,1,1,9,9,9,9,9,9,9,9,9,9
400437,1,1,0,0,0,0,0,0,0,0,0,0
400437,2,1,0,0,0,0,0,0,0,0,0,0
400438,1,1,0,0,0,0,0,0,0,0,0,0
400439,1,1,0,0,0,0,0,0,0,0,0,0
400440,1,1,0,0,0,0,0,0,0,0,0,0
400440,2,1,0,0,0,0,0,0,0,0,0,0
400440,3,1,23,14,0,0,0,16,0,0,0,0
400441,1,1,13,13,13,13,13,13,13,13,13,13
400442,1,1,13,13,13,13,13,13,13,13,13,13
400442,2,1,0,0,0,0,0,0,0,0,0,0
400443,1,1,36,36,36,36,36,36,36,36,36,36
400444,1,1,0,0,0,0,0,0,0,0,0,0
400445,1,1,0,0,0,0,0,0,0,0,0,0
400445,2,1,0,0,0,0,0,0,0,0,0,0
400445,3,1,0,0,22,11,0,0,0,0,0,22
400446,1,1,16,16,16,16,16,16,16,16,16,16
400447,1,1,0,0,0,0,0,0,0,0,0,0
400447,2,1,0,0,0,0,0,0,0,0,0,0
400448,1,1,7,7,7,7,7,7,7,7,7,7
400449,1,1,0,0,0,0,0,0,0,0,0,0
400450,1,1,0,0,0,0,0,0,0,0,0,0
400450,2,1,0,8,0,6,6,7,7,3,0,0
400451,1,1,24,24,24,24,24,24,24,24,24,24
400452,1,1,0,0,0,0,0,0,0,0,0,0
400453,0,1,21,12,0,43,0,15,0,0,0,0
400453,1,1,0,0,0,0,0,0,0,0,0,0
400454,1,1,16,16,16,16,16,16,16,16,16,16
400454,2,1,14,31,10,4,13,14,8,7,9,18
400455,1,1,0,0,0,0,0,0,0,0,0,0
400455,2,1,0,0,0,0,0,0,0,0,0,0
400456,1,1,0,0,0,0,10,0,0,0,0,0
400456,2,1,0,0,0,0,0,0,0,0,0,0
400457,1,1,0,0,0,0,0,0,0,0,0,0
400458,1,1,0,0,0,0,0,0,0,0,0,0
400458,2,1,0,0,21,0,0,0,0,0,0,0
400459,1,1,16,16,16,16,16,16,16,16,16,16
400460,1,1,0,0,0,0,0,0,0,0,0,0
400461,1,1,0,0,0,0,0,0,0,0,0,0
400461,2,1,0,0,0,0,0,0,0,0,0,0
400462,1,1,0,0,0,0,0,0,0,0,0,0
400462,2,1,0,0,0,0,0,0,8,0,0,0
400462,3,1,6,0,0,0,0,0,0,0,5,0
400463,1,1,0,0,0,0,0,0,0,0,0,0
400464,0,1,0,0,0,0,0,0,0,0,0,0
400464,1,1,0,0,0,0,0,0,0,0,0,0
400465,1,1,31,31,31,31,31,31,31,31,31,31
400466,1,1,0,0,0,0,0,0,0,0,0,0
400466,2,1,0,0,0,0,0,0,0,0,0,0
400467,1,1,11,11,11,11,11,11,11,11,11,11
400468,0,1,0,19,0,0,0,0,0,0,0,0
400468,1,1,5,5,5,5,5,5,5,5,5,5
400468,2,1,0,0,0,0,0,0,0,0,0,0
400469,1,1,0,0,0,0,0,0,0,0,0,0
400469,2,1,0,0,0,0,0,0,0,0,0,0
400470,1,1,0,0,0,0,0,0,0,0,0,0
400470,2,1,0,0,0,0,0,0,0,0,0,0
400471,0,1,0,0,0,0,0,0,0,0,0,0
400471,1,1,18,24,0,0,9,0,9,6,0,0
400472,0,1,21,21,21,21,21,21,21,21,21,21
400472,1,1,0,0,0,0,0,0,12,0,0,14
400473,0,1,0,0,0,0,0,0,0,0,0,0
400473,1,1,0,2,0,0,0,0,8,0,0,0
400474,1,1,0,0,0,0,0,0,0,0,0,0
400474,2,1,0,0,0,0,0,0,0,0,0,0
400475,0,1,0,0,0,0,0,0,0,0,0,0
400475,1,1,21,0,0,18,6,12,23,0,0,18
400476,0,1,0,23,31,0,48,0,26,0,0,0
400476,1,1,6,0,0,0,21,0,4,0,10,12
400477,1,1,0,0,0,0,0,0,0,0,0,0
400477,2,1,0,0,0,0,0,0,0,0,0,0
400479,1,1,3,3,3,3,3,3,3,3,3,3
400479,2,1,0,0,0,0,0,0,0,0,0,0
400480,1,1,0,0,0,0,0,0,0,0,0,0
400481,0,1,0,0,0,0,0,0,0,0,0,0
400481,1,1,0,0,0,0,0,0,0,0,0,0
400482,0,1,0,0,0,0,0,0,0,0,0,0
400482,1,1,0,0,0,0,0,0,0,0,0,0
400483,1,1,0,0,0,0,0,0,0,0,0,0
400483,2,1,0,0,0,0,13,0,0,0,0,0
400484,1,1,0,0,0,0,0,0,0,0,0,0
400485,1,1,0,0,0,0,0,0,0,0,0,0
400486,1,1,0,0,0,0,0,0,0,0,0,0
400486,2,1,0,0,0,0,0,0,0,0,0,0
400487,1,1,0,0,0,0,0,0,0,0,0,0
400487,2,1,0,0,0,0,0,0,0,7,0,0
400488,1,1,4,4,4,4,4,4,4,4,4,4
400488,2,1,0,0,0,11,0,0,0,0,0,0
400489,1,1,0,0,0,0,0,0,0,0,0,0
400490,1,1,0,0,0,0,0,0,0,0,0,0
400490,2,1,0,0,0,0,0,0,0,0,0,0
400490,3,1,22,0,0,0,0,0,5,0,0,0
400491,0,1,0,0,0,0,0,0,0,0,0,0
400491,1,1,0,0,0,0,0,0,28,0,0,31
400491,2,1,0,0,0,0,0,0,0,0,0,0
400492,1,1,0,0,0,0,0,0,23,0,17,0
400493,1,1,0,0,0,0,0,0,0,0,0,0
400494,1,1,0,53,0,0,0,0,0,0,0,0
400494,2,1,0,0,0,0,0,25,0,0,0,0
400495,1,1,27,27,27,27,27,27,27,27,27,27
400496,1,1,0,0,0,0,0,0,0,0,0,0
400496,2,1,0,0,0,20,0,0,0,0,14,29
400497,1,1,0,0,0,0,0,0,0,0,0,0
400497,2,1,0,0,0,0,0,0,0,0,0,0
400498,1,1,0,0,0,0,0,0,0,0,0,0
400499,0,1,33,33,33,33,33,33,33,33,33,33
400499,1,1,0,0,0,0,0,0,0,0,0,0
400500,1,1,0,0,0,0,0,0,0,0,0,0
400500,2,1,0,0,0,0,0,0,0,0,0,0
400501,1,1,18,18,18,18,18,18,18,18,18,18
400501,2,1,0,0,0,0,0,0,0,0,0,0
400502,1,1,9,9,9,9,9,9,9,9,9,9
400502,2,1,0,0,0,0,0,0,0,0,0,0
400503,1,1,0,0,0,0,0,0,0,31,0,0
400503,2,1,0,0,0,0,0,0,0,0,0,0
400504,1,1,20,20,20,20,20,20,20,20,20,20
400504,2,1,0,26,0,0,0,0,0,0,0,0
400504,3,1,0,0,0,0,0,0,0,0,0,0
400504,4,1,0,11,0,0,0,0,0,0,0,0
400505,1,1,15,15,15,15,15,15,15,15,15,15
400506,0,1,0,0,0,0,0,0,0,0,0,0
400506,1,1,10,0,0,0,8,11,24,0,5,0
400507,0,1,0,0,0,0,0,0,0,0,0,0
400507,1,1,7,0,0,11,19,0,0,0,0,12
400508,1,1,0,0,0,0,0,0,0,0,0,0
400508,2,1,0,0,0,0,0,0,0,0,0,0
400509,1,1,0,0,0,0,0,0,0,0,0,0
400509,2,1,0,0,0,0,0,0,0,0,0,0
400510,1,1,0,0,0,0,0,0,0,0,0,0
400510,2,1,0,0,0,0,0,0,0,0,0,0
400511,1,1,19,0,26,23,15,0,14,0,0,26
400512,1,1,0,0,0,0,0,0,0,0,0,0
400512,2,1,0,0,0,0,0,0,0,0,0,0
400513,1,1,0,0,0,0,0,0,0,14,29,20
400514,1,1,8,24,9,0,28,11,18,28,27,29
400514,2,1,0,0,0,0,0,0,0,0,0,0
400515,1,1,0,0,0,0,0,0,0,0,0,0
400515,2,1,0,0,0,0,0,0,0,0,0,0
400516,0,1,22,22,22,22,22,22,22,22,22,22
400516,1,1,7,7,7,7,7,7,7,7,7,7
400517,0,1,0,0,0,0,0,0,0,0,0,0
400517,1,1,25,25,25,25,25,25,25,25,25,25
400518,1,1,0,0,0,0,0,0,0,0,0,0
400519,0,1,14,12,5,0,0,0,23,0,0,0
400519,1,1,0,0,0,0,0,0,0,0,0,0
400520,1,1,21,21,21,21,21,21,21,21,21,21
400521,1,1,0,0,0,0,0,0,0,0,0,0
400521,2,1,0,0,0,0,0,0,0,0,0,0
400522,1,1,0,0,0,0,0,0,0,0,0,0
400522,2,1,0,0,0,0,0,0,0,0,0,0
400523,0,1,0,0,0,0,0,0,0,0,0,0
400523,1,1,0,0,0,0,0,0,0,0,0,0
400524,0,1,0,0,4,0,35,0,0,0,0,0
400524,1,1,0,0,12,13,0,0,0,0,0,0
400525,1,1,8,8,8,8,8,8,8,8,8,8
400526,1,1,20,20,20,20,20,20,20,20,20,20
400527,1,1,7,7,7,7,7,7,7,7,7,7
400528,1,1,0,0,0,0,0,0,0,0,0,0
400529,1,1,0,0,0,0,0,0,0,0,0,0
400529,2,1,0,0,0,0,0,0,0,0,0,0
400530,1,1,14,14,14,14,14,14,14,14,14,14
400530,2,1,13,13,13,13,13,13,13,13,13,13
400531,1,1,17,17,17,17,17,17,17,17,17,17
400531,2,1,0,0,0,0,0,0,0,0,0,0
400532,0,1,6,6,6,6,6,6,6,6,6,6
400532,0,2,0,0,28,16,0,0,0,0,0,0
400532,1,1,0,0,0,0,0,0,0,0,0,0
400533,1,1,0,0,0,0,0,0,0,0,0,0
400534,1,1,18,18,18,18,18,18,18,18,18,18
400534,2,1,0,0,0,17,0,12,0,0,0,0
400535,1,1,0,0,0,0,0,0,0,0,0,0
400535,2,1,0,0,18,8,0,0,0,0,0,0
400536,1,1,0,0,0,0,0,0,0,0,0,0
400537,0,1,0,0,0,0,0,0,0,0,0,0
400537,0,2,0,0,0,0,0,0,0,0,0,0
400537,1,1,7,7,7,7,7,7,7,7,7,7
400538,1,1,0,0,0,0,0,0,0,0,0,0
400538,2,1,0,0,0,0,0,0,0,0,0,0
400538,3,1,0,0,0,0,0,0,0,0,0,0
400539,1,1,19,19,19,19,19,19,19,19,19,19
400540,1,1,0,0,0,0,0,0,0,0,0,0
400541,1,1,0,0,0,0,0,0,0,0,0,0
400541,2,1,0,0,0,0,0,0,0,0,0,0
400542,1,1,14,14,14,14,14,14,14,14,14,14
400542,2,1,0,0,0,0,0,0,0,0,0,0
400543,0,1,0,0,0,0,0,0,0,0,0,0
400543,1,1,0,0,0,0,0,0,0,0,0,4
400544,0,1,0,0,0,0,0,0,0,0,0,0
400544,1,1,0,0,0,0,0,0,0,0,0,0
400545,1,1,25,12,28,14,31,0,26,21,0,0
400546,1,1,0,0,0,0,0,0,0,0,0,0
400546,2,1,0,0,0,0,0,0,0,0,0,0
400546,3,1,0,0,0,0,0,0,0,0,0,0
400547,1,1,0,0,0,0,0,0,0,0,0,0
400547,2,1,0,0,0,0,0,0,0,0,0,0
400548,1,1,0,0,0,0,0,0,0,0,0,0
400548,2,1,12,0,15,14,6,0,0,12,24,0
400549,1,1,0,0,0,0,0,0,0,0,0,0
400549,2,1,0,0,0,0,0,0,0,10,0,0
400549,3,1,0,0,0,0,0,0,0,0,0,0
400550,1,1,17,17,17,17,17,17,17,17,17,17
400551,1,1,0,0,0,0,0,0,0,0,0,0
400551,2,1,3,0,0,0,0,0,0,0,0,0
400552,1,1,0,0,0,0,0,0,0,0,0,0
400552,2,1,0,0,0,0,0,0,0,0,0,0
400552,3,1,0,0,0,0,0,0,0,0,13,0
400553,1,1,0,0,0,0,0,0,0,0,0,0
400553,2,1,0,0,0,0,0,0,0,0,0,0
400554,0,1,0,0,0,0,0,0,0,0,0,0
400554,1,1,0,0,0,0,0,0,0,0,0,15
400554,2,1,0,0,0,0,0,0,0,0,0,0
400555,1,1,0,0,0,0,0,0,0,0,22,0
400555,2,1,0,0,0,0,0,0,0,0,0,0
400556,1,1,11,11,11,11,11,11,11,11,11,11
400557,1,1,0,0,0,0,0,0,0,0,0,0
400557,2,1,0,0,0,0,0,9,0,0,0,0
400557,3,1,0,0,0,0,0,0,0,0,0,12
400558,1,1,0,0,0,0,0,0,0,0,0,0
400559,1,1,0,0,0,0,0,0,0,0,0,0
400559,2,1,0,0,0,0,0,0,14,0,0,0
400560,1,1,9,9,9,9,9,9,9,9,9,9
400560,2,1,0,0,0,0,0,0,0,17,0,0
400561,0,1,0,0,8,0,0,0,0,0,13,0
400561,1,1,0,0,0,0,0,0,0,0,0,0
400561,2,1,0,0,0,0,0,0,0,0,0,0
400562,1,1,0,0,0,0,0,0,0,0,0,0
400562,2,1,0,0,0,0,0,0,0,0,0,0
400563,1,1,20,20,20,20,20,20,20,20,20,20
400563,2,1,0,0,0,0,0,0,0,0,0,0
400564,1,1,0,0,0,0,0,0,0,0,0,0
400565,1,1,0,0,0,0,0,0,0,0,0,0
400565,2,1,6,0,0,0,0,0,0,0,0,0
400566,1,1,0,0,0,0,0,0,0,0,0,0
400567,1,1,37,37,37,37,37,37,37,37,37,37
400567,2,1,0,0,0,0,0,0,0,0,0,0
400568,1,1,20,20,20,20,20,20,20,20,20,20
400570,1,1,0,0,0,0,0,0,0,0,0,0
400570,2,1,0,0,0,0,0,0,0,0,0,0
400571,1,1,40,40,40,40,40,40,40,40,40,40
400572,1,1,0,0,0,0,0,0,0,0,0,0
400573,1,1,19,19,19,19,19,19,19,19,19,19
400574,1,1,0,0,0,0,0,0,0,0,0,0
400574,2,1,0,0,0,0,0,0,0,0,0,0
400575,1,1,0,0,0,0,24,0,0,0,23,0
400576,1,1,0,9,0,0,0,0,0,0,6,0
400577,1,1,13,14,8,32,17,13,23,18,36,17
400578,1,1,0,0,0,0,0,0,0,0,0,0
400579,1,1,0,0,0,0,0,0,0,0,0,0
400579,2,1,0,0,0,0,0,0,0,0,0,0
400579,3,1,0,0,0,0,0,0,0,0,0,0
400580,1,1,18,18,18,18,18,18,18,18,18,18
400581,0,1,0,0,0,0,0,0,0,0,0,0
400581,1,1,15,0,19,13,30,0,30,0,0,0
400582,1,1,0,0,0,0,0,0,0,0,0,0
400583,0,1,0,0,0,0,0,0,0,25,0,0
400583,0,2,0,0,0,0,0,0,0,0,0,18
400583,0,3,26,0,0,21,0,0,0,0,0,0
400583,1,1,0,0,0,0,0,0,0,0,0,0
400583,2,1,18,18,18,18,18,18,18,18,18,18
400584,1,1,0,0,0,0,0,0,0,0,0,0
400584,2,1,0,0,0,0,0,0,0,0,0,0
400585,1,1,0,0,0,0,0,0,0,0,0,0
400585,2,1,0,0,0,0,0,0,0,0,0,0
400586,1,1,0,0,0,0,0,0,0,0,0,0
400586,2,1,0,0,0,0,0,0,0,0,0,0
400587,1,1,0,0,0,0,0,0,0,0,0,0
400587,2,1,0,0,0,0,0,0,0,0,0,0
400588,1,1,0,0,0,0,0,0,0,0,0,0
400589,1,1,0,0,0,0,0,0,0,0,0,0
400590,1,1,0,0,18,0,0,0,0,0,0,0
400590,2,1,0,0,0,0,0,0,0,0,0,0
400591,1,1,20,20,20,20,20,20,20,20,20,20
400591,2,1,0,0,0,0,0,0,0,0,0,0
400592,0,1,0,0,0,0,0,0,0,0,0,0
400592,1,1,8,0,0,0,5,0,0,0,0,0
400593,0,1,0,0,0,0,0,0,0,0,0,0
400593,1,1,0,0,0,0,0,0,0,0,0,0
400594,1,1,0,0,0,0,0,0,0,0,0,0
400594,2,1,0,0,0,0,0,0,0,0,0,22
400595,1,1,0,0,0,0,0,0,0,0,0,0
400595,2,1,0,0,0,0,0,0,0,0,0,0
400596,0,1,0,0,0,0,0,0,0,0,0,0
400596,1,1,7,0,0,19,12,16,0,0,0,0
400597,1,1,0,0,0,0,0,0,0,0,0,0
400598,1,1,0,0,0,0,0,0,0,0,0,0
400599,1,1,17,17,17,17,17,17,17,17,17,17
400600,1,1,0,0,0,0,0,0,0,0,0,0
400600,2,1,0,0,0,0,0,0,0,0,0,0
400601,1,1,0,0,13,0,0,0,0,0,0,0
400601,2,1,0,0,0,0,0,0,0,0,0,0
400602,1,1,0,0,0,0,0,0,0,0,0,0
400602,2,1,0,0,0,0,0,0,0,0,0,0
400603,0,1,39,0,15,17,0,0,20,0,0,34
400603,1,1,0,15,11,19,6,0,16,0,0,11
400604,1,1,0,0,0,0,0,0,0,0,0,0
400604,2,1,0,0,22,9,10,0,22,0,0,22
400605,1,1,0,0,0,0,0,0,0,0,0,0
400606,0,1,0,0,0,0,0,0,0,0,0,0
400606,1,1,0,0,0,0,0,0,0,0,0,0