ST_CASE,VEH_NO,PER_NO,P1,P2,P3,P4,P5,P6,P7,P8,P9,P10
420868,1,1,0,0,0,0,0,0,0,0,0,0
420869,1,1,0,15,0,0,0,0,9,0,0,0
420869,2,1,0,0,0,0,0,0,0,0,0,0
420870,0,1,0,0,0,0,0,0,0,0,0,0
420870,1,1,0,0,0,25,0,0,0,0,0,0
420871,1,1,12,12,12,12,12,12,12,12,12,12
420872,0,1,0,0,0,0,0,0,0,0,0,0
420872,1,1,0,0,0,0,0,0,0,0,0,0
420873,1,1,0,0,0,0,0,0,0,0,0,0
420873,2,1,0,0,0,0,0,0,0,0,0,0
420874,1,1,0,0,0,0,0,0,0,39,0,0
420875,1,1,0,0,0,0,0,0,0,0,15,0
420875,2,1,0,0,0,0,15,0,0,0,20,19
420876,1,1,12,11,0,0,20,0,0,0,0,11
420877,1,1,0,0,0,0,0,0,0,0,0,0
420878,1,1,0,0,0,0,0,0,0,0,0,27
420878,2,1,0,0,0,0,0,0,0,0,0,0
420879,0,1,0,0,0,0,0,0,0,0,0,0
420879,1,1,0,0,0,0,0,0,0,0,0,0
420880,1,1,0,0,0,0,0,0,0,0,0,0
420880,2,1,0,0,0,0,0,0,0,0,0,0
420881,1,1,0,0,0,0,0,0,0,0,0,0
420882,1,1,0,0,0,0,0,0,0,0,0,0
420882,2,1,0,0,0,0,0,0,0,0,0,0
420883,1,1,0,0,0,0,0,0,0,0,0,0
420884,1,1,13,13,17,21,22,4,15,10,22,12
420884,2,1,0,11,0,0,0,0,0,0,0,0
420885,0,1,23,23,23,23,23,23,23,23,23,23
420885,1,1,0,0,0,0,0,0,0,0,0,0
420886,1,1,29,0,19,9,0,0,0,0,17,0
420887,1,1,0,0,0,0,0,0,0,0,0,0
420888,1,1,0,0,0,0,0,0,0,0,0,0
420888,2,1,0,0,0,0,0,0,0,0,0,0
420889,0,1,0,0,0,0,0,0,0,0,0,0
420889,1,1,0,0,0,0,0,0,0,0,0,0
420890,0,1,0,0,0,0,0,0,0,0,0,0
420890,1,1,0,0,0,10,25,0,0,0,0,0
420891,1,1,0,0,0,0,0,0,0,0,0,0
420891,2,1,0,0,0,0,0,0,0,0,0,0
420892,1,1,0,0,0,0,0,21,0,0,0,13
420892,2,1,0,0,0,0,23,0,0,0,32,0
420893,1,1,20,0,0,0,0,0,0,0,0,0
420893,2,1,0,0,0,0,0,0,0,0,0,0
420894,1,1,0,0,0,0,0,0,0,0,0,0
420895,1,1,0,0,0,0,0,0,0,0,0,0
420895,2,1,0,0,13,0,22,0,17,20,18,22
420896,1,1,14,14,14,14,14,14,14,14,14,14
420896,2,1,0,0,0,0,0,0,0,0,0,0
420897,1,1,0,0,0,0,0,0,0,0,0,0
420897,2,1,0,0,0,0,0,0,0,0,0,0
420898,1,1,0,0,0,0,0,0,0,0,0,0
420899,0,1,0,0,0,0,0,0,0,0,0,0
420899,1,1,13,7,0,23,34,16,14,0,23,4
420900,1,1,0,0,0,0,0,0,0,0,0,0
420900,2,1,0,0,0,17,0,9,0,0,0,0
420901,0,1,0,0,0,0,0,0,0,0,0,0
420901,1,1,0,0,0,0,0,0,0,0,0,0
420902,1,1,26,0,0,0,0,0,0,0,0,0
420902,2,1,0,0,0,0,0,0,0,0,0,0
420903,1,1,0,0,0,31,10,0,0,0,45,0
420904,1,1,18,18,18,18,18,18,18,18,18,18
420904,2,1,0,0,0,0,0,0,0,0,0,0
420905,1,1,8,8,8,8,8,8,8,8,8,8
420905,2,1,0,0,2,0,0,0,0,0,0,0
420906,1,1,17,25,11,5,8,15,5,8,18,6
420907,1,1,17,17,17,17,17,17,17,17,17,17
420907,2,1,0,0,0,0,0,0,0,0,0,0
420908,1,1,0,0,0,0,0,0,0,0,0,0
420908,2,1,16,0,10,0,0,0,0,0,0,0
420909,1,1,0,10,14,10,9,27,8,22,0,19
420910,1,1,0,0,0,0,0,0,0,0,0,0
420910,2,1,0,0,0,0,0,0,0,0,0,0
420911,1,1,0,0,0,0,0,0,0,0,0,0
420912,1,1,10,17,8,12,19,11,17,14,14,8
420912,2,1,0,0,0,0,0,0,0,0,0,0
420913,1,1,3,3,3,3,3,3,3,3,3,3
420913,2,1,0,0,0,0,0,0,0,0,0,0
420914,1,1,0,0,0,0,0,0,0,0,0,0
420914,2,1,0,0,28,0,0,0,0,0,0,0
420915,1,1,0,31,9,0,19,20,42,20,6,13
420915,2,1,0,0,0,0,0,0,0,0,0,0
420916,1,1,17,17,17,17,17,17,17,17,17,17
420917,1,1,22,22,22,22,22,22,22,22,22,22
420917,2,1,0,0,0,0,0,0,0,0,0,0
420918,1,2,9,5,5,0,0,0,0,0,20,0
420918,2,1,0,0,10,0,0,11,17,22,13,0
420919,0,1,0,0,0,0,0,0,0,0,0,0
420919,1,1,0,0,0,0,0,0,0,0,0,0
420920,1,1,0,0,0,0,0,0,0,0,0,0
420920,2,1,0,0,0,0,0,0,0,0,0,0
420921,0,1,0,0,0,0,0,0,0,0,0,0
420921,1,1,0,0,0,0,0,0,0,0,0,0
420922,0,1,0,0,0,0,0,0,0,0,0,0
420922,1,1,0,0,0,0,0,0,0,0,0,0
420923,1,1,0,0,0,0,0,0,0,0,0,0
420923,2,1,0,0,0,0,0,0,0,0,0,0
420924,1,1,15,11,27,14,0,16,6,10,18,0
420924,2,1,0,0,0,0,0,0,0,0,0,0
420925,1,1,18,18,18,18,18,18,18,18,18,18
420925,2,1,0,0,0,0,0,0,0,0,0,0
420926,0,1,0,0,0,0,0,0,0,0,0,0
420926,1,1,0,0,0,0,0,0,0,0,0,0
420927,1,1,20,20,20,20,20,20,20,20,20,20
420928,1,1,0,0,0,0,0,0,0,0,0,0
420928,2,1,0,0,0,0,0,0,0,0,0,0
420929,1,1,0,0,0,0,0,0,0,0,0,0
420929,2,1,0,0,0,0,0,0,0,0,0,0
420930,1,1,0,0,0,0,0,0,0,0,0,0
420930,2,1,0,0,0,0,0,0,0,0,0,0
420931,1,1,21,21,21,21,21,21,21,21,21,21
420932,0,1,0,23,0,0,0,0,0,0,0,0
420932,1,1,0,0,0,0,0,0,0,0,0,0
420933,1,1,0,0,0,0,0,0,0,0,0,0
420933,2,1,0,18,0,16,0,23,0,0,0,0
420934,1,1,11,11,11,11,11,11,11,11,11,11
420935,1,1,0,0,0,0,0,0,0,0,0,0
420935,2,1,0,0,0,0,0,0,0,0,0,0
420936,0,1,0,0,0,0,0,0,0,0,0,0
420936,1,1,37,5,9,22,6,0,9,20,6,1
420937,0,1,17,16,4,12,7,13,6,39,18,22
420937,1,1,0,0,0,0,0,0,0,0,0,0
420938,0,1,0,0,0,0,0,0,0,0,0,0
420938,1,1,0,0,15,0,0,0,0,0,0,15
420939,0,1,8,36,16,23,8,23,35,4,32,10
420939,1,1,10,0,0,0,0,0,0,0,0,0
420940,1,1,0,0,0,0,0,0,0,0,0,0
420941,0,1,22,22,22,22,22,22,22,22,22,22
420941,1,1,0,0,0,0,0,0,0,0,0,0
420942,1,1,16,16,16,16,16,16,16,16,16,16
420943,0,1,0,50,0,0,0,0,0,14,24,0
420943,1,1,11,22,9,10,32,13,11,3,10,15
420944,1,1,19,22,8,8,8,16,12,0,34,28
420945,1,1,26,26,26,26,26,26,26,26,26,26
420945,2,1,0,0,0,0,0,0,0,0,0,0
420946,1,1,2,2,2,2,2,2,2,2,2,2
420947,1,1,0,0,0,0,0,0,0,0,0,0
420948,1,1,0,0,0,0,0,0,0,0,0,0
420949,0,1,0,0,0,0,0,0,0,0,0,0
420949,1,1,0,0,0,0,0,0,0,12,0,0
420950,1,1,24,24,24,24,24,24,24,24,24,24
420950,2,1,0,0,0,0,0,0,0,0,0,0
420951,0,1,0,0,0,0,0,0,0,0,0,0
420951,1,1,0,0,0,0,0,15,0,0,0,0
420952,1,1,0,0,0,0,0,0,0,0,0,0
420953,0,1,0,0,0,0,0,0,0,0,0,0
420953,1,1,0,0,0,0,0,0,0,0,18,0
420954,1,1,0,9,16,0,0,5,15,0,0,0
420954,2,1,0,0,25,0,0,0,0,0,0,0
420955,0,1,0,0,0,0,0,0,0,0,0,0
420955,1,1,0,0,0,0,0,0,0,0,1,0
420956,1,1,5,5,5,5,5,5,5,5,5,5
420957,0,1,0,0,0,0,0,0,0,0,0,0
420957,1,1,0,0,0,0,0,0,0,0,0,0
420958,0,1,0,0,0,0,0,0,0,0,0,0
420958,1,1,0,0,8,0,0,14,0,0,0,0
420959,0,1,0,0,0,0,0,0,0,0,0,0
420959,1,1,0,0,0,0,0,0,5,0,0,0
420960,0,1,0,0,0,0,0,0,0,0,0,0
420961,1,1,0,0,0,0,0,0,0,0,0,0
420961,2,1,0,0,0,0,0,0,0,0,0,0
420962,1,1,0,0,0,0,0,0,0,0,0,0
420962,2,1,0,0,0,0,0,0,0,0,0,0
420963,1,1,3,3,3,3,3,3,3,3,3,3
420963,3,1,0,0,0,0,0,0,0,0,0,0
420964,1,1,0,0,0,0,0,0,0,0,0,0
420965,1,1,0,0,0,0,0,0,0,0,0,0
420966,1,1,0,0,0,0,0,0,0,0,0,0
420966,2,1,0,19,0,0,0,0,0,0,0,0
420967,1,1,15,15,15,15,15,15,15,15,15,15
420967,2,1,0,0,0,0,0,0,0,0,0,0
420968,1,1,0,0,0,0,0,0,0,0,0,0
420968,2,1,0,0,0,21,0,0,0,0,0,0
420969,1,1,0,0,0,0,0,0,0,0,0,0
420969,2,1,0,0,0,0,0,0,0,0,0,0
420970,1,1,0,12,14,22,9,16,11,8,16,0
420970,2,1,9,9,9,9,9,9,9,9,9,9
420971,1,1,15,15,15,15,15,15,15,15,15,15
420971,2,1,0,0,0,0,0,0,0,0,0,0
420972,1,1,0,0,0,0,0,0,0,0,0,0
420972,2,1,0,0,0,0,0,0,0,0,0,0
420973,1,1,0,0,0,0,0,0,20,12,0,0
420973,2,1,6,6,6,6,6,6,6,6,6,6
420974,1,1,0,0,0,0,20,0,0,0,0,0
420974,2,1,13,0,15,14,0,13,15,15,12,15
420975,1,1,0,0,0,0,0,0,0,0,0,0
420975,2,1,0,0,0,0,0,0,0,0,0,0
420976,0,1,0,0,0,0,0,0,0,0,0,0
420976,1,1,0,12,0,0,0,0,0,0,0,0
420977,0,1,0,0,0,0,0,0,0,0,0,0
420977,1,1,7,9,26,20,11,21,0,26,11,14
420978,0,1,0,0,0,0,0,0,0,0,0,0
420978,1,1,0,0,13,0,0,0,0,0,14,0
420979,1,1,0,0,0,0,0,0,0,0,0,0
420980,1,1,0,0,0,0,0,0,0,0,0,0
420981,0,1,0,0,0,0,0,48,17,0,19,0
420981,1,1,0,0,0,0,0,0,0,3,0,0
420982,1,1,0,0,0,0,0,0,0,0,0,0
420982,2,1,0,0,0,0,0,0,0,0,0,0
420983,1,1,0,0,0,0,0,0,0,0,0,0
420983,2,1,0,0,0,0,0,0,0,0,0,0
420984,1,1,0,0,0,0,0,0,0,0,0,0
420984,2,1,0,0,0,0,0,0,0,0,0,0
420985,1,1,0,0,0,8,0,8,0,0,0,0
420986,1,1,0,0,20,0,0,0,0,0,0,0
420986,2,1,0,0,0,0,0,0,0,0,0,0
420987,1,1,0,0,0,0,0,0,0,0,0,0
420987,2,1,0,0,0,0,0,0,0,0,0,0
420988,1,1,29,7,7,0,5,17,0,11,17,17
420989,1,1,27,27,27,27,27,27,27,27,27,27
420990,1,1,0,0,0,0,0,0,0,0,0,0
420991,1,1,0,0,0,0,0,0,0,0,0,0
420992,1,1,0,0,0,0,0,0,0,0,0,0
420993,1,1,0,0,0,0,0,0,0,0,0,0
420993,2,1,0,0,0,0,0,0,0,0,0,0
420994,1,1,0,0,0,0,0,0,0,0,0,0
420995,0,1,6,3,26,27,6,21,0,20,12,19
420995,1,1,0,0,0,0,0,0,0,0,0,0
420996,1,1,6,16,3,9,18,0,16,9,0,14
420997,0,1,0,0,0,0,0,0,0,0,0,0
420997,1,1,0,0,0,0,0,0,0,0,0,0
420998,1,1,36,8,30,14,10,7,15,12,2,12
420999,1,1,17,17,17,17,17,17,17,17,17,17
421000,1,1,0,0,0,0,0,0,0,0,0,0
421001,0,1,0,0,0,0,0,0,0,0,0,0
421001,1,1,3,3,3,3,3,3,3,3,3,3
421002,0,1,20,20,20,20,20,20,20,20,20,20
421002,1,1,0,0,0,0,0,0,0,9,0,0
421003,1,1,0,0,0,0,0,0,0,0,0,9
421004,0,1,19,19,19,19,19,19,19,19,19,19
421004,1,1,0,0,0,0,0,22,0,0,0,0
421005,0,1,16,16,16,16,16,16,16,16,16,16
421005,1,1,0,0,0,12,0,12,0,0,0,8
421006,1,1,13,0,0,0,0,0,0,0,0,0
421006,2,1,0,0,0,0,0,0,0,0,0,0
421007,1,1,0,0,0,0,0,0,0,0,0,0
421007,2,1,0,0,0,24,0,0,0,0,0,0
421008,1,1,29,29,29,29,29,29,29,29,29,29
421008,2,1,0,0,0,0,13,0,0,0,0,0
421009,1,1,0,0,0,0,0,0,0,0,0,0
421009,2,1,0,0,0,0,0,0,0,0,0,0
421010,1,1,0,0,0,0,0,0,0,0,0,0
421010,2,1,6,6,6,6,6,6,6,6,6,6
421011,1,1,0,0,0,0,0,0,0,0,0,16
421011,2,1,9,0,0,14,0,0,0,20,0,0
421012,1,1,0,0,0,0,0,0,0,0,0,0
421012,2,1,0,0,0,0,0,0,0,0,0,0
421013,0,1,16,12,11,40,28,35,15,0,13,13
421013,1,1,0,0,0,0,0,0,0,0,0,0
421014,1,1,0,0,0,0,0,0,0,0,0,0
421014,2,1,0,0,0,0,0,0,0,0,0,0
421015,1,1,0,0,0,0,0,0,0,0,0,0
421015,2,1,0,0,0,0,0,0,0,0,0,0
421016,0,1,0,0,0,0,0,17,0,0,0,0
421016,1,1,0,0,0,0,0,0,0,13,0,0
421017,1,1,0,0,0,0,0,0,0,0,0,0
421018,1,1,0,0,0,0,0,0,0,0,0,0
421018,2,1,0,0,0,34,0,0,0,0,0,0
421019,1,1,0,0,20,11,0,0,34,23,0,0
421020,1,1,0,0,0,0,0,0,0,0,0,0
421021,0,1,0,0,0,0,0,0,0,0,0,0
421021,1,1,0,0,0,0,0,0,0,0,0,0
421022,1,1,22,22,22,22,22,22,22,22,22,22
421023,1,1,0,0,0,0,0,0,0,0,0,0
421024,1,1,11,0,12,19,18,0,7,0,10,0
421025,1,1,0,0,0,0,0,0,0,0,0,0
421026,1,1,0,41,0,0,0,0,15,0,0,4
421026,2,1,0,0,0,0,0,0,0,14,0,0
421027,1,1,0,0,0,0,0,0,0,0,0,0
421028,1,1,0,0,0,0,0,0,0,0,0,0
421028,2,1,0,0,0,0,0,0,0,14,0,0
421029,1,1,0,0,0,0,0,0,0,0,15,0
421030,1,1,17,17,17,17,17,17,17,17,17,17
421031,2,1,0,0,0,0,0,0,0,17,14,24
421032,1,1,0,0,8,0,0,0,0,26,0,22
421033,0,1,0,0,0,0,0,0,0,0,0,0
421033,1,1,0,0,0,0,0,0,0,0,0,0
421034,1,1,0,0,0,0,0,0,0,0,0,0
421034,2,1,0,0,0,0,0,0,0,0,0,0
421035,0,1,26,0,0,0,0,0,0,7,0,0
421035,1,1,0,23,0,0,0,0,0,0,0,0
421036,0,1,0,0,0,0,0,23,0,0,0,0
421036,1,1,0,5,21,0,30,0,0,0,15,25
421037,1,1,0,0,0,0,0,0,0,0,0,0
421038,1,1,0,0,0,0,0,0,0,0,0,0
421039,1,1,0,0,0,0,0,0,0,0,0,0
421039,2,1,0,0,0,0,0,0,0,0,0,0
421040,1,1,6,0,0,0,45,11,0,0,0,5
421041,1,1,19,19,19,19,19,19,19,19,19,19
421042,0,1,24,22,0,29,18,36,6,15,8,28
421042,1,1,0,0,0,2,0,0,0,0,0,0
421043,0,1,0,0,0,0,4,0,0,0,27,0
421043,1,1,0,0,0,0,0,0,0,0,0,0
421044,0,1,0,0,0,0,0,0,0,0,0,0
421044,1,1,0,0,0,0,0,0,0,0,0,0
421045,1,1,10,21,10,22,17,7,9,0,22,0
421046,0,1,0,0,0,0,0,0,0,0,0,0
421046,1,1,0,0,0,0,0,0,0,0,0,0
421047,1,1,0,0,0,0,0,0,0,0,0,0
421048,1,1,0,0,20,0,0,0,0,0,0,0
421048,2,1,0,0,0,0,0,0,0,0,0,0
421049,1,1,15,15,15,15,15,15,15,15,15,15
421050,1,1,0,0,0,0,0,0,0,0,0,0
421050,2,1,0,0,0,0,0,0,0,0,0,0
421051,1,1,0,5,0,0,26,0,0,0,0,0
421052,1,1,0,0,0,0,0,0,0,0,0,0
421053,1,1,0,0,0,17,0,0,8,0,0,0
421054,1,1,22,22,22,22,22,22,22,22,22,22
421055,1,1,14,0,0,0,0,0,0,0,0,0
421056,0,1,0,0,0,0,0,0,0,0,0,15
421056,1,1,0,0,0,0,0,0,0,0,0,0
421057,1,1,0,0,0,0,0,14,0,27,0,23
421057,2,1,0,0,0,14,0,0,0,0,0,11
421058,0,1,27,27,27,27,27,27,27,27,27,27
421058,1,1,0,0,0,0,0,0,0,0,0,0
421059,0,1,0,0,0,0,0,0,0,0,0,13
421059,1,1,0,0,0,0,0,0,0,0,0,0
421060,1,1,40,40,40,40,40,40,40,40,40,40
421060,2,1,0,0,0,0,0,0,0,0,0,0
421061,1,1,26,26,26,26,26,26,26,26,26,26
421062,1,1,27,0,0,0,0,0,0,0,0,14
421062,2,1,0,0,0,0,0,0,0,0,0,0
421063,1,1,0,0,0,0,0,0,0,0,0,0
421063,2,1,0,0,0,28,0,0,0,0,0,0
421064,1,1,0,0,14,16,0,0,11,0,0,13
421065,0,1,0,0,0,0,0,0,0,0,0,0
421065,1,1,0,0,0,0,0,0,0,0,0,0
421066,1,1,0,0,0,0,0,0,0,0,0,0
421067,1,1,0,0,0,0,0,0,15,0,0,0
421067,2,1,0,0,0,0,0,0,0,0,0,17
421068,1,1,0,0,0,0,0,0,0,0,0,0
421068,2,1,0,0,0,0,0,0,0,0,0,0
421069,1,1,0,0,0,0,0,0,0,0,0,0
421070,1,1,0,0,0,0,0,0,0,0,0,0
421070,2,1,0,0,0,0,0,0,0,0,0,0
421071,1,1,0,0,0,0,0,0,0,0,0,0
421071,2,1,0,0,0,0,0,0,0,0,0,0
421072,1,1,0,12,0,0,0,0,0,0,0,0
421072,2,1,0,0,0,0,0,0,0,0,0,0
421073,1,1,21,21,21,21,21,21,21,21,21,21
421073,2,1,0,0,0,0,0,0,0,0,0,0
421074,0,1,18,18,18,18,18,18,18,18,18,18
421074,1,1,0,0,0,0,0,0,0,0,0,0
421075,1,1,0,0,0,0,0,21,0,21,16,0
421075,2,1,0,0,0,0,0,0,0,16,0,0
421076,1,1,0,0,0,0,0,0,0,0,0,0
421077,1,1,0,0,0,0,0,0,0,14,0,26
421078,1,1,0,0,0,0,0,0,0,0,0,0
421079,1,1,0,0,0,0,0,0,0,0,0,0
421079,2,1,0,13,0,0,8,19,0,9,0,0
421080,1,1,0,0,0,0,0,0,0,0,0,0
421080,2,1,0,0,0,0,6,0,0,0,0,0
421080,3,1,0,0,0,0,0,0,0,0,12,0
421081,1,1,18,7,11,26,10,17,17,12,6,3
421081,2,1,0,0,0,0,0,0,0,13,0,0
421082,1,1,0,0,19,14,11,10,0,18,26,5
421082,2,1,0,0,0,16,0,0,0,0,0,0
421083,2,1,0,0,0,0,0,0,0,0,0,0
421084,1,1,0,0,0,0,0,0,0,0,0,0
421084,2,1,0,10,0,0,0,0,0,0,0,0
421085,1,1,0,0,0,0,0,0,0,0,0,0
421085,2,1,3,0,0,0,0,0,0,0,0,0
421086,1,1,0,0,23,17,0,0,0,0,0,0
421086,2,1,0,2,0,0,0,0,0,0,0,0
421087,0,1,0,0,20,0,0,0,0,8,0,21
421087,1,1,20,0,15,0,0,0,0,0,0,20
421088,0,1,22,0,0,13,0,0,0,0,0,15
421088,1,1,8,16,2,21,14,21,6,33,28,8
421089,1,1,0,0,0,0,0,0,0,0,0,0
421089,2,1,0,0,0,0,0,0,0,0,0,0
421090,1,1,0,0,0,0,0,0,0,0,0,0
421091,1,1,0,0,0,0,0,0,0,0,0,0
421091,2,1,0,0,0,0,0,0,0,0,0,0
421092,1,1,7,7,7,7,7,7,7,7,7,7
421092,2,1,1,1,1,1,1,1,1,1,1,1
440001,1,1,0,0,0,0,0,0,0,0,0,0
440001,2,1,18,6,0,0,0,0,0,0,0,0
440002,1,1,20,0,17,0,0,5,22,11,0,7
440003,1,1,0,0,0,0,0,0,0,0,0,0
440004,1,1,36,36,36,36,36,36,36,36,36,36
440005,1,1,31,31,31,31,31,31,31,31,31,31
440005,2,1,0,0,0,0,0,0,0,0,0,0
440005,3,1,0,0,0,15,0,0,0,0,0,0
440006,1,1,0,0,0,22,0,18,0,0,0,0
440006,2,1,18,18,18,18,18,18,18,18,18,18
440007,0,1,0,0,0,0,0,0,0,0,0,0
440007,1,1,0,0,4,0,26,0,0,0,0,0
440008,1,1,0,0,0,0,20,0,0,0,0,0
440008,2,1,0,0,0,0,0,0,12,8,0,0
440009,0,1,0,0,20,0,0,0,0,0,0,0
440009,1,1,24,0,0,0,24,0,0,0,0,0
440010,1,1,0,0,0,0,0,0,0,0,0,0
440010,2,1,0,0,0,0,0,0,0,0,0,0
440010,3,1,0,0,26,0,0,0,0,0,0,0
440011,1,1,20,21,0,13,0,0,17,0,0,28
440011,2,1,0,0,0,0,0,0,0,0,0,0
440012,0,1,0,0,0,0,0,0,0,0,0,0
440012,1,1,16,10,9,4,2,3,14,1,6,4
440013,1,1,0,0,0,0,0,0,0,0,0,0
440014,1,1,32,32,32,32,32,32,32,32,32,32
440015,1,1,1,1,1,1,1,1,1,1,1,1
440016,1,1,9,9,9,9,9,9,9,9,9,9
440017,1,1,5,5,5,5,5,5,5,5,5,5
440018,1,1,35,35,35,35,35,35,35,35,35,35
440019,1,1,0,0,0,0,0,0,0,0,0,0
440019,2,1,18,18,18,18,18,18,18,18,18,18
440020,1,1,21,21,21,21,21,21,21,21,21,21
440021,1,1,0,0,0,0,0,0,10,0,0,0
440021,2,1,0,0,0,0,0,0,0,0,0,0
440022,1,1,0,0,0,0,0,0,0,0,3,0
440022,2,1,0,0,0,0,0,0,0,0,0,0
440023,1,1,0,0,0,0,0,0,0,0,0,0
440024,1,1,4,4,4,4,4,4,4,4,4,4
440025,0,1,0,0,0,0,0,7,0,0,0,16
440025,1,1,0,0,0,0,0,0,0,0,0,0
440026,1,1,29,29,29,29,29,29,29,29,29,29
440027,0,1,37,37,37,37,37,37,37,37,37,37
440027,1,1,9,0,0,7,8,0,15,0,8,15
440028,1,1,28,28,28,28,28,28,28,28,28,28
440029,1,1,18,18,18,18,18,18,18,18,18,18
440030,1,1,0,0,0,0,0,0,0,0,0,0
440031,1,1,6,0,0,15,17,0,0,3,0,0
440032,1,1,9,9,9,9,9,9,9,9,9,9
440032,2,1,0,0,0,0,0,0,0,0,0,0
440033,1,1,0,0,0,0,0,0,0,0,0,0
440033,2,1,0,0,0,0,0,0,0,0,0,0
440034,1,1,18,18,18,18,18,18,18,18,18,18
440035,1,1,0,0,0,0,0,0,0,0,0,14
440036,1,1,0,0,0,0,0,0,0,0,0,0
440037,1,1,20,20,20,20,20,20,20,20,20,20
440037,2,1,0,0,0,0,0,0,0,0,0,0
440037,3,1,0,0,0,0,0,0,0,0,9,0
440038,1,1,19,17,25,0,7,0,26,0,8,19
440039,1,1,0,0,0,0,0,0,0,0,0,0
440039,2,1,0,0,0,0,0,0,0,0,0,0
440039,3,1,0,0,0,0,0,0,0,0,0,0
440040,1,1,15,21,18,16,17,0,0,20,0,0
440041,0,1,0,0,0,0,0,0,0,0,0,0
440041,1,1,0,0,0,0,0,0,0,0,0,0
440042,1,1,0,0,22,15,12,16,0,0,0,13
440042,2,1,3,3,3,3,3,3,3,3,3,3
440043,1,1,23,23,23,23,23,23,23,23,23,23
440044,0,1,0,0,0,0,0,0,0,0,0,0
440044,1,1,0,0,0,0,0,0,0,0,0,0
440045,1,1,16,0,0,18,0,0,35,0,0,0
440046,1,1,0,0,0,0,0,0,0,0,0,0
440047,1,1,0,0,0,0,27,0,0,0,33,0
440047,2,1,0,0,0,0,0,0,0,0,0,0
440048,1,1,0,0,0,0,0,0,0,0,0,0
440049,1,1,7,9,13,10,17,15,9,18,18,8
440050,1,1,0,0,0,0,0,0,0,0,0,0
440051,1,1,4,4,4,4,4,4,4,4,4,4
450001,1,1,21,21,21,21,21,21,21,21,21,21
450002,1,1,0,0,0,0,0,0,0,0,0,0
450003,1,1,0,0,0,0,0,0,0,0,0,0
450004,1,1,8,8,8,8,8,8,8,8,8,8
450005,1,1,0,0,0,0,0,0,0,0,0,0
450006,1,1,0,0,0,0,0,0,0,0,0,4
450006,2,1,0,0,0,0,0,0,12,0,0,8
450006,3,1,0,0,0,0,0,0,0,0,0,0
450006,4,1,0,0,0,0,0,0,0,0,0,0
450006,5,1,1,0,22,0,0,0,12,0,23,0
450007,0,1,0,0,0,0,0,0,0,0,0,0
450007,1,1,0,15,19,0,0,0,24,13,16,0
450008,1,1,0,0,0,0,0,0,0,0,0,0
450008,2,1,32,32,32,32,32,32,32,32,32,32
450009,1,1,0,0,0,0,0,0,32,13,0,0
450010,1,1,0,0,0,0,0,17,0,18,0,0
450011,1,1,28,28,28,28,28,28,28,28,28,28
450012,1,1,0,0,0,0,0,0,0,0,0,0
450013,1,1,21,21,21,21,21,21,21,21,21,21
450014,1,1,0,0,0,0,0,0,0,0,0,0
450015,1,1,0,0,0,0,0,0,0,0,0,0
450015,2,1,0,0,0,0,0,0,7,0,0,5
450016,1,1,0,0,0,0,0,0,0,0,27,14
450016,2,1,0,0,0,0,0,0,0,0,0,0
450017,1,1,0,0,0,0,0,0,0,0,0,0
450017,2,1,0,0,0,0,0,0,0,0,0,0
450018,1,1,0,0,0,0,0,0,0,0,0,0
450018,2,1,0,0,0,0,0,0,0,0,0,0
450019,1,1,9,9,9,9,9,9,9,9,9,9
450019,2,1,0,10,26,0,0,0,23,0,23,0
450020,1,1,18,18,18,18,18,18,18,18,18,18
450021,1,1,13,13,13,13,13,13,13,13,13,13
450022,1,1,0,0,0,0,0,0,0,0,0,0
450023,1,1,28,28,28,28,28,28,28,28,28,28
450024,1,1,0,0,0,0,0,0,0,0,0,0
450024,2,1,0,0,0,0,0,0,0,0,0,0
450025,0,1,0,0,0,0,0,0,0,0,0,0
450025,1,1,0,0,0,0,0,0,0,0,0,0
450026,1,1,0,0,0,0,0,0,0,0,0,0
450026,2,1,0,0,0,0,0,0,0,0,0,0
450027,1,1,0,0,0,0,0,0,0,0,0,0
450027,2,1,0,0,15,0,0,18,0,0,17,0
450027,3,1,0,0,0,0,0,0,0,0,27,0
450027,4,1,0,0,0,0,0,0,0,0,0,0
450028,1,1,18,18,18,18,18,18,18,18,18,18
450029,1,1,23,23,23,23,23,23,23,23,23,23
450030,1,1,19,19,19,19,19,19,19,19,19,19
450031,1,1,1,0,0,12,0,0,0,0,3,8
450031,2,1,0,0,0,0,0,0,0,0,0,0
450032,1,1,11,11,11,11,11,11,11,11,11,11
450033,1,1,27,27,27,27,27,27,27,27,27,27
450034,1,1,0,0,0,6,0,0,20,0,17,0
450035,1,1,16,16,16,16,16,16,16,16,16,16
450036,1,1,0,0,0,0,0,0,0,0,0,0
450036,2,1,0,0,0,0,8,8,4,0,0,0
450036,3,1,6,6,6,6,6,6,6,6,6,6
450037,1,1,0,0,0,0,0,0,0,0,0,0
450037,2,1,0,25,0,23,0,0,14,0,0,38
450038,1,1,0,0,0,0,0,0,0,0,0,0
450038,2,1,0,0,0,0,0,0,0,0,0,0