ST_CASE,VEH_NO,PER_NO,P1,P2,P3,P4,P5,P6,P7,P8,P9,P10
450328,1,1,0,0,0,0,0,0,0,0,0,0
450329,1,1,0,0,0,0,0,0,0,0,0,0
450330,1,1,0,0,0,0,0,0,0,0,0,0
450331,1,1,0,0,0,0,0,0,0,0,0,0
450332,1,1,0,0,0,0,0,0,0,8,31,0
450333,1,1,0,0,0,0,0,0,0,0,0,0
450334,1,1,23,6,9,21,11,11,19,7,4,7
450335,1,1,0,0,0,0,0,0,0,0,0,0
450336,1,1,0,0,0,0,0,0,4,0,0,0
450336,2,1,0,0,0,0,0,0,0,0,0,0
450337,0,1,0,0,0,0,0,0,0,0,0,0
450337,1,1,0,0,0,0,0,4,0,0,0,0
450338,1,1,0,9,0,0,0,0,0,0,0,16
450339,1,1,8,19,0,4,7,15,0,3,13,13
450340,1,1,0,0,0,0,0,0,0,0,0,0
450340,2,1,0,0,0,0,0,0,0,0,0,0
450341,1,1,28,28,28,28,28,28,28,28,28,28
450342,1,1,18,18,18,18,18,18,18,18,18,18
450343,1,1,16,16,16,16,16,16,16,16,16,16
450344,1,1,0,42,0,0,21,0,0,0,0,0
450345,1,1,10,10,10,10,10,10,10,10,10,10
450346,1,1,0,18,12,0,0,0,0,0,0,0
450346,2,1,0,0,0,0,0,0,5,10,0,0
450346,3,1,22,22,22,22,22,22,22,22,22,22
450347,1,1,0,0,0,0,0,0,0,0,0,0
450348,1,1,0,0,0,0,0,0,0,0,0,0
450349,1,1,0,28,13,0,0,0,0,0,0,0
450349,2,1,20,20,20,20,20,20,20,20,20,20
450350,0,1,0,0,0,0,0,0,0,0,0,0
450350,1,1,6,12,0,0,0,0,0,0,0,19
450351,1,1,23,17,16,13,18,11,42,15,10,31
450352,1,1,0,0,0,0,0,0,0,0,0,0
450352,2,1,0,0,0,19,0,0,0,0,6,20
450353,1,1,0,0,0,0,0,0,0,0,0,0
450354,1,1,17,26,30,14,31,6,0,38,22,0
450354,2,1,0,0,0,0,0,0,0,0,0,0
450355,1,1,0,0,0,0,0,0,0,0,0,0
450355,2,1,0,12,16,23,0,20,13,19,16,0
450356,1,1,17,12,10,38,29,32,8,7,15,7
450357,0,1,6,6,6,6,6,6,6,6,6,6
450357,1,1,0,0,0,0,17,0,20,15,0,0
450358,1,1,0,0,0,0,0,16,0,0,0,0
450359,1,1,28,28,28,28,28,28,28,28,28,28
450360,1,1,6,6,6,6,6,6,6,6,6,6
450360,2,1,15,15,15,15,15,15,15,15,15,15
450361,1,1,0,0,0,0,0,0,0,0,0,0
450361,2,1,0,4,0,0,0,0,0,0,25,0
450361,3,1,18,0,0,11,14,23,0,0,0,18
450362,1,1,10,0,12,10,32,8,9,22,8,9
450363,1,1,0,3,0,0,0,0,0,0,0,26
450363,2,1,0,0,0,0,0,0,0,0,0,0
450364,1,1,16,16,16,16,16,16,16,16,16,16
450365,1,1,0,0,0,0,0,0,0,0,0,0
450365,2,1,0,0,14,0,0,0,15,0,7,0
450366,1,1,13,0,19,20,13,27,20,9,25,4
450366,2,1,6,19,0,0,0,17,6,0,0,0
450367,1,1,17,17,17,17,17,17,17,17,17,17
450367,2,1,0,0,0,0,0,0,0,19,14,0
450368,1,1,0,0,0,0,16,12,0,0,19,0
450368,2,1,0,0,0,0,0,0,0,0,0,0
450369,1,1,0,0,0,0,0,0,0,0,0,0
450370,0,1,0,0,0,0,0,0,0,0,0,0
450370,1,1,0,0,0,0,0,0,0,0,0,0
450371,1,1,0,0,0,0,0,0,0,25,0,0
450372,1,1,0,0,0,0,0,0,0,0,0,0
450373,0,1,7,7,7,7,7,7,7,7,7,7
450373,1,1,10,13,14,18,0,34,0,0,5,15
450374,1,1,0,0,0,0,0,0,0,0,0,0
450375,1,1,10,10,10,10,10,10,10,10,10,10
450376,0,1,0,0,0,0,0,0,0,0,0,0
450376,1,1,0,14,10,0,0,26,23,0,12,0
450376,2,1,0,0,0,17,7,0,0,14,8,11
450377,1,1,0,0,0,0,0,0,0,0,0,0
450377,2,1,0,0,0,0,0,0,0,0,0,7
450377,3,1,0,0,0,0,0,0,0,0,0,0
450378,1,1,0,0,0,0,0,0,0,0,0,0
450378,2,1,0,0,0,0,0,0,0,0,0,0
450379,1,1,0,17,18,17,13,0,5,0,0,9
450380,0,1,36,36,36,36,36,36,36,36,36,36
450380,1,1,12,19,0,0,0,0,23,0,6,0
450381,1,1,0,0,0,0,0,11,0,0,0,0
450382,1,1,0,0,0,0,0,0,5,0,0,0
450382,2,1,0,0,0,0,0,0,0,0,0,4
450382,3,1,0,0,0,0,0,0,0,0,0,0
450382,4,1,0,0,22,0,0,0,0,0,11,0
450382,5,1,0,0,0,20,0,0,8,0,0,0
450383,1,1,20,14,0,0,0,0,0,0,20,0
450383,2,1,0,0,0,0,0,0,0,0,0,0
450383,3,1,10,10,10,10,10,10,10,10,10,10
450384,1,1,0,0,0,0,0,0,0,0,0,0
450384,2,1,0,0,0,0,0,0,0,0,0,0
450386,1,1,8,0,19,9,0,0,0,4,0,0
450387,1,1,8,8,8,8,8,8,8,8,8,8
450388,1,1,0,0,0,0,0,0,0,0,0,0
450388,2,1,0,0,6,39,16,0,0,16,0,24
450389,1,1,35,0,0,0,0,0,29,27,9,0
450390,0,1,13,13,13,13,13,13,13,13,13,13
450390,1,1,0,0,0,0,0,0,0,0,0,0
450391,1,1,0,0,16,17,0,17,23,6,12,28
450392,1,1,27,0,0,0,0,0,17,11,0,0
450393,1,1,0,0,0,4,0,0,0,0,0,0
450393,2,1,0,0,0,0,0,0,0,0,0,0
450394,1,1,0,0,0,0,0,0,47,8,0,0
450395,1,1,13,13,13,13,13,13,13,13,13,13
450395,2,1,9,9,9,9,9,9,9,9,9,9
450396,1,1,0,0,0,0,0,0,0,0,0,0
450396,2,1,0,0,0,0,12,0,14,0,0,0
450397,1,1,16,16,16,16,16,16,16,16,16,16
450398,1,1,0,0,7,34,0,25,17,20,0,0
450398,2,1,0,11,0,0,11,8,14,0,0,0
450399,1,1,0,0,0,0,0,12,0,15,7,0
450399,2,1,0,0,0,0,0,0,0,0,0,0
450400,0,1,14,14,14,14,14,14,14,14,14,14
450400,1,1,0,0,14,8,0,0,0,0,0,0
450401,1,1,11,11,11,11,11,11,11,11,11,11
450401,2,1,0,0,0,0,27,0,0,0,0,5
450402,0,1,0,0,0,0,0,0,0,0,0,0
450402,1,1,0,0,0,0,3,0,0,0,0,0
450403,1,1,13,13,13,13,13,13,13,13,13,13
450404,1,1,0,0,0,0,0,0,0,0,0,0
450404,2,1,0,0,0,0,0,0,0,0,28,0
450405,1,1,0,0,0,0,0,0,0,0,0,0
450405,2,1,0,0,0,22,0,8,0,0,0,0
450406,1,1,0,0,0,0,0,0,0,0,0,0
450407,1,1,17,17,17,17,17,17,17,17,17,17
450408,1,1,12,0,13,20,8,0,0,0,16,5
450408,2,1,0,0,0,0,0,0,0,0,0,0
450409,1,1,0,0,0,0,0,0,0,0,0,0
450410,1,1,10,8,0,0,0,0,0,0,0,7
450410,2,1,20,20,20,20,20,20,20,20,20,20
450411,1,1,0,0,0,0,0,0,0,0,0,0
450412,1,1,23,18,0,12,19,0,16,28,0,0
450413,1,1,17,17,17,17,17,17,17,17,17,17
450414,1,1,0,0,12,0,0,0,0,0,0,8
450414,2,1,0,0,0,0,0,0,0,0,0,0
450415,1,1,0,0,0,0,0,0,0,0,0,0
450415,2,1,0,0,0,0,0,0,0,0,0,0
450416,1,1,0,0,0,0,0,0,0,0,0,0
450416,2,1,0,0,0,0,0,0,0,0,0,3
450417,1,1,0,0,0,0,0,0,0,0,0,0
450418,0,1,0,0,0,0,0,0,0,0,0,0
450418,1,1,12,0,0,23,8,0,0,6,0,0
450419,1,1,0,0,0,0,0,5,0,0,0,0
450419,2,1,0,0,0,0,0,0,0,0,0,0
450420,1,1,16,8,0,0,20,15,4,0,16,12
450420,2,1,0,0,0,19,0,8,0,37,0,0
450421,1,1,0,0,0,0,0,0,0,0,0,0
450421,2,1,0,0,9,0,0,0,0,0,0,0
450422,1,1,0,0,0,0,0,0,0,0,0,0
450423,1,1,0,0,0,0,0,0,0,0,0,0
450424,1,1,21,0,6,8,6,11,17,0,0,9
450424,2,1,16,0,0,0,0,15,0,0,0,0
450425,1,1,0,0,0,0,0,0,0,0,0,0
450426,1,1,0,0,0,0,0,0,0,0,0,0
450426,2,1,0,2,0,0,0,0,0,0,0,0
450427,1,1,15,15,15,15,15,15,15,15,15,15
450428,1,1,0,0,0,0,0,0,0,0,0,0
450428,2,1,0,0,0,0,0,0,0,0,0,0
450428,3,1,0,0,0,0,0,0,0,0,0,0
450429,1,1,0,14,0,0,0,0,0,22,0,0
450429,2,1,0,0,0,0,0,0,0,0,0,0
450430,1,1,25,25,25,25,25,25,25,25,25,25
450431,1,1,0,0,0,0,0,0,0,0,0,0
450431,2,1,0,21,0,0,0,0,0,0,0,0
450432,1,1,20,0,0,8,0,17,0,16,11,4
450432,2,1,0,0,0,0,0,0,0,0,0,0
450433,1,1,0,0,0,0,0,0,0,0,7,0
450433,2,1,0,0,0,0,0,0,0,0,0,0
450434,1,1,4,28,10,0,21,0,5,0,23,0
450435,1,1,0,0,0,0,0,0,0,0,0,0
450436,1,1,0,0,0,0,0,0,0,0,0,0
450436,2,1,6,0,0,0,0,0,0,0,0,0
450436,3,1,0,0,0,0,0,0,0,0,0,0
450438,1,1,0,0,0,15,0,19,0,37,11,0
450439,1,1,11,0,0,0,0,0,0,0,0,8
450439,2,1,0,0,0,0,0,0,0,0,0,0
450439,3,1,0,0,0,0,19,0,37,34,0,0
450440,0,1,0,0,0,0,0,0,0,0,0,0
450440,1,1,0,17,0,8,20,0,0,0,0,0
450441,0,1,14,14,14,14,14,14,14,14,14,14
450441,1,1,0,0,0,0,0,0,5,0,0,2
450442,0,1,0,0,0,0,0,0,0,0,23,0
450442,0,2,0,0,0,0,0,0,0,0,0,0
450442,1,1,0,9,0,0,0,0,9,35,0,0
450443,1,1,0,0,0,0,13,0,0,0,0,0
450443,2,1,0,0,0,0,0,0,0,0,0,0
450444,1,1,0,0,0,0,0,0,0,0,0,0
450444,2,1,0,0,0,0,0,16,0,0,0,0
450444,3,1,0,0,0,0,0,0,0,0,0,5
450445,1,1,0,0,0,0,0,0,0,0,0,0
450446,1,1,12,12,12,12,12,12,12,12,12,12
450447,1,1,10,10,10,10,10,10,10,10,10,10
450448,1,1,15,6,0,0,0,0,0,0,0,0
450448,2,1,0,0,0,0,0,0,0,0,0,0
450449,1,1,0,0,13,0,0,0,0,0,0,17
450450,0,1,10,10,10,10,10,10,10,10,10,10
450450,1,1,9,0,0,0,0,0,0,0,18,23
450451,1,1,16,16,16,16,16,16,16,16,16,16
450452,1,1,0,0,0,0,0,0,0,0,0,0
450452,2,1,0,0,0,0,0,0,0,0,0,0
450453,1,1,0,0,0,0,0,0,0,0,0,0
450453,2,1,0,0,0,0,0,0,0,0,0,0
450454,1,1,0,12,19,9,11,0,15,21,0,0
450455,1,1,0,0,0,0,0,0,0,0,0,0
450455,2,1,0,0,0,0,0,0,0,0,0,0
450456,1,1,0,0,0,0,15,0,0,0,0,0
450456,2,1,14,14,14,14,14,14,14,14,14,14
450457,1,1,0,0,0,0,0,0,0,0,0,0
450457,2,1,0,0,0,0,0,0,0,0,0,0
450458,1,1,20,20,20,20,20,20,20,20,20,20
450460,1,1,0,0,0,0,0,0,0,17,0,0
450461,1,1,11,11,11,11,11,11,11,11,11,11
450462,1,1,20,10,0,10,0,0,0,0,10,0
450462,2,1,22,22,22,22,22,22,22,22,22,22
450463,1,1,0,0,0,0,0,0,0,0,0,0
450463,2,1,6,0,0,0,0,0,0,0,0,0
450464,1,1,10,10,10,10,10,10,10,10,10,10
450465,1,1,0,0,0,0,0,0,0,0,0,22
450465,2,1,0,0,0,0,0,0,0,0,0,0
450466,1,1,24,24,24,24,24,24,24,24,24,24
450467,1,1,0,0,14,23,14,26,18,16,0,0
450467,2,1,22,22,22,22,22,22,22,22,22,22
450468,1,1,0,0,0,0,0,0,0,0,0,0
450469,1,1,0,0,0,0,0,0,0,0,0,0
450469,2,1,0,0,0,0,0,9,0,8,0,0
450470,1,1,0,0,0,26,10,0,0,23,3,0
450470,2,1,6,0,0,0,0,0,0,0,0,10
450470,3,1,15,0,21,0,0,7,20,0,23,0
450471,1,1,4,4,4,4,4,4,4,4,4,4
450472,1,1,0,0,0,0,0,0,0,0,0,0
450473,1,1,25,25,25,25,25,25,25,25,25,25
450474,1,1,0,0,0,0,0,15,0,0,0,14
450475,1,1,26,26,26,26,26,26,26,26,26,26
450475,2,1,24,0,0,0,0,22,0,0,0,0
450476,0,1,17,17,17,17,17,17,17,17,17,17
450476,1,1,0,0,0,15,16,0,0,0,38,13
450477,1,1,0,0,13,0,0,0,0,36,0,0
450477,2,1,28,28,28,28,28,28,28,28,28,28
450478,1,1,0,0,0,0,0,0,0,0,0,0
450478,2,1,0,0,0,0,0,0,0,0,9,0
450479,1,1,0,0,0,0,0,0,0,0,0,0
450480,0,1,9,9,9,9,9,9,9,9,9,9
450480,1,1,21,0,24,0,0,0,0,0,0,22
450480,2,1,0,0,17,0,0,5,0,0,12,5
450481,1,1,0,0,0,0,0,0,0,0,0,0
450482,1,1,0,0,0,0,0,0,0,0,0,0
450483,1,1,0,0,0,0,0,0,0,0,0,0
450484,1,1,0,11,0,0,0,0,0,0,0,0
450484,2,1,0,0,0,0,0,0,0,0,0,0
450485,1,1,0,0,0,0,0,0,0,0,0,0
450486,1,1,0,0,7,0,0,0,0,22,0,0
450486,2,1,0,0,0,0,0,0,0,0,0,0
450487,1,1,0,0,0,0,0,0,0,0,0,0
450487,2,1,0,0,0,0,0,3,0,0,0,0
450487,3,1,0,0,0,0,2,0,0,2,0,4
450488,1,1,11,0,38,16,23,9,17,0,0,0
450489,1,1,16,0,0,0,0,0,0,0,10,0
450489,2,1,0,0,0,0,0,0,0,0,0,0
450490,2,1,0,10,15,0,0,0,0,0,9,0
450490,3,1,0,28,0,0,0,0,12,0,16,23
450491,1,1,0,0,0,0,0,0,0,0,0,0
450492,1,1,0,0,13,0,0,0,8,0,0,0
450492,2,1,0,0,0,0,0,25,12,0,0,0
450493,1,1,7,0,0,0,0,0,0,9,0,0
450493,2,1,0,0,0,0,0,0,0,0,0,0
450494,1,1,0,0,20,0,0,0,0,0,0,20
450494,2,1,0,0,0,0,0,0,0,0,0,0
450495,1,1,0,0,0,0,0,9,0,0,0,0
450495,2,1,0,0,0,0,0,0,0,0,0,0
450495,3,1,0,0,0,0,0,0,15,0,0,0
450495,4,1,0,10,0,0,0,0,0,0,0,0
450496,1,1,0,0,0,0,0,0,0,0,0,0
450497,1,1,0,0,0,0,13,22,0,0,0,0
450497,2,1,0,0,0,0,0,0,0,0,0,0
450497,3,1,0,0,0,0,0,0,0,0,0,7
450498,1,1,0,0,0,0,0,0,0,6,29,0
450498,2,1,0,0,0,0,0,11,2,0,23,0
450498,3,1,0,0,0,0,0,5,15,0,0,0
450499,0,1,12,12,12,12,12,12,12,12,12,12
450499,1,1,0,37,26,0,0,21,20,0,29,0
450500,1,1,0,0,0,0,0,0,0,0,0,0
450500,2,1,0,0,0,14,0,17,0,0,17,0
450501,1,1,0,0,0,0,0,0,0,0,0,0
450502,0,1,0,0,0,0,0,0,0,0,0,0
450502,1,1,0,0,7,11,0,20,0,4,0,0
450503,1,1,14,0,7,0,0,0,0,15,0,0
450503,2,1,0,0,9,0,0,7,20,2,0,16
450504,1,1,0,0,0,0,23,0,0,0,0,0
450504,2,1,0,0,0,0,0,0,0,0,0,0
450505,1,1,19,0,6,0,21,8,16,0,0,0
450505,2,1,13,13,13,13,13,13,13,13,13,13
450506,1,1,0,22,18,26,21,0,18,0,0,0
450507,1,1,18,18,18,18,18,18,18,18,18,18
450508,1,1,0,0,0,0,0,0,0,0,0,0
450508,2,1,0,18,6,0,0,0,25,0,0,0
450509,0,1,0,0,0,0,0,0,0,0,0,0
450509,1,1,0,0,0,0,0,0,0,0,0,0
450510,1,1,0,0,0,0,0,0,0,0,0,0
450510,2,1,26,26,26,26,26,26,26,26,26,26
450511,1,1,14,0,30,0,10,0,0,0,12,0
450512,1,1,0,0,0,0,0,0,0,0,0,0
450512,2,1,0,0,15,0,2,0,0,24,0,23
450513,1,1,0,0,0,0,0,0,0,0,0,0
450513,2,1,0,13,0,0,9,0,17,5,0,0
450514,1,1,0,0,0,0,0,0,0,0,0,0
450514,2,1,27,23,22,7,18,14,14,11,27,12
450515,1,1,0,0,0,23,0,0,0,0,0,0
450515,2,1,0,0,0,0,0,0,0,0,13,0
450515,3,1,0,0,0,0,0,0,0,0,0,0
450516,1,1,15,17,0,9,0,0,5,8,0,7
450517,0,1,20,20,20,20,20,20,20,20,20,20
450517,1,1,0,28,0,6,10,32,0,11,0,0
450518,0,1,0,0,0,0,0,0,0,0,0,0
450518,1,1,0,23,0,16,9,12,0,27,0,14
450519,1,1,19,19,19,19,19,19,19,19,19,19
450520,1,1,14,14,14,14,14,14,14,14,14,14
450521,1,1,0,0,0,0,0,0,0,0,0,0
450521,2,1,0,0,0,0,0,0,0,0,0,19
450522,1,1,0,0,0,0,9,0,24,0,0,0
450522,2,1,0,0,0,0,0,0,0,0,0,0
450523,0,1,27,27,27,27,27,27,27,27,27,27
450523,1,1,0,16,15,0,9,0,0,0,17,2
450524,1,1,18,18,18,18,18,18,18,18,18,18
450525,1,1,0,0,0,0,0,0,0,0,17,0
450525,2,1,0,0,0,0,0,0,0,0,0,0
450525,3,1,12,12,12,12,12,12,12,12,12,12
450526,1,1,0,0,0,0,0,0,0,0,0,0
450526,2,1,0,0,0,0,0,0,0,0,6,0
450527,1,1,0,30,15,8,7,19,5,0,17,15
450528,1,1,0,0,2,0,0,0,0,0,0,0
450528,2,1,0,0,0,0,0,0,0,0,0,0
450529,0,1,14,14,14,14,14,14,14,14,14,14
450529,1,1,0,0,0,0,0,0,35,19,0,0
450530,1,1,0,20,0,18,0,13,0,0,6,0
450530,2,1,19,0,0,0,0,9,0,13,28,0
450530,3,1,0,0,0,0,0,0,0,0,0,0
450531,1,1,0,0,0,0,0,0,0,0,0,0
450531,2,1,0,0,0,0,0,0,0,0,0,0
450531,3,1,0,0,0,0,0,0,0,0,0,0
450532,1,1,0,0,0,0,0,0,0,0,0,0
450532,2,1,13,13,13,13,13,13,13,13,13,13
450533,1,1,0,0,0,0,0,0,0,0,0,0
450533,2,1,11,11,11,11,11,11,11,11,11,11
450534,1,1,37,37,37,37,37,37,37,37,37,37
450534,2,1,0,0,0,14,19,0,0,0,0,23
450535,1,1,0,0,0,6,0,0,0,0,0,0
450535,2,1,0,0,0,0,0,0,0,0,0,0
450536,1,1,0,0,0,0,0,0,0,0,0,0
450536,2,1,0,0,0,0,0,0,0,0,0,0
450537,1,1,23,23,23,23,23,23,23,23,23,23
450538,1,1,18,18,18,18,18,18,18,18,18,18
450539,0,1,0,0,0,0,0,0,0,0,0,0
450539,1,1,0,0,0,0,0,0,0,0,0,0
450540,0,1,0,0,0,0,0,0,0,0,0,0
450540,1,1,0,0,26,0,17,0,0,0,0,0
450541,1,1,0,0,0,0,0,0,0,0,0,0
450542,1,1,0,0,0,0,0,0,0,0,0,0
450543,1,1,23,23,23,23,23,23,23,23,23,23
450544,1,1,15,15,15,15,15,15,15,15,15,15
450545,1,1,16,16,16,16,16,16,16,16,16,16
450546,1,1,0,0,0,0,0,0,0,0,0,0
450546,2,1,0,0,0,0,0,0,0,0,0,0
450547,0,1,10,10,10,10,10,10,10,10,10,10
450547,1,1,0,0,14,14,22,0,8,5,0,0
450548,1,1,0,0,0,0,0,0,0,0,0,0
450549,1,1,24,24,24,24,24,24,24,24,24,24
450550,1,1,0,0,0,0,14,7,0,0,0,0
450550,2,1,0,0,0,0,0,0,0,0,0,0
450550,3,1,0,0,0,0,0,0,0,0,0,0
450550,4,1,0,0,0,21,10,0,12,0,0,0
450550,5,1,0,0,0,0,1,0,0,0,0,0
450551,1,1,17,17,17,17,17,17,17,17,17,17
450552,0,1,0,0,0,0,0,0,0,0,0,0
450552,1,1,0,0,15,0,23,0,0,21,14,0
450553,1,1,0,0,0,7,0,11,0,4,0,0
450553,2,1,0,7,13,0,0,22,0,0,21,0
450554,1,1,0,0,0,0,0,0,0,0,0,0
450555,1,1,0,0,0,0,0,0,0,0,0,0
450556,1,1,0,0,17,27,0,0,0,0,0,13
450557,1,1,0,0,0,0,0,0,0,0,0,0
450558,1,1,0,6,0,0,36,0,7,4,16,0
450559,1,1,0,12,0,0,13,0,22,0,15,0
450559,2,1,0,0,0,0,0,0,0,0,0,0
450560,1,1,0,0,0,0,0,0,0,0,0,0
450560,2,1,0,0,0,0,0,0,0,0,0,0
450560,3,1,0,0,0,0,0,0,0,0,0,0
450560,4,1,11,0,19,0,19,0,4,0,0,0
450560,5,1,0,0,23,0,0,0,0,0,10,0
450561,1,1,0,0,0,0,0,0,0,0,0,0
450561,2,1,0,0,0,0,0,0,0,0,0,12
450561,3,1,0,0,0,0,0,0,0,0,0,0
450562,1,1,0,0,0,0,0,0,0,0,0,0
450562,2,1,6,6,6,6,6,6,6,6,6,6
450563,1,1,0,0,0,0,0,0,0,0,0,0
450564,1,1,4,4,4,4,4,4,4,4,4,4
450565,0,1,0,18,13,0,9,0,0,6,29,0
450565,0,2,0,0,0,0,0,0,0,0,0,0
450565,1,1,17,17,17,17,17,17,17,17,17,17
450566,1,1,0,0,0,10,0,0,12,0,0,9
450566,2,1,24,20,0,21,0,0,0,0,0,0
450567,1,1,0,0,0,0,0,0,0,0,0,0
450567,2,1,0,0,0,0,0,0,0,0,0,0
450567,3,1,0,12,0,0,0,0,0,0,0,0
450568,1,1,0,0,0,0,0,0,0,0,0,0
450568,2,1,0,0,0,0,0,0,25,0,0,0
450569,1,1,0,0,0,0,0,0,0,0,0,0
450569,2,1,0,0,0,0,0,0,0,0,0,0
450569,3,1,0,0,0,0,0,0,0,0,0,0
450570,1,1,0,0,0,0,0,0,0,0,0,0
450570,2,1,6,6,6,6,6,6,6,6,6,6
450570,3,1,0,16,0,0,0,0,0,0,29,0
450571,1,1,0,0,0,0,0,0,0,0,0,0
450572,1,1,0,0,0,15,0,0,0,24,0,0
450573,1,1,27,0,4,4,0,0,0,15,19,0
450574,1,1,24,24,24,24,24,24,24,24,24,24
450575,1,1,0,15,0,0,0,0,0,20,8,0
450575,2,1,0,0,0,0,2,0,0,0,0,0
450576,1,1,0,0,0,0,0,0,0,0,0,0
450576,2,1,0,0,0,0,0,0,0,0,0,0
450577,1,1,4,4,4,4,4,4,4,4,4,4
450577,2,1,0,9,0,0,0,0,0,10,0,0
450578,0,1,0,0,0,0,0,0,0,0,0,0
450578,1,1,0,0,0,0,0,0,0,0,30,0
450579,1,1,0,0,9,0,0,0,0,0,0,0
450579,2,1,0,0,0,0,0,0,0,0,0,0
450580,1,1,0,0,0,0,0,0,0,0,0,0
450582,1,1,0,0,0,0,0,0,0,0,0,0
450583,1,1,0,0,0,0,0,0,0,0,0,0
450583,2,1,0,0,0,0,0,0,0,0,0,0
450584,1,1,14,14,14,14,14,14,14,14,14,14
450584,2,1,29,0,0,0,0,0,0,12,0,21
450585,1,1,0,0,0,0,0,0,0,0,0,0
450586,1,1,16,0,20,7,8,0,52,14,23,15
450586,2,1,8,8,8,8,8,8,8,8,8,8
450587,1,1,15,15,15,15,15,15,15,15,15,15
450588,0,1,4,4,4,4,4,4,4,4,4,4
450588,0,2,18,18,18,18,18,18,18,18,18,18
450588,0,3,0,0,24,0,29,0,3,29,0,0
450588,0,4,0,0,0,0,0,12,0,14,15,0
450588,0,5,0,0,20,13,0,0,0,16,0,10
450588,0,6,0,0,0,0,14,0,37,27,0,0
450588,0,7,0,14,0,0,0,0,0,23,7,0
450588,1,1,18,0,11,0,5,16,0,0,0,24
450588,2,1,28,0,0,0,0,0,0,19,0,22
450588,3,1,15,0,0,8,0,0,10,37,0,14
450589,1,1,7,0,0,0,0,0,0,0,0,0
450589,2,1,0,0,0,0,0,0,0,0,0,0
450590,1,1,22,30,2,27,21,19,23,20,17,25
450591,1,1,0,0,9,25,0,0,0,11,22,0
450592,1,1,9,9,9,9,9,9,9,9,9,9
450592,2,1,23,23,23,23,23,23,23,23,23,23
450593,1,1,0,0,0,0,0,0,0,0,0,0
450594,1,1,11,11,11,11,11,11,11,11,11,11
450594,2,1,0,0,0,0,0,0,0,0,0,0
450595,1,1,18,18,18,18,18,18,18,18,18,18
450596,1,1,22,22,22,22,22,22,22,22,22,22
450597,1,1,6,6,6,6,6,6,6,6,6,6
450598,1,1,5,0,0,28,23,13,28,0,0,28
450599,0,1,0,0,0,0,0,0,0,0,0,0
450599,1,1,0,0,15,0,0,13,6,0,0,0
450600,1,1,0,0,0,0,0,0,0,0,0,0
450600,2,1,0,0,0,0,0,0,0,0,0,0
450601,1,1,8,11,0,0,0,0,0,0,0,0
450601,2,1,0,0,0,0,0,0,0,0,0,0
450602,0,1,0,0,0,0,0,0,0,0,0,0
450602,1,1,0,0,6,15,0,27,18,46,0,25
450603,1,1,0,0,0,0,0,0,0,0,0,0
450604,1,1,17,17,17,17,17,17,17,17,17,17
450605,1,1,0,0,0,0,0,0,0,0,0,11
450605,2,1,0,0,0,0,0,0,0,0,0,5
450606,1,1,19,19,19,19,19,19,19,19,19,19
450607,1,1,0,0,12,0,10,0,0,11,0,0
450607,2,1,14,14,14,14,14,14,14,14,14,14
450607,3,1,7,0,19,0,20,0,0,0,0,15
450608,1,1,0,0,0,0,0,0,0,0,0,0
450609,1,1,0,0,0,0,0,0,0,0,0,0
450610,1,1,19,19,19,19,19,19,19,19,19,19
450610,2,1,0,10,6,0,0,0,0,0,29,0
450611,1,1,24,24,24,24,24,24,24,24,24,24
450612,1,1,30,30,30,30,30,30,30,30,30,30
450613,1,1,0,0,0,0,0,0,0,0,0,0
450613,2,1,8,0,3,16,13,11,0,22,0,10
450614,0,1,0,0,0,0,0,0,0,0,0,0
450614,1,1,16,15,0,0,0,5,11,16,6,13
450615,1,1,15,15,15,15,15,15,15,15,15,15
450616,1,1,0,0,0,0,0,0,0,0,0,0
450617,1,1,9,9,9,9,9,9,9,9,9,9
450618,1,1,15,0,0,0,25,0,7,0,0,0
450618,2,1,0,0,0,0,0,0,0,0,0,0
450619,1,1,23,23,23,23,23,23,23,23,23,23
450620,1,1,0,0,16,0,0,11,0,0,17,0
450621,1,1,0,7,0,0,0,0,0,0,0,0
450621,2,1,0,0,0,0,0,0,0,0,0,0
450622,1,1,0,15,0,0,0,13,0,0,0,0
450622,2,1,0,0,0,0,0,0,0,0,0,0
450623,1,1,0,0,0,0,0,0,0,13,0,0
450623,2,1,0,0,0,0,0,0,0,0,0,0
450624,1,1,0,0,0,0,0,0,0,0,0,0
450625,1,1,10,10,10,10,10,10,10,10,10,10
450626,1,1,0,0,0,0,0,0,0,0,0,0
450626,2,1,0,0,0,0,0,0,0,20,0,0
450627,1,1,19,14,28,0,0,0,0,8,24,0