ST_CASE,VEH_NO,PER_NO,P1,P2,P3,P4,P5,P6,P7,P8,P9,P10
450927,0,1,8,8,8,8,8,8,8,8,8,8
450927,2,1,11,11,11,11,11,11,11,11,11,11
450927,3,1,0,0,24,0,18,22,0,5,20,13
450928,1,1,12,12,12,12,12,12,12,12,12,12
450928,2,1,0,35,0,0,0,0,0,0,19,0
450929,0,1,0,0,0,0,0,0,0,0,0,0
450929,1,1,0,0,0,0,0,0,0,0,6,0
450930,1,1,29,29,29,29,29,29,29,29,29,29
450931,1,1,0,0,0,0,0,0,0,0,0,0
450931,2,1,0,0,4,0,0,0,0,0,0,0
450932,1,1,0,17,0,0,0,13,0,0,22,26
450933,1,1,0,0,22,0,0,0,0,0,0,0
450933,2,1,0,0,0,0,0,0,0,0,0,0
450934,1,1,5,5,5,5,5,5,5,5,5,5
450935,1,1,0,0,0,0,0,0,0,0,0,0
450935,2,1,0,0,0,0,0,0,22,0,18,0
450936,1,1,0,0,0,5,0,0,0,0,0,0
450936,2,1,0,0,0,0,0,0,0,0,0,0
450936,3,1,0,24,0,0,0,14,0,0,0,0
450937,1,1,7,23,0,16,8,0,27,11,0,13
450937,2,1,0,0,0,0,0,0,0,0,0,0
450938,1,1,0,0,0,19,13,0,3,0,0,0
450938,2,1,0,0,0,0,0,0,12,0,8,0
450939,1,1,0,0,0,0,0,0,0,0,0,0
450940,1,1,33,33,33,33,33,33,33,33,33,33
450940,2,1,0,0,0,0,2,0,0,0,0,0
450941,1,1,0,0,0,0,0,0,10,0,0,0
450941,2,1,0,0,0,0,0,0,0,0,0,0
450941,3,1,0,0,0,0,0,0,0,0,0,0
450942,1,1,0,0,0,17,0,33,0,0,9,0
450943,0,1,4,4,4,4,4,4,4,4,4,4
450943,1,1,0,16,0,0,0,0,0,0,0,0
450944,0,1,23,23,23,23,23,23,23,23,23,23
450944,1,1,0,19,35,30,8,0,0,17,0,0
450945,0,1,21,21,21,21,21,21,21,21,21,21
450945,1,1,33,16,0,5,8,8,3,0,0,0
450946,1,1,0,0,0,0,0,0,0,0,0,0
450947,1,1,26,26,26,26,26,26,26,26,26,26
450948,1,1,0,0,0,0,0,0,0,0,0,0
450949,1,1,0,0,0,0,0,0,0,0,0,0
450950,1,1,20,20,20,20,20,20,20,20,20,20
450950,2,1,18,0,0,23,15,30,17,37,0,0
450950,3,1,8,0,14,0,26,22,0,0,0,25
450951,1,1,0,0,0,0,0,0,0,5,16,0
450951,2,1,0,0,0,0,0,0,0,0,0,0
450951,3,1,9,0,0,0,0,0,4,18,16,0
450952,0,1,0,0,0,0,0,0,0,0,0,0
450952,1,1,0,0,0,0,7,0,0,0,0,15
450952,2,1,9,0,7,23,10,16,25,0,12,0
450953,0,1,0,0,0,14,17,11,24,0,0,0
450953,1,1,0,0,0,16,15,11,0,0,9,26
450954,0,1,22,22,22,22,22,22,22,22,22,22
450954,1,1,0,12,0,28,0,9,0,0,0,0
450955,0,1,33,12,0,15,23,14,32,0,0,0
450955,1,1,0,0,0,0,0,20,0,14,0,0
450956,0,1,19,0,0,0,0,0,0,0,31,0
450956,1,1,0,21,0,0,0,15,0,0,18,0
450957,1,1,13,13,13,13,13,13,13,13,13,13
450958,1,1,0,0,0,0,0,0,6,0,0,0
450958,2,1,22,22,22,22,22,22,22,22,22,22
450959,0,1,0,0,0,11,0,0,6,0,0,0
450959,1,1,0,0,12,0,0,10,0,0,0,0
450960,0,1,16,16,16,16,16,16,16,16,16,16
450960,1,1,10,0,0,0,0,0,16,0,0,8
450961,1,1,0,0,0,0,0,0,0,0,2,0
450961,2,1,0,0,0,0,0,0,0,0,0,0
450962,1,1,0,0,0,0,0,0,0,0,0,0
450963,1,1,32,32,32,32,32,32,32,32,32,32
450964,0,1,21,21,21,21,21,21,21,21,21,21
450964,2,1,0,0,0,12,12,0,0,0,31,7
450964,3,1,0,20,15,0,16,0,6,11,0,0
450965,1,1,0,0,0,0,0,0,0,0,0,0
450965,2,1,0,0,0,0,0,13,0,0,0,0
450966,1,1,0,0,0,0,0,0,0,0,0,0
450966,2,1,0,0,0,24,0,0,7,0,0,4
450967,1,1,12,24,0,0,0,0,32,0,16,10
450967,2,1,16,16,16,16,16,16,16,16,16,16
450968,0,1,10,10,10,10,10,10,10,10,10,10
450968,1,1,0,7,17,0,0,21,27,3,0,0
450969,1,1,0,0,11,20,0,0,0,0,0,10
450969,2,1,0,0,0,0,0,11,0,0,0,0
450970,1,1,0,0,0,0,0,0,0,0,0,0
450970,2,1,0,0,12,0,0,0,0,0,0,24
450970,3,1,0,0,0,0,0,0,0,0,0,0
450971,1,1,0,0,0,0,0,0,0,0,0,0
450972,0,1,0,0,16,0,8,7,20,0,20,0
450972,1,1,0,0,0,0,31,0,0,10,0,11
450973,1,1,0,0,0,0,28,0,0,0,4,0
450973,2,1,0,16,0,0,0,0,0,0,26,0
450974,1,1,0,0,0,0,0,0,0,21,0,0
450974,2,1,0,0,0,0,0,0,0,22,0,0
450975,1,1,0,0,2,0,0,0,0,0,0,0
450975,2,1,0,0,0,0,0,0,0,0,0,0
450976,0,1,0,0,0,0,0,0,0,0,0,0
450976,1,1,0,0,0,0,0,0,2,0,0,0
450977,1,1,0,0,0,0,0,0,0,0,0,0
450978,1,1,25,10,16,32,22,9,11,17,20,3
450979,0,1,31,31,31,31,31,31,31,31,31,31
450979,1,1,0,0,0,0,0,12,0,33,0,0
450980,1,1,29,29,29,29,29,29,29,29,29,29
450980,2,1,0,0,0,0,0,0,0,0,0,0
450981,1,1,0,0,0,0,0,0,0,0,11,0
450981,2,1,0,0,0,0,0,0,0,18,0,0
450982,1,1,4,4,4,4,4,4,4,4,4,4
450982,2,1,10,10,10,10,10,10,10,10,10,10
450983,1,1,8,8,8,8,8,8,8,8,8,8
450984,1,1,27,27,27,27,27,27,27,27,27,27
450984,2,1,18,21,18,12,18,26,0,12,23,0
450985,1,1,0,0,6,0,0,0,0,0,21,0
450986,1,1,0,0,0,17,14,0,9,18,9,10
450987,1,1,0,0,0,0,0,0,0,0,0,0
450987,2,1,0,0,0,0,0,0,0,9,0,0
450988,1,1,0,0,0,0,0,0,0,0,3,0
450989,1,1,0,0,0,0,0,13,0,0,0,0
450989,2,1,0,0,0,0,20,0,0,0,0,0
450990,1,1,0,0,0,0,0,0,0,0,0,0
450991,1,1,24,24,24,24,24,24,24,24,24,24
450992,0,1,0,0,0,0,0,0,0,0,0,0
450992,1,1,0,0,0,0,0,0,10,14,0,0
450993,1,1,0,0,0,0,0,0,0,0,0,0
450993,2,1,18,18,18,18,18,18,18,18,18,18
450994,0,1,32,14,0,0,0,0,0,0,0,16
450994,1,1,0,0,0,0,0,0,0,0,0,4
450994,2,1,10,0,0,21,11,20,0,23,0,0
450995,1,1,0,0,0,0,8,0,5,0,0,8
450996,1,1,0,0,0,0,0,0,0,0,0,0
450997,1,1,37,37,37,37,37,37,37,37,37,37
450998,1,1,0,0,0,0,0,0,0,0,0,0
450998,2,1,0,0,0,0,0,0,0,0,0,0
450999,0,1,39,39,39,39,39,39,39,39,39,39
450999,1,1,7,0,6,3,8,6,0,0,11,3
451000,1,1,0,0,0,0,0,0,0,0,0,0
451000,2,1,12,30,0,16,0,20,0,0,3,8
451000,3,1,0,0,0,0,0,0,18,7,0,0
451000,4,1,0,0,0,0,0,0,0,0,0,0
451000,5,1,11,19,14,0,23,16,0,13,23,23
451000,6,1,2,26,7,22,17,9,0,0,12,8
451001,1,1,0,0,0,0,0,0,0,0,0,0
451001,2,1,0,0,0,0,0,0,0,0,0,0
451002,1,1,17,0,0,0,0,0,0,0,0,0
451003,1,1,0,0,0,0,0,0,0,0,0,0
451003,2,1,0,0,0,0,0,13,0,0,31,0
451003,3,1,0,0,0,0,0,0,0,0,0,0
451003,4,1,0,0,0,0,19,0,0,0,0,0
451004,1,1,11,6,17,26,0,0,0,0,16,0
451004,2,1,0,0,0,0,0,0,0,0,0,0
451004,3,1,0,0,0,0,0,0,0,0,0,0
451004,4,1,0,35,0,0,0,0,0,0,0,0
451005,1,1,0,0,0,0,0,0,0,0,0,0
451005,2,1,0,0,0,23,0,0,0,0,19,0
451006,1,1,0,0,0,0,0,0,0,0,0,0
451006,2,1,18,18,18,18,18,18,18,18,18,18
451007,1,1,0,0,0,0,0,0,0,0,0,0
451008,0,1,29,29,29,29,29,29,29,29,29,29
451008,1,1,0,18,23,19,13,20,0,10,10,0
451009,0,1,18,18,18,18,18,18,18,18,18,18
451009,1,1,10,10,10,10,10,10,10,10,10,10
451010,1,1,0,0,0,0,0,0,0,0,0,0
451010,2,1,0,25,0,0,0,20,0,0,11,19
451011,0,1,14,14,14,14,14,14,14,14,14,14
451011,1,1,0,0,0,0,15,0,0,15,0,0
451012,0,1,0,0,0,0,0,0,0,0,0,0
451012,1,1,0,0,6,16,22,0,0,0,0,0
451013,0,1,14,14,14,14,14,14,14,14,14,14
451014,0,1,0,0,0,0,0,0,0,0,25,0
451014,1,1,0,0,19,0,0,0,0,0,0,0
451015,1,1,0,0,0,0,0,0,0,0,0,0
451016,0,1,15,18,13,58,27,7,30,8,17,8
451016,1,1,11,29,7,12,0,17,12,8,0,0
451017,1,1,20,20,20,20,20,20,20,20,20,20
451018,0,1,0,43,0,0,0,0,2,0,0,9
451018,1,1,11,20,0,0,0,0,0,0,0,0
451019,1,1,14,0,14,0,0,10,0,22,0,0
451019,2,1,0,0,0,0,0,0,0,0,0,0
451020,1,1,0,0,0,0,0,0,0,0,0,0
451021,1,1,8,0,0,0,0,0,0,0,0,0
451021,2,1,0,0,0,0,0,0,0,11,12,0
451022,1,1,0,0,0,0,0,0,0,0,0,0
451022,2,1,0,0,0,0,0,0,0,0,0,0
451023,1,1,0,0,0,0,0,0,2,0,18,0
451024,1,1,0,0,0,0,0,0,0,0,0,0
451024,2,1,12,0,8,0,0,0,0,0,0,0
451025,1,1,0,0,0,0,0,0,0,0,0,0
451026,1,1,0,0,12,0,0,9,0,0,0,0
460001,1,1,0,0,0,0,0,0,0,0,0,0
460002,1,1,0,0,0,0,0,0,0,0,0,0
460003,1,1,0,0,0,0,0,0,0,0,0,0
460003,2,1,0,0,0,0,0,0,0,0,0,0
460004,1,1,15,14,15,6,20,7,19,16,13,13
460005,1,1,13,16,19,26,25,12,20,23,0,4
460006,1,1,24,24,24,24,24,24,24,24,24,24
460007,1,1,23,23,23,23,23,23,23,23,23,23
460008,1,1,0,0,0,0,0,0,0,0,0,0
460008,2,1,12,0,12,17,0,27,18,26,23,0
460009,1,1,0,0,0,0,0,2,0,0,0,0
460010,1,1,15,0,13,11,9,12,0,14,15,19
460011,1,1,0,0,0,0,0,0,0,0,0,0
460011,2,1,0,0,0,0,0,0,0,0,0,0
460011,3,1,0,0,0,0,0,0,0,0,0,0
460012,1,1,0,0,0,0,0,0,0,0,0,0
460012,2,1,0,0,0,0,4,21,0,0,21,0
460013,0,1,0,11,5,0,25,0,19,0,22,22
460013,1,1,0,0,0,0,3,0,0,0,25,10
460014,1,1,0,0,0,0,0,0,0,0,0,0
460014,2,1,0,0,0,0,9,0,0,0,0,0
460015,1,1,0,0,0,0,0,0,0,0,14,0
460015,2,1,0,0,0,0,0,0,0,0,0,0
460016,1,1,7,7,7,7,7,7,7,7,7,7
460017,1,1,0,0,0,0,0,0,0,0,0,0
460018,1,1,0,0,0,0,0,21,0,19,0,0
460019,1,1,20,0,6,25,9,0,37,0,18,0
460020,1,1,0,0,0,0,0,0,10,0,0,0
460020,2,1,11,0,4,0,8,0,0,0,43,33
460021,1,1,0,0,0,0,0,0,0,0,0,0
460021,2,1,22,0,0,0,0,16,0,9,0,25
460022,0,1,23,23,23,23,23,23,23,23,23,23
460022,1,1,0,0,0,0,0,0,0,0,0,0
460023,0,1,35,35,35,35,35,35,35,35,35,35
460023,0,2,0,12,27,28,0,0,0,0,0,0
460023,1,1,0,0,0,0,0,0,0,0,0,0
460024,1,1,0,0,0,14,0,0,0,0,38,0
460025,1,1,0,0,0,0,0,0,0,0,0,0
460025,2,1,0,0,0,0,0,0,0,0,0,0
460026,1,1,0,0,0,0,0,0,0,0,0,0
460026,2,1,14,14,14,14,14,14,14,14,14,14
460027,1,1,0,0,0,0,0,0,0,0,0,0
460028,1,1,21,13,11,17,17,0,21,12,12,6
460029,1,1,0,0,0,0,0,0,0,0,0,0
460029,2,1,0,0,0,0,0,0,0,0,0,0
460030,1,1,0,0,0,0,0,0,0,0,0,0
460030,2,1,0,0,0,0,0,0,0,0,0,0
460031,1,1,0,0,0,0,0,0,0,0,0,0
460031,2,1,0,0,0,6,0,0,0,0,0,0
460032,1,1,28,28,28,28,28,28,28,28,28,28
460033,1,1,0,0,0,0,0,0,0,0,0,0
460033,2,1,0,0,0,0,0,21,0,0,0,21
460033,3,1,0,0,0,0,0,0,0,0,0,0
460034,1,1,0,0,0,0,13,0,0,0,0,0
460034,2,1,0,0,0,0,0,0,0,0,0,0
460035,0,1,0,0,0,0,0,0,0,0,0,0
460035,1,1,0,0,0,0,19,6,20,0,0,0
460036,1,1,0,0,0,0,0,0,0,0,0,0
460037,1,1,0,0,0,0,0,23,0,0,0,0
460037,2,1,0,0,0,0,0,0,0,0,0,0
460038,1,1,18,18,18,18,18,18,18,18,18,18
460039,1,1,26,26,26,26,26,26,26,26,26,26
460040,0,1,0,0,0,0,0,0,0,0,0,0
460040,1,1,0,0,0,0,0,0,0,0,0,0
460041,1,1,0,0,0,0,0,16,0,0,0,0
460041,2,1,0,6,0,19,0,0,16,28,24,5
460042,1,1,12,12,12,12,12,12,12,12,12,12
460042,2,1,21,21,21,21,21,21,21,21,21,21
460043,1,1,0,0,0,0,0,0,0,0,0,0
460044,1,1,9,36,16,18,18,11,30,0,3,0
460044,2,1,0,0,0,0,37,0,0,0,19,0
460045,1,1,16,0,0,0,0,10,0,0,0,0
460045,2,1,0,0,0,0,0,0,0,34,0,12
460046,1,1,15,0,0,0,11,5,0,0,16,20
460047,1,1,0,0,0,0,0,0,0,0,0,0
460047,2,1,0,0,0,0,0,0,0,27,0,2
460048,1,1,20,20,20,20,20,20,20,20,20,20
460049,1,1,31,21,0,12,0,0,0,26,0,10
460050,1,1,7,7,7,7,7,7,7,7,7,7
460051,1,1,0,0,0,0,0,0,0,0,0,0
460051,2,1,0,0,0,0,0,0,0,0,0,0
460052,1,1,0,0,0,0,0,0,0,0,0,0
460052,2,1,0,0,0,0,0,0,0,0,0,0
460053,1,1,0,0,0,0,0,0,3,0,0,17
460053,2,1,0,0,0,0,0,0,0,0,0,0
460054,1,1,0,0,0,0,0,0,0,0,0,0
460054,2,1,0,0,0,0,0,0,0,0,0,0
460054,3,1,0,0,0,0,0,0,0,0,0,0
460055,1,1,0,0,0,0,0,0,0,0,0,0
460055,2,1,7,0,0,0,0,0,0,0,0,0
460055,3,1,0,0,0,0,0,0,37,0,8,0
460056,1,1,0,0,0,0,0,0,0,0,0,0
460057,1,1,0,0,0,0,10,33,0,0,31,13
460058,1,1,0,0,0,0,0,14,0,0,0,0
460059,1,1,11,11,11,11,11,11,11,11,11,11
460060,1,1,0,3,0,6,0,28,0,0,0,0
460061,1,1,0,0,0,0,0,0,0,0,0,0
460061,2,1,0,11,0,0,0,0,0,14,11,0
460062,1,1,26,26,26,26,26,26,26,26,26,26
460063,1,1,0,0,0,0,0,0,0,0,0,0
460063,2,1,0,0,0,0,8,0,0,0,0,0
460064,1,1,0,0,0,0,27,0,0,0,20,0
460064,2,1,0,0,0,0,0,0,0,0,0,0
460065,1,1,0,0,0,0,0,0,0,0,0,0
460066,1,1,5,0,9,19,34,7,36,5,16,21
460067,1,1,21,6,0,14,0,0,12,26,6,0
460068,1,1,0,0,0,0,0,0,0,0,0,0
460068,2,1,0,0,0,0,0,0,0,0,0,0
460069,1,1,0,0,0,0,0,0,0,0,0,0
460070,1,1,0,0,0,0,0,0,0,0,0,0
460071,1,1,5,0,17,0,0,19,0,0,12,0
460072,1,1,0,33,0,0,0,24,13,6,9,35
460073,1,1,0,0,0,0,0,0,0,0,0,0
460073,2,1,0,0,0,0,0,0,0,0,0,0
460074,1,1,0,0,0,0,0,0,0,0,0,0
460074,2,1,0,0,0,0,0,0,0,0,0,0
460075,1,1,0,0,0,0,0,0,0,0,0,0
460075,2,1,3,3,3,3,3,3,3,3,3,3
460076,0,1,15,0,0,0,33,0,0,12,0,0
460076,1,1,0,0,0,0,0,0,0,0,0,0
460077,1,1,0,20,0,0,0,0,0,24,0,0
460078,1,1,0,0,0,0,0,0,0,0,0,0
460078,2,1,0,0,0,0,0,0,0,0,0,10
460079,1,1,19,0,0,24,10,0,0,0,3,0
460079,2,1,0,0,0,0,0,3,4,0,0,23
460080,1,1,0,4,0,0,0,0,13,16,14,0
460081,1,1,21,21,21,21,21,21,21,21,21,21
460082,1,1,16,16,16,16,16,16,16,16,16,16
460083,1,1,0,0,0,0,0,0,0,0,0,0
460084,1,1,0,0,0,0,0,0,0,0,0,0
460084,2,1,0,0,0,0,0,0,0,0,0,0
460085,1,1,31,31,31,31,31,31,31,31,31,31
460086,1,1,0,0,0,0,0,0,0,0,0,0
460086,2,1,0,0,0,0,0,0,0,0,0,0
460086,3,1,0,0,0,0,0,0,8,0,0,0
460087,0,1,16,10,0,0,0,0,0,0,0,0
460087,1,1,0,0,0,0,0,0,0,0,0,0
460088,1,1,36,15,21,19,10,10,0,11,19,22
460089,1,1,0,0,0,0,0,0,0,0,0,6
460089,2,1,0,0,0,0,0,0,0,0,0,0
460089,3,1,0,0,0,0,0,0,0,0,0,0
460089,4,1,0,0,0,0,0,0,0,0,0,0
460089,5,1,0,0,0,0,0,0,0,0,0,0
460090,1,1,0,0,0,0,0,10,0,0,0,0
460090,2,1,0,0,0,0,0,0,0,0,0,0
460090,3,1,0,0,0,0,0,0,0,0,0,0
460090,4,1,0,0,0,0,0,0,0,0,0,0
460090,5,1,0,0,0,0,0,0,0,0,0,0
460090,6,1,0,0,0,0,0,0,0,0,0,0
460090,7,1,0,0,0,0,0,0,0,0,0,0
460090,8,1,0,0,0,0,0,0,0,0,0,0
460090,9,1,0,0,0,0,0,0,0,0,0,0
460091,0,1,0,0,0,0,0,0,0,0,0,0
460091,1,1,10,24,9,3,14,0,43,16,0,24
460092,0,1,0,0,0,0,0,10,39,0,0,0
460092,1,1,0,0,0,0,0,0,0,0,0,0
460093,1,1,0,0,0,0,0,0,0,0,0,0
460093,2,1,0,0,0,0,0,0,0,0,0,0
460094,1,1,20,0,0,12,0,0,0,7,27,0
460094,2,1,0,0,0,0,0,0,0,0,0,0
460094,3,1,0,0,0,0,0,0,0,0,0,0
460095,1,1,15,15,15,15,15,15,15,15,15,15
460096,1,1,20,18,7,9,40,37,27,29,20,18
460097,0,1,0,0,18,0,0,0,0,0,0,0
460097,1,1,24,10,0,0,0,0,13,0,11,22
460098,1,1,0,0,0,0,0,30,0,0,28,21
460098,2,1,0,0,0,0,0,0,0,0,0,0
460099,1,1,0,0,0,0,0,0,0,0,0,0
460099,2,1,0,0,0,0,0,0,0,0,0,0
460100,1,1,0,0,0,0,0,0,0,0,0,0
460100,2,1,0,0,0,0,0,0,0,0,0,0
460101,0,1,0,0,14,0,0,0,29,0,0,0
460101,1,1,0,0,0,0,0,0,0,0,0,0
460102,1,1,0,0,0,0,0,0,0,0,0,0
460103,0,1,0,38,0,0,16,13,0,9,0,0
460103,1,1,0,0,0,0,0,0,0,0,0,0
460104,1,1,0,0,0,0,0,0,0,0,0,0
460104,2,1,0,0,31,0,0,18,0,0,0,0
460105,1,1,0,0,0,0,0,0,0,0,0,0
460106,1,1,0,0,0,0,0,0,0,0,0,0
460106,2,1,0,0,0,0,9,0,0,0,0,23
460107,1,1,0,0,0,13,10,20,27,0,0,0
460107,2,1,16,0,23,15,24,0,0,18,0,11
460108,0,1,25,0,16,0,0,6,0,0,0,0
460108,1,1,9,0,0,0,0,0,0,0,0,0
460109,1,1,0,0,12,9,11,0,0,27,26,0
460109,2,1,0,0,0,0,0,0,0,0,0,0
460110,1,1,16,8,15,9,7,7,12,26,26,19
460111,1,1,0,0,0,0,0,0,0,0,0,0
460111,2,1,0,0,0,0,0,0,0,0,0,0
460112,1,1,12,12,12,12,12,12,12,12,12,12
460113,1,1,0,0,0,0,0,10,0,0,9,0
460113,2,1,0,0,0,0,0,0,0,0,0,0
460114,1,1,0,0,0,0,0,0,0,0,0,0
460115,0,1,29,29,29,29,29,29,29,29,29,29
460115,1,1,0,0,0,0,0,0,0,0,0,0
460116,1,1,7,7,7,7,7,7,7,7,7,7
460117,0,1,30,30,30,30,30,30,30,30,30,30
460117,1,1,0,0,0,0,0,0,14,0,0,0
460117,2,1,0,0,0,0,0,0,0,0,0,0
460118,1,1,0,0,0,0,0,0,0,0,0,0
460118,2,1,0,0,0,0,0,0,0,16,0,0
460119,1,1,12,12,12,12,12,12,12,12,12,12
460120,1,1,8,8,8,8,8,8,8,8,8,8
460121,0,1,17,17,17,17,17,17,17,17,17,17
460121,1,1,0,0,0,0,0,0,0,0,0,0
470001,1,1,11,11,11,11,11,11,11,11,11,11
470002,1,1,0,0,0,0,0,0,0,0,0,0
470002,2,1,0,0,0,0,0,0,0,0,0,0
470002,3,1,0,0,0,0,0,0,0,0,0,0
470003,1,1,18,24,34,14,14,16,3,18,9,22
470004,0,1,0,0,0,0,0,0,0,0,0,0
470004,1,1,0,0,0,0,0,0,0,0,0,0
470005,1,1,0,0,0,0,0,0,0,0,0,30
470006,1,1,0,0,0,0,0,0,0,0,0,0
470006,2,1,0,0,0,0,0,0,0,0,0,0
470007,1,1,0,0,0,0,0,0,0,18,0,14
470007,2,1,0,0,0,0,0,0,0,0,0,0
470008,0,1,3,3,3,3,3,3,3,3,3,3
470008,1,1,8,9,0,0,0,20,0,0,0,0
470009,1,1,0,0,0,0,22,0,0,0,0,16
470009,2,1,0,0,0,0,0,0,0,0,0,0
470010,1,1,25,25,25,25,25,25,25,25,25,25
470011,1,1,0,0,0,0,0,0,0,0,0,0
470012,1,1,0,0,0,0,0,0,0,0,0,0
470012,2,1,0,0,0,0,0,0,0,0,0,0
470013,1,1,0,0,0,0,0,0,0,0,0,0
470013,2,1,0,0,0,0,0,0,0,0,0,0
470014,0,1,0,0,0,0,0,0,0,0,0,0
470014,2,1,17,0,0,0,0,0,0,0,0,3
470015,1,1,22,10,13,21,37,12,20,5,19,9
470015,2,1,14,14,14,14,14,14,14,14,14,14
470016,1,1,19,19,19,19,19,19,19,19,19,19
470017,0,1,17,17,17,17,17,17,17,17,17,17
470017,1,1,0,28,16,0,0,0,0,0,0,0
470018,1,1,0,0,0,0,0,0,0,0,0,0
470018,2,1,24,24,24,24,24,24,24,24,24,24
470019,1,1,34,12,28,27,11,23,0,16,12,17
470019,2,1,0,0,0,0,0,0,0,2,0,0
470020,1,1,0,0,0,0,0,0,0,0,0,0
470021,1,1,16,16,16,16,16,16,16,16,16,16
470022,0,1,30,30,30,30,30,30,30,30,30,30
470022,1,1,0,10,0,0,0,0,0,0,0,9
470023,1,1,0,0,0,0,0,16,0,18,14,0
470023,2,1,0,0,0,0,0,0,0,0,0,0
470024,1,1,0,0,0,0,0,0,0,0,0,0
470024,2,1,0,0,0,0,0,0,0,0,0,0
470025,0,1,0,0,0,0,0,0,0,0,0,0
470025,1,1,29,0,0,0,11,0,0,0,0,0
470026,0,1,12,0,20,16,0,0,10,0,0,13
470026,1,1,0,0,0,5,0,0,0,0,0,0
470027,1,1,7,7,7,7,7,7,7,7,7,7
470027,2,1,0,0,0,0,0,0,0,0,0,0
470028,0,1,0,0,0,0,0,0,0,0,0,0
470028,1,1,13,0,0,0,0,0,0,0,0,0
470029,1,1,0,6,5,12,17,13,0,0,4,33
470030,1,1,0,0,0,0,0,0,0,0,0,0
470031,1,1,14,14,14,14,14,14,14,14,14,14
470032,0,1,0,0,0,0,0,0,0,18,0,17
470032,2,1,0,0,0,0,0,0,0,0,0,0
470032,3,1,0,0,0,0,0,8,0,0,0,0
470032,4,1,11,0,0,0,0,0,0,0,0,16
470032,5,1,0,0,0,0,0,0,0,0,19,0
470033,1,1,28,28,28,28,28,28,28,28,28,28
470034,1,1,0,0,0,0,0,0,0,0,0,0
470034,2,1,0,0,0,0,0,0,0,0,0,0
470035,1,1,0,0,0,0,0,0,0,0,0,0
470036,0,1,0,0,0,28,0,0,0,0,0,0
470036,1,1,0,0,0,0,0,0,0,0,0,0
470037,1,1,0,0,0,0,0,0,0,0,0,0
470038,1,1,8,18,17,24,2,5,15,17,26,7
470039,1,1,22,22,22,22,22,22,22,22,22,22
470040,1,1,10,10,10,10,10,10,10,10,10,10
470040,2,1,0,0,0,0,0,0,0,0,0,0
470041,1,1,9,9,9,9,9,9,9,9,9,9
470041,2,1,0,0,0,0,0,0,0,0,0,0
470042,1,1,0,0,0,0,0,0,0,0,0,0
470043,1,1,0,0,0,0,0,0,0,0,0,0
470044,0,1,0,0,0,15,0,0,0,0,0,0
470044,0,2,0,0,0,0,0,0,0,0,0,0
470044,1,1,0,0,18,0,0,0,0,0,0,0
470044,2,1,0,0,0,0,0,0,0,0,0,0
470045,1,1,0,0,0,0,0,0,0,0,0,0
470046,0,1,14,14,14,14,14,14,14,14,14,14
470046,1,1,32,14,7,0,0,0,0,0,0,29
470047,1,1,0,0,0,0,0,0,0,0,0,0
470048,0,1,0,0,0,0,0,0,0,0,0,0
470048,1,1,0,0,0,0,0,0,0,0,0,0
470049,1,1,0,0,0,0,10,0,13,0,0,0
470050,1,1,0,0,0,0,0,0,0,0,0,0
470050,2,1,0,0,0,0,0,0,0,0,0,0
470051,0,1,20,20,20,20,20,20,20,20,20,20
470051,1,1,14,14,14,14,14,14,14,14,14,14
470052,1,1,17,17,17,17,17,17,17,17,17,17
470053,1,1,0,0,0,19,0,0,9,17,0,0
470053,2,1,0,0,0,21,0,0,0,0,20,0
470054,1,1,0,0,0,0,0,0,0,0,0,0
470055,1,1,0,0,0,0,0,0,0,0,0,0
470056,1,1,0,0,0,0,0,0,0,0,0,0
470057,0,1,0,0,0,0,0,0,0,0,0,0
470057,1,1,0,0,0,0,0,0,0,0,0,0
470057,2,1,0,0,0,0,0,0,0,0,0,0
470057,3,1,0,0,0,0,0,0,0,0,0,0
470059,1,1,0,0,0,0,13,0,0,0,0,0
470059,2,1,0,0,0,0,0,0,0,0,0,0
470060,1,1,0,0,0,0,0,0,0,0,0,0
470060,2,1,0,11,0,0,0,0,0,0,0,0
470060,3,1,0,0,0,0,18,0,0,0,0,0
470060,4,1,0,0,0,10,0,0,0,0,0,0
470061,0,1,25,0,0,0,0,0,0,3,0,13
470061,1,1,33,0,14,0,0,0,0,0,0,0
470062,1,1,0,0,0,0,0,22,0,0,0,0
470063,1,1,0,0,0,0,0,0,0,0,0,0
470064,1,1,0,0,0,0,0,0,0,0,0,0
470065,1,1,0,0,0,0,0,0,0,0,0,0
470065,2,1,0,0,0,0,0,0,0,0,0,0
470065,3,1,0,0,0,0,0,0,0,0,0,0
470066,0,1,8,8,8,8,8,8,8,8,8,8
470066,2,1,0,0,0,0,0,0,0,0,0,0
470067,1,1,0,0,0,0,0,0,0,0,0,0