ST_CASE,VEH_NO,PER_NO,P1,P2,P3,P4,P5,P6,P7,P8,P9,P10
470381,2,1,23,23,23,23,23,23,23,23,23,23
470382,0,1,0,0,0,0,0,0,0,0,0,0
470382,1,1,0,0,0,0,0,0,0,0,0,0
470383,0,1,15,15,15,15,15,15,15,15,15,15
470383,1,1,9,5,0,0,0,8,21,0,20,0
470384,1,1,2,2,2,2,2,2,2,2,2,2
470384,2,1,0,0,0,0,0,0,0,0,0,0
470385,1,1,0,0,0,0,0,0,0,0,0,0
470385,2,1,0,0,0,0,0,0,16,0,0,0
470385,3,1,0,0,0,0,0,0,0,0,0,0
470386,0,1,0,0,0,0,0,0,0,0,0,0
470386,1,1,3,13,0,6,0,10,0,10,21,0
470387,1,1,0,0,0,0,0,0,0,0,0,0
470387,2,1,0,0,0,0,0,0,0,0,0,0
470387,3,1,0,0,0,0,0,0,0,0,0,0
470388,1,1,38,38,38,38,38,38,38,38,38,38
470389,1,1,0,0,0,0,0,0,0,0,0,0
470389,2,1,0,0,0,0,0,0,0,0,0,0
470391,1,1,0,0,0,0,0,0,0,0,0,0
470391,2,1,0,0,0,0,0,0,0,0,0,0
470392,1,1,14,14,14,14,14,14,14,14,14,14
470392,2,1,10,10,10,10,10,10,10,10,10,10
470393,1,1,0,0,0,0,0,0,0,0,0,0
470394,1,1,0,0,0,0,0,0,0,0,0,0
470394,2,1,0,0,0,0,0,0,0,0,0,0
470396,1,1,0,0,0,0,0,0,0,0,0,0
470396,2,1,0,0,0,0,0,0,0,0,0,0
470397,1,1,20,20,20,20,20,20,20,20,20,20
470397,2,1,0,0,0,0,0,0,0,0,0,0
470398,1,1,0,0,0,0,0,0,0,0,0,0
470398,2,1,0,0,0,0,0,0,0,0,0,0
470398,3,1,0,0,0,0,0,0,0,0,0,0
470399,1,1,0,0,0,0,0,0,0,0,0,0
470399,2,1,21,21,21,21,21,21,21,21,21,21
470400,1,1,0,19,0,0,0,0,0,0,7,0
470401,1,1,0,0,0,6,35,0,0,40,0,2
470402,1,1,0,0,0,0,0,0,0,0,12,0
470402,2,1,0,0,0,0,0,0,0,0,0,0
470403,1,1,1,1,1,1,1,1,1,1,1,1
470403,2,1,0,0,0,0,0,0,0,0,0,0
470405,1,1,11,11,11,11,11,11,11,11,11,11
470407,1,1,22,22,22,22,22,22,22,22,22,22
470408,1,1,0,0,0,0,0,0,0,0,0,0
470408,2,1,0,0,0,0,0,0,0,0,0,0
470409,1,1,1,1,1,1,1,1,1,1,1,1
470410,1,1,0,0,0,0,0,0,0,0,0,0
470411,1,1,0,0,0,0,0,0,0,0,0,0
470411,2,1,0,0,0,0,0,0,0,0,0,0
470412,1,1,0,0,0,0,0,0,0,0,0,0
470414,1,1,0,0,0,0,0,0,0,0,0,0
470415,1,1,6,6,6,6,6,6,6,6,6,6
470416,1,1,0,0,0,0,0,0,0,0,0,0
470417,0,1,0,0,0,0,0,0,0,0,0,0
470417,1,1,0,0,0,0,0,0,0,0,5,15
470418,0,1,0,0,7,13,13,19,28,28,12,27
470418,1,1,0,0,0,0,0,0,0,0,0,0
470419,1,1,14,0,0,0,0,4,0,0,0,0
470420,1,1,0,0,0,0,0,0,0,0,0,0
470421,1,1,0,0,0,0,0,0,0,0,0,0
470421,2,1,0,0,0,0,0,0,0,0,0,0
470422,0,1,2,2,2,2,2,2,2,2,2,2
470422,1,1,9,0,0,0,0,0,0,0,6,16
470423,1,1,21,21,21,21,21,21,21,21,21,21
470424,1,1,0,0,0,0,0,0,0,0,0,0
470425,0,1,0,0,0,0,0,0,0,0,0,0
470425,1,1,0,0,0,0,0,0,0,0,0,0
470426,1,1,0,0,0,0,0,0,0,0,0,0
470426,2,1,0,0,16,0,0,0,0,0,0,0
470426,3,1,0,0,0,0,0,0,0,0,0,0
470427,0,1,0,0,0,0,0,14,5,0,0,0
470427,1,1,0,0,0,0,0,0,0,0,0,0
470428,1,1,22,22,22,22,22,22,22,22,22,22
470429,1,1,17,17,17,17,17,17,17,17,17,17
470429,2,1,0,0,0,0,0,0,0,0,0,0
470430,1,1,19,7,33,0,19,14,18,0,0,0
470431,1,1,0,0,0,0,0,0,0,0,0,0
470431,2,1,0,0,0,0,0,0,0,0,0,0
470432,1,1,0,0,0,0,0,0,0,0,0,0
470432,2,1,0,0,0,0,0,0,0,0,0,0
470432,3,1,0,0,0,0,0,0,0,0,0,0
470432,4,1,0,0,0,0,0,0,0,0,0,0
470432,5,1,0,0,0,0,0,0,0,0,0,0
470433,0,1,0,0,0,0,0,0,0,0,0,0
470433,1,1,0,6,0,8,12,0,10,7,0,0
470434,1,1,27,27,27,27,27,27,27,27,27,27
470436,1,1,24,24,24,24,24,24,24,24,24,24
470437,1,1,10,10,10,10,10,10,10,10,10,10
470438,1,1,0,0,19,0,16,16,0,0,0,0
470438,2,1,2,0,0,0,0,0,0,0,29,8
470439,1,1,0,0,0,0,0,0,0,0,0,0
470439,2,1,0,0,0,0,0,0,0,0,0,0
470440,0,1,0,0,0,0,0,0,0,0,0,0
470440,1,1,0,0,0,0,0,0,0,0,13,18
470441,1,1,0,0,0,0,0,26,0,0,0,0
470442,1,1,0,0,0,0,0,0,0,0,0,0
470442,2,1,0,0,0,0,0,0,0,0,0,0
470444,1,1,0,0,0,0,0,0,0,0,0,0
470444,2,1,0,0,0,0,0,0,0,0,0,0
470445,1,1,0,0,0,0,0,0,0,0,0,0
470445,2,1,22,22,22,22,22,22,22,22,22,22
470446,1,1,0,0,0,0,0,0,0,0,0,0
470447,1,1,25,25,25,25,25,25,25,25,25,25
470448,1,1,0,0,0,0,0,0,19,0,0,13
470448,2,1,0,0,0,17,0,20,0,13,0,0
470449,1,1,0,0,0,0,0,0,0,0,0,0
470450,0,1,0,0,0,0,0,0,0,0,0,0
470450,1,1,15,0,0,0,0,0,0,0,0,0
470451,1,1,0,0,0,0,0,0,0,0,0,0
470451,2,1,0,0,0,0,0,10,0,0,0,0
470452,1,1,0,0,0,0,0,0,0,0,0,0
470453,1,1,0,0,0,0,0,0,0,0,0,0
470454,0,1,0,0,0,24,0,0,0,17,0,21
470454,1,1,0,0,0,0,0,0,0,0,0,34
470455,1,1,0,0,0,8,0,0,0,0,0,0
470456,1,1,0,0,32,25,0,0,0,0,0,0
470458,0,1,0,0,0,0,0,0,0,0,0,0
470458,1,1,0,0,0,0,0,0,0,0,0,0
470459,1,1,24,24,24,24,24,24,24,24,24,24
470460,1,1,15,15,15,15,15,15,15,15,15,15
470460,2,1,0,0,0,0,0,0,0,0,0,0
470461,1,1,17,17,17,17,17,17,17,17,17,17
470462,1,1,0,0,0,0,0,0,0,0,0,0
470462,2,1,0,0,0,0,0,0,0,0,0,0
470463,1,1,31,31,31,31,31,31,31,31,31,31
470464,0,1,16,16,16,16,16,16,16,16,16,16
470464,1,1,0,0,0,0,0,0,0,0,0,0
470465,1,1,22,22,22,22,22,22,22,22,22,22
470466,1,1,0,0,0,0,0,0,0,0,0,0
470466,2,1,23,23,23,23,23,23,23,23,23,23
470467,1,1,2,2,2,2,2,2,2,2,2,2
470468,1,1,0,0,0,0,0,0,0,0,0,0
470469,0,1,0,0,0,0,0,0,0,0,0,0
470469,1,1,13,0,0,0,0,0,0,0,29,0
470470,1,1,0,0,0,0,0,0,0,0,0,0
470470,2,1,0,0,0,0,0,0,0,0,0,0
470471,1,1,32,32,32,32,32,32,32,32,32,32
470472,1,1,0,0,0,0,0,0,0,0,0,0
470473,1,1,0,0,0,0,0,0,0,0,0,0
470474,1,1,17,0,0,0,0,0,0,0,5,0
470475,1,1,0,0,0,0,0,0,0,0,0,0
470476,1,1,0,0,0,0,0,0,0,0,0,0
470476,2,1,0,0,0,0,0,0,0,0,0,0
470476,3,1,0,17,0,0,0,0,0,0,0,0
470476,4,1,0,0,0,0,0,12,0,0,0,0
470476,5,1,0,0,0,0,0,0,0,0,0,16
470477,1,1,29,0,9,0,0,0,0,0,0,0
470478,1,1,0,0,0,0,0,0,0,0,0,0
470479,1,1,0,0,0,0,0,0,0,0,0,0
470479,2,1,2,2,2,2,2,2,2,2,2,2
470480,0,1,0,7,0,0,0,30,12,0,0,0
470480,0,2,0,0,0,16,0,0,34,0,0,0
470480,0,3,13,0,0,0,19,0,0,0,0,0
470480,0,4,0,0,17,12,0,0,0,0,34,0
470480,1,1,0,0,32,0,6,0,0,0,29,8
470481,1,1,15,6,12,0,17,17,22,25,11,10
470481,2,1,7,0,0,0,0,0,0,12,0,0
470482,1,1,12,12,12,12,12,12,12,12,12,12
470483,1,1,20,20,20,20,20,20,20,20,20,20
470483,2,1,0,0,0,0,0,0,0,0,0,0
470483,3,1,0,0,0,0,0,0,0,0,0,0
470483,4,1,0,0,0,0,0,0,0,0,0,0
470484,1,1,0,0,0,0,0,0,0,0,0,0
470484,2,1,0,0,0,0,0,0,0,0,0,0
470486,1,1,0,0,0,0,0,0,0,0,0,0
470487,1,1,23,23,23,23,23,23,23,23,23,23
470488,1,1,19,19,19,19,19,19,19,19,19,19
470488,2,1,0,0,0,0,0,0,9,0,0,0
470488,3,1,0,0,0,0,0,0,0,0,0,0
470488,4,1,0,0,0,29,0,0,0,0,0,0
470488,5,1,0,0,0,0,0,0,0,0,0,0
470488,6,1,0,0,0,0,0,20,0,0,0,0
470489,1,1,25,0,0,0,0,0,0,0,0,0
470489,2,1,0,0,0,0,0,0,0,0,0,0
470490,1,1,0,0,0,0,0,0,0,0,0,0
470490,2,1,0,0,0,0,0,7,0,0,0,0
470491,0,1,0,0,0,0,0,20,0,0,0,0
470491,1,1,0,0,0,0,0,0,0,0,0,0
470492,1,1,0,0,26,0,0,0,0,0,0,0
470493,1,1,9,9,9,9,9,9,9,9,9,9
470494,1,1,0,0,0,0,0,0,0,0,0,0
470495,1,1,0,0,0,0,0,0,0,0,0,0
470495,2,1,0,0,0,0,0,0,0,0,0,0
470495,3,1,0,0,0,0,0,0,0,0,0,0
470496,0,1,0,0,0,0,0,0,0,0,0,0
470496,1,1,21,0,9,0,0,0,8,11,0,0
470497,0,1,33,33,33,33,33,33,33,33,33,33
470497,1,1,23,11,10,11,0,0,13,0,0,4
470497,2,1,18,0,0,7,18,13,17,0,14,12
470498,1,1,0,0,0,0,0,0,0,0,0,0
470499,1,1,0,0,0,0,0,0,0,0,0,0
470499,2,1,0,23,0,0,0,0,18,0,16,9
470500,1,1,21,0,0,0,0,0,0,0,0,0
470500,2,1,0,0,0,0,0,0,0,0,0,0
470501,1,1,0,0,0,0,0,0,0,0,0,0
470501,2,1,0,0,0,0,0,0,0,0,0,0
470502,1,1,13,13,13,13,13,13,13,13,13,13
470502,2,1,0,0,0,0,0,7,0,35,0,0
470503,1,1,3,3,3,3,3,3,3,3,3,3
470503,2,1,0,0,0,0,0,0,0,0,0,0
470504,1,1,0,0,0,0,0,0,0,0,0,0
470505,1,1,0,0,0,0,0,0,0,0,0,0
470507,0,1,0,0,12,27,0,0,0,0,0,0
470507,1,1,0,0,0,0,0,0,0,0,0,0
470508,1,1,0,0,0,0,0,12,0,0,0,0
470508,2,1,0,0,0,0,0,0,0,0,0,0
470509,1,1,0,0,0,0,0,0,0,0,0,0
470509,2,1,0,0,0,0,0,0,0,0,0,0
470511,1,1,0,0,0,0,0,0,0,0,0,0
470511,2,1,0,0,0,0,0,0,0,0,0,0
470512,0,1,0,0,0,0,0,0,0,0,0,0
470512,1,1,0,0,0,0,0,0,0,0,0,0
470513,1,1,0,0,0,0,0,0,0,0,0,0
470514,0,1,0,0,0,0,0,0,0,0,0,0
470514,1,1,0,0,0,0,0,0,0,0,0,0
470515,1,1,20,28,12,16,12,14,15,9,19,16
470516,1,1,0,0,0,0,0,0,28,0,0,0
470518,0,1,0,14,30,8,15,0,0,0,0,18
470518,1,1,8,8,8,8,8,8,8,8,8,8
470519,1,1,0,0,0,0,0,0,0,0,0,0
470519,2,1,0,0,0,0,0,0,0,0,0,0
470520,1,1,0,0,0,0,0,0,0,0,15,30
470520,2,1,0,0,0,0,0,0,0,0,0,0
470521,0,1,0,0,0,0,0,0,0,0,0,0
470521,1,1,0,0,0,0,0,8,10,8,0,0
470521,2,1,0,0,14,3,17,0,17,0,0,7
470521,3,1,0,0,0,0,0,0,0,0,0,0
470522,1,1,0,0,0,0,0,0,0,0,0,0
470523,1,1,0,0,0,0,0,0,0,0,0,0
470523,2,1,0,0,0,0,0,0,0,0,0,0
470524,1,1,0,0,0,0,0,0,0,0,0,0
470524,2,1,0,0,0,0,0,0,0,0,0,0
470525,1,1,0,0,0,0,0,0,0,0,0,0
470525,2,1,0,0,9,0,0,0,0,0,0,0
470526,1,1,21,21,8,0,13,0,0,14,0,15
470527,1,1,0,0,12,0,0,0,0,0,0,0
470528,1,1,0,0,0,0,0,0,0,0,0,0
470528,2,1,0,0,0,0,0,0,0,0,0,0
470529,1,1,0,0,18,8,0,0,0,0,0,0
470529,2,1,0,0,0,0,0,0,0,0,0,0
470530,1,1,16,16,16,16,16,16,16,16,16,16
470531,1,1,0,0,0,0,0,0,0,0,0,0
470531,2,1,5,5,5,5,5,5,5,5,5,5
470532,1,1,0,0,0,14,0,0,0,0,0,0
470533,1,1,11,11,11,11,11,11,11,11,11,11
470533,2,1,0,0,0,0,0,0,0,0,0,0
470533,3,1,0,0,0,0,0,0,0,0,0,0
470533,4,1,0,0,0,0,0,0,0,0,0,0
470534,1,1,0,0,0,0,0,0,0,0,0,0
470535,1,1,21,21,21,21,21,21,21,21,21,21
470535,2,1,0,0,0,0,0,0,0,0,0,0
470536,1,1,20,20,20,20,20,20,20,20,20,20
470537,1,1,0,0,0,0,0,0,0,0,0,0
470538,1,1,0,0,0,0,0,0,0,0,0,0
470539,1,1,17,17,17,17,17,17,17,17,17,17
470540,1,1,0,0,0,0,0,0,0,0,0,0
470541,1,1,12,12,12,12,12,12,12,12,12,12
470541,2,1,0,0,0,0,11,0,0,0,2,0
470541,3,1,0,0,0,0,0,22,22,0,17,0
470541,4,1,0,0,0,0,0,0,0,0,0,0
470541,5,1,0,0,0,0,0,0,0,0,0,0
470542,0,1,0,0,45,0,0,0,0,0,0,28
470542,1,1,0,0,0,0,0,0,0,0,0,34
470543,1,1,11,11,11,11,11,11,11,11,11,11
470543,2,1,0,0,0,0,0,0,0,0,0,0
470544,1,1,0,10,0,7,0,0,0,0,0,0
470544,2,1,0,0,0,0,0,0,0,0,0,0
470545,1,1,0,0,0,0,0,0,0,0,0,0
470545,2,1,0,0,0,14,0,0,0,0,0,0
470545,3,1,0,0,0,19,0,0,0,0,0,0
470545,4,1,0,0,0,0,0,0,0,0,0,0
470546,1,1,0,12,0,0,30,0,0,0,0,0
470546,2,1,0,0,0,0,0,0,0,0,0,0
470546,3,1,0,0,0,0,12,0,0,0,0,0
470546,4,1,11,0,0,0,0,0,0,0,0,0
470546,5,1,0,0,0,0,0,0,0,0,0,12
470547,1,1,8,8,8,8,8,8,8,8,8,8
470548,1,1,0,0,0,8,0,0,0,0,0,0
470549,1,1,24,0,0,0,17,33,43,0,0,15
470549,2,1,0,0,0,0,0,0,0,0,0,0
470550,1,1,0,0,0,0,0,0,0,0,0,0
470550,2,1,3,3,3,3,3,3,3,3,3,3
470551,1,1,0,0,0,0,0,9,0,0,0,0
470551,2,1,0,0,0,0,0,13,0,0,0,19
470552,1,1,0,0,0,0,0,0,23,0,16,0
470553,1,1,0,0,0,0,0,0,0,0,0,0
470553,2,1,0,14,5,7,0,0,12,0,0,0
470554,1,1,20,20,20,20,20,20,20,20,20,20
470555,1,1,14,14,14,14,14,14,14,14,14,14
470556,1,1,0,0,0,0,0,0,0,0,0,0
470556,2,1,8,8,8,8,8,8,8,8,8,8
470557,0,1,0,0,0,0,41,0,0,0,0,0
470557,1,1,0,19,17,0,7,0,11,27,5,0
470558,1,1,0,0,0,0,0,0,0,0,0,0
470559,1,1,0,0,0,0,0,0,0,0,0,0
470559,2,1,0,0,0,0,0,0,0,0,0,0
470560,1,1,11,11,11,11,11,11,11,11,11,11
470561,1,1,0,0,25,0,0,0,0,34,0,9
470561,2,1,9,0,0,0,0,0,11,0,30,0
470562,1,1,0,0,0,0,0,0,0,0,0,0
470562,2,1,0,0,0,0,0,0,11,0,3,0
470563,1,1,13,13,13,13,13,13,13,13,13,13
470564,1,1,20,15,22,12,35,16,20,18,16,3
470565,1,1,20,20,20,20,20,20,20,20,20,20
470566,1,1,23,23,23,23,23,23,23,23,23,23
470566,2,1,0,0,0,0,0,0,0,0,0,0
470567,1,1,0,0,0,0,0,0,0,0,0,0
470568,1,1,14,0,14,16,0,0,0,0,13,28
470568,2,1,0,0,18,0,0,0,0,0,0,0
470569,1,1,0,14,0,0,19,0,0,0,0,0
470569,2,1,0,0,0,0,0,0,0,0,0,0
470570,1,1,28,28,28,28,28,28,28,28,28,28
470570,2,1,0,0,0,0,8,0,0,0,0,0
470570,3,1,0,0,0,0,0,0,0,0,0,0
470571,1,1,0,0,0,0,0,0,0,0,28,0
470573,1,1,8,8,8,8,8,8,8,8,8,8
470574,1,1,0,0,0,0,0,0,0,0,0,0
470574,2,1,0,0,0,0,0,0,0,0,0,0
470575,0,1,0,0,0,0,0,0,0,0,0,0
470575,1,1,0,0,0,0,0,0,0,0,0,0
470576,1,1,0,0,0,0,0,0,0,0,0,0
470576,2,1,16,16,16,16,16,16,16,16,16,16
470577,1,1,33,0,0,0,19,14,0,0,0,0
470578,1,1,0,0,0,0,0,0,0,0,0,0
470579,1,1,0,0,19,0,0,0,0,0,20,0
470579,2,1,0,0,18,0,10,0,0,0,0,17
470580,0,1,0,0,0,0,0,0,0,0,0,0
470580,1,1,0,0,0,0,0,0,0,0,0,0
470581,1,1,0,0,13,0,0,31,0,0,0,0
470581,2,1,0,0,16,0,0,0,0,0,0,0
470582,1,1,0,0,0,0,0,0,0,0,0,0
470582,2,1,0,0,0,0,0,0,0,0,0,0
470583,1,1,0,0,0,0,0,0,0,0,0,0
470584,1,1,3,3,3,3,3,3,3,3,3,3
470585,1,1,0,0,0,0,0,0,0,0,0,0
470585,2,1,0,0,0,0,0,0,0,0,0,0
470588,1,1,15,15,15,15,15,15,15,15,15,15
470589,1,1,0,0,0,0,0,0,0,0,0,0
470589,2,1,20,20,20,20,20,20,20,20,20,20
470590,1,1,28,28,28,28,28,28,28,28,28,28
470590,2,1,0,8,6,11,7,27,0,0,11,0
470590,3,1,19,0,28,0,0,0,0,0,16,0
470591,1,1,0,0,0,0,0,0,0,19,0,0
470592,1,1,0,0,0,0,0,0,0,0,0,0
470593,1,1,0,16,0,0,0,17,0,0,0,0
470593,2,1,0,0,0,0,0,0,0,0,0,0
470594,1,1,0,0,0,0,0,0,0,0,0,0
470595,1,1,0,0,15,0,0,0,0,0,0,0
470596,1,1,13,0,0,0,0,18,0,15,0,0
470596,2,1,0,0,32,0,0,0,0,0,0,0
470596,3,1,0,19,0,0,18,0,0,0,4,0
470597,1,1,0,0,0,0,0,0,0,0,0,0
470597,2,1,0,0,0,0,0,0,0,0,0,0
470598,1,1,0,0,0,0,0,0,0,0,0,0
470599,0,1,15,15,15,15,15,15,15,15,15,15
470599,1,1,7,9,10,0,1,9,17,0,4,11
470599,2,1,0,0,8,0,24,0,0,0,0,0
470600,0,1,0,0,0,0,0,0,0,11,13,0
470600,1,1,0,0,0,0,0,0,0,0,0,0
470601,0,1,32,32,32,32,32,32,32,32,32,32
470601,1,1,9,0,0,13,20,18,0,10,26,0
470602,1,1,22,22,22,22,22,22,22,22,22,22
470602,2,1,0,0,0,0,0,0,0,0,0,0
470603,1,1,0,0,0,0,0,0,0,0,0,0
470603,2,1,0,0,21,0,0,0,0,0,0,0
470604,1,1,0,0,0,0,0,0,0,0,0,0
470604,2,1,0,0,0,0,0,0,0,5,0,0
470605,1,1,0,0,0,0,0,0,0,0,0,0
470605,2,1,3,3,3,3,3,3,3,3,3,3
470606,1,1,0,0,0,0,0,0,0,0,0,0
470606,2,1,0,0,0,0,0,0,0,0,0,0
470607,0,1,0,0,0,0,0,19,0,0,0,0
470607,1,1,0,0,0,0,0,0,0,0,0,0
470608,1,1,0,0,0,0,0,0,1,0,0,0
470609,1,1,0,0,0,0,0,0,0,0,0,0
470610,1,1,0,0,0,0,0,0,0,0,0,0
470611,1,1,0,0,0,0,0,0,0,0,0,0
470612,1,1,0,0,0,0,0,0,0,0,0,0
470612,2,1,0,0,0,0,0,0,0,0,0,0
470613,1,1,0,0,0,0,0,0,0,0,3,0
470613,2,1,0,0,0,0,0,0,0,0,0,0
470614,1,1,20,20,20,20,20,20,20,20,20,20
470615,1,1,0,0,0,0,0,0,0,0,0,0
470615,2,1,0,0,0,0,0,0,0,0,0,0
470616,1,1,0,0,0,0,0,0,0,0,0,0
470616,2,1,0,0,0,0,0,0,0,0,0,0
470617,1,1,0,0,0,0,0,0,0,0,0,0
470617,2,1,0,0,0,0,0,0,0,0,0,0
470618,1,1,18,18,18,18,18,18,18,18,18,18
470618,2,1,0,0,0,0,0,0,0,0,0,0
470619,1,1,30,0,0,0,0,0,0,11,0,0
470619,2,1,0,0,0,0,0,0,0,0,0,0
470620,0,1,0,0,0,0,0,0,0,0,0,0
470620,2,1,0,0,0,0,0,0,0,0,0,0
470620,3,1,0,0,0,0,0,5,0,0,0,0
470620,4,1,0,0,0,21,0,0,0,0,0,0
470621,1,1,0,0,0,0,0,0,0,0,0,0
470621,2,1,0,0,0,0,0,0,0,0,0,0
470621,3,1,0,0,0,0,0,0,0,0,0,0
470622,0,1,0,0,0,0,0,0,0,0,0,0
470622,1,1,0,0,0,0,16,0,0,0,0,0
470623,0,1,0,0,0,0,0,0,0,0,0,0
470623,1,1,0,0,0,0,0,0,0,0,0,0
470624,1,1,20,20,20,20,20,20,20,20,20,20
470625,1,1,19,17,0,12,17,0,16,28,24,19
470626,1,1,0,0,0,0,0,0,0,0,0,0
470626,2,1,0,0,0,0,0,0,0,0,0,0
470627,1,1,0,0,0,0,0,0,0,0,0,0
470627,2,1,0,0,0,0,0,0,0,0,0,0
470627,3,1,0,0,0,0,0,0,0,0,0,0
470628,1,1,0,0,0,29,0,0,24,0,20,7
470629,1,1,0,0,0,0,0,0,0,0,0,0
470630,1,1,0,0,0,0,10,6,0,29,0,35
470630,2,1,0,0,0,0,0,0,0,0,0,0
470631,0,1,19,11,0,0,0,19,0,0,8,23
470631,1,1,0,0,24,0,0,0,0,0,0,0
470632,1,1,0,0,0,0,0,0,0,0,0,0
470633,1,1,0,0,0,0,0,0,0,0,0,0
470633,2,1,0,0,0,0,0,0,0,0,0,0
470634,1,1,0,0,0,0,0,0,0,0,0,0
470635,1,1,0,0,0,0,0,0,0,0,0,0
470635,2,1,0,0,0,0,0,0,0,0,0,0
470636,1,1,0,0,0,0,0,0,0,0,0,0
470637,1,1,5,5,5,5,5,5,5,5,5,5
470637,2,1,0,0,21,0,0,14,0,0,0,0
470638,0,1,0,0,0,0,0,0,0,0,0,0
470638,1,1,0,16,0,15,11,0,0,27,12,0
470639,1,1,25,25,25,25,25,25,25,25,25,25
470640,0,1,15,0,0,0,0,0,0,0,0,0
470640,1,1,0,0,0,0,15,0,0,0,0,0
470641,1,1,0,0,0,0,0,0,0,0,0,0
470641,2,1,0,0,0,0,0,0,0,0,0,10
470641,3,1,0,0,0,0,0,0,0,0,0,0
470641,4,1,0,0,9,0,0,0,0,0,0,0
470642,0,1,27,27,27,27,27,27,27,27,27,27
470642,1,1,0,0,13,0,0,7,0,0,9,0
470643,1,1,0,0,0,0,0,0,0,0,0,19
470643,2,1,0,0,0,0,0,0,0,12,0,0
470645,1,1,0,0,26,0,0,0,0,0,0,0
470646,1,1,15,9,13,11,11,21,18,11,22,7
470647,1,1,0,0,0,0,0,0,0,0,0,10
470647,2,1,0,0,0,0,0,0,0,0,0,0
470647,3,1,0,0,0,0,0,0,0,0,0,0
470648,1,1,0,12,0,0,0,0,6,0,0,0
470649,1,1,0,0,0,0,0,0,0,0,0,0
470649,2,1,0,0,0,0,0,0,0,0,0,0
470649,3,1,0,0,0,0,0,0,0,0,0,0
470649,4,1,0,0,0,0,0,0,0,0,0,0
470650,1,1,0,0,0,0,14,0,15,16,0,0
470650,2,1,10,10,10,10,10,10,10,10,10,10
470651,1,1,0,0,0,0,0,0,0,0,0,0
470652,1,1,0,0,0,0,0,0,0,0,0,0
470652,2,1,0,0,0,0,0,0,0,0,0,0
470653,1,1,10,10,10,10,10,10,10,10,10,10
470653,2,1,9,9,9,9,9,9,9,9,9,9
470654,1,1,0,0,0,0,0,0,0,0,0,0
470654,2,1,0,0,0,0,0,0,0,0,0,20
470655,1,1,0,0,0,0,0,0,0,0,0,0
470655,2,1,0,0,0,0,0,0,0,0,0,0
470656,1,1,0,0,0,0,0,0,0,0,0,0
470657,0,1,0,5,0,0,0,0,0,0,0,0
470658,1,1,14,14,14,14,14,14,14,14,14,14
470658,2,1,0,0,0,0,0,0,0,0,13,0
470659,0,1,0,44,0,0,0,0,0,0,0,32
470659,1,1,16,16,16,16,16,16,16,16,16,16
470660,1,1,33,33,33,33,33,33,33,33,33,33
470661,0,1,0,0,0,0,0,0,0,0,0,0
470661,1,1,0,0,0,0,0,0,0,0,0,0
470662,1,1,18,18,18,18,18,18,18,18,18,18
470662,2,1,15,15,15,15,15,15,15,15,15,15
470663,1,1,0,0,0,0,0,0,0,0,0,0
470664,1,1,24,0,0,0,0,0,0,0,0,0
470665,1,1,0,0,0,0,0,0,0,0,0,0
470666,0,1,0,0,0,0,0,0,0,0,0,0
470666,1,1,0,0,0,0,0,0,0,0,0,15
470667,0,1,0,0,0,0,0,0,0,0,0,0
470667,1,1,0,0,0,0,0,0,0,24,0,0
470668,1,1,0,15,0,0,20,0,0,0,0,0
470668,2,1,0,0,0,0,0,0,12,0,0,0
470669,0,1,0,0,0,0,0,0,0,0,0,0
470669,1,1,0,0,0,0,15,0,8,14,0,0
470670,1,1,24,24,24,24,24,24,24,24,24,24
470670,2,1,8,8,8,8,8,8,8,8,8,8
470671,1,1,0,0,0,0,18,0,0,0,0,0
470671,2,1,0,0,0,0,0,0,0,0,0,0
470672,1,1,15,25,0,8,0,25,4,28,0,7
470672,2,1,26,0,17,0,0,0,0,18,0,0
470673,0,1,0,0,0,0,0,0,0,0,0,0
470673,1,1,0,0,0,0,0,0,0,0,0,0
470674,1,1,0,0,0,0,0,0,0,0,0,0
470674,2,1,0,16,0,0,0,0,0,0,0,16
470674,3,1,0,0,0,0,0,0,21,0,0,0
470674,4,1,0,0,0,0,0,0,0,0,0,0
470675,1,1,0,0,0,0,0,0,0,0,0,0
470675,2,1,23,0,0,0,0,0,0,0,0,0
470676,1,1,22,22,22,22,22,22,22,22,22,22
470678,1,1,28,15,0,0,0,0,28,0,0,0
470679,1,1,0,0,0,0,0,0,0,0,0,0
470679,2,1,0,0,0,0,0,0,0,0,0,0
470680,1,1,0,0,0,0,0,0,0,0,0,0
470680,2,1,0,0,0,0,0,0,0,12,0,0
470681,1,1,11,11,11,11,11,11,11,11,11,11
470681,2,1,0,0,0,0,0,0,0,0,0,0
470683,1,1,0,0,0,0,0,0,0,0,0,0
470684,1,1,14,14,14,14,14,14,14,14,14,14
470685,1,1,0,0,0,0,0,0,0,0,0,0
470685,2,1,19,0,0,6,0,0,0,0,23,0
470686,0,1,26,26,26,26,26,26,26,26,26,26
470686,1,1,0,0,0,0,0,0,0,0,0,12
470687,1,1,0,0,0,0,0,0,0,0,0,0
470688,1,1,0,0,0,0,0,0,0,0,0,0
470689,1,1,0,12,0,30,0,0,0,0,8,0
470689,2,1,0,0,0,0,0,0,0,0,0,0