ST_CASE,VEH_NO,PER_NO,P1,P2,P3,P4,P5,P6,P7,P8,P9,P10
470690,1,1,0,0,0,0,0,0,0,0,0,0
470690,2,1,0,0,0,0,0,0,0,0,0,0
470691,1,1,0,0,0,0,0,0,0,0,0,0
470692,1,1,22,22,22,22,22,22,22,22,22,22
470693,1,1,13,13,13,13,13,13,13,13,13,13
470694,1,1,0,0,9,0,0,0,19,0,0,0
470694,2,1,6,6,6,6,6,6,6,6,6,6
470695,1,1,0,0,0,0,0,0,0,0,0,0
470696,1,1,14,14,14,14,14,14,14,14,14,14
470697,0,1,17,17,17,17,17,17,17,17,17,17
470697,1,1,0,0,4,6,0,0,2,0,0,0
470698,1,1,0,0,0,0,0,0,0,0,0,0
470699,1,1,17,17,17,17,17,17,17,17,17,17
470699,2,1,0,0,0,19,0,0,0,0,0,0
470700,1,1,0,0,0,0,0,0,0,0,0,0
470701,1,1,0,0,0,0,0,0,0,0,0,0
470704,1,1,19,19,19,19,19,19,19,19,19,19
470705,1,1,0,28,0,6,0,6,0,3,19,0
470706,1,1,0,11,0,0,0,0,0,0,0,0
470706,2,1,0,0,0,0,0,0,0,0,0,0
470706,3,1,0,0,0,0,0,0,0,0,0,0
470707,1,1,9,9,9,9,9,9,9,9,9,9
470708,0,1,15,19,42,7,24,10,13,7,14,28
470708,0,2,4,4,4,4,4,4,4,4,4,4
470708,1,1,10,10,10,10,10,10,10,10,10,10
470709,1,1,0,0,0,0,0,0,0,0,0,0
470710,1,1,10,0,0,19,32,12,23,0,21,0
470711,0,1,0,0,0,0,0,0,0,0,0,0
470711,1,1,0,0,0,0,0,0,0,0,0,0
470712,1,1,0,0,0,0,0,0,0,0,0,0
470712,2,1,0,0,0,0,0,0,0,0,0,0
470713,1,1,0,0,0,0,0,0,0,0,0,0
470714,1,1,0,0,0,0,0,0,0,0,0,0
470714,2,1,21,21,21,21,21,21,21,21,21,21
470714,3,1,0,0,0,0,0,0,0,0,0,0
470715,1,1,0,0,0,0,0,0,0,0,0,0
470715,2,1,0,0,0,0,0,0,0,0,0,0
470716,1,1,8,8,8,8,8,8,8,8,8,8
470716,2,1,0,0,0,0,0,0,12,28,0,0
470717,1,1,0,0,0,0,0,0,0,0,0,0
470718,1,1,11,0,11,0,7,0,0,0,0,18
470719,1,1,0,0,0,0,0,0,0,0,0,0
470719,2,1,6,6,6,6,6,6,6,6,6,6
470720,1,1,0,0,0,0,0,0,0,0,0,0
470721,1,1,0,0,0,0,0,0,0,0,0,0
470721,2,1,0,0,0,0,0,0,0,0,0,0
470722,0,1,0,0,0,0,0,0,0,0,0,0
470722,0,2,40,0,28,0,0,0,0,0,0,0
470722,1,1,0,0,0,0,0,0,0,0,0,0
470723,1,1,0,0,0,0,0,0,0,0,0,0
470723,2,1,1,1,1,1,1,1,1,1,1,1
470724,1,1,23,23,23,23,23,23,23,23,23,23
470726,0,1,11,11,11,11,11,11,11,11,11,11
470726,1,1,0,10,7,0,0,6,8,6,26,0
470727,1,1,9,0,0,0,0,0,0,0,0,0
470727,2,1,0,0,0,0,0,0,0,0,0,0
470728,1,1,13,13,13,13,13,13,13,13,13,13
470729,1,1,24,24,24,24,24,24,24,24,24,24
470730,1,1,0,0,0,0,0,0,0,0,0,0
470730,2,1,0,0,0,0,0,0,0,0,0,0
470731,1,1,15,15,15,15,15,15,15,15,15,15
470732,0,1,0,0,0,0,0,0,0,0,0,0
470732,1,1,0,0,0,0,0,0,0,0,0,0
470733,1,1,0,0,0,0,0,0,0,0,0,0
470733,2,1,0,0,0,0,0,0,0,0,0,0
470734,1,1,0,0,0,0,0,0,0,0,0,0
470734,2,1,0,0,0,0,0,0,0,0,0,0
470735,0,1,0,0,0,0,0,0,0,0,0,0
470735,1,1,0,0,0,0,0,0,0,0,0,0
470736,1,1,0,0,0,0,0,0,0,0,0,0
470736,2,1,0,0,0,0,0,0,0,0,0,0
470737,1,1,17,17,17,17,17,17,17,17,17,17
470739,0,1,0,0,0,0,0,0,0,0,0,0
470739,1,1,0,0,0,0,30,14,6,12,18,27
470740,1,1,0,0,0,0,0,0,0,0,0,0
470741,1,1,0,0,0,0,0,0,0,0,0,0
470741,2,1,0,0,0,0,0,0,0,0,0,0
470742,1,1,0,0,0,0,0,0,0,0,0,0
470743,1,1,0,0,0,0,0,0,0,0,0,0
470743,2,1,0,0,0,0,0,0,0,6,0,0
470744,1,1,6,6,6,6,6,6,6,6,6,6
470745,1,1,20,20,20,20,20,20,20,20,20,20
470746,0,1,13,13,13,13,13,13,13,13,13,13
470746,1,1,0,0,0,0,0,0,0,0,0,0
470747,0,1,3,3,3,3,3,3,3,3,3,3
470747,1,1,0,0,0,0,0,0,0,0,0,0
470748,1,1,1,1,1,1,1,1,1,1,1,1
470749,1,1,0,0,0,0,0,0,0,0,0,0
470749,2,1,0,0,0,0,0,0,0,0,0,0
470750,1,1,0,0,0,0,0,0,0,0,0,0
470750,2,1,0,21,0,0,0,0,0,0,0,0
470750,3,1,0,0,0,0,0,0,0,0,0,0
470751,1,1,0,0,0,0,0,0,0,0,0,0
470751,2,1,0,0,0,0,0,0,0,0,0,0
470751,3,1,0,0,0,0,0,0,0,0,0,0
470752,0,1,0,0,0,11,0,0,0,0,0,0
470752,1,1,0,0,0,0,0,0,0,0,0,0
470753,1,1,6,6,6,6,6,6,6,6,6,6
470754,1,1,0,0,0,0,0,0,0,0,0,0
470754,2,1,0,0,0,0,0,0,0,0,0,0
470755,1,1,0,0,0,0,0,0,0,0,0,0
470755,2,1,0,0,0,0,0,0,0,23,0,0
470755,3,1,0,0,0,0,0,0,0,0,0,0
470756,0,1,0,0,0,0,0,0,0,0,0,0
470756,1,1,0,0,0,0,0,0,0,0,0,0
470757,1,1,0,0,0,0,0,0,0,0,0,9
470757,2,1,0,0,0,14,28,0,0,0,0,0
470758,1,1,0,0,0,0,0,0,0,0,0,1
470758,2,1,0,0,29,0,0,0,0,24,0,0
470759,1,1,26,18,8,20,0,20,14,0,19,25
470760,1,1,0,0,9,0,0,0,0,0,0,0
470760,2,1,0,0,0,0,0,0,0,0,0,0
470761,1,1,0,0,0,0,0,0,0,0,0,0
470761,2,1,0,7,0,0,0,0,0,0,0,0
470762,1,1,0,0,0,0,0,0,0,0,0,0
470763,0,1,11,13,0,0,0,26,0,17,25,0
470763,1,1,0,0,0,0,0,0,0,0,0,0
470764,1,1,18,18,18,18,18,18,18,18,18,18
470764,2,1,0,0,0,0,0,0,0,0,0,0
470764,3,1,10,0,15,0,0,0,0,0,0,0
470765,1,1,0,0,0,0,0,0,0,0,0,0
470765,2,1,0,0,0,0,0,0,0,0,0,0
470766,1,1,0,0,0,0,0,0,0,0,0,0
470767,1,1,0,0,0,0,0,0,0,0,0,0
470768,0,1,0,0,0,0,0,0,0,0,0,0
470768,1,1,15,8,23,12,16,0,4,0,1,36
470768,2,1,0,0,0,0,15,0,0,0,0,0
470769,1,1,0,0,0,0,0,0,0,0,0,0
470770,0,1,0,0,0,0,0,0,0,0,0,0
470770,1,1,0,0,0,0,0,0,0,8,0,0
470771,1,1,24,24,24,24,24,24,24,24,24,24
470771,2,1,0,0,0,0,0,0,0,0,0,0
470772,1,1,0,0,0,0,0,0,0,0,0,0
470773,1,1,0,0,0,0,0,0,0,0,0,0
470773,2,1,0,0,0,0,0,0,0,0,0,0
470774,0,1,0,0,0,19,0,0,0,0,0,0
470774,1,1,0,0,0,0,0,0,0,0,0,0
470774,2,1,0,0,0,0,0,0,0,0,0,0
470775,1,1,0,0,0,0,0,0,0,0,0,0
470775,2,1,0,0,0,0,0,0,0,0,0,0
470775,3,1,0,0,0,0,0,0,0,0,0,0
470775,4,1,0,0,0,0,0,0,0,0,0,0
470776,1,1,23,23,23,23,23,23,23,23,23,23
470777,1,1,0,0,0,0,0,0,0,0,0,0
470778,1,1,0,0,0,0,0,0,0,0,0,0
470778,2,1,0,0,0,0,0,0,0,0,0,0
470778,3,1,0,0,0,25,0,0,0,0,0,0
470780,1,1,14,14,14,14,14,14,14,14,14,14
470781,0,1,39,0,9,42,0,25,8,0,0,0
470781,1,1,0,0,0,0,0,0,0,0,0,0
470782,0,1,22,22,22,22,22,22,22,22,22,22
470782,1,1,0,0,0,0,0,0,0,0,0,0
470783,1,1,3,3,3,3,3,3,3,3,3,3
470783,2,1,5,5,5,5,5,5,5,5,5,5
470784,1,1,0,0,0,0,0,0,0,0,0,0
470784,2,1,14,14,14,14,14,14,14,14,14,14
470785,1,1,14,14,14,14,14,14,14,14,14,14
470786,1,1,0,0,0,0,0,0,0,0,0,0
470787,1,1,0,0,0,0,0,0,0,0,0,0
470787,2,1,0,0,0,0,0,0,0,0,0,0
470788,1,1,9,0,0,9,0,36,0,15,0,23
470789,1,1,0,0,0,0,0,0,0,0,0,0
470789,2,1,0,0,0,0,0,0,0,0,0,0
470789,3,1,0,0,0,0,0,0,0,0,0,0
470791,0,1,0,0,0,0,0,0,0,0,0,0
470791,1,1,9,0,0,0,0,0,0,0,0,0
470792,1,1,0,0,0,0,0,0,0,12,0,0
470793,1,1,0,0,0,0,0,0,0,0,0,0
470793,2,1,0,0,0,0,0,0,0,0,0,0
470794,1,1,0,17,0,0,0,0,0,0,0,0
470795,1,1,16,16,16,16,16,16,16,16,16,16
470796,1,1,19,19,19,19,19,19,19,19,19,19
470797,1,1,0,0,0,0,0,0,0,0,0,0
470797,2,1,0,0,0,0,0,0,0,0,0,0
470798,1,1,0,0,0,0,0,0,0,0,0,0
470798,2,1,0,0,0,0,0,0,0,0,0,0
470798,3,1,0,0,0,0,0,0,0,0,0,0
470799,1,1,18,14,8,17,25,12,0,17,12,5
470800,1,1,0,0,0,0,0,0,0,0,0,0
470800,2,1,0,0,0,0,0,0,0,17,0,0
470800,3,1,0,0,0,0,0,0,0,0,0,0
470801,1,1,0,0,0,0,0,0,0,0,0,0
470801,2,1,0,0,0,0,0,0,0,0,0,0
470802,1,1,0,0,0,0,0,0,0,0,0,0
470802,2,1,0,0,0,0,0,0,0,0,0,0
470803,0,1,0,0,0,0,0,12,0,0,0,0
470803,1,1,0,0,0,0,0,0,0,7,0,0
470804,1,1,0,0,0,0,0,0,0,0,0,0
470804,2,1,0,0,0,0,0,0,0,0,0,0
470805,0,1,0,0,0,0,0,0,0,0,0,0
470805,1,1,0,0,0,0,0,0,0,0,0,0
470806,1,1,0,0,0,0,0,0,0,0,0,0
470807,1,1,0,0,0,0,0,0,0,0,0,0
470808,0,1,0,0,0,0,0,0,0,0,0,0
470808,2,1,0,0,0,0,0,0,0,0,15,0
470809,1,1,0,0,0,0,0,0,0,0,0,0
470810,1,1,0,0,0,0,0,0,0,0,0,0
470810,2,1,0,0,0,0,0,0,0,0,0,0
470811,1,1,0,0,0,0,0,0,0,0,0,0
470811,2,1,0,0,0,0,0,0,0,0,0,0
470812,1,1,4,4,4,4,4,4,4,4,4,4
470812,2,1,0,0,0,0,0,0,0,0,0,0
470813,0,1,12,12,12,12,12,12,12,12,12,12
470813,1,1,0,0,0,0,0,0,0,0,0,0
470814,1,1,16,0,0,0,14,15,0,11,0,7
470815,1,1,0,0,0,0,0,0,0,0,0,0
470815,2,1,0,0,0,0,0,0,0,0,0,0
470816,1,1,0,0,0,0,0,0,0,0,0,0
470817,1,1,8,8,8,8,8,8,8,8,8,8
470818,1,1,0,0,0,0,0,0,0,0,0,0
470819,1,1,0,0,0,0,34,31,0,0,0,0
470820,1,1,17,17,17,17,17,17,17,17,17,17
470820,2,1,0,0,0,0,0,0,0,0,0,0
470821,0,1,20,20,20,20,20,20,20,20,20,20
470821,1,1,17,9,0,0,2,0,0,14,0,10
470822,0,1,0,0,0,0,0,0,0,0,0,0
470822,1,1,0,0,0,0,0,0,0,0,0,0
470823,1,1,0,0,0,0,0,0,0,0,2,0
470823,2,1,0,0,0,0,0,0,0,5,0,0
470824,1,1,0,0,0,0,0,0,0,0,0,0
470824,2,1,0,0,0,0,0,0,0,0,0,0
470825,1,1,0,0,0,0,0,0,0,0,0,0
470825,2,1,0,0,0,0,0,0,0,0,0,0
470826,0,1,0,17,0,0,0,0,8,0,0,0
470826,1,1,0,0,0,0,0,0,0,0,0,0
470827,1,1,22,0,5,11,0,0,0,23,0,0
470828,1,1,0,0,0,0,0,0,0,0,0,0
470828,2,1,0,0,0,0,0,0,0,0,0,0
470829,0,1,0,0,0,0,0,0,0,0,0,0
470829,1,1,0,0,0,0,0,0,0,0,0,0
470830,1,1,1,1,1,1,1,1,1,1,1,1
470830,2,1,0,0,0,0,0,0,0,0,0,0
470831,0,1,23,23,23,23,23,23,23,23,23,23
470831,1,1,0,0,0,0,0,0,9,0,0,0
470832,1,1,0,0,0,0,0,0,0,0,0,0
470832,2,1,0,0,0,0,0,0,0,0,0,0
470833,1,1,17,17,17,17,17,17,17,17,17,17
470834,1,1,2,0,0,0,0,0,0,0,0,0
470834,2,1,0,0,0,0,0,0,0,0,0,0
470834,3,1,0,0,0,0,0,0,0,0,0,0
470835,0,1,0,14,0,0,0,0,0,14,14,0
470835,1,1,0,0,0,0,5,10,0,0,3,15
470836,1,1,0,0,0,0,0,0,0,0,0,0
470836,2,1,0,0,0,0,0,0,0,0,0,0
470837,1,1,0,0,0,0,0,0,0,0,0,0
470838,1,1,0,0,0,0,0,0,0,0,0,0
470838,2,1,0,0,0,0,0,0,0,0,0,0
470838,3,1,0,0,0,0,0,0,0,0,0,0
470839,1,1,11,11,11,11,11,11,11,11,11,11
470840,0,1,27,27,27,27,27,27,27,27,27,27
470840,1,1,0,7,0,0,0,0,0,0,0,0
470840,2,1,0,8,0,0,0,0,0,0,0,0
470841,1,1,0,0,0,0,0,0,0,0,0,0
470841,2,1,0,0,0,0,0,0,0,0,18,0
470841,3,1,0,0,0,0,0,0,0,0,0,0
470841,4,1,0,0,0,0,0,0,0,0,0,0
470842,1,1,0,0,0,0,0,0,0,0,0,0
470843,1,1,0,0,0,0,0,0,0,0,0,0
470844,1,1,0,4,0,20,0,0,8,0,24,0
470844,2,1,2,2,2,2,2,2,2,2,2,2
470845,1,1,9,9,9,9,9,9,9,9,9,9
470845,2,1,0,0,0,0,0,0,0,0,0,0
470846,1,1,0,0,0,0,0,0,0,0,0,0
470846,2,1,0,0,0,0,0,0,0,0,0,0
470847,1,1,0,0,0,0,0,0,0,0,0,0
470847,2,1,0,0,0,0,0,0,0,0,0,0
470848,1,1,0,0,0,0,0,0,0,0,0,0
470848,2,1,0,0,0,0,0,0,0,0,0,0
470849,1,1,0,0,0,0,0,0,0,0,0,0
470849,2,1,0,0,0,0,0,0,0,0,0,0
470850,1,1,14,14,14,14,14,14,14,14,14,14
470850,2,1,9,9,9,9,9,9,9,9,9,9
470851,0,1,0,0,23,0,0,0,0,0,9,0
470851,0,2,0,0,0,0,0,0,0,0,0,0
470851,1,1,0,0,0,0,0,0,0,0,0,0
470851,2,1,0,0,0,0,0,0,0,0,0,0
470852,1,1,0,0,0,0,0,0,0,0,16,0
470852,2,1,0,0,0,0,0,0,0,0,0,0
470853,1,1,22,22,22,22,22,22,22,22,22,22
470854,1,1,0,0,0,0,0,0,0,0,0,0
470854,2,1,0,0,0,0,0,0,0,0,0,0
470855,1,1,0,0,0,0,0,0,0,0,0,0
470855,2,1,0,0,0,0,0,0,0,0,0,0
470855,3,1,0,0,0,0,0,0,0,0,0,0
470855,4,1,0,0,22,0,0,0,0,0,0,0
470856,1,1,0,0,0,0,0,0,0,0,0,0
470856,2,1,0,0,0,0,0,0,0,0,0,0
470857,1,1,0,0,0,0,0,0,0,0,0,0
470857,2,1,0,0,0,0,0,0,0,0,0,0
470858,1,1,0,0,13,0,0,11,0,19,0,0
470858,2,1,0,0,0,17,0,17,0,0,0,0
470859,1,1,4,4,4,4,4,4,4,4,4,4
470860,1,1,0,0,0,0,0,0,0,0,0,0
470860,2,1,0,0,0,0,0,19,0,0,0,0
470861,1,1,0,0,0,0,0,0,0,0,0,0
470861,2,1,0,0,0,0,0,0,0,0,0,0
470862,1,1,0,0,0,0,0,0,0,0,0,0
470862,2,1,0,0,0,0,0,21,0,0,0,0
470863,0,1,0,0,0,0,0,0,0,0,0,0
470863,1,1,0,0,0,0,0,0,0,0,0,0
470864,0,1,0,0,0,0,0,0,0,0,0,0
470864,1,1,0,0,0,0,0,0,0,0,0,0
470865,1,1,0,0,0,0,0,0,0,0,0,0
470866,0,1,24,16,22,15,10,24,23,16,26,10
470866,1,1,0,0,27,0,7,28,17,22,0,10
470867,0,1,0,0,0,0,0,0,0,0,0,0
470867,1,1,0,0,0,0,0,0,0,0,0,0
470868,1,1,0,0,0,0,0,0,0,0,0,0
470869,1,1,0,0,0,0,0,0,0,0,0,0
470870,0,1,0,0,0,0,0,0,0,0,0,0
470870,1,1,0,0,0,0,0,0,0,0,0,0
470871,1,1,0,0,5,0,0,10,0,0,0,16
470871,2,1,0,0,0,0,0,0,0,24,0,0
470872,1,1,12,12,12,12,12,12,12,12,12,12
470873,0,1,0,0,0,0,0,0,0,0,0,0
470873,1,1,0,0,0,0,0,0,0,0,0,0
470874,0,1,26,26,26,26,26,26,26,26,26,26
470874,1,1,0,0,8,0,0,17,0,0,0,13
470875,1,1,0,0,0,0,0,0,0,0,21,0
470875,2,1,0,0,0,0,0,0,0,0,0,0
470876,1,1,0,0,0,0,0,0,0,0,0,0
470876,2,1,0,0,0,0,0,0,0,0,0,0
470877,2,1,8,8,8,8,8,8,8,8,8,8
470878,1,1,0,23,13,0,0,22,0,15,0,0
470879,1,1,11,11,11,11,11,11,11,11,11,11
470880,1,1,9,0,0,0,0,16,25,0,0,0
470880,2,1,0,0,0,0,0,0,0,0,0,0
470881,1,1,0,0,0,11,0,0,14,0,0,0
470882,0,1,0,0,0,0,0,0,0,0,0,0
470882,1,1,0,0,0,0,0,0,0,0,0,0
470883,0,1,0,0,0,0,0,0,0,0,0,0
470883,1,1,0,0,0,0,0,0,0,0,0,0
470884,1,1,0,0,0,0,0,0,0,0,0,0
470884,2,1,0,0,0,0,0,0,0,0,0,0
470884,3,1,0,0,0,0,0,0,0,0,0,0
470884,4,1,0,0,0,0,0,0,0,0,0,0
470885,0,1,32,32,32,32,32,32,32,32,32,32
470885,1,1,0,17,0,0,0,10,0,0,0,0
470886,1,1,0,0,0,0,0,0,0,0,0,0
470886,2,1,1,1,1,1,1,1,1,1,1,1
470887,1,1,0,0,0,0,0,0,0,0,0,0
470888,0,1,0,0,0,0,0,0,36,0,27,14
470888,1,1,0,0,16,11,11,0,0,0,0,0
470889,1,1,0,0,0,0,0,0,0,0,0,0
470889,2,1,0,0,0,0,0,0,0,0,0,0
470890,1,1,8,8,8,8,8,8,8,8,8,8
470891,1,1,17,17,17,17,17,17,17,17,17,17
470892,0,1,20,20,20,20,20,20,20,20,20,20
470892,1,1,0,0,0,11,0,12,0,0,13,0
470893,1,1,0,0,0,0,0,0,0,0,0,0
470893,2,1,0,0,0,0,0,0,0,0,0,0
470894,0,1,0,0,0,0,0,0,0,0,0,0
470894,0,2,0,0,0,0,0,0,0,0,0,0
470894,1,1,33,33,33,33,33,33,33,33,33,33
470895,1,1,0,0,0,0,0,0,0,0,0,0
470896,1,1,0,0,0,0,0,0,0,0,0,0
470897,1,1,0,0,0,0,0,0,0,0,0,0
470898,1,1,0,0,0,0,0,0,0,0,0,0
470898,2,1,0,0,0,0,0,0,0,0,0,0
470898,3,1,0,0,0,0,0,0,0,0,0,0
470899,1,1,0,0,0,0,0,0,0,0,0,0
470899,2,1,0,0,0,0,0,0,0,0,0,0
470900,1,1,0,0,0,0,0,0,0,0,0,0
470900,2,1,0,0,0,0,0,0,0,0,0,0
470901,0,1,0,0,0,0,0,0,0,0,0,0
470901,1,1,0,0,0,0,0,0,0,0,0,0
470903,1,1,19,19,19,19,19,19,19,19,19,19
470903,2,1,0,0,0,0,0,0,3,0,0,0
470904,1,1,14,14,14,14,14,14,14,14,14,14
470905,1,1,12,12,12,12,12,12,12,12,12,12
470905,2,1,0,0,0,0,0,0,0,0,0,0
470906,0,1,0,0,0,0,0,23,1,14,0,12
470906,1,1,0,0,17,0,0,0,0,0,0,0
470906,2,1,0,0,0,0,0,0,0,0,0,0
470907,1,1,0,0,0,0,0,0,0,0,0,0
470908,1,1,0,0,0,0,0,0,0,0,0,0
470908,2,1,0,0,0,0,0,0,0,0,0,0
470909,1,1,0,0,0,0,0,0,0,0,0,0
470910,1,1,0,0,0,0,0,0,0,0,0,0
470911,0,1,22,17,34,0,0,0,0,0,10,7
470911,1,1,0,0,0,0,0,0,0,0,0,0
470912,0,1,0,0,0,0,0,0,0,0,0,0
470912,1,1,0,0,0,0,0,0,0,0,0,0
470913,1,1,0,0,0,0,0,0,0,0,0,0
470913,2,1,0,0,0,0,0,0,0,0,0,0
470914,0,1,0,0,0,0,0,0,0,0,0,0
470914,1,1,0,0,0,0,0,0,0,0,0,0
470915,1,1,0,0,0,0,0,0,0,0,0,0
470915,2,1,0,0,0,0,0,0,0,0,0,0
470916,0,1,0,0,0,0,0,0,0,0,0,0
470916,1,1,0,0,0,0,0,0,0,0,0,0
470917,1,1,0,0,0,0,0,0,0,0,0,0
470917,2,1,0,0,0,0,0,0,0,0,0,0
470917,3,1,8,0,0,0,0,0,0,0,5,0
470918,1,1,0,0,0,0,0,0,0,0,0,0
470918,2,1,0,0,0,0,0,0,0,0,0,0
470918,3,1,0,0,0,0,10,0,0,0,0,0
470919,1,1,0,0,0,0,0,0,0,0,0,0
470920,1,1,0,0,0,0,0,0,0,0,0,0
470921,1,1,0,0,0,0,0,0,0,0,0,0
470921,2,1,18,0,0,0,0,0,0,0,0,0
470921,3,1,0,0,0,0,0,0,0,0,0,0
470922,1,1,20,14,16,0,0,0,0,0,8,0
470923,1,1,0,0,0,0,0,0,0,0,0,0
470923,2,1,0,0,0,0,0,12,0,0,0,0
470924,1,1,1,1,1,1,1,1,1,1,1,1
470925,1,1,0,0,0,0,0,0,0,0,0,0
470925,2,1,0,0,0,0,0,0,0,0,0,0
470926,1,1,14,14,14,14,14,14,14,14,14,14
470926,2,1,0,0,0,0,0,0,0,0,0,0
470927,1,1,3,3,3,3,3,3,3,3,3,3
470928,1,1,0,0,0,0,0,0,0,0,0,0
470928,2,1,0,0,0,0,0,0,0,0,0,0
470929,1,1,8,8,8,8,8,8,8,8,8,8
470929,2,1,0,0,0,0,0,0,0,0,0,0
470930,1,1,0,0,0,0,0,0,0,0,0,0
470931,1,1,0,0,0,0,0,0,0,0,0,0
470931,2,1,0,0,0,0,0,0,0,0,0,0
470932,0,1,24,24,24,24,24,24,24,24,24,24
470932,1,1,18,14,0,13,22,13,17,0,0,14
470933,1,1,0,0,0,0,0,0,0,0,0,0
470934,1,1,0,0,0,0,0,0,0,0,0,0
470935,1,1,0,0,0,0,0,0,0,0,0,0
470935,2,1,0,0,0,0,0,0,0,0,0,0
470935,3,1,0,0,0,0,0,0,0,0,0,0
470936,1,1,0,0,0,0,0,0,0,0,0,0
470936,2,1,0,0,0,0,0,0,0,0,0,0
470936,3,1,0,0,0,0,0,0,0,0,0,0
470937,0,1,0,0,0,0,0,0,0,0,0,0
470937,1,1,0,0,17,0,0,0,0,0,0,0
470938,1,1,33,33,33,33,33,33,33,33,33,33
470938,2,1,0,0,0,0,0,0,0,0,0,0
470939,0,1,0,0,0,0,0,0,19,0,0,0
470939,1,1,18,0,14,0,10,0,22,0,0,0
470940,1,1,26,15,0,0,0,0,0,0,0,0
470941,1,1,13,13,13,13,13,13,13,13,13,13
470942,1,1,8,8,8,8,8,8,8,8,8,8
470943,1,1,0,0,0,25,0,0,0,0,0,0
470943,2,1,0,0,0,0,0,0,0,0,0,7
470944,0,1,0,0,0,0,0,0,0,0,0,0
470944,1,1,0,0,13,0,0,18,5,12,23,15
470945,1,1,0,0,0,0,0,0,0,0,0,0
470946,1,1,0,0,0,0,0,0,0,0,0,0
470946,2,1,0,0,0,0,0,0,0,0,0,0
470947,1,1,0,12,0,0,0,0,0,0,0,0
470948,1,1,0,0,0,0,0,0,0,0,0,0
470948,2,1,0,0,0,0,0,0,0,0,0,0
470949,0,1,32,32,32,32,32,32,32,32,32,32
470949,1,1,0,0,0,0,0,0,0,0,0,0
470950,1,1,12,0,0,0,9,16,5,27,0,16
470951,1,1,0,0,0,0,0,0,0,0,0,0
470951,2,1,14,0,0,0,0,0,0,0,0,0
470952,1,1,0,0,0,0,0,0,0,0,0,0
470953,1,1,0,0,0,0,0,0,0,0,0,0
470954,1,1,0,0,0,0,0,19,0,0,0,0
470955,1,1,0,0,0,0,0,0,0,0,0,0
470955,2,1,0,0,0,0,0,0,0,0,0,0
470956,1,1,0,0,0,0,0,0,0,0,0,0
470957,0,1,0,0,0,0,0,0,0,0,0,0
470957,1,1,28,7,13,9,8,11,0,0,0,0
470958,1,1,18,19,0,23,0,0,0,16,17,0
470959,1,1,0,0,0,0,0,0,0,0,0,0
470959,2,1,0,0,0,0,0,0,0,0,0,0
470960,1,1,13,13,13,13,13,13,13,13,13,13
470961,1,1,0,0,0,0,0,0,0,0,0,0
470961,2,1,0,0,0,0,0,0,0,0,0,0
470962,1,1,22,18,0,16,17,18,24,19,27,25
470963,0,1,0,0,0,0,0,0,0,0,0,0
470963,1,1,15,5,33,0,15,0,0,5,0,0
470965,1,1,0,0,0,0,0,0,0,0,0,0
470965,2,1,0,0,0,9,0,0,0,0,0,0
470966,1,1,0,0,0,0,0,12,0,0,0,0
470966,2,1,0,0,0,0,0,0,0,0,0,0
470966,3,1,0,0,0,0,0,0,0,0,0,0
470967,1,1,0,0,0,0,0,0,0,0,0,0
470967,2,1,0,0,0,0,0,0,0,0,0,0
470968,1,1,0,0,0,7,0,0,0,0,14,0
470968,2,1,0,0,0,0,22,0,0,0,0,38
470968,3,1,0,0,0,0,0,0,22,0,0,0
470968,4,1,0,0,0,0,0,0,0,0,0,0
470969,1,1,0,0,0,0,0,0,0,0,0,0
470970,1,1,26,26,26,26,26,26,26,26,26,26
470971,1,1,24,24,24,24,24,24,24,24,24,24
470972,1,1,0,0,0,0,0,0,0,0,27,0
470972,2,1,0,0,0,0,0,0,0,0,0,0
470973,1,1,0,0,0,0,0,0,0,0,0,0
470974,1,1,1,1,1,1,1,1,1,1,1,1
470974,2,1,0,0,0,0,0,0,0,0,0,0
470975,1,1,0,0,0,0,0,0,0,0,0,0
470975,2,1,0,0,0,19,0,0,0,0,16,0
470976,0,1,11,11,11,11,11,11,11,11,11,11
470976,1,1,5,0,0,0,12,0,8,0,0,10
470977,1,1,0,0,0,0,0,29,0,0,0,0
470978,1,1,0,0,0,0,0,0,0,0,0,0
470979,1,1,14,3,0,0,0,0,0,0,0,0
470979,2,1,0,0,0,0,0,0,0,0,0,9
470980,1,1,0,0,0,0,0,0,0,0,0,0
470980,2,1,0,0,0,0,0,0,0,0,12,0
470981,0,1,28,28,28,28,28,28,28,28,28,28
470981,1,1,0,0,0,0,0,0,0,0,0,0
470982,1,1,23,32,4,9,12,17,21,13,25,23
470983,1,1,0,0,0,0,0,0,0,0,0,0
470983,2,1,9,11,27,24,4,4,11,20,13,17
470984,0,1,0,23,0,0,0,0,0,0,0,0
470984,1,1,0,0,0,0,0,0,0,0,0,0
470985,1,1,0,0,0,0,0,0,0,0,0,0
470985,2,1,0,0,0,0,0,0,0,0,0,0
470986,1,1,19,0,0,0,38,0,17,0,27,0
470987,0,1,0,0,0,0,0,0,0,0,0,0
470987,1,1,0,0,0,0,0,0,0,0,0,0
470988,0,1,0,0,0,0,0,0,0,0,0,0
470988,1,1,9,0,0,0,0,0,0,0,0,0
470989,1,1,0,0,0,0,0,0,0,0,0,0
470989,2,1,0,0,0,0,0,0,0,0,0,0
470990,0,1,17,17,17,17,17,17,17,17,17,17
470990,1,1,18,0,4,14,0,4,0,0,0,21
470991,1,1,0,0,0,0,0,0,0,0,10,0