ST_CASE,VEH_NO,PER_NO,P1,P2,P3,P4,P5,P6,P7,P8,P9,P10
470991,2,1,0,0,0,0,0,0,0,0,0,0
470992,1,1,0,0,0,0,0,0,0,0,0,0
470992,2,1,0,0,0,0,0,0,0,17,0,0
470993,1,1,0,0,0,0,0,0,0,0,0,0
470993,2,1,0,0,0,0,0,0,0,0,0,0
470994,1,1,0,0,0,0,0,0,0,0,0,0
470995,1,1,0,0,0,0,0,0,0,0,0,0
470995,2,1,0,0,0,0,0,0,0,0,0,0
470996,1,1,0,0,0,0,0,0,0,0,0,0
470996,2,1,0,0,0,0,0,0,0,0,0,0
470996,3,1,0,0,0,0,0,0,0,0,0,0
470996,4,1,0,0,0,0,0,0,0,0,0,0
470996,5,1,0,0,0,0,0,0,0,0,0,0
470997,1,1,0,0,0,0,0,0,0,0,0,0
470997,2,1,0,0,0,0,0,0,0,0,0,0
470998,1,1,0,0,0,0,0,0,0,0,0,0
470998,2,1,0,0,0,0,0,0,0,0,0,0
470999,1,1,0,0,0,0,0,0,0,0,0,0
471000,1,1,0,0,0,0,0,0,0,0,0,0
471001,1,1,0,0,0,0,0,0,0,0,0,0
471001,2,1,0,0,0,0,0,0,0,0,0,0
471002,1,1,1,1,1,1,1,1,1,1,1,1
471002,2,1,0,4,0,0,9,0,24,0,8,0
471003,1,1,34,0,0,0,0,0,0,0,34,0
471003,2,1,33,9,0,0,0,0,0,0,0,0
471004,1,1,0,0,0,0,0,0,0,0,0,0
471005,1,1,0,0,0,0,0,0,0,0,0,0
471005,2,1,0,0,0,0,0,0,0,0,0,0
471006,1,1,0,0,0,0,0,0,0,0,0,0
471007,1,1,0,0,0,0,0,0,0,0,0,0
471007,2,1,0,0,0,0,0,0,0,0,0,0
471008,1,1,0,17,0,14,0,0,0,0,0,0
471009,1,1,7,7,7,7,7,7,7,7,7,7
471010,0,1,0,0,0,0,0,0,0,0,0,0
471010,1,1,0,0,0,0,0,0,0,0,0,0
471011,1,1,0,0,0,0,0,0,0,0,0,0
471012,0,1,4,0,13,18,29,9,14,5,0,0
471012,1,1,8,22,0,12,8,6,0,19,8,3
471013,1,1,4,12,21,5,19,20,0,16,9,25
471014,1,1,0,0,0,0,0,0,0,0,0,0
471014,2,1,0,0,0,18,0,0,0,0,0,0
471014,3,1,0,0,0,0,0,0,0,0,0,0
471015,0,1,0,0,0,17,0,0,0,36,26,18
471015,1,1,16,0,0,7,0,0,0,0,5,7
471017,1,1,0,0,0,0,0,0,0,0,0,0
471018,1,1,6,0,0,0,37,0,0,0,0,0
471019,0,1,0,0,0,0,0,0,0,0,0,0
471019,1,1,21,27,38,8,13,19,6,15,22,12
471020,1,1,12,18,30,19,0,0,0,31,21,0
471020,2,1,0,0,0,0,0,0,0,0,0,0
471021,0,1,0,0,0,0,0,0,0,0,0,0
471021,1,1,0,0,0,26,0,0,0,0,0,0
471023,0,1,4,17,31,23,9,8,2,16,15,23
471023,1,1,5,5,5,5,5,5,5,5,5,5
471024,0,1,0,0,0,0,0,0,0,0,0,0
471024,1,1,21,0,0,9,0,0,0,10,7,8
471024,2,1,0,0,0,7,0,0,0,0,0,15
471024,3,1,0,0,0,0,0,0,0,6,0,15
471025,0,1,0,18,0,0,0,0,0,0,0,0
471025,1,1,0,0,0,15,0,0,0,0,0,0
471026,1,1,0,0,0,0,0,0,0,0,0,0
471026,2,1,0,0,0,0,0,0,0,0,0,0
471027,1,1,25,25,25,25,25,25,25,25,25,25
471027,2,1,3,3,3,3,3,3,3,3,3,3
471028,0,1,23,23,23,23,23,23,23,23,23,23
471028,1,1,0,0,0,14,0,0,0,20,0,0
471029,1,1,12,12,12,12,12,12,12,12,12,12
471030,1,1,28,28,28,28,28,28,28,28,28,28
471031,0,1,0,0,0,0,0,0,0,0,0,0
471031,0,2,0,0,0,28,0,0,0,27,0,21
471031,1,1,10,0,0,0,0,0,5,0,0,3
471032,0,1,0,0,0,0,0,0,0,0,0,0
471032,1,1,0,0,13,0,0,0,0,0,0,0
471033,0,1,0,0,0,0,0,0,8,0,0,0
471033,1,1,0,0,0,0,0,0,0,0,0,0
471033,2,1,0,0,0,0,0,13,0,0,0,0
471034,1,1,0,0,0,0,0,0,12,0,0,0
471034,2,1,0,0,0,0,0,0,0,0,0,0
471034,3,1,0,0,0,0,0,0,0,0,0,0
471035,1,1,16,16,16,16,16,16,16,16,16,16
471036,0,1,0,0,0,0,0,0,0,0,0,0
471036,1,1,0,0,0,7,0,0,0,0,7,0
471037,1,1,21,21,21,21,21,21,21,21,21,21
471038,1,1,0,0,0,0,0,0,0,0,0,0
471039,0,1,0,0,0,0,0,0,0,0,0,0
471039,1,1,0,0,0,0,0,0,0,0,0,0
471040,1,1,0,0,0,0,0,0,0,0,31,0
471040,2,1,0,0,0,0,0,0,0,0,0,0
471040,3,1,0,0,0,0,0,0,23,0,0,0
471041,0,1,19,19,19,19,19,19,19,19,19,19
471041,1,1,0,0,0,0,0,0,12,0,12,4
471041,2,1,0,0,0,0,0,0,0,6,0,14
471042,1,1,0,0,0,0,0,0,0,0,0,0
471042,2,1,0,0,0,0,0,0,0,0,0,0
471043,1,1,0,0,0,0,0,0,0,0,0,0
471044,1,1,0,0,0,0,0,0,0,0,0,0
471045,1,1,0,0,0,0,0,0,0,0,0,0
471045,2,1,0,0,0,0,0,0,0,0,0,0
471046,1,1,11,11,11,11,11,11,11,11,11,11
471047,1,1,1,1,1,1,1,1,1,1,1,1
471047,2,1,0,0,0,0,0,0,0,0,0,0
471048,1,1,0,0,0,0,0,0,0,0,0,0
471048,2,1,0,0,0,0,0,16,0,0,0,0
471049,0,1,36,36,36,36,36,36,36,36,36,36
471049,1,1,11,12,0,0,0,15,0,8,0,16
471050,1,1,19,19,19,19,19,19,19,19,19,19
471051,1,1,0,0,0,0,0,0,0,0,0,0
471052,1,1,21,21,21,21,21,21,21,21,21,21
471052,2,1,12,13,0,0,26,0,13,25,0,0
471053,0,1,15,15,15,15,15,15,15,15,15,15
471053,1,1,0,0,14,0,0,0,0,0,0,18
471057,1,1,0,0,0,0,0,0,0,0,0,0
471058,1,1,14,14,14,14,14,14,14,14,14,14
471058,2,1,0,0,0,0,0,0,0,0,0,0
471059,1,1,0,0,0,17,0,0,0,0,0,0
471059,2,1,0,0,0,0,0,0,33,0,0,0
471060,1,1,0,0,0,0,0,0,0,0,0,0
471061,1,1,0,0,0,0,0,0,0,0,0,0
471061,2,1,0,0,0,0,0,0,0,0,0,0
471062,1,1,18,18,18,18,18,18,18,18,18,18
471063,1,1,0,0,0,0,0,0,0,0,0,0
471063,2,1,0,0,0,0,0,0,0,0,0,0
471065,0,1,14,14,14,14,14,14,14,14,14,14
471065,1,1,0,0,0,0,0,0,0,0,0,0
471066,1,1,0,0,0,0,0,0,0,0,0,0
471067,1,1,0,0,0,0,0,0,0,0,0,0
471068,1,1,0,0,0,0,0,0,0,0,0,0
471069,1,1,0,0,0,0,0,0,0,0,0,0
471069,2,1,0,0,0,0,0,0,0,0,0,0
471070,1,1,0,0,0,0,0,0,0,0,0,0
471071,1,1,30,30,30,30,30,30,30,30,30,30
471072,1,1,17,17,17,17,17,17,17,17,17,17
471072,2,1,0,0,20,0,0,0,0,14,0,0
471073,1,1,17,17,17,17,17,17,17,17,17,17
471074,0,1,0,0,0,0,0,0,0,0,0,0
471074,0,2,0,0,0,0,0,0,0,0,0,0
471074,1,1,0,0,0,0,0,0,0,0,0,0
471075,1,1,24,26,0,6,0,20,17,11,0,0
471076,0,1,0,0,0,0,0,0,0,0,0,0
471076,1,1,6,0,0,0,6,0,0,15,0,0
471077,0,1,0,0,0,0,0,0,0,0,0,0
471077,1,1,13,0,0,13,21,15,19,6,0,12
471078,1,1,26,0,0,0,0,10,31,0,0,0
471079,0,1,0,0,0,0,0,0,0,0,0,0
471079,1,1,0,0,14,0,0,0,0,0,0,0
471080,1,1,0,0,0,0,0,0,0,0,0,0
471080,2,1,0,0,0,0,0,0,0,0,0,0
471082,1,1,5,5,5,5,5,5,5,5,5,5
471082,2,1,0,0,0,0,0,0,0,0,0,0
471083,1,1,0,0,0,0,21,0,0,0,0,0
471083,2,1,13,20,0,38,12,0,0,0,0,0
471085,1,1,28,28,28,28,28,28,28,28,28,28
471085,2,1,0,0,0,0,0,0,0,0,0,0
471087,1,1,0,0,0,0,0,0,0,0,0,0
471088,1,1,0,0,0,0,0,0,0,0,0,0
471088,2,1,0,0,0,0,0,0,0,0,0,0
471089,1,1,0,0,0,0,0,0,0,0,0,0
471090,1,1,0,0,0,0,0,0,0,0,0,0
471090,2,1,0,0,0,0,0,0,0,0,0,0
471091,1,1,14,15,22,21,33,16,23,22,11,28
471092,1,1,18,0,8,0,0,0,0,28,0,0
471093,1,1,0,0,0,0,0,0,0,0,0,0
471093,2,1,0,0,0,0,0,0,0,0,0,0
471094,1,1,0,0,0,0,0,0,0,0,0,0
471095,0,1,0,0,0,0,0,0,0,0,0,0
471095,1,1,0,0,0,0,0,0,0,0,0,0
471096,1,1,0,0,0,0,0,0,0,0,0,0
471096,2,1,0,0,0,0,0,0,0,0,0,0
471097,1,1,4,4,4,4,4,4,4,4,4,4
471098,1,1,9,9,9,9,9,9,9,9,9,9
471099,1,1,0,0,0,0,0,0,0,0,0,0
471099,2,1,0,0,0,0,0,0,0,0,0,0
471100,1,1,0,0,0,0,0,0,0,0,0,0
471101,1,1,0,0,0,0,0,0,0,0,0,0
471101,2,1,0,0,0,6,0,0,0,0,0,20
471102,1,1,0,0,0,0,0,0,0,0,0,0
471102,2,1,0,0,0,0,0,0,0,0,0,0
471103,1,1,21,21,21,21,21,21,21,21,21,21
471103,2,1,0,0,0,0,0,0,0,0,0,0
471103,3,1,0,0,0,0,0,0,0,0,0,0
471104,1,1,16,0,0,8,0,16,0,0,0,15
471106,1,1,0,0,0,0,0,0,0,0,0,0
471107,1,1,0,0,0,0,0,0,0,0,0,0
471108,0,1,0,0,0,0,0,0,0,0,0,0
471108,1,1,4,7,0,0,0,0,3,8,26,0
471108,2,1,0,0,0,0,0,14,0,0,0,0
471108,3,1,9,0,0,0,16,0,0,0,19,6
471109,1,1,0,14,0,14,0,0,0,0,0,0
471109,2,1,0,0,0,0,0,0,0,0,0,0
471110,1,1,0,0,0,0,0,0,0,0,0,0
471110,2,1,0,0,0,0,0,0,0,0,0,0
471112,1,1,0,0,0,0,0,0,0,0,0,0
471113,0,1,0,0,0,0,0,0,0,0,0,0
471113,1,1,0,0,0,0,0,0,0,0,0,0
471114,1,1,46,46,46,46,46,46,46,46,46,46
471116,1,1,0,0,0,0,0,0,0,0,0,0
471117,0,1,0,0,0,0,0,0,0,0,0,0
471117,1,1,13,13,0,9,0,0,0,26,8,10
471118,1,1,16,16,16,16,16,16,16,16,16,16
471119,0,1,0,0,29,0,0,0,0,0,0,0
471119,1,1,0,0,0,0,0,0,0,9,0,0
471120,1,1,15,15,15,15,15,15,15,15,15,15
471121,1,1,0,0,0,0,0,0,0,0,0,0
471122,1,1,0,0,0,0,0,0,0,0,0,0
471122,2,1,0,0,0,0,0,0,0,0,0,0
471123,0,1,16,0,0,0,0,0,0,0,0,13
471123,1,1,0,0,0,0,0,0,0,0,0,0
471124,0,1,3,3,3,3,3,3,3,3,3,3
471124,1,1,0,0,0,6,0,0,0,0,0,0
471125,0,1,0,0,0,0,0,0,0,0,0,0
471125,0,2,0,13,0,0,0,0,0,0,0,0
471125,1,1,0,0,0,0,17,0,0,0,0,0
471126,0,1,2,2,2,2,2,2,2,2,2,2
471126,1,1,0,0,0,12,4,0,0,0,0,0
471127,1,1,0,0,0,0,0,0,0,0,0,0
471127,2,1,0,0,0,0,0,0,0,0,0,0
471129,1,1,0,0,0,0,0,0,0,0,0,0
471130,1,1,0,0,0,0,0,0,0,0,0,0
471130,2,1,0,0,0,0,0,0,0,0,0,0
471131,1,1,13,13,13,13,13,13,13,13,13,13
471132,1,1,0,0,0,9,0,5,0,0,0,22
471133,1,1,16,12,30,13,16,18,0,20,22,0
471134,2,1,0,0,0,0,25,0,0,0,0,0
471135,1,1,0,0,0,0,0,0,0,0,0,0
471136,1,1,0,0,0,0,0,0,0,0,0,0
471137,1,1,0,0,0,0,0,0,0,0,0,0
471137,2,1,0,0,0,0,0,0,0,0,0,0
471138,1,1,15,15,15,15,15,15,15,15,15,15
471138,3,1,0,39,10,14,0,0,0,0,0,6
471138,4,1,26,27,16,0,0,0,7,10,0,0
471138,5,1,0,0,0,0,0,0,0,0,0,27
471139,0,1,29,28,25,0,0,4,0,0,0,0
471139,1,1,0,13,0,0,0,0,0,0,0,0
471140,1,1,4,4,4,4,4,4,4,4,4,4
471141,1,1,0,0,0,0,0,0,0,0,0,0
471141,2,1,0,0,0,0,0,0,0,0,0,0
471141,3,1,0,0,0,0,0,0,0,0,0,0
471142,1,1,0,0,0,0,0,0,0,0,0,0
471142,2,1,0,0,22,0,0,0,0,17,0,0
471143,1,1,11,11,11,11,11,11,11,11,11,11
471144,1,1,16,16,16,16,16,16,16,16,16,16
471145,1,1,0,0,0,0,0,0,0,0,0,0
471145,2,1,0,0,0,0,0,0,0,0,0,0
471146,1,1,0,0,0,0,0,0,0,0,0,0
471147,1,1,0,0,0,0,0,0,0,0,0,0
471148,1,1,0,0,0,0,0,0,0,0,0,0
471149,0,1,0,0,0,0,0,0,0,0,0,0
471149,1,1,0,0,0,0,0,8,0,0,0,0
471150,1,1,19,19,19,19,19,19,19,19,19,19
471151,1,1,0,0,0,0,0,0,0,0,0,0
471152,1,1,0,0,0,0,0,19,0,0,0,0
471153,1,1,0,0,0,0,0,0,0,0,0,0
471154,1,1,0,0,0,0,0,0,0,0,0,0
471154,2,1,0,0,0,0,0,0,0,0,0,0
471154,3,1,0,0,0,0,0,0,0,0,0,0
471155,0,1,0,0,0,24,14,0,0,7,0,0
471155,1,1,7,0,0,0,0,0,0,29,0,0
471156,1,1,0,0,0,0,0,0,0,0,0,0
471156,2,1,0,0,0,0,0,0,0,0,0,0
471156,3,1,22,0,0,0,0,0,0,11,0,0
471156,4,1,10,0,0,0,0,0,0,0,0,0
471158,0,1,0,0,0,0,26,0,0,0,0,0
471158,1,1,0,0,24,0,0,0,0,0,0,0
471159,0,1,0,0,0,0,0,0,0,0,0,0
471159,1,1,0,0,0,0,0,0,0,0,13,0
471161,1,1,0,0,0,0,0,0,0,0,0,0
471162,1,1,0,0,0,0,0,32,0,0,0,0
471163,0,1,0,0,0,0,0,0,0,0,0,0
471163,1,1,0,0,0,0,0,0,0,0,0,10
471164,1,1,0,0,0,0,0,0,0,0,0,0
471165,1,1,0,0,0,0,0,0,0,0,0,0
471165,2,1,0,0,0,0,0,0,0,0,0,0
471166,1,1,0,0,0,0,0,0,0,0,0,0
471167,1,1,0,0,0,0,0,0,0,0,0,0
471167,2,1,0,0,0,0,0,0,0,0,0,0
471168,1,1,0,21,0,0,13,0,0,18,0,0
471169,1,1,0,0,0,0,0,0,0,0,0,0
471170,1,1,0,0,0,0,0,0,0,0,0,0
471171,0,1,0,0,0,0,0,0,0,0,0,0
471171,1,1,3,0,0,0,0,9,0,0,6,0
471172,1,1,16,16,16,16,16,16,16,16,16,16
471172,2,1,0,0,37,0,0,0,0,0,0,0
471173,1,1,20,20,20,20,20,20,20,20,20,20
471174,0,1,1,1,1,1,1,1,1,1,1,1
471174,1,1,0,0,0,0,0,0,0,0,0,0
471175,0,1,20,34,0,0,0,22,0,0,0,0
471175,1,1,0,0,0,0,0,0,0,0,0,0
471176,1,1,0,0,0,0,0,0,0,0,0,0
471176,2,1,0,0,0,0,0,0,0,0,0,24
471176,3,1,0,0,0,0,0,0,0,0,0,0
471178,0,1,0,0,0,0,0,0,0,0,0,0
471178,1,1,0,0,0,0,0,0,0,0,0,0
471178,2,1,0,0,0,0,0,0,0,0,0,0
471178,3,1,0,0,0,0,0,0,0,0,0,0
471180,1,1,0,5,0,0,0,0,0,0,6,0
471180,2,1,0,0,0,0,0,0,0,0,0,0
471180,3,1,0,0,0,0,0,0,0,0,0,0
471180,4,1,0,2,0,0,0,0,0,0,0,0
471180,5,1,0,0,0,0,0,12,0,0,0,0
471181,1,1,0,0,0,0,0,0,0,0,0,0
471182,1,1,0,0,0,0,0,0,0,0,0,0
471183,1,1,33,33,33,33,33,33,33,33,33,33
471184,1,1,0,0,0,0,0,0,0,0,0,0
471184,2,1,0,0,0,0,0,0,0,0,0,0
471185,1,1,0,0,0,0,0,0,0,0,0,0
471185,2,1,0,0,0,0,0,0,0,0,0,0
471186,1,1,0,0,0,0,0,0,0,0,0,0
471186,2,1,0,0,0,0,0,0,0,8,0,0
471187,2,1,0,0,0,0,0,0,0,0,0,0
471187,3,1,0,0,0,0,0,0,0,0,0,4
471188,1,1,0,0,0,0,0,0,0,0,0,0
471189,1,1,22,22,22,22,22,22,22,22,22,22
471189,2,1,0,0,21,14,19,0,0,29,0,0
471190,1,1,0,26,0,0,0,0,0,0,0,0
471191,1,1,28,22,11,15,12,31,21,3,12,26
471191,2,1,0,0,0,0,0,0,0,0,0,0
471192,1,1,18,18,18,18,18,18,18,18,18,18
471193,1,1,0,0,0,0,0,0,0,0,0,0
471194,1,1,0,0,0,0,0,0,0,0,0,0
471195,1,1,0,0,0,0,0,0,0,0,0,0
471196,1,1,0,0,0,10,0,0,0,0,0,0
471196,2,1,0,0,0,0,0,0,0,0,0,0
471197,1,1,0,0,0,0,0,0,0,0,0,0
471197,2,1,0,0,0,0,0,16,0,0,0,0
471197,3,1,0,0,0,0,0,0,0,0,0,0
471197,4,1,0,0,0,0,0,0,0,0,0,12
471197,5,1,0,0,0,0,0,0,0,0,0,0
471197,6,1,0,0,0,0,0,0,0,0,0,0
471198,1,1,0,0,0,0,0,0,0,0,0,0
471198,2,1,0,0,0,0,0,0,0,0,0,0
471199,0,1,0,0,0,0,0,0,0,0,0,0
471199,1,1,10,10,10,10,10,10,10,10,10,10
471200,1,1,0,0,0,0,0,0,0,0,0,0
471200,2,1,0,0,0,0,0,0,0,0,0,0
471202,1,1,0,0,0,6,0,0,0,5,0,0
471203,1,1,0,0,0,0,0,0,0,0,0,0
471204,1,1,21,21,21,21,21,21,21,21,21,21
471204,2,1,0,0,0,0,0,0,0,0,0,0
471205,1,1,0,0,0,0,0,0,0,0,0,0
471206,1,1,13,13,13,13,13,13,13,13,13,13
471207,1,1,0,0,0,0,0,0,0,0,0,0
471207,2,1,0,0,0,0,0,0,0,0,0,0
471208,1,1,0,0,0,0,0,0,0,0,0,0
471208,2,1,0,0,0,0,0,0,0,0,0,0
471209,1,1,0,0,0,0,0,16,0,0,0,0
471209,2,1,0,0,0,0,0,0,0,0,0,0
471209,3,1,0,0,0,0,0,0,0,0,0,0
471210,1,1,0,0,0,0,0,0,0,0,0,0
471211,1,1,0,0,0,0,0,0,0,0,0,0
471211,2,1,0,0,0,0,0,0,0,0,0,0
471212,1,1,0,0,0,0,0,0,0,0,0,0
471212,2,1,0,0,0,0,0,0,0,24,0,0
471213,1,1,23,23,23,23,23,23,23,23,23,23
471213,2,1,0,0,0,0,0,0,0,0,0,0
471214,1,1,0,0,0,0,0,0,0,0,0,0
471215,1,1,0,0,0,0,0,0,0,0,0,0
471215,2,1,20,0,0,0,13,0,0,0,0,0
471216,0,1,0,0,0,0,0,0,0,0,0,0
471216,1,1,0,0,0,0,0,19,0,0,0,0
471217,1,1,0,0,0,0,0,0,0,0,22,0
471218,1,1,0,0,0,0,0,0,0,0,0,0
471219,1,1,14,14,14,14,14,14,14,14,14,14
471219,2,1,0,0,0,0,0,0,0,0,0,0
471220,1,1,9,0,15,0,0,0,0,0,9,0
471220,2,1,0,0,0,0,0,22,15,18,0,0
471221,0,1,0,0,0,0,0,0,0,0,0,0
471221,1,1,0,0,0,0,0,0,0,0,0,0
471222,1,1,0,0,0,0,0,0,0,0,0,0
471222,2,1,0,0,0,0,0,0,0,0,0,0
471222,3,1,0,0,0,0,0,0,0,0,0,0
471223,1,1,0,0,0,0,0,0,0,0,0,0
471224,1,1,0,0,0,0,0,16,0,0,0,2
471224,2,1,27,27,27,27,27,27,27,27,27,27
471225,1,1,0,0,0,0,0,0,0,0,0,0
471225,2,1,0,0,0,0,0,0,0,0,0,0
471226,1,1,0,0,0,0,0,0,0,0,0,0
471226,2,1,0,0,0,0,0,0,0,0,0,0
471226,3,1,0,0,0,0,0,0,0,0,13,0
471226,4,1,0,0,0,0,0,0,0,0,0,0
471227,1,1,12,12,12,12,12,12,12,12,12,12
471228,1,1,0,0,0,20,0,0,0,0,0,0
471229,1,1,0,0,0,0,0,0,0,0,0,0
471229,2,1,0,0,0,0,0,0,4,8,0,0
471230,1,1,0,0,0,0,0,0,0,0,0,0
471230,2,1,0,0,18,0,0,0,0,0,0,0
471231,0,1,0,0,0,0,0,0,0,0,0,0
471231,1,1,11,11,11,11,11,11,11,11,11,11
471232,1,1,0,0,0,0,0,0,0,0,0,0
471233,0,1,33,33,33,33,33,33,33,33,33,33
471233,1,1,4,0,0,10,0,0,0,3,0,0
471234,1,1,14,14,14,14,14,14,14,14,14,14
471235,0,1,0,0,0,0,0,0,0,0,0,0
471235,1,1,0,0,0,0,0,0,16,0,0,0
471236,1,1,1,1,1,1,1,1,1,1,1,1
471237,0,1,53,53,53,53,53,53,53,53,53,53
471237,1,1,16,0,3,15,11,0,0,13,27,14
471238,1,1,0,0,0,0,0,0,0,0,0,0
471239,1,1,0,0,0,0,0,0,0,0,0,0
471240,1,1,0,0,0,13,0,0,0,0,0,0
471241,1,1,17,17,17,17,17,17,17,17,17,17
471241,2,1,15,15,15,15,15,15,15,15,15,15
471242,0,1,0,0,10,0,0,0,0,0,0,0
471242,1,1,0,0,0,0,0,0,0,0,0,0
471243,1,1,0,0,0,0,0,0,0,0,0,0
471243,2,1,0,0,0,0,0,0,0,0,0,0
471244,0,1,0,0,0,0,0,0,0,9,15,0
471244,0,2,0,0,17,0,0,0,0,0,0,30
471244,1,1,8,0,0,0,0,0,0,0,0,39
471244,2,1,28,0,0,0,19,0,0,0,0,0
471245,0,1,0,0,0,31,43,0,0,0,0,0
471245,1,1,0,0,0,0,5,22,6,0,0,0
471246,0,1,7,7,7,7,7,7,7,7,7,7
471246,1,1,0,0,0,0,0,0,0,0,0,0
471247,1,1,0,0,0,0,0,0,0,0,0,0
471247,2,1,0,0,0,0,0,0,0,0,0,0
471248,1,1,20,20,20,20,20,20,20,20,20,20
471249,1,1,14,14,14,14,14,14,14,14,14,14
471249,2,1,0,0,0,0,0,0,0,0,0,0
471250,1,1,18,18,18,18,18,18,18,18,18,18
471251,1,1,0,0,0,0,0,0,0,0,0,0
471252,1,1,0,0,0,0,0,0,0,0,0,0
471253,1,1,0,0,0,0,0,0,0,0,0,0
471253,2,1,0,0,0,0,0,0,0,0,0,0
471254,0,1,0,0,0,0,0,0,0,0,0,0
471254,1,1,0,0,0,3,0,0,13,0,0,0
471255,1,1,0,0,0,0,0,0,0,0,0,0
471255,2,1,0,0,0,0,0,0,0,0,0,0
471256,1,1,0,0,0,0,15,0,0,0,0,0
471256,2,1,0,0,0,0,0,0,0,0,0,0
471257,1,1,0,3,0,20,7,0,0,14,0,18
471258,1,1,0,0,0,0,0,0,0,0,0,0
471259,1,1,14,14,14,14,14,14,14,14,14,14
471259,2,1,0,0,0,0,0,0,0,0,0,0
471259,3,1,0,0,0,0,0,0,0,0,0,0
471260,1,1,0,0,0,0,0,0,0,0,0,0
471260,2,1,0,0,0,0,0,0,0,0,0,0
471261,1,1,11,11,11,11,11,11,11,11,11,11
471262,1,1,0,0,0,0,0,0,0,0,0,0
471263,1,1,0,0,0,0,0,0,0,0,0,0
471264,1,1,0,0,0,0,0,0,0,0,0,0
471264,2,1,0,0,0,0,0,0,0,0,0,0
471264,3,1,0,0,0,0,0,0,0,0,0,0
471265,1,1,5,5,5,5,5,5,5,5,5,5
471265,2,1,0,0,0,0,0,0,0,0,0,0
471266,0,1,0,0,0,0,0,0,0,0,0,0
471266,1,1,0,0,0,0,0,0,0,0,0,14
471267,1,1,19,19,19,19,19,19,19,19,19,19
471267,2,1,0,12,16,21,0,0,0,0,0,0
471268,1,1,0,0,0,0,0,0,0,0,0,0
471268,2,1,0,11,0,0,0,0,0,0,0,0
471269,1,1,0,0,0,0,0,0,0,0,0,0
471269,2,1,0,0,0,0,0,0,0,0,0,0
471270,1,1,0,0,0,0,0,0,0,0,0,0
471271,1,1,24,27,8,19,19,30,25,11,35,0
471272,1,1,0,0,0,0,0,0,0,0,0,0
471273,1,1,0,0,0,0,0,0,0,0,0,0
471273,2,1,0,0,0,0,0,0,0,0,0,0
471274,1,1,0,0,0,0,0,0,0,0,0,0
471274,2,1,0,0,0,0,0,0,0,0,0,0
471274,3,1,0,0,0,0,0,0,0,0,0,0
480001,1,1,20,20,20,20,20,20,20,20,20,20
480002,1,1,14,14,14,14,14,14,14,14,14,14
480002,2,1,0,0,0,0,0,0,0,0,0,0
480003,1,1,20,20,20,20,20,20,20,20,20,20
480003,2,1,15,0,6,0,0,0,0,0,0,9
480003,3,1,0,0,0,14,0,0,0,0,0,0
480005,1,1,22,22,22,22,22,22,22,22,22,22
480005,2,1,9,9,9,9,9,9,9,9,9,9
480006,1,1,13,13,13,13,13,13,13,13,13,13
480007,1,1,28,28,28,28,28,28,28,28,28,28
480008,0,1,0,0,0,0,0,0,0,0,0,0
480008,1,1,0,0,0,0,0,24,0,0,0,0
480009,1,1,0,0,0,0,0,0,0,0,0,0
480009,2,1,16,16,16,16,16,16,16,16,16,16
480010,0,1,39,34,44,20,26,14,0,12,15,11
480010,1,1,0,0,0,0,0,0,15,0,0,0
480011,1,1,0,10,0,0,0,0,0,10,9,11
480012,1,1,0,0,0,0,6,0,15,0,0,14
480012,2,1,0,0,0,0,0,0,0,0,0,0
480012,3,1,0,0,0,0,0,0,0,0,0,0
480013,0,1,0,0,0,30,6,0,0,18,0,21
480013,1,1,0,9,9,24,0,0,7,0,17,9
480014,1,1,8,0,0,16,36,0,0,0,0,0
480014,2,1,13,0,0,0,0,0,15,0,0,0
480015,1,1,21,21,21,21,21,21,21,21,21,21
480016,0,1,0,0,0,0,0,0,0,0,0,0
480016,1,1,0,0,0,0,0,0,0,0,0,0
480016,2,1,0,0,0,0,0,0,0,0,0,0
480016,3,1,0,0,0,0,0,0,11,0,0,0
480017,1,1,0,0,0,0,0,0,0,0,9,11
480017,2,1,0,0,0,0,0,0,4,0,0,0
480018,1,1,0,0,0,0,0,0,0,0,0,0
480019,1,1,0,0,0,38,0,0,0,0,0,0
480020,1,1,0,0,0,0,0,0,0,0,0,0
480021,0,1,21,21,21,21,21,21,21,21,21,21
480021,1,1,0,12,28,0,0,0,0,18,14,15
480021,2,1,0,29,0,14,15,0,0,0,0,0
480022,0,1,0,0,0,0,0,0,0,0,0,0
480022,1,1,0,24,0,0,0,0,0,9,0,0
480023,1,1,0,0,0,0,10,20,0,3,0,0
480023,2,1,0,11,0,0,0,0,0,0,11,14
480024,0,1,0,0,0,0,0,0,0,0,0,0
480024,1,1,0,0,12,0,0,16,0,0,0,0
480025,1,1,23,23,23,23,23,23,23,23,23,23
480026,1,1,0,0,0,0,0,0,0,0,0,0
480027,1,1,16,16,16,16,16,16,16,16,16,16
480028,1,1,25,0,0,21,0,0,0,19,0,21
480029,1,1,0,21,0,21,0,0,0,0,0,11
480029,2,1,9,0,0,2,0,0,8,28,11,0
480030,1,1,21,21,21,21,21,21,21,21,21,21
480031,1,1,0,17,0,7,0,0,19,15,0,0
480032,1,1,0,0,0,0,0,0,0,0,0,0
480033,1,1,0,12,0,0,0,0,8,0,0,0