ST_CASE,VEH_NO,PER_NO,P1,P2,P3,P4,P5,P6,P7,P8,P9,P10
481160,1,1,19,19,19,19,19,19,19,19,19,19
481161,1,1,14,8,31,15,17,7,16,17,14,19
481161,2,1,0,0,0,0,0,0,0,0,0,0
481162,1,1,10,0,0,13,0,0,0,8,0,0
481163,1,1,0,0,0,0,0,0,0,0,0,0
481164,1,1,23,0,13,30,0,0,20,0,29,0
481165,1,1,25,25,25,25,25,25,25,25,25,25
481166,1,1,19,19,19,19,19,19,19,19,19,19
481166,2,1,0,0,0,0,0,0,0,0,0,0
481166,3,1,0,0,0,0,20,0,18,0,0,0
481167,1,1,5,0,26,20,0,18,0,0,0,0
481167,2,1,0,0,0,0,0,0,0,0,0,0
481168,1,1,14,14,14,14,14,14,14,14,14,14
481169,1,1,0,0,0,0,0,0,0,0,0,0
481169,2,1,1,1,1,1,1,1,1,1,1,1
481170,1,1,0,0,0,0,0,0,0,0,0,0
481170,2,1,0,0,0,0,0,0,0,0,0,0
481171,1,1,0,0,0,0,0,0,0,0,0,0
481171,2,1,0,12,0,14,23,20,0,0,0,0
481172,1,1,25,0,0,12,0,4,6,0,0,0
481172,2,1,0,0,0,12,0,0,0,0,0,6
481173,1,1,23,23,23,23,23,23,23,23,23,23
481173,2,1,0,0,0,0,0,0,0,37,0,0
481174,0,1,0,0,0,16,2,0,24,0,0,28
481174,1,1,10,26,20,0,16,0,8,0,10,19
481175,1,1,0,0,0,10,0,0,0,0,0,0
481175,2,1,0,0,0,0,0,0,0,0,29,0
481176,1,1,19,19,19,19,19,19,19,19,19,19
481177,1,1,33,0,50,18,0,0,22,0,25,25
481178,0,1,0,0,0,0,0,0,0,0,0,0
481179,1,1,0,0,0,0,0,0,0,0,0,0
481180,1,1,0,0,0,0,0,0,0,0,0,0
481180,2,1,0,10,40,0,0,0,0,10,0,0
481180,3,1,0,0,0,0,0,0,0,0,0,0
481181,1,1,0,0,0,0,0,0,0,0,0,0
481182,1,1,0,0,0,0,0,0,0,0,0,0
481182,2,1,0,0,0,0,0,0,0,0,0,0
481183,1,1,0,0,0,0,8,0,0,0,0,0
481184,1,1,0,0,0,0,0,0,5,0,0,0
481184,2,1,6,0,0,0,0,0,0,0,0,0
481186,1,1,33,33,33,33,33,33,33,33,33,33
481186,2,1,0,0,16,12,0,0,12,30,0,0
481187,1,1,0,19,33,23,14,18,9,20,12,15
481187,2,1,0,0,0,11,9,10,0,22,0,0
481188,1,1,0,0,0,0,0,0,0,0,9,0
481188,2,1,0,0,0,0,0,0,0,0,0,0
481189,0,1,0,0,0,0,0,0,0,0,0,0
481189,1,1,0,9,0,9,8,21,27,0,0,20
481190,1,1,0,0,0,0,0,0,0,0,0,0
481191,0,1,0,6,0,0,0,0,0,0,0,0
481191,1,1,20,20,20,20,20,20,20,20,20,20
481192,1,1,0,0,0,0,0,0,0,0,0,12
481193,1,1,0,0,0,0,0,0,0,0,0,0
481194,1,1,0,0,0,0,0,0,5,5,0,0
481195,1,1,26,26,26,26,26,26,26,26,26,26
481196,1,1,21,0,0,0,0,0,0,0,0,0
481196,2,1,0,0,0,0,0,0,18,0,12,0
481197,1,1,0,0,14,0,0,0,0,12,0,0
481197,2,1,11,11,11,11,11,11,11,11,11,11
481198,1,1,26,26,26,26,26,26,26,26,26,26
481199,1,1,0,0,0,0,0,0,0,4,0,0
481199,2,1,0,0,0,0,0,0,0,0,0,19
481200,0,1,0,0,0,0,0,0,0,0,0,0
481200,1,1,0,0,0,0,0,0,0,0,0,0
481201,1,1,23,23,23,23,23,23,23,23,23,23
481201,2,1,0,0,0,0,0,0,0,0,27,0
481201,3,1,11,7,0,17,5,0,0,28,0,26
481202,1,1,0,20,0,0,0,22,0,0,0,0
481203,0,1,0,0,0,0,0,0,0,0,0,0
481203,1,1,0,0,15,0,0,13,0,9,0,0
481204,1,1,0,0,0,0,0,0,0,0,0,0
481205,1,1,0,0,0,22,0,0,17,0,0,0
481205,2,1,0,0,0,0,0,0,0,0,0,0
481206,1,1,14,14,14,14,14,14,14,14,14,14
481207,1,1,9,4,0,16,15,26,11,16,21,0
481207,2,1,12,0,0,0,11,0,0,17,0,0
481207,3,1,0,0,0,0,7,0,0,12,11,0
481208,1,1,0,0,0,0,0,0,0,0,0,0
481208,2,1,0,0,0,9,3,0,9,11,0,14
481208,3,1,0,0,0,0,0,0,0,0,0,0
481209,1,1,0,0,0,0,0,0,0,0,0,0
481209,2,1,0,0,0,0,0,0,0,0,0,0
481210,1,1,0,0,0,0,0,0,9,0,1,21
481210,2,1,14,0,0,7,0,0,0,0,0,0
481211,1,1,0,0,0,0,0,12,0,0,0,0
481211,2,1,0,0,0,21,18,0,27,0,0,0
481212,1,1,17,0,0,8,9,15,0,9,0,25
481213,0,1,8,8,8,8,8,8,8,8,8,8
481213,1,1,23,8,9,0,0,27,0,5,0,0
481214,0,1,0,0,0,49,0,0,1,0,0,13
481214,1,1,12,9,9,26,14,0,20,2,11,14
481215,0,1,0,35,0,0,0,0,0,3,9,38
481215,1,1,0,0,0,0,0,0,7,0,0,0
481216,1,1,31,31,31,31,31,31,31,31,31,31
481216,2,1,0,0,3,0,0,0,0,12,9,0
481217,1,1,0,0,0,0,0,0,20,25,23,23
481218,0,1,0,0,0,0,0,0,0,0,0,0
481218,1,1,0,9,0,0,8,10,0,6,0,0
481219,1,1,0,0,7,0,17,0,0,13,0,20
481220,0,1,15,15,15,15,15,15,15,15,15,15
481220,1,1,0,24,0,0,7,10,15,0,0,0
481221,1,1,0,0,0,0,0,0,0,0,0,0
481221,2,1,0,0,19,0,0,0,0,0,0,0
481222,1,1,14,14,14,14,14,14,14,14,14,14
481222,2,1,8,0,0,0,0,0,0,27,0,0
481223,1,1,15,0,0,10,0,0,0,0,0,0
481223,2,1,0,0,0,0,29,0,0,0,23,0
481225,1,1,3,12,0,0,0,19,0,0,0,0
481225,2,1,6,0,27,14,0,0,17,14,0,0
481225,3,1,12,19,34,12,13,0,34,8,27,16
481225,4,1,14,0,0,14,15,0,0,0,0,0
481226,0,1,9,0,34,0,0,0,0,24,0,0
481226,1,1,0,0,0,22,0,0,0,0,5,0
481227,1,1,0,12,6,0,0,0,0,0,0,0
481227,2,1,11,11,11,11,11,11,11,11,11,11
481228,1,1,29,29,29,29,29,29,29,29,29,29
481228,2,1,0,4,0,0,0,0,0,0,0,0
481228,4,1,0,27,0,0,0,0,0,0,0,0
481229,1,1,0,0,0,0,0,0,0,0,0,0
481229,2,1,0,0,0,0,4,0,0,23,0,0
481230,1,1,0,0,0,0,0,0,0,0,0,0
481230,2,1,0,0,20,0,0,0,16,0,7,15
481231,0,1,33,33,33,33,33,33,33,33,33,33
481231,1,1,18,0,5,10,14,37,23,0,0,0
481232,1,1,0,0,0,0,0,0,0,0,0,0
481232,2,1,0,0,0,0,0,0,0,0,0,0
481232,3,1,21,0,31,13,19,0,29,3,10,0
481233,1,1,0,0,10,0,0,0,0,0,0,0
481234,1,1,0,0,0,0,12,0,0,0,0,0
481234,2,1,0,0,0,0,0,0,0,0,0,0
481234,3,1,0,0,0,0,0,0,0,0,0,0
481235,1,1,6,6,6,6,6,6,6,6,6,6
481235,2,1,7,0,0,0,11,0,26,0,0,0
481236,1,1,0,22,0,0,0,0,0,17,0,0
481236,2,1,9,3,0,0,0,0,0,0,0,0
481237,1,1,0,0,0,26,3,0,5,3,0,0
481238,1,1,6,6,6,6,6,6,6,6,6,6
481240,1,1,26,26,26,26,26,26,26,26,26,26
481241,1,1,16,16,16,16,16,16,16,16,16,16
481241,2,1,0,0,0,0,0,0,0,0,0,0
481242,1,1,10,0,25,0,16,0,6,0,0,9
481243,1,1,10,10,10,10,10,10,10,10,10,10
481244,0,1,0,0,18,11,0,0,14,11,0,0
481244,1,1,0,0,22,0,14,0,11,0,15,0
481244,2,1,7,0,0,0,0,9,4,0,8,13
481245,1,1,0,0,0,0,0,0,0,0,0,0
481245,2,1,10,10,10,10,10,10,10,10,10,10
481246,1,1,23,23,23,23,23,23,23,23,23,23
481247,0,1,0,0,0,0,0,0,0,0,0,0
481247,1,1,13,10,0,0,11,0,0,0,0,12
481248,1,1,20,20,20,20,20,20,20,20,20,20
481248,2,1,0,33,12,0,24,12,39,0,11,0
481249,0,1,2,2,2,2,2,2,2,2,2,2
481249,1,1,0,0,7,0,8,0,32,33,18,0
481250,1,1,3,0,0,0,16,0,0,0,0,0
481250,2,1,0,0,29,0,0,21,17,16,11,13
481251,1,1,0,0,0,0,0,0,0,0,0,0
481251,2,1,0,0,0,0,0,0,6,0,0,0
481252,1,1,6,6,6,6,6,6,6,6,6,6
481252,2,1,0,5,0,0,15,0,0,15,0,0
481253,1,1,21,0,0,0,0,0,12,0,0,0
481253,2,1,28,0,0,0,0,17,0,0,22,0
481254,1,1,0,0,0,0,0,0,0,10,0,0
481254,2,1,0,0,0,0,0,0,0,0,0,0
481255,1,1,0,0,0,0,0,0,0,0,0,0
481256,1,1,0,0,0,0,0,15,0,0,0,0
481256,2,1,15,0,0,0,0,0,6,0,0,0
481257,1,1,0,0,0,0,0,0,0,0,0,0
481257,2,1,11,11,11,11,11,11,11,11,11,11
481258,1,1,0,0,0,0,0,0,0,0,0,0
481258,2,1,0,0,0,0,0,0,0,0,0,0
481259,1,1,14,6,26,16,7,18,0,19,24,24
481259,2,1,0,0,0,30,0,0,0,0,0,0
481260,1,1,4,0,0,0,42,5,28,8,13,0
481261,0,1,0,0,0,0,0,0,0,0,0,0
481261,0,2,0,30,0,0,0,0,0,0,0,0
481261,1,1,11,0,0,32,15,0,0,0,0,0
481262,0,1,13,13,13,13,13,13,13,13,13,13
481262,1,1,6,6,6,6,6,6,6,6,6,6
481263,0,1,3,3,3,3,3,3,3,3,3,3
481263,1,1,0,8,0,0,0,0,0,0,0,0
481264,0,1,0,0,0,0,0,0,0,0,0,0
481264,1,1,2,0,0,0,0,0,0,0,0,0
481265,0,1,0,0,0,0,0,0,0,0,0,0
481265,1,1,0,0,0,0,0,14,0,0,0,0
481266,1,1,0,0,0,0,0,12,0,5,25,22
481267,0,1,8,9,13,12,0,24,0,0,0,25
481267,1,1,18,10,13,0,24,11,7,38,18,0
481268,1,1,24,24,24,24,24,24,24,24,24,24
481268,2,1,9,9,9,9,9,9,9,9,9,9
481269,1,1,9,0,0,0,0,0,0,0,0,0
481269,2,1,0,0,10,14,0,0,0,0,0,12
481270,1,1,0,0,0,0,0,0,0,13,0,0
481271,1,1,0,0,0,0,0,5,0,0,0,0
481271,2,1,0,0,0,0,0,0,22,0,0,0
481272,1,1,19,19,19,19,19,19,19,19,19,19
481273,0,1,10,10,10,10,10,10,10,10,10,10
481273,1,1,0,0,0,0,10,0,0,24,10,3
481274,1,1,19,19,19,19,19,19,19,19,19,19
481275,1,1,0,0,0,0,0,0,0,0,0,0
481276,0,1,0,0,0,0,0,0,0,0,0,0
481276,1,1,0,0,0,0,0,0,0,0,0,0
481277,1,1,0,0,0,0,0,0,0,0,0,0
481277,2,1,0,0,4,0,0,0,0,0,15,0
481277,3,1,0,0,0,0,0,25,0,0,0,0
481277,4,1,0,0,0,0,0,0,0,0,0,0
481278,1,1,0,0,0,0,0,0,0,0,0,0
481278,2,1,0,0,0,0,0,0,0,0,0,0
481278,3,1,0,0,0,0,0,0,0,0,0,0
481279,1,1,20,17,21,19,0,22,0,0,20,0
481279,2,1,21,0,0,26,0,23,0,7,9,6
481280,0,1,40,40,40,40,40,40,40,40,40,40
481280,1,1,8,8,22,6,0,9,12,14,2,0
481280,2,1,0,12,0,20,14,0,0,0,6,0
481281,1,1,4,4,4,4,4,4,4,4,4,4
481281,2,1,0,0,0,8,0,0,0,0,5,0
481282,1,1,0,0,0,0,0,0,0,0,0,0
481282,2,1,0,0,0,0,0,0,0,0,0,0
481282,3,1,16,0,0,0,20,0,13,21,0,0
481283,0,1,0,0,0,0,0,0,0,0,0,0
481283,1,1,0,0,0,4,0,0,6,0,0,0
481284,0,1,0,0,0,0,0,0,0,0,0,0
481284,1,1,3,0,0,7,0,20,0,0,5,0
481285,1,1,0,0,0,0,0,0,0,0,0,0
481285,2,1,15,14,0,16,30,14,0,0,0,12
481286,1,1,3,3,3,3,3,3,3,3,3,3
481286,2,1,0,0,0,0,0,0,0,0,0,0
481287,1,1,0,0,14,0,0,0,9,30,0,0
481287,2,1,0,16,0,17,0,0,0,0,0,2
481288,1,1,30,30,30,30,30,30,30,30,30,30
481289,1,1,0,0,0,21,6,22,16,13,0,0
481290,1,1,0,0,0,0,0,0,0,0,0,0
481291,1,1,0,0,0,0,10,0,0,0,0,0
481291,2,1,0,0,27,0,0,0,0,0,0,0
481292,0,1,0,20,0,27,0,0,33,0,0,0
481292,1,1,7,11,6,10,0,28,11,0,17,0
481292,2,1,0,5,0,0,0,0,0,0,0,0
481293,1,1,0,0,0,25,0,0,5,0,15,0
481293,2,1,0,0,0,0,0,0,0,0,0,0
481294,1,1,13,18,8,0,0,9,14,8,23,29
481295,1,1,0,11,0,0,0,0,0,0,0,0
481295,2,1,14,21,0,0,3,0,0,0,24,0
481296,1,1,20,20,20,20,20,20,20,20,20,20
481297,1,1,0,0,0,0,0,0,0,0,0,0
481297,2,1,0,0,0,0,0,0,0,0,0,0
481298,1,1,0,0,0,0,0,0,0,0,0,0
481298,2,1,0,0,0,0,13,0,13,0,0,0
481298,3,1,0,0,0,0,0,0,0,0,0,0
481299,1,1,20,0,7,21,0,0,0,0,0,0
481299,2,1,0,0,0,0,0,0,0,0,0,0
481300,0,1,0,0,0,0,0,0,0,0,0,0
481300,1,1,0,0,0,17,22,8,0,0,17,0
481301,1,1,4,24,0,4,0,0,0,0,42,21
481301,2,1,0,0,0,0,0,0,0,27,0,27
481302,1,1,0,0,0,0,0,0,0,0,0,0
481302,2,1,0,0,0,0,0,0,0,0,0,0
481303,1,1,0,0,0,0,0,0,0,0,0,0
481304,1,1,0,0,0,0,0,0,0,0,0,0
481304,2,1,0,0,0,0,18,0,0,0,0,0
481305,1,1,0,0,0,0,0,0,0,0,0,0
481305,2,1,0,0,0,0,0,0,0,0,0,0
481306,1,1,0,9,0,0,0,0,0,0,0,0
481306,2,1,0,0,0,0,0,0,0,0,0,0
481307,0,1,42,42,42,42,42,42,42,42,42,42
481307,1,1,0,0,0,0,0,4,13,0,0,0
481308,1,1,26,26,26,26,26,26,26,26,26,26
481309,0,1,0,19,27,28,0,0,13,6,19,0
481309,1,1,11,0,0,0,19,20,0,0,0,16
481310,1,1,0,0,0,0,0,0,10,0,0,0
481310,2,1,0,15,0,0,0,0,0,0,0,0
481311,1,1,24,24,24,24,24,24,24,24,24,24
481312,1,1,0,0,0,0,36,0,9,0,0,0
481313,1,1,18,14,12,14,24,8,9,9,13,15
481314,1,1,10,10,10,10,10,10,10,10,10,10
481314,2,1,14,0,0,15,22,20,0,18,0,0
481315,0,1,0,0,0,0,0,0,0,0,0,0
481315,1,1,0,0,0,0,0,0,0,0,0,0
481316,1,1,9,9,9,9,9,9,9,9,9,9
481317,1,1,15,15,15,15,15,15,15,15,15,15
481317,2,1,18,18,18,18,18,18,18,18,18,18
481318,1,1,19,19,19,19,19,19,19,19,19,19
481319,1,1,32,32,32,32,32,32,32,32,32,32
481319,2,1,0,0,0,0,0,0,0,0,0,0
481320,1,1,0,0,0,0,0,17,28,0,0,0
481320,2,1,0,0,6,9,0,21,0,12,0,14
481321,0,1,0,32,7,0,0,0,0,7,0,0
481321,1,1,0,15,0,0,16,0,0,9,20,0
481322,1,1,0,0,0,0,15,0,24,0,0,0
481322,2,1,0,0,0,0,0,0,0,0,0,0
481322,3,1,0,0,0,0,0,0,0,0,0,0
481324,0,1,0,38,0,0,41,0,0,0,0,0
481324,1,1,0,0,0,0,0,13,0,0,0,0
481325,1,1,13,13,13,13,13,13,13,13,13,13
481325,2,1,0,0,0,0,2,0,3,0,0,0
481325,3,1,0,0,0,0,0,0,0,0,0,11
481326,1,1,8,8,8,8,8,8,8,8,8,8
481327,1,1,16,16,16,16,16,16,16,16,16,16
481328,1,1,0,0,0,0,0,0,0,0,0,0
481328,3,1,0,0,8,0,0,7,0,29,0,0
481329,1,1,23,23,23,23,23,23,23,23,23,23
481330,0,1,26,36,21,18,8,14,29,18,6,27
481330,1,1,0,0,0,0,17,0,0,0,0,0
481331,1,1,0,0,14,0,0,0,0,0,0,0
481331,2,1,0,2,0,0,0,0,0,12,0,0
481332,1,1,0,0,9,0,14,29,0,0,0,0
481332,2,1,0,0,0,0,0,0,0,0,0,0
481333,1,1,1,1,1,1,1,1,1,1,1,1
481333,2,1,2,2,2,2,2,2,2,2,2,2
481335,1,1,0,0,0,0,0,0,0,0,0,0
481335,2,1,18,0,0,0,18,0,0,0,0,15
481336,1,1,0,0,5,0,0,0,0,0,0,0
481336,2,1,0,0,0,0,0,0,0,0,3,0
481337,0,1,0,0,0,0,0,0,0,0,0,0
481337,1,1,0,0,0,0,0,0,0,0,0,0
481338,1,1,0,0,0,0,0,0,0,0,0,0
481338,2,1,0,0,0,0,0,0,0,0,0,0
481339,1,1,0,0,0,0,0,0,0,0,0,0
481339,2,1,0,0,0,0,0,0,0,0,0,0
481339,3,1,0,12,0,11,0,0,0,17,0,0
481340,1,1,27,27,27,27,27,27,27,27,27,27
481341,1,1,11,11,11,11,11,11,11,11,11,11
481342,1,1,0,0,0,0,0,0,10,0,0,0
481342,2,1,0,0,0,15,0,0,11,0,0,0
481343,1,1,0,0,0,26,0,0,0,0,0,0
481343,2,1,0,0,0,0,0,0,0,0,0,0
481344,0,1,28,28,28,28,28,28,28,28,28,28
481344,1,1,0,0,0,4,0,0,7,0,0,14
481345,0,1,14,0,0,0,0,0,23,27,0,0
481345,1,1,0,0,5,19,8,0,0,12,0,0
481346,1,1,0,0,10,0,0,0,0,0,0,0
481346,2,1,0,0,0,0,0,0,18,0,0,28
481347,1,1,0,0,0,0,0,0,17,0,0,0
481348,1,1,0,0,0,0,0,0,0,0,0,0
481348,2,1,0,14,0,0,0,10,9,12,12,3
481349,1,1,23,8,15,17,29,32,13,21,31,22
481350,1,1,0,0,0,13,0,0,0,0,12,31
481351,1,1,0,0,0,0,0,0,0,0,0,0
481352,1,1,18,12,20,7,13,14,24,9,20,23
481353,0,1,29,0,0,0,11,0,0,0,0,0
481353,1,1,0,0,0,28,0,41,19,0,4,0
481353,2,1,27,24,21,0,0,18,0,4,0,0
481354,1,1,0,0,0,0,0,0,0,0,0,0
481354,2,1,13,13,13,13,13,13,13,13,13,13
481355,1,1,0,0,0,0,0,0,13,0,0,0
481356,1,1,23,14,0,15,12,4,0,11,0,0
481357,1,1,0,0,0,0,0,0,0,0,0,13
481357,2,1,0,0,0,0,0,10,0,0,0,0
481358,1,1,0,0,0,0,0,0,0,0,0,0
481358,2,1,0,0,0,0,0,0,0,0,0,0
481359,1,1,27,27,27,27,27,27,27,27,27,27
481359,2,1,0,0,0,0,0,0,0,0,0,0
481360,1,1,0,0,0,19,0,23,0,0,14,0
481360,2,1,0,0,0,0,0,0,0,0,0,0
481361,1,1,0,0,0,0,0,0,0,0,0,0
481361,2,1,28,4,0,0,0,19,0,0,0,0
481362,1,1,3,0,0,0,20,0,0,0,0,21
481362,2,1,0,0,0,18,15,10,0,36,17,0
481363,1,1,0,0,0,0,0,0,0,0,0,0
481363,2,1,0,0,0,0,0,0,0,0,0,0
481364,1,1,0,0,0,0,9,0,0,0,0,15
481364,2,1,13,14,0,0,0,47,0,0,0,19
481365,1,1,0,10,22,34,29,14,24,0,0,18
481366,1,1,8,8,8,8,8,8,8,8,8,8
481367,1,1,0,0,0,0,26,10,0,18,0,0
481367,2,1,0,17,8,0,0,0,0,0,0,0
481368,1,1,0,0,0,13,0,0,0,0,0,0
481368,2,1,0,0,0,0,0,0,0,0,13,0
481369,1,1,0,0,14,0,0,0,0,0,0,0
481369,2,1,0,12,0,0,0,0,0,25,0,0
481370,1,1,30,30,30,30,30,30,30,30,30,30
481370,2,1,0,0,0,0,0,0,0,0,15,0
481371,1,1,0,0,0,0,0,0,0,0,0,0
481371,2,1,0,0,0,0,0,0,0,0,0,0
481372,1,1,0,0,0,0,0,0,0,0,0,0
481372,2,1,0,0,0,0,0,0,0,0,0,0
481373,1,1,0,0,0,0,0,0,0,0,31,0
481373,2,1,0,0,0,0,0,0,0,0,0,0
481374,1,1,0,0,0,0,0,0,0,0,0,0
481375,1,1,20,20,20,20,20,20,20,20,20,20
481376,1,1,6,6,6,6,6,6,6,6,6,6
481376,2,1,15,0,0,4,0,21,0,0,0,0
481376,3,1,0,0,13,0,0,0,0,0,0,0
481377,1,1,7,7,7,7,7,7,7,7,7,7
481377,2,1,18,18,18,18,18,18,18,18,18,18
481378,1,1,10,10,10,10,10,10,10,10,10,10
481379,1,1,25,25,25,25,25,25,25,25,25,25
481380,1,1,13,13,13,13,13,13,13,13,13,13
481380,2,1,6,18,15,16,0,2,18,0,16,25
481380,3,1,0,6,0,0,0,0,0,24,0,10
481381,1,1,21,0,0,12,0,0,0,0,5,0
481382,0,1,0,0,0,0,0,0,0,0,31,0
481382,1,1,0,0,0,0,0,0,0,0,0,0
481383,0,1,0,0,0,0,0,0,0,0,0,0
481383,1,1,17,0,21,4,0,0,19,0,20,0
481383,2,1,0,0,0,0,0,0,0,0,0,0
481384,1,1,18,13,6,4,0,0,15,26,0,0
481385,1,1,24,24,24,24,24,24,24,24,24,24
481385,2,1,0,18,0,0,0,0,0,0,0,0
481386,1,1,0,13,14,0,0,0,0,0,31,0
481387,1,1,11,0,0,0,0,0,0,0,0,0
481387,2,1,0,0,0,0,0,24,0,0,0,0
481388,0,1,0,0,0,0,0,27,0,0,0,13
481388,1,1,0,10,20,30,0,14,0,0,0,0
481389,1,1,28,28,28,28,28,28,28,28,28,28
481389,2,1,0,0,12,0,17,0,25,8,0,10
481390,1,1,18,18,18,18,18,18,18,18,18,18
481390,2,1,0,0,0,13,0,0,0,41,0,0
481391,1,1,0,0,0,8,14,0,4,0,26,23
481391,2,1,19,19,19,19,19,19,19,19,19,19
481392,1,1,0,0,0,13,0,0,15,22,0,0
481392,2,1,0,0,9,0,0,0,0,31,0,0
481393,1,1,0,0,8,0,0,0,0,19,0,0
481394,1,1,0,0,0,0,0,0,0,0,0,0
481394,2,1,0,0,0,0,0,0,0,0,0,0
481396,1,1,12,12,12,12,12,12,12,12,12,12
481397,1,1,26,26,26,26,26,26,26,26,26,26
481398,1,1,22,22,22,22,22,22,22,22,22,22
481399,1,1,0,0,0,0,0,0,0,0,0,0
481399,2,1,23,0,0,23,0,0,0,0,0,0
481399,3,1,0,0,0,0,0,0,0,0,0,0
481400,1,1,0,0,0,0,0,0,0,0,0,20
481401,1,1,0,0,18,11,0,0,0,0,13,8
481402,0,1,34,34,34,34,34,34,34,34,34,34
481402,1,1,0,14,0,15,0,0,5,0,0,0
481403,1,1,0,0,0,0,0,0,0,0,0,0
481404,1,1,18,18,18,18,18,18,18,18,18,18
481405,1,1,14,0,0,0,24,0,0,0,19,0
481405,2,1,16,14,0,0,0,0,18,0,9,20
481405,3,1,0,0,0,16,16,0,31,0,0,0
481406,0,1,0,0,0,0,0,0,0,0,0,0
481406,1,1,0,0,17,0,0,0,0,0,0,0
481407,0,1,0,0,33,0,0,0,0,0,0,25
481407,1,1,9,12,4,9,12,0,8,0,0,19
481408,1,1,4,4,4,4,4,4,4,4,4,4
481408,2,1,10,0,0,0,0,0,0,0,0,0
481409,0,1,0,0,21,0,0,0,35,0,0,0
481409,1,1,0,13,0,11,16,0,0,0,0,0
481410,1,1,0,15,0,0,0,0,7,0,0,0
481410,2,1,0,0,0,0,0,0,0,0,0,0
481411,1,1,26,26,26,26,26,26,26,26,26,26
481411,2,1,0,0,0,0,0,0,0,0,0,0
481412,1,1,20,20,20,20,20,20,20,20,20,20
481412,2,1,0,0,0,0,0,0,0,0,0,0
481413,1,1,16,0,0,0,11,9,6,9,0,13
481413,2,1,0,0,0,0,0,0,0,0,0,0
481416,1,1,0,0,0,0,0,0,0,0,0,0
481416,2,1,0,0,0,0,0,0,0,0,0,0
481417,0,1,0,0,0,0,0,0,0,0,0,0
481417,1,1,8,8,8,8,8,8,8,8,8,8
481417,2,1,21,0,0,13,0,14,14,9,9,0
481417,3,1,0,0,0,0,0,0,15,16,30,16
481418,1,1,18,18,18,18,18,18,18,18,18,18
481419,1,1,0,0,0,0,0,0,0,0,0,0
481420,1,1,0,0,0,0,0,0,0,0,0,0
481420,2,1,0,0,0,0,5,0,0,0,0,28
481420,3,1,0,0,0,0,0,0,0,0,18,0
481421,0,1,33,33,33,33,33,33,33,33,33,33
481421,1,1,0,11,0,0,0,0,14,0,0,14
481422,1,1,20,0,0,14,0,15,0,22,29,18
481423,0,1,12,0,34,21,0,18,0,0,0,14
481423,1,1,0,0,10,7,6,0,0,14,0,0
481424,1,1,18,18,18,18,18,18,18,18,18,18
481425,1,1,20,20,20,20,20,20,20,20,20,20
481426,0,1,0,0,7,0,0,0,0,0,6,0
481426,1,1,22,0,0,0,21,2,0,0,0,0
481427,1,1,9,9,9,9,9,9,9,9,9,9
481427,2,1,0,0,0,0,0,0,0,0,0,0
481428,1,1,0,0,0,0,0,0,0,0,0,30
481428,2,1,0,0,0,0,0,0,0,0,0,0
481429,1,1,20,0,16,0,17,0,13,0,0,0
481430,1,1,0,9,10,0,0,24,0,10,0,23
481431,1,1,25,25,25,25,25,25,25,25,25,25
481431,2,1,9,0,0,0,0,0,0,19,26,0
481432,1,1,0,0,0,0,0,0,13,0,0,0
481432,2,1,0,0,0,0,0,0,0,0,0,0
481433,1,1,0,0,0,0,0,0,0,0,0,0
481434,1,1,11,11,11,11,11,11,11,11,11,11
481435,1,1,17,17,17,17,17,17,17,17,17,17
481436,1,1,0,0,0,5,3,0,0,0,0,0
481436,2,1,3,3,3,3,3,3,3,3,3,3
481436,3,1,0,0,0,0,0,0,0,0,11,12
481437,0,1,0,0,0,0,0,0,0,0,0,0
481437,1,1,0,0,0,0,0,0,0,0,0,0
481438,1,1,0,0,0,0,0,0,0,0,0,0
481438,2,1,0,0,0,0,0,0,0,0,0,0
481439,1,1,0,0,0,0,0,0,0,0,0,0
481439,2,1,0,0,13,0,0,0,0,0,0,0
481440,1,1,0,0,0,0,0,0,0,0,0,0
481441,1,1,0,0,0,0,0,0,0,0,0,0
481441,2,1,0,0,0,0,0,0,0,0,0,0
481442,0,1,0,0,0,0,0,0,0,7,0,0
481442,1,1,0,0,0,0,6,0,0,0,0,0
481443,0,1,0,0,0,16,0,15,19,0,0,21
481443,1,1,0,14,0,0,9,0,0,0,0,0
481444,1,1,0,0,0,0,0,0,0,0,0,0
481444,2,1,0,0,11,19,0,12,0,0,23,0
481444,3,1,0,26,0,0,0,31,0,0,18,0
481445,1,1,4,12,3,16,0,5,0,19,0,0
481445,2,1,0,0,0,0,0,0,0,0,0,0
481445,3,1,24,0,0,0,0,0,22,0,13,0