ST_CASE,VEH_NO,PER_NO,P1,P2,P3,P4,P5,P6,P7,P8,P9,P10
481445,4,1,23,8,0,0,0,38,0,8,0,18
481446,1,1,0,0,0,0,0,0,0,0,0,0
481447,0,1,35,0,13,22,43,34,0,31,0,0
481447,1,1,3,3,3,3,3,3,3,3,3,3
481447,2,1,31,25,18,0,0,10,21,7,13,0
481448,1,1,16,0,26,28,0,0,6,20,0,22
481450,1,1,11,11,11,11,11,11,11,11,11,11
481450,2,1,0,0,5,0,0,0,0,0,0,0
481451,0,1,16,40,0,0,0,0,15,0,0,20
481451,1,1,12,46,15,2,0,6,0,0,9,0
481451,2,1,0,0,0,0,0,18,0,23,0,0
481452,1,1,0,0,0,0,8,12,0,0,15,0
481452,2,1,13,0,0,0,0,0,0,0,20,17
481453,1,1,0,0,0,0,0,10,0,0,21,0
481453,2,1,5,0,27,11,0,2,6,0,18,0
481454,1,1,0,26,0,0,0,0,7,0,21,0
481455,1,1,0,0,0,0,0,0,0,0,0,32
481455,2,1,0,0,0,0,0,0,0,0,0,0
481456,1,1,0,0,0,0,0,0,0,0,0,0
481457,1,1,24,24,24,24,24,24,24,24,24,24
481458,1,1,0,0,0,0,0,0,0,0,0,0
481460,1,1,13,13,13,13,13,13,13,13,13,13
481461,1,1,0,0,0,0,0,0,0,0,0,0
481461,2,1,0,0,0,0,17,0,0,0,0,0
481463,1,1,0,0,0,0,0,0,0,0,0,0
481464,1,1,7,0,21,17,0,0,30,23,20,0
481465,1,1,13,13,13,13,13,13,13,13,13,13
481465,2,1,28,28,28,28,28,28,28,28,28,28
481466,0,1,0,0,0,0,0,0,0,0,0,0
481466,1,1,0,24,0,9,21,0,17,18,16,0
481467,1,1,0,0,0,0,0,0,0,0,0,0
481467,2,1,0,0,0,0,0,0,0,0,0,0
481468,1,1,0,0,0,0,0,0,16,14,0,0
481468,2,1,0,0,0,0,0,0,0,0,0,0
481469,1,1,10,0,0,0,0,20,0,0,0,0
481469,2,1,17,17,17,17,17,17,17,17,17,17
481470,1,1,11,10,20,5,23,10,15,14,22,34
481470,2,1,10,10,10,10,10,10,10,10,10,10
481471,1,1,20,20,0,0,0,18,0,23,9,11
481472,1,1,23,21,6,8,0,11,13,0,17,24
481473,1,1,20,20,20,20,20,20,20,20,20,20
481474,0,1,0,0,0,0,0,0,0,0,0,0
481474,1,1,0,11,17,11,26,0,0,0,0,13
481475,1,1,3,3,3,3,3,3,3,3,3,3
481476,1,1,0,0,0,0,0,0,0,15,0,0
481476,2,1,0,8,0,0,0,0,16,0,0,0
481477,1,1,23,23,23,23,23,23,23,23,23,23
481477,2,1,0,0,0,0,0,0,0,0,0,0
481478,1,1,0,0,0,0,0,9,0,0,7,0
481478,2,1,0,0,0,0,0,0,0,0,0,0
481479,1,1,0,0,0,0,0,0,0,0,0,0
481480,1,1,0,0,0,0,0,0,0,0,0,0
481480,2,1,0,0,0,0,0,0,0,0,0,0
481481,1,1,0,0,0,0,0,13,0,0,0,0
481481,2,1,0,0,0,0,0,0,0,0,0,0
481482,1,1,0,0,0,0,0,0,0,9,0,0
481483,0,1,11,0,13,14,53,11,0,14,31,15
481483,1,1,0,13,0,0,13,0,0,0,22,0
481484,1,1,0,0,13,0,8,3,8,0,17,13
481485,0,1,0,0,0,0,0,0,0,0,0,0
481485,1,1,0,7,4,8,0,19,0,0,17,0
481486,1,1,0,0,0,0,0,0,0,0,0,0
481486,2,1,24,24,15,38,16,14,19,11,14,0
481487,1,1,29,29,29,29,29,29,29,29,29,29
481488,1,1,20,0,0,0,30,0,19,16,0,21
481490,1,1,9,9,9,9,9,9,9,9,9,9
481490,2,1,12,12,12,12,12,12,12,12,12,12
481491,1,1,0,0,0,0,0,0,0,0,0,0
481491,2,1,0,0,0,0,0,0,0,19,0,0
481491,3,1,13,0,12,0,0,0,0,0,0,0
481491,4,1,0,0,0,0,0,25,15,18,0,0
481491,5,1,0,0,0,0,0,0,0,0,0,0
481492,1,1,0,0,0,0,0,0,0,0,0,0
481492,2,1,0,0,0,0,0,0,0,0,0,0
481493,0,1,17,0,0,0,12,0,0,8,0,12
481493,1,1,0,0,0,14,19,0,4,0,0,0
481494,1,1,0,0,0,0,0,0,0,0,0,0
481494,2,1,0,0,0,27,0,18,0,0,0,0
481495,1,1,0,0,0,0,0,7,0,0,0,0
481496,1,1,0,0,0,0,0,0,0,0,0,0
481496,2,1,0,0,0,0,0,0,0,0,0,0
481497,0,1,10,10,10,10,10,10,10,10,10,10
481497,1,1,0,0,0,0,0,0,0,0,0,0
481498,1,1,0,0,0,0,0,0,0,0,0,15
481498,2,1,0,0,0,0,0,0,22,0,0,23
481499,1,1,21,21,21,21,21,21,21,21,21,21
481499,2,1,0,0,0,0,0,0,0,0,0,0
481500,0,1,19,0,0,0,0,6,0,15,31,33
481500,1,1,15,11,0,0,0,0,13,14,0,0
481501,1,1,26,26,26,26,26,26,26,26,26,26
481501,2,1,15,13,0,0,0,3,4,6,25,9
481502,1,1,0,0,19,0,0,0,0,19,0,0
481503,1,1,2,2,2,2,2,2,2,2,2,2
481504,1,1,25,25,25,25,25,25,25,25,25,25
481504,2,1,0,0,0,0,0,0,0,0,0,0
481505,0,1,28,28,28,28,28,28,28,28,28,28
481505,1,1,0,5,18,0,0,0,0,0,6,26
481506,1,1,0,0,0,0,0,0,0,0,0,0
481506,2,1,15,15,15,15,15,15,15,15,15,15
481507,1,1,8,8,8,8,8,8,8,8,8,8
481508,1,1,0,0,0,0,0,0,0,0,0,0
481509,1,1,19,13,39,0,12,12,22,29,12,26
481510,1,1,11,10,4,15,10,10,3,3,3,11
481510,2,1,0,0,0,0,12,0,0,0,8,23
481511,1,1,4,6,0,0,11,13,0,0,4,16
481511,2,1,15,15,15,15,15,15,15,15,15,15
481512,1,1,10,10,10,10,10,10,10,10,10,10
481513,1,1,20,11,8,0,0,7,15,11,0,12
481513,2,1,0,19,13,0,0,0,0,0,0,0
481514,1,1,0,0,0,0,0,0,0,0,0,0
481514,2,1,0,0,0,0,0,0,0,0,0,0
481515,0,1,0,15,0,0,0,31,0,0,0,0
481515,1,1,11,0,0,13,0,0,9,0,0,8
481516,1,1,0,0,0,0,0,0,0,0,0,0
481516,2,1,0,0,0,0,0,0,0,0,0,0
481517,1,1,29,29,29,29,29,29,29,29,29,29
481517,2,1,0,0,3,0,0,0,0,0,0,0
481518,1,1,0,0,0,0,0,0,0,0,0,15
481518,2,1,29,0,0,0,18,0,0,11,0,0
481518,3,1,0,7,0,0,7,12,0,0,0,15
481519,1,1,0,0,0,0,0,0,0,0,0,0
481519,2,1,0,0,0,0,0,0,0,0,0,0
481520,1,1,37,37,37,37,37,37,37,37,37,37
481520,2,1,0,7,38,0,0,0,10,0,0,10
481521,1,1,0,0,0,0,0,0,0,0,0,0
481521,2,1,0,0,0,0,0,1,0,0,0,0
481522,1,1,28,11,6,16,29,19,16,14,11,31
481522,2,1,0,0,17,0,0,0,0,0,18,5
481523,1,1,0,0,0,31,0,17,0,0,0,0
481524,1,1,0,0,0,0,0,0,0,0,0,0
481525,1,1,28,28,28,28,28,28,28,28,28,28
481526,1,1,0,0,0,0,0,0,0,0,0,0
481526,2,1,0,0,0,0,0,18,0,0,0,0
481527,1,1,19,8,0,0,0,0,0,7,10,0
481528,0,1,0,0,0,0,0,0,0,0,0,0
481528,1,1,0,0,0,0,0,0,0,0,0,2
481529,1,1,11,11,11,11,11,11,11,11,11,11
481530,1,1,0,0,0,3,0,0,0,0,0,0
481530,2,1,0,0,0,0,0,0,0,0,0,0
481531,1,1,0,0,10,0,0,0,0,0,0,0
481531,2,1,0,0,0,0,0,0,0,0,0,0
481532,0,1,0,0,0,0,0,0,0,0,0,0
481532,1,1,0,0,0,0,0,1,10,4,10,0
481532,2,1,0,0,7,13,10,2,0,1,0,0
481533,1,1,15,15,15,15,15,15,15,15,15,15
481533,2,1,5,27,20,0,21,23,11,0,0,0
481534,1,1,24,24,24,24,24,24,24,24,24,24
481534,2,1,12,8,0,11,0,0,0,0,0,0
481535,1,1,0,0,0,0,0,0,0,0,0,0
481535,2,1,0,0,32,0,0,0,0,0,0,0
481536,1,1,0,0,0,0,0,0,0,3,0,0
481536,2,1,0,0,0,0,0,0,32,0,0,0
481537,0,1,0,0,0,9,0,0,25,9,0,0
481537,1,1,36,20,8,11,12,19,17,24,36,13
481538,0,1,0,0,0,0,0,0,0,0,0,0
481538,1,1,0,0,0,0,0,0,0,0,12,0
481539,1,1,25,25,25,25,25,25,25,25,25,25
481539,2,1,0,13,0,0,18,0,16,0,0,0
481540,1,1,0,0,0,0,14,4,0,12,0,0
481540,2,1,10,12,0,0,0,18,0,0,0,16
481541,1,1,0,9,0,0,15,0,0,0,0,14
481542,1,1,0,0,0,0,0,0,0,0,0,0
481542,2,1,0,0,18,0,0,0,0,0,0,0
481543,1,1,0,0,0,0,0,0,17,0,0,0
481543,2,1,0,0,0,0,0,0,0,0,0,0
481544,1,1,24,24,24,24,24,24,24,24,24,24
481544,2,1,30,0,14,0,0,12,23,0,22,16
481545,1,1,0,0,7,0,0,0,0,0,3,0
481545,2,1,12,0,0,0,0,0,0,20,0,0
481546,0,1,0,0,0,0,0,0,0,0,0,0
481546,1,1,9,0,17,0,0,0,21,0,29,0
481546,2,1,0,13,0,0,22,0,0,0,0,0
481547,0,1,1,1,1,1,1,1,1,1,1,1
481547,1,1,12,0,0,11,0,0,0,17,8,0
481548,1,1,0,0,0,0,0,0,0,0,0,0
481548,2,1,0,0,0,0,0,0,0,0,0,0
481549,1,1,14,0,0,0,0,6,0,12,0,0
481550,1,1,0,0,0,15,0,0,0,16,0,17
481550,2,1,0,0,0,0,0,0,2,0,0,0
481550,3,1,0,4,0,0,0,0,0,0,0,3
481550,4,1,0,0,0,0,0,0,0,0,0,0
481551,1,1,7,7,7,7,7,7,7,7,7,7
481552,1,1,9,7,0,24,0,17,10,21,9,18
481553,1,1,0,0,0,0,0,0,0,18,0,18
481554,0,1,30,0,0,0,0,0,10,0,0,21
481554,1,1,22,0,0,7,11,20,0,0,6,0
481555,1,1,21,0,0,5,0,0,0,0,0,9
481556,1,1,25,25,25,25,25,25,25,25,25,25
481556,2,1,0,6,0,0,0,0,0,0,24,0
481557,1,1,0,0,0,0,0,0,0,0,0,0
481557,2,1,0,0,0,0,0,0,0,0,0,0
481558,1,1,18,19,0,0,0,0,17,14,0,0
481558,2,1,10,6,0,12,0,9,0,0,0,15
481559,0,1,0,0,0,0,0,0,0,0,0,0
481559,1,1,0,0,0,0,0,0,0,0,0,0
481560,0,1,0,0,0,0,0,0,0,0,0,0
481560,1,1,11,0,0,0,0,0,19,0,0,0
481561,1,1,0,0,0,0,0,0,0,0,5,0
481561,2,1,0,8,0,0,0,0,9,0,0,9
481562,0,1,0,0,0,7,0,9,10,27,0,0
481562,1,1,0,0,0,0,0,5,0,0,0,0
481563,1,1,12,12,12,12,12,12,12,12,12,12
481563,2,1,0,0,28,0,0,8,8,0,14,0
481564,1,1,0,0,0,0,0,0,0,0,0,0
481564,2,1,0,0,0,0,0,0,0,0,0,0
481565,1,1,17,17,17,17,17,17,17,17,17,17
481566,1,1,0,0,0,0,0,0,0,0,0,0
481566,2,1,0,0,0,0,0,0,0,10,0,9
481566,3,1,0,0,0,0,0,0,0,24,0,0
481567,1,1,0,0,0,0,0,0,0,0,0,0
481567,2,1,0,0,0,0,0,0,0,0,0,0
481568,1,1,30,30,30,30,30,30,30,30,30,30
481568,2,1,11,17,10,0,0,0,0,8,0,0
481568,3,1,0,14,9,0,6,23,22,10,6,17
481568,4,1,4,7,0,9,0,0,0,0,0,0
481568,5,1,0,0,22,18,20,8,0,0,0,0
481569,1,1,13,13,13,13,13,13,13,13,13,13
481570,1,1,0,0,0,0,0,0,0,0,0,0
481570,2,1,0,0,0,0,0,0,0,0,0,0
481571,1,1,18,18,18,18,18,18,18,18,18,18
481571,2,1,0,0,0,0,0,0,0,0,0,0
481573,1,1,12,34,20,9,20,16,21,33,14,5
481574,1,1,0,9,16,0,0,14,0,0,0,0
481574,2,1,0,0,20,0,0,0,17,0,0,0
481575,0,1,24,24,24,24,24,24,24,24,24,24
481575,1,1,20,0,16,7,9,14,11,11,16,15
481576,0,1,6,16,19,0,0,8,0,14,0,0
481576,1,1,0,0,0,0,24,0,0,8,6,0
481577,1,1,0,0,0,0,0,0,0,0,0,0
481578,1,1,0,0,0,0,0,0,0,0,0,0
481579,1,1,17,0,0,0,0,0,0,0,0,25
481580,0,1,20,20,20,20,20,20,20,20,20,20
481580,1,1,0,0,0,0,0,0,0,0,0,0
481580,2,1,0,0,0,0,17,0,0,0,10,0
481581,1,1,16,0,0,0,0,0,0,0,0,0
481581,2,1,0,0,0,0,0,0,0,0,0,0
481582,0,1,0,0,27,0,18,0,0,0,14,0
481582,1,1,13,13,13,13,13,13,13,13,13,13
481582,2,1,0,0,9,0,38,0,0,0,0,13
481583,1,1,19,19,19,19,19,19,19,19,19,19
481584,1,1,17,0,0,0,9,16,0,0,0,0
481584,2,1,0,0,0,0,0,0,0,0,0,0
481585,1,1,13,0,0,0,0,17,0,0,0,0
481585,2,1,0,0,0,0,8,0,0,0,0,0
481586,1,1,16,16,16,16,16,16,16,16,16,16
481586,2,1,29,7,0,0,0,0,0,0,0,0
481587,0,1,0,4,0,0,6,0,0,0,0,0
481587,1,1,0,0,12,0,17,9,0,0,0,0
481588,0,1,0,0,0,0,0,0,0,0,0,0
481588,1,1,0,0,0,0,10,0,0,0,0,0
481589,1,1,17,17,17,17,17,17,17,17,17,17
481590,1,1,24,24,24,24,24,24,24,24,24,24
481590,2,1,0,0,0,0,0,0,0,0,0,0
481591,1,1,13,13,13,13,13,13,13,13,13,13
481592,0,1,46,0,6,15,0,26,0,20,0,0
481592,1,1,0,0,8,0,0,0,0,16,0,0
481593,1,1,25,25,25,25,25,25,25,25,25,25
481593,2,1,0,0,0,22,0,0,12,0,0,0
481594,0,1,0,0,0,0,0,0,0,0,0,0
481594,1,1,0,0,0,0,0,0,0,0,0,0
481595,1,1,2,2,2,2,2,2,2,2,2,2
481595,2,1,0,0,8,0,34,0,0,0,0,0
481596,0,1,0,0,0,0,0,0,0,0,0,0
481596,1,1,26,0,0,0,0,0,0,0,0,0
481597,0,1,19,19,19,19,19,19,19,19,19,19
481597,1,1,6,2,0,7,0,0,25,0,13,0
481598,1,1,11,0,18,16,7,8,47,24,16,12
481599,1,1,0,0,0,0,23,0,24,0,0,0
481599,2,1,0,0,16,0,0,0,0,0,0,0
481599,3,1,25,0,0,0,0,0,0,0,0,0
481599,4,1,0,0,0,0,0,0,18,0,10,0
481600,1,1,0,0,0,0,0,0,0,0,0,0
481600,2,1,18,10,0,0,0,0,0,15,0,0
481601,1,1,19,19,19,19,19,19,19,19,19,19
481602,1,1,0,0,0,0,0,6,17,0,0,0
481602,2,1,0,0,0,0,0,0,0,0,0,0
481603,1,1,24,0,0,0,0,0,0,0,0,0
481603,2,1,5,5,5,5,5,5,5,5,5,5
481604,1,1,0,0,0,29,0,0,6,0,0,16
481605,1,1,14,15,11,17,21,42,11,5,19,25
481605,2,1,0,0,0,0,0,0,0,0,0,0
481606,1,1,15,0,34,0,0,18,0,16,0,8
481606,2,1,0,0,0,0,0,0,32,0,0,0
481607,1,1,6,6,6,6,6,6,6,6,6,6
481608,1,1,0,0,0,0,0,0,0,0,0,0
481609,1,1,31,0,0,0,32,22,12,51,8,27
481610,0,1,0,36,9,0,0,0,15,13,0,38
481610,1,1,16,0,0,15,0,0,8,15,11,14
481611,1,1,24,24,24,24,24,24,24,24,24,24
481611,2,1,0,16,0,42,4,20,0,0,24,0
481612,1,1,0,0,0,0,0,0,0,0,0,0
481612,2,1,0,0,0,0,0,0,0,10,5,0
481613,1,1,0,0,0,0,0,0,0,0,0,0
481614,1,1,4,4,4,4,4,4,4,4,4,4
481614,2,1,0,4,0,0,0,0,0,0,0,0
481615,1,1,7,7,7,7,7,7,7,7,7,7
481616,1,1,0,0,14,16,12,17,14,0,0,16
481616,2,1,0,0,0,0,0,0,0,0,0,0
481617,1,1,0,0,0,0,0,0,0,0,0,0
481619,0,1,0,0,0,0,0,0,0,0,0,0
481619,1,1,0,0,0,0,0,0,2,7,12,0
481620,1,1,0,0,0,9,15,20,16,0,0,0
481621,1,1,0,0,0,0,0,0,0,0,0,0
481622,1,1,0,20,25,14,0,23,25,0,0,18
481622,2,1,14,0,0,20,14,0,0,0,0,0
481623,1,1,35,35,35,35,35,35,35,35,35,35
481624,1,1,0,0,0,0,0,0,0,0,0,0
481624,2,1,0,0,0,0,15,0,13,0,0,0
481625,1,1,0,0,0,0,0,0,0,0,0,0
481625,2,1,10,19,0,0,0,0,0,13,0,0
481626,1,1,9,9,9,9,9,9,9,9,9,9
481627,1,1,0,0,17,9,6,0,15,19,12,0
481628,1,1,7,7,7,7,7,7,7,7,7,7
481629,0,1,0,0,9,0,4,0,0,0,0,0
481629,1,1,21,0,22,0,0,0,0,0,0,0
481630,0,1,18,0,0,0,25,0,0,0,0,28
481630,1,1,0,13,0,0,0,0,0,0,0,7
481632,1,1,13,13,13,13,13,13,13,13,13,13
481633,1,1,0,0,9,0,0,10,0,0,0,0
481633,2,1,9,0,0,34,0,0,14,0,0,0
481634,1,1,0,0,27,0,14,0,21,0,0,0
481634,2,1,0,0,0,0,0,0,0,0,0,0
481635,0,1,18,18,18,18,18,18,18,18,18,18
481635,1,1,15,8,0,0,0,0,0,0,0,0
481636,1,1,0,11,0,0,24,0,0,0,0,0
481636,2,1,15,15,15,15,15,15,15,15,15,15
481637,1,1,0,0,0,0,0,0,0,0,0,0
481637,2,1,14,0,0,2,0,0,17,0,0,16
481638,1,1,0,0,0,0,0,0,0,0,0,0
481638,2,1,0,0,0,0,0,0,0,0,0,0
481639,1,1,0,0,0,0,0,0,0,0,10,0
481639,2,1,13,0,0,0,0,0,27,0,0,0
481639,3,1,0,0,0,10,0,27,23,0,0,0
481639,4,1,0,0,0,0,0,0,0,0,0,0
481640,1,1,16,20,25,17,10,12,18,5,40,27
481640,2,1,0,0,0,0,0,0,0,0,0,0
481641,1,1,0,31,13,0,0,0,0,0,0,11
481642,1,1,0,0,0,0,0,0,0,0,0,0
481643,1,1,0,0,0,0,21,13,0,0,0,0
481643,2,1,0,0,2,0,0,0,3,0,0,0
481644,0,1,0,0,0,13,0,0,0,0,0,0
481644,0,2,0,0,0,0,0,0,0,0,0,0
481644,0,3,0,0,0,0,0,0,0,0,0,0
481644,1,1,17,0,0,10,0,0,0,0,0,18
481645,1,1,0,0,0,0,0,0,0,0,0,0
481645,2,1,0,11,0,27,0,0,0,0,0,0
481646,0,1,0,0,0,0,0,0,0,0,0,0
481646,1,1,0,25,0,19,0,0,12,20,0,14
481647,1,1,20,20,20,20,20,20,20,20,20,20
481648,1,1,16,16,16,16,16,16,16,16,16,16
481648,2,1,0,0,0,0,9,27,0,0,0,0
481649,1,1,0,0,0,0,0,0,0,0,0,0
481649,2,1,0,1,0,0,7,0,0,0,0,0
481650,1,1,40,15,26,9,17,23,32,13,8,21
481651,1,1,0,0,0,0,0,0,0,0,0,0
481651,2,1,0,0,0,16,0,0,9,15,0,0
481652,1,1,0,0,0,0,0,0,0,0,0,0
481652,2,1,0,0,0,0,0,0,0,0,0,0
481653,1,1,0,0,0,0,0,0,0,0,0,0
481654,1,1,16,16,16,16,16,16,16,16,16,16
481655,0,1,0,0,0,0,0,9,30,0,0,18
481655,0,2,22,0,15,0,0,0,0,0,0,0
481655,1,1,0,0,0,0,0,0,0,0,0,0
481656,1,1,21,21,21,21,21,21,21,21,21,21
481657,0,1,26,26,26,26,26,26,26,26,26,26
481657,1,1,10,0,20,0,0,0,26,0,0,0
481658,1,1,0,0,0,0,0,8,0,34,0,0
481659,1,1,0,0,0,0,17,0,0,0,0,0
481659,2,1,0,0,0,0,0,16,0,0,0,0
481660,1,1,29,23,7,0,8,13,12,0,0,0
481661,1,1,0,14,29,8,0,0,0,0,0,26
481662,0,1,0,0,0,0,0,0,0,0,0,0
481662,1,1,0,0,12,6,0,0,0,20,0,0
481663,1,1,0,25,15,14,11,0,10,0,0,22
481663,2,1,15,11,16,0,20,0,0,0,0,0
481664,0,1,0,0,13,0,0,0,19,0,0,0
481664,1,1,18,0,0,7,6,12,0,7,0,0
481665,1,1,14,21,10,10,3,13,6,5,5,21
481665,2,1,0,0,0,18,0,0,20,0,0,0
481666,1,1,30,30,30,30,30,30,30,30,30,30
481666,2,1,0,0,0,0,0,0,0,0,0,0
481667,1,1,0,0,0,0,0,0,0,0,0,0
481668,1,1,0,0,0,0,0,0,0,0,0,0
481668,2,1,0,0,0,0,12,0,0,11,14,0
481669,1,1,24,24,24,24,24,24,24,24,24,24
481669,2,1,0,0,0,0,0,0,0,0,0,0
481669,3,1,7,0,0,7,0,0,0,9,0,0
481670,1,1,0,0,0,0,0,16,0,0,0,0
481671,0,1,22,22,22,22,22,22,22,22,22,22
481671,1,1,0,0,0,0,0,0,0,0,6,0
481672,1,1,24,24,24,24,24,24,24,24,24,24
481673,1,1,20,20,20,20,20,20,20,20,20,20
481674,1,1,8,13,8,28,31,13,12,15,11,12
481675,1,1,3,7,0,0,19,30,0,23,0,3
481676,1,1,0,7,0,0,0,0,0,0,0,0
481676,2,1,0,0,15,0,0,0,0,0,0,0
481677,1,1,21,21,21,21,21,21,21,21,21,21
481677,2,1,0,12,23,23,0,10,0,0,10,0
481678,1,1,0,0,26,15,0,0,10,8,0,0
481678,2,1,0,0,0,0,9,0,0,0,0,0
481678,3,1,0,0,0,0,0,0,0,0,0,0
481679,1,1,8,0,26,17,17,2,0,15,0,20
481680,0,1,0,0,0,0,0,0,0,0,0,0
481680,1,1,15,0,16,0,0,0,0,0,0,0
481681,1,1,0,0,0,13,0,0,0,0,25,0
481683,1,1,0,0,0,0,0,0,0,0,0,0
481683,2,1,0,0,0,0,0,0,0,0,0,0
481684,1,1,0,0,0,0,0,0,0,0,0,0
481685,0,1,0,0,0,0,0,0,0,0,0,0
481685,1,1,0,0,0,0,12,16,0,0,0,15
481686,1,1,0,7,29,0,15,33,16,0,0,0
481687,1,1,3,12,0,17,0,31,5,0,7,0
481687,2,1,0,0,9,27,3,0,13,0,0,0
481688,1,1,0,0,0,0,0,0,0,0,0,0
481689,1,1,0,0,0,0,0,0,0,20,0,0
481689,2,1,0,0,0,7,0,0,0,0,0,0
481690,1,1,17,17,17,17,17,17,17,17,17,17
481690,2,1,0,0,0,9,0,4,0,22,0,0
481690,3,1,0,0,0,0,0,0,0,24,0,0
481691,1,1,4,5,15,0,0,0,6,0,0,0
481691,2,1,0,0,0,0,0,0,0,0,0,0
481692,1,1,12,17,20,4,14,35,13,6,13,6
481692,2,1,0,51,8,0,0,25,0,24,0,19
481693,1,1,26,26,26,26,26,26,26,26,26,26
481693,2,1,9,0,33,0,11,11,10,6,0,7
481694,1,1,0,0,5,0,0,0,0,0,0,15
481694,2,1,0,0,0,0,0,0,0,0,0,15
481694,3,1,0,0,0,0,0,0,0,0,0,0
481695,0,1,15,10,0,0,19,16,0,0,20,0
481695,1,1,12,6,18,17,0,0,19,0,7,0
481696,1,1,0,0,0,0,0,0,0,0,0,0
481696,2,1,0,0,8,0,24,9,25,0,0,0
481696,3,1,0,0,0,0,3,0,0,24,8,0
481697,1,1,6,6,6,6,6,6,6,6,6,6
481698,1,1,17,0,0,18,0,0,0,0,16,0
481699,0,1,0,0,0,0,0,0,0,0,0,0
481699,1,1,6,0,0,0,0,0,0,0,0,0
481700,0,1,0,0,0,0,0,0,0,0,17,0
481700,1,1,0,0,0,0,0,0,0,0,0,0
481701,1,1,15,6,0,0,0,31,19,24,0,16
481702,1,1,21,21,21,21,21,21,21,21,21,21
481703,1,1,4,4,4,4,4,4,4,4,4,4
481703,2,1,0,0,0,0,0,0,0,0,0,0
481704,1,1,0,26,18,23,0,0,16,19,18,21
481705,1,1,18,18,18,18,18,18,18,18,18,18
481706,1,1,16,0,0,0,0,0,0,0,0,0
481706,2,1,0,0,0,0,0,0,20,0,0,0
481708,1,1,0,0,0,0,0,0,0,0,0,0
481708,2,1,0,0,0,18,0,0,0,0,0,0
481708,3,1,0,0,0,0,0,0,0,0,0,0
481709,1,1,18,18,18,18,18,18,18,18,18,18
481709,2,1,0,0,0,0,0,0,0,0,0,0
481710,1,1,23,10,11,9,0,17,0,0,0,0
481710,2,1,0,27,0,28,14,0,0,14,0,0
481711,1,1,0,13,0,0,12,14,0,0,6,15
481711,2,1,0,20,0,12,11,0,0,0,18,15
481711,3,1,14,0,10,0,6,0,0,0,14,0
481711,4,1,17,9,12,0,0,16,0,25,0,0
481714,1,1,0,24,0,15,0,0,0,0,0,0
481714,2,1,17,0,0,0,0,0,10,0,28,0
481715,1,1,29,0,0,24,0,0,21,0,21,21
481716,1,1,23,23,23,23,23,23,23,23,23,23
481716,2,1,0,17,15,15,0,0,0,0,9,15
481717,1,1,15,15,15,15,15,15,15,15,15,15
481718,1,1,0,12,20,0,0,0,0,0,18,0
481719,1,1,0,0,0,0,0,0,0,0,0,0
481719,2,1,0,0,0,0,0,0,0,0,0,0
481720,1,1,0,0,0,0,0,0,0,0,0,0
481720,2,1,0,19,0,0,0,0,25,0,7,26
481721,1,1,0,0,0,0,0,0,0,0,0,0
481721,2,1,3,0,0,0,0,0,0,0,0,0
481721,3,1,0,16,0,10,0,0,0,0,0,0
481722,0,1,0,0,0,0,0,0,0,0,0,0
481722,1,1,19,19,19,19,19,19,19,19,19,19
481722,2,1,0,0,0,26,11,0,10,11,0,0
481723,1,1,32,32,32,32,32,32,32,32,32,32
481723,2,1,0,0,0,0,0,0,0,0,0,0
481724,1,1,3,0,0,0,0,0,22,15,0,10
481725,0,1,20,0,8,0,0,0,0,19,22,0
481725,1,1,0,0,10,0,0,17,0,0,0,0
481725,2,1,0,0,0,0,7,5,0,22,0,0
481725,3,1,0,0,0,0,0,0,0,20,0,0
481725,4,1,13,0,0,0,0,0,20,0,0,18
481725,5,1,0,11,0,0,13,9,13,0,21,0
481725,6,1,0,2,33,0,12,0,9,8,3,0
481726,1,1,0,0,28,0,0,0,0,0,0,0
481726,2,1,0,0,0,0,15,0,22,0,0,0
481727,1,1,0,0,0,0,0,0,0,0,0,0
481728,1,1,3,3,3,3,3,3,3,3,3,3
481729,1,1,19,7,48,16,16,12,10,26,22,0
481730,0,1,26,0,0,0,0,0,0,15,0,13
481730,1,1,0,0,0,0,11,0,6,13,22,0
481732,0,1,0,0,0,0,0,0,0,0,0,0
481732,1,1,11,16,0,3,11,7,0,0,9,0
481734,1,1,0,0,0,16,0,0,0,0,0,0
481735,1,1,20,20,20,20,20,20,20,20,20,20
481736,1,1,13,13,13,13,13,13,13,13,13,13