ST_CASE,VEH_NO,PER_NO,P1,P2,P3,P4,P5,P6,P7,P8,P9,P10
481737,1,1,4,0,0,0,5,0,10,0,0,13
481737,2,1,26,0,0,0,0,4,14,0,0,9
481738,1,1,18,19,11,30,26,30,0,0,0,7
481741,0,1,0,0,0,0,0,0,0,0,0,0
481741,1,1,9,0,0,14,0,12,3,4,0,0
481742,1,1,0,0,0,0,0,0,6,0,0,0
481743,0,1,48,48,48,48,48,48,48,48,48,48
481743,1,1,0,0,0,0,0,29,0,0,11,25
481744,1,1,14,8,0,23,0,0,4,0,0,0
481744,2,1,0,0,22,0,0,8,0,0,29,17
481745,1,1,15,15,15,15,15,15,15,15,15,15
481746,1,1,0,0,0,0,0,0,0,0,0,0
481746,2,1,0,15,0,24,15,28,0,0,0,0
481746,3,1,0,0,20,7,18,0,0,0,0,0
481747,1,1,0,3,0,0,0,0,0,0,0,0
481748,1,1,8,8,8,8,8,8,8,8,8,8
481748,2,1,8,0,4,0,0,0,0,0,0,0
481749,0,1,0,0,0,0,0,0,0,0,0,0
481749,1,1,15,0,0,35,17,18,0,0,18,0
481750,0,1,30,30,30,30,30,30,30,30,30,30
481750,1,1,0,10,0,0,0,12,0,11,0,0
481751,0,1,0,11,0,0,0,12,34,24,0,0
481751,1,1,3,0,0,0,0,0,10,6,0,0
481752,1,1,7,27,0,0,14,0,26,0,14,14
481752,2,1,0,20,13,5,18,5,8,0,0,3
481753,1,1,0,0,0,12,9,0,0,0,0,0
481753,2,1,0,0,0,0,0,0,0,0,0,0
481754,0,1,0,0,0,0,0,0,0,0,0,21
481754,1,1,23,0,0,0,51,5,0,25,0,21
481755,0,1,9,9,9,9,9,9,9,9,9,9
481755,1,1,0,0,17,0,0,0,0,8,0,13
481756,0,1,26,26,26,26,26,26,26,26,26,26
481756,1,1,0,0,0,5,8,7,0,0,0,0
481757,1,1,27,27,27,27,27,27,27,27,27,27
481757,2,1,0,22,0,0,24,0,12,0,0,0
481759,1,1,0,0,0,0,14,0,13,19,0,0
481760,1,1,0,0,0,10,0,0,0,0,0,0
481762,1,1,17,17,17,17,17,17,17,17,17,17
481763,1,1,0,39,17,0,0,0,0,0,0,0
481764,1,1,20,8,8,23,0,0,0,0,0,17
481765,1,1,22,22,22,22,22,22,22,22,22,22
481766,1,1,2,2,2,2,2,2,2,2,2,2
481766,2,1,0,0,0,0,0,0,0,0,0,0
481767,1,1,16,12,9,11,19,26,17,24,16,25
481767,2,1,0,18,14,0,0,0,0,0,0,0
481768,0,1,0,23,20,22,0,0,0,0,29,0
481768,1,1,0,0,0,0,0,17,0,0,0,0
481769,1,1,10,10,10,10,10,10,10,10,10,10
481769,2,1,14,19,0,10,0,9,0,0,0,13
481770,0,1,0,34,44,0,0,40,0,0,0,21
481770,1,1,0,0,27,15,10,0,11,20,11,0
481771,0,1,16,16,16,16,16,16,16,16,16,16
481771,1,1,0,0,0,0,14,0,0,0,0,0
481772,1,1,0,0,6,0,9,0,10,0,23,0
481773,0,1,29,0,0,14,0,0,23,22,10,0
481773,1,1,0,0,17,28,0,3,30,20,13,10
481774,1,1,15,7,0,30,0,6,23,17,39,0
481775,0,1,0,0,0,0,0,0,0,0,0,0
481775,1,1,0,0,0,0,0,0,0,0,0,0
481776,1,1,0,0,0,0,0,0,0,0,0,24
481776,2,1,23,23,23,23,23,23,23,23,23,23
481777,1,1,0,29,0,12,0,0,26,0,0,0
481777,2,1,0,0,0,0,0,22,0,0,0,0
481777,3,1,0,20,0,9,34,27,0,0,18,0
481778,1,1,0,0,18,0,28,17,0,0,9,0
481779,1,1,0,0,0,0,0,0,0,0,0,0
481779,2,1,0,14,0,0,0,0,0,0,0,0
481780,1,1,0,6,0,25,15,7,7,3,22,16
481781,1,1,0,0,0,0,0,0,0,0,7,0
481781,2,1,0,0,0,0,0,0,0,0,0,0
481782,1,1,0,0,0,0,0,0,0,0,0,0
481783,1,1,0,0,0,0,0,0,0,0,0,0
481784,1,1,0,0,16,7,0,0,0,0,0,7
481785,1,1,23,23,23,23,23,23,23,23,23,23
481785,2,1,18,0,29,11,16,32,23,10,42,0
481786,1,1,29,29,29,29,29,29,29,29,29,29
481787,1,1,0,19,0,0,0,13,17,8,32,0
481788,1,1,0,0,0,0,0,0,0,0,0,0
481788,2,1,0,0,0,0,0,0,0,0,0,0
481788,3,1,21,0,0,0,0,13,0,0,0,0
481788,4,1,14,0,7,0,0,0,1,0,0,0
481788,5,1,0,0,0,0,0,0,0,0,0,0
481789,1,1,0,0,0,0,12,9,0,0,6,0
481789,2,1,0,21,0,0,0,0,0,0,0,17
481790,1,1,22,22,22,22,22,22,22,22,22,22
481790,2,1,0,22,0,0,0,0,0,0,0,17
481791,1,1,18,18,18,18,18,18,18,18,18,18
481792,1,1,3,3,3,3,3,3,3,3,3,3
481793,0,1,0,0,0,0,0,0,0,0,27,0
481793,1,1,0,0,25,16,0,0,0,0,13,22
481793,2,1,6,18,19,0,0,13,13,0,33,17
481794,1,1,28,0,0,0,0,20,0,0,0,0
481795,1,1,0,0,32,8,0,3,22,0,23,26
481796,1,1,20,20,20,20,20,20,20,20,20,20
481797,1,1,0,0,0,0,6,12,0,0,0,0
481797,2,1,0,0,0,0,0,0,0,0,0,0
481798,1,1,20,20,20,20,20,20,20,20,20,20
481798,2,1,0,0,0,0,0,0,0,0,0,0
481799,0,1,0,0,0,0,20,0,0,0,32,0
481799,1,1,13,0,12,25,15,0,0,5,13,0
481800,0,1,0,0,0,0,0,32,0,11,0,0
481800,1,1,12,16,7,0,0,5,14,14,25,10
481801,0,1,8,8,8,8,8,8,8,8,8,8
481801,1,1,0,0,0,0,0,5,18,6,21,0
481801,2,1,9,0,0,11,0,0,0,12,0,0
481802,1,1,0,0,0,0,0,0,0,0,0,0
481802,2,1,0,0,0,0,0,0,0,11,0,0
481804,0,1,0,0,0,0,0,0,0,0,0,0
481804,1,1,0,0,0,0,0,0,0,0,0,0
481805,0,1,32,0,0,0,14,22,29,0,0,0
481805,1,1,0,0,0,0,0,0,0,0,0,0
481806,1,1,12,12,12,12,12,12,12,12,12,12
481807,1,1,0,0,0,0,0,0,0,0,0,0
481807,2,1,0,0,0,0,0,0,0,0,0,0
481808,1,1,28,4,0,0,23,17,33,0,0,0
481809,1,1,0,0,0,0,0,0,0,0,0,0
481809,2,1,25,25,25,25,25,25,25,25,25,25
481810,1,1,0,0,24,0,0,19,0,16,14,0
481811,1,1,24,22,37,7,17,35,20,27,31,16
481812,1,1,0,9,0,0,0,0,0,0,0,0
481812,2,1,0,7,0,0,0,0,0,0,0,0
481813,1,1,0,0,0,0,0,0,0,1,0,0
481813,2,1,0,0,0,0,0,0,0,0,0,0
481814,0,1,0,0,0,0,15,10,0,0,28,0
481814,1,1,23,0,9,7,0,3,0,0,0,11
481815,1,1,0,0,22,0,0,0,0,0,0,7
481815,2,1,13,0,5,0,15,19,0,0,0,23
481816,1,1,0,0,0,0,0,0,0,0,0,0
481816,2,1,0,0,0,0,0,0,0,0,0,0
481817,1,1,19,19,19,19,19,19,19,19,19,19
481817,2,1,21,0,19,0,8,0,0,10,14,0
481818,1,1,20,18,0,0,20,16,0,0,0,0
481818,2,1,0,6,0,13,4,18,21,9,26,0
481819,1,1,0,0,0,0,0,0,0,0,0,0
481819,2,1,0,0,0,0,24,0,0,0,0,0
481820,1,1,0,0,0,0,0,0,0,0,14,0
481820,2,1,0,0,0,0,0,0,0,0,0,0
481822,1,1,13,13,13,13,13,13,13,13,13,13
481823,1,1,18,18,18,18,18,18,18,18,18,18
481823,2,1,0,5,0,0,11,0,0,19,8,27
481824,1,1,0,0,0,0,0,0,0,0,0,0
481824,2,1,0,12,0,0,0,0,0,0,0,0
481825,1,1,0,0,0,0,0,0,27,0,0,0
481826,1,1,14,14,14,14,14,14,14,14,14,14
481827,1,1,28,16,0,14,25,0,0,18,0,28
481828,0,1,0,32,3,0,0,32,0,0,0,16
481828,1,1,0,0,0,0,0,0,0,0,0,0
481828,2,1,19,0,0,0,0,0,0,0,0,0
481829,1,1,0,12,19,0,0,7,0,0,0,0
481829,2,1,0,0,0,20,0,0,0,0,0,0
481830,1,1,25,25,25,25,25,25,25,25,25,25
481830,2,1,17,0,0,0,14,6,19,11,0,0
481833,0,1,19,0,0,0,0,24,30,28,0,0
481833,1,1,25,17,16,18,18,29,11,29,9,8
481833,2,1,7,0,0,0,12,0,0,0,0,0
481834,1,1,21,21,21,21,21,21,21,21,21,21
481834,2,1,24,0,15,0,0,0,0,17,14,17
481834,3,1,0,23,0,0,17,21,0,0,0,4
481835,0,1,0,0,0,0,0,0,0,0,0,0
481835,1,1,22,21,11,27,5,19,26,23,21,9
481836,1,1,24,24,24,24,24,24,24,24,24,24
481837,0,1,0,0,0,0,0,0,0,0,0,0
481837,1,1,0,0,0,0,0,0,0,0,0,0
481838,1,1,0,0,0,0,11,0,0,2,0,0
481839,1,1,24,24,24,24,24,24,24,24,24,24
481840,0,1,16,16,16,16,16,16,16,16,16,16
481840,1,1,15,0,14,19,0,0,0,0,0,0
481841,1,1,0,0,0,0,0,0,0,0,0,0
481841,2,1,0,0,0,0,0,0,0,0,0,0
481843,1,1,0,0,0,0,0,0,0,0,0,0
481843,2,1,0,0,0,0,6,0,0,0,0,0
481844,1,1,0,0,0,0,0,0,0,0,0,0
481844,2,1,0,0,0,0,0,0,0,0,0,0
481845,1,1,0,0,0,0,0,0,0,0,0,0
481845,2,1,0,0,0,0,0,0,0,0,0,0
481846,1,1,20,20,20,20,20,20,20,20,20,20
481846,2,1,0,0,0,0,14,0,0,0,0,0
481847,1,1,18,0,0,15,0,16,18,22,0,0
481847,2,1,16,16,16,16,16,16,16,16,16,16
481848,1,1,20,20,20,20,20,20,20,20,20,20
481849,1,1,8,8,8,8,8,8,8,8,8,8
481849,2,1,11,0,0,0,0,0,0,0,0,0
481849,3,1,0,0,0,0,0,0,0,0,0,0
481850,1,1,0,0,0,0,0,0,0,0,0,0
481851,1,1,4,4,4,4,4,4,4,4,4,4
481851,2,1,0,0,0,11,0,0,0,0,21,0
481852,0,1,22,22,22,22,22,22,22,22,22,22
481852,1,1,0,0,0,24,5,0,0,7,0,0
481853,0,1,0,0,0,0,0,0,0,0,0,0
481853,1,1,0,0,0,0,0,0,0,0,0,0
481854,1,1,0,0,0,0,0,0,0,12,0,0
481854,2,1,5,0,0,0,26,0,0,0,0,0
481855,1,1,0,0,0,0,0,0,0,0,0,0
481856,1,1,18,18,18,18,18,18,18,18,18,18
481857,1,1,0,0,0,0,0,0,13,16,0,0
481858,1,1,0,0,0,0,19,0,0,5,0,0
481859,1,1,17,12,14,10,7,12,0,36,19,8
481860,1,1,22,8,6,0,16,17,0,0,0,30
481860,2,1,0,0,0,22,8,0,23,42,0,0
481861,1,1,13,13,13,13,13,13,13,13,13,13
481862,1,1,21,0,0,16,0,0,19,11,13,0
481863,1,1,0,0,7,17,0,0,0,12,0,4
481863,2,1,0,8,20,3,0,12,0,0,0,0
481863,3,1,0,0,0,26,0,0,0,0,0,0
481864,1,1,0,0,0,0,0,0,0,0,0,0
481865,1,1,0,0,0,0,0,0,0,0,0,0
481865,2,1,0,3,0,0,0,0,0,0,0,0
481865,3,1,0,0,0,0,0,0,27,0,0,11
481866,0,1,33,0,13,0,0,8,32,8,0,0
481866,1,1,12,19,7,0,0,0,0,0,0,26
481867,0,1,0,0,0,0,0,0,0,0,0,0
481867,1,1,8,17,0,0,0,14,14,20,8,0
481868,1,1,27,0,0,9,0,11,0,0,0,0
481868,2,1,0,0,0,0,0,0,0,0,0,0
481868,3,1,10,0,0,0,0,0,0,0,4,0
481869,1,1,8,8,8,8,8,8,8,8,8,8
481870,1,1,19,19,19,19,19,19,19,19,19,19
481870,2,1,0,0,0,0,0,0,0,0,0,0
481871,1,1,0,0,0,17,0,0,0,0,0,0
481871,2,1,7,2,0,0,0,0,0,0,0,0
481872,1,1,0,0,0,0,0,0,0,0,0,0
481873,1,1,29,29,29,29,29,29,29,29,29,29
481874,1,1,0,0,30,0,0,0,0,0,0,0
481875,1,1,0,0,0,0,0,0,0,0,0,0
481875,2,1,21,21,21,21,21,21,21,21,21,21
481876,1,1,0,11,0,2,0,0,0,0,0,25
481876,2,1,0,0,0,0,0,0,0,0,0,0
481877,0,1,32,32,32,32,32,32,32,32,32,32
481877,1,1,0,0,0,0,0,0,13,15,0,0
481878,1,1,0,0,0,0,0,0,0,0,0,0
481878,2,1,0,0,0,5,5,0,0,0,0,0
481878,3,1,0,0,29,20,14,0,0,0,0,0
481879,1,1,9,9,9,9,9,9,9,9,9,9
481880,1,1,6,12,24,0,3,0,0,0,0,0
481880,2,1,11,0,0,0,0,0,0,0,0,0
481881,1,1,20,20,20,20,20,20,20,20,20,20
481881,2,1,0,0,0,0,0,0,0,0,0,0
481882,1,1,0,0,0,0,0,0,0,0,0,0
481882,2,1,15,0,0,0,0,0,10,11,0,0
481883,0,1,0,0,0,0,0,0,0,0,0,0
481883,1,1,0,0,0,0,21,0,0,0,0,0
481884,1,1,0,0,0,0,23,29,0,0,0,0
481884,3,1,0,0,10,0,0,31,0,33,0,17
481884,4,1,0,0,0,0,0,0,0,0,0,0
481884,5,1,0,0,0,25,0,0,13,0,0,0
481884,6,1,12,0,0,6,0,0,8,31,0,18
481884,7,1,0,0,0,3,0,0,0,22,0,0
481885,0,1,0,21,0,22,0,0,23,26,0,0
481885,1,1,0,23,3,0,22,15,18,0,14,7
481886,1,1,11,11,11,11,11,11,11,11,11,11
481886,2,1,0,0,0,0,0,0,0,0,0,0
481886,3,1,9,0,30,0,0,0,0,25,0,0
481887,0,1,0,0,0,0,0,0,0,0,0,0
481887,1,1,0,0,0,0,23,0,0,11,0,16
481888,1,1,10,10,10,10,10,10,10,10,10,10
481889,1,1,0,15,0,4,6,6,0,0,0,16
481890,0,1,0,0,0,0,0,0,0,0,0,0
481890,1,1,0,0,0,0,0,5,0,0,0,0
481891,1,1,11,0,0,0,0,0,0,0,0,0
481892,1,1,14,14,14,14,14,14,14,14,14,14
481892,2,1,0,0,0,0,0,0,0,0,0,0
481893,0,1,0,0,0,0,0,0,0,0,0,0
481893,1,1,0,19,0,0,0,0,17,22,0,0
481894,1,1,0,0,18,0,0,0,13,0,20,0
481895,0,1,20,10,0,0,0,3,0,28,13,4
481895,1,1,0,0,0,0,0,0,0,0,0,0
481896,1,1,0,0,0,0,0,0,4,0,0,0
481897,0,1,0,7,40,11,0,30,0,34,0,0
481897,1,1,0,0,0,0,0,0,8,0,0,0
481898,1,1,13,0,0,6,0,3,0,10,18,0
481898,2,1,19,11,0,8,0,10,19,30,13,0
481899,1,1,0,0,0,0,0,0,0,0,0,0
481900,1,1,0,0,0,0,0,0,0,0,0,0
481901,1,1,0,0,25,0,0,0,23,0,0,9
481902,0,1,21,21,21,21,21,21,21,21,21,21
481902,1,1,6,0,0,0,0,24,12,0,0,16
481903,1,1,0,0,0,0,0,0,0,0,0,0
481903,2,1,0,0,0,0,0,0,0,0,0,0
481903,3,1,0,0,0,0,0,0,0,0,0,0
481903,4,1,16,0,7,0,0,0,0,0,0,0
481904,1,1,0,0,0,0,0,0,0,0,0,0
481904,2,1,0,0,0,0,7,4,0,0,0,0
481905,1,1,0,0,0,0,0,16,0,0,0,0
481905,2,1,0,0,0,0,0,0,22,0,0,0
481906,1,1,13,13,13,13,13,13,13,13,13,13
481907,1,1,13,0,0,12,2,26,19,0,14,0
481907,2,1,15,25,0,0,27,0,31,12,10,9
481908,1,1,0,0,0,0,0,0,0,0,0,0
481908,2,1,0,17,0,0,0,0,0,0,40,0
481909,1,1,0,0,0,0,0,0,0,0,0,0
481909,2,1,0,0,0,0,0,0,0,0,0,0
481910,1,1,0,0,0,35,0,0,0,0,0,0
481910,2,1,5,5,5,5,5,5,5,5,5,5
481911,0,1,0,0,0,0,0,0,0,0,0,0
481911,1,1,0,0,19,0,0,0,0,19,0,14
481912,0,1,20,11,0,0,0,0,0,21,0,0
481912,1,1,22,17,0,0,13,8,11,0,0,0
481913,1,1,19,19,19,19,19,19,19,19,19,19
481914,1,1,0,0,0,0,0,0,6,0,0,0
481914,2,1,0,0,0,0,0,0,0,0,0,0
481915,1,1,0,0,10,0,0,0,7,0,0,0
481915,2,1,0,0,0,0,0,15,0,7,0,0
481916,1,1,0,0,0,0,0,0,0,0,0,0
481916,2,1,0,0,0,0,0,0,0,3,0,0
481917,0,1,37,0,0,0,0,0,0,0,18,0
481917,1,1,0,0,0,0,0,0,0,0,0,0
481918,1,1,22,0,0,17,0,29,21,0,13,30
481919,1,1,0,0,0,0,0,0,0,0,0,0
481920,1,1,0,12,7,13,6,0,0,13,0,8
481921,1,1,19,19,19,19,19,19,19,19,19,19
481922,1,1,0,0,0,0,0,0,0,0,0,0
481923,0,1,19,19,19,19,19,19,19,19,19,19
481923,1,1,0,0,0,4,0,11,0,0,0,7
481924,0,1,12,0,14,21,0,0,0,0,0,13
481924,1,1,21,46,0,0,0,0,0,0,19,0
481924,2,1,0,0,10,0,0,0,0,0,0,0
481925,1,1,17,17,17,17,17,17,17,17,17,17
481926,0,1,0,0,0,0,0,0,0,0,0,0
481926,1,1,18,0,0,0,37,0,13,0,26,14
481927,1,1,17,0,0,21,6,24,14,7,8,0
481928,1,1,0,0,0,0,0,0,0,0,0,0
481928,2,1,31,0,20,0,10,0,0,0,24,0
481928,3,1,24,24,24,24,24,24,24,24,24,24
481928,4,1,0,0,0,0,0,0,0,0,0,0
481928,5,1,0,0,0,0,0,0,0,9,0,8
481929,1,1,0,0,0,0,0,0,0,0,0,0
481930,0,1,0,0,0,0,0,0,0,0,0,0
481930,1,1,0,0,8,0,0,27,0,0,0,0
481931,1,1,12,0,0,0,0,0,21,0,21,17
481931,2,1,0,12,0,15,0,0,0,0,21,10
481932,1,1,0,0,0,0,0,0,0,0,0,0
481932,2,1,0,0,0,0,0,0,0,0,0,0
481933,1,1,0,0,0,0,0,0,0,0,0,0
481933,2,1,0,14,0,0,0,0,5,15,19,0
481934,1,1,9,0,0,19,16,0,0,12,0,16
481935,0,1,0,0,0,0,0,0,0,0,0,0
481935,1,1,0,0,13,0,28,22,10,0,26,0
481937,1,1,0,0,0,0,0,0,11,0,0,13
481937,2,1,0,0,0,0,0,0,0,0,0,0
481938,1,1,0,0,0,0,0,0,0,0,0,0
481938,2,1,0,0,0,0,0,0,0,0,0,0
481938,3,1,0,0,0,0,0,8,0,0,0,0
481939,1,1,23,23,23,23,23,23,23,23,23,23
481940,1,1,0,0,0,22,0,21,0,0,12,0
481940,2,1,0,0,0,0,0,0,0,0,0,0
481941,0,1,14,0,23,0,0,0,18,40,0,0
481941,1,1,0,0,0,0,0,0,0,0,0,0
481942,1,1,0,0,0,0,0,0,0,0,0,0
481942,2,1,0,0,0,0,0,0,0,0,0,0
481943,1,1,0,0,19,0,14,0,0,9,20,12
481943,2,1,16,9,0,0,22,0,0,0,0,0
481944,1,1,17,16,0,0,21,31,22,26,14,0
481945,1,1,0,0,0,11,0,0,0,0,0,0
481945,2,1,0,0,0,0,0,0,0,0,0,0
481946,1,1,0,14,0,0,0,0,0,23,0,0
481946,2,1,0,0,0,0,0,0,0,0,0,0
481947,1,1,16,0,10,0,0,0,17,0,0,0
481948,1,1,26,0,20,0,0,0,20,26,12,0
481949,1,1,0,0,0,0,0,0,0,0,0,2
481949,2,1,0,14,12,0,0,0,0,0,0,0
481950,1,1,0,11,0,11,9,9,6,18,0,15
481951,1,1,0,19,11,0,0,0,0,0,0,0
481952,1,1,33,16,13,26,15,32,24,21,13,15
481953,1,1,24,7,10,37,0,0,0,5,5,0
481954,0,1,25,0,29,0,7,0,0,0,0,16
481954,1,1,0,0,0,0,0,0,0,0,0,0
481955,1,1,0,0,0,0,0,0,0,0,0,0
481955,2,1,0,0,0,0,0,0,0,0,0,0
481957,1,1,0,0,0,0,0,0,0,0,0,0
481957,2,1,0,0,0,0,0,0,0,0,0,0
481958,1,1,13,0,0,10,0,0,0,10,21,0
481959,1,1,0,0,0,0,0,0,0,37,0,0
481959,2,1,0,0,0,0,0,0,11,16,0,0
481960,1,1,0,0,0,0,0,0,16,0,0,0
481961,1,1,7,10,21,31,0,0,22,37,18,17
481962,1,1,24,24,24,24,24,24,24,24,24,24
481963,1,1,9,0,15,0,0,23,23,17,10,11
481964,1,1,0,7,0,0,0,0,0,15,0,0
481965,1,1,15,15,15,15,15,15,15,15,15,15
481965,2,1,0,5,10,19,0,0,0,0,0,0
481966,1,1,0,0,0,0,0,0,0,0,0,0
481966,2,1,0,0,0,0,0,27,0,0,0,0
481966,3,1,0,0,0,0,7,4,0,0,0,0
481966,4,1,0,0,0,0,0,0,0,0,0,0
481966,5,1,0,0,32,0,0,0,0,0,0,0
481966,6,1,23,0,19,0,0,0,0,0,0,0
481967,1,1,4,0,10,15,0,22,0,0,8,0
481968,1,1,0,0,0,0,0,0,0,0,0,0
481968,2,1,0,0,0,0,0,0,0,0,0,0
481969,1,1,25,17,39,12,0,0,0,0,11,9
481970,1,1,0,0,0,0,0,0,0,0,0,0
481971,1,1,11,10,0,14,7,24,21,24,33,9
481972,0,1,0,0,0,0,0,0,0,0,0,0
481972,1,1,19,0,18,0,13,0,16,14,9,0
481973,0,1,25,25,25,25,25,25,25,25,25,25
481973,1,1,0,0,0,0,0,0,0,0,0,0
481974,1,1,0,0,0,0,14,0,0,0,0,0
481975,1,1,0,0,0,0,0,0,0,0,0,0
481975,2,1,0,7,0,11,0,0,0,15,0,0
481976,0,1,0,9,24,0,32,0,0,14,0,16
481976,1,1,0,28,0,0,0,0,21,17,18,25
481977,1,1,0,0,0,0,0,0,0,0,0,0
481978,1,1,22,35,0,0,0,44,5,15,20,36
481979,1,1,0,0,0,0,0,0,0,0,0,0
481980,1,1,11,31,0,0,0,0,0,0,0,16
481980,2,1,15,17,0,0,0,0,0,0,0,0
481981,1,1,0,0,0,0,0,0,0,0,0,0
481981,2,1,0,0,0,0,0,0,0,0,0,0
481982,1,1,14,0,0,0,0,0,8,17,0,0
481983,1,1,0,0,0,0,0,0,0,0,0,0
481984,0,1,0,0,0,0,0,0,0,0,0,0
481984,1,1,5,10,0,15,9,0,0,12,0,0
481985,1,1,0,0,0,0,0,23,0,0,24,0
481985,2,1,11,11,11,11,11,11,11,11,11,11
481986,1,1,33,33,33,33,33,33,33,33,33,33
481986,2,1,20,0,9,0,13,0,29,13,20,12
481987,1,1,9,9,9,9,9,9,9,9,9,9
481987,2,1,0,0,0,0,0,0,0,0,0,0
481988,1,1,13,24,17,19,16,40,24,16,6,37
481988,2,1,0,0,0,20,21,0,25,13,0,0
481989,1,1,17,17,17,17,17,17,17,17,17,17
481989,2,1,0,10,0,28,20,0,24,0,0,0
481990,1,1,0,0,0,0,0,0,0,14,0,0
481991,1,1,0,0,0,7,0,0,0,0,0,0
481991,2,1,0,25,0,0,0,0,0,0,0,17
481992,1,1,19,22,22,9,19,2,2,12,8,34
481992,2,1,25,0,0,0,15,0,0,0,12,0
481993,1,1,7,7,7,7,7,7,7,7,7,7
481993,2,1,0,0,0,0,0,0,6,0,0,0
481993,3,1,0,0,0,0,0,0,0,0,0,0
481994,1,1,0,0,0,0,0,0,0,0,0,0
481994,2,1,0,0,0,0,0,0,0,0,0,0
481995,1,1,0,12,0,10,0,0,0,0,46,0
481996,1,1,0,0,0,0,0,0,0,0,0,0
481996,2,1,0,0,0,0,0,0,0,0,0,0
481998,1,1,0,0,0,0,0,0,0,0,0,6
481999,1,1,13,0,0,0,0,0,21,0,0,0
481999,2,1,0,18,5,30,11,0,7,0,0,0
482000,0,1,0,0,10,0,23,0,0,0,0,0
482000,1,1,0,0,0,0,0,0,10,0,24,0
482001,1,1,23,23,23,23,23,23,23,23,23,23
482002,1,1,0,0,9,0,0,0,21,0,0,8
482003,1,1,0,0,0,0,0,0,0,0,0,0
482004,1,1,14,0,0,0,29,3,0,0,10,18
482004,2,1,19,19,19,19,19,19,19,19,19,19
482005,1,1,22,22,22,22,22,22,22,22,22,22
482006,1,1,0,0,0,0,0,0,0,0,0,0
482007,1,1,0,0,0,14,0,0,0,0,0,0
482007,2,1,7,0,0,0,0,0,0,0,0,13
482008,1,1,0,0,0,0,0,0,0,0,0,0
482008,2,1,0,0,0,0,0,0,0,0,0,0
482009,1,1,24,24,24,24,24,24,24,24,24,24
482009,2,1,0,19,17,10,10,10,0,0,7,15
482010,1,1,21,21,21,21,21,21,21,21,21,21
482012,0,1,13,13,13,13,13,13,13,13,13,13
482012,1,1,18,21,0,19,20,14,14,0,0,16
482013,0,1,0,0,0,0,0,0,0,0,0,0
482013,1,1,0,14,0,0,0,9,12,0,0,0
482014,1,1,0,0,0,0,0,0,0,0,0,0
482015,0,1,0,0,0,0,0,0,0,0,0,0
482015,1,1,13,0,0,10,0,0,24,0,31,4
482015,2,1,0,0,29,0,0,0,0,0,0,0
482016,1,1,0,24,23,9,0,15,0,0,20,8
482016,2,1,6,0,0,0,18,0,0,12,0,0
482017,1,1,0,26,0,0,0,0,0,0,0,0
482018,1,1,12,12,12,12,12,12,12,12,12,12
482019,1,1,7,7,7,7,7,7,7,7,7,7
482020,0,1,6,6,6,6,6,6,6,6,6,6
482020,1,1,21,0,16,0,0,20,11,0,0,0
482022,1,1,20,20,20,20,20,20,20,20,20,20
482022,2,1,18,0,17,0,0,0,0,0,0,18
482023,1,1,18,18,18,18,18,18,18,18,18,18
482024,1,1,17,5,11,11,4,0,41,0,11,13
482024,2,1,0,0,4,0,0,0,6,13,0,0
482025,1,1,20,20,20,20,20,20,20,20,20,20
482026,1,1,0,0,0,0,0,0,0,0,0,0
482026,2,1,0,19,0,0,0,0,0,0,9,0
482027,1,1,0,0,0,0,0,0,0,0,0,0
482027,2,1,0,0,0,0,0,0,0,0,0,0
482028,1,1,16,16,16,16,16,16,16,16,16,16
482029,1,1,0,0,0,0,0,0,0,0,0,0
482030,0,1,0,0,0,0,0,0,0,0,0,0
482030,1,1,46,12,0,9,0,18,0,16,9,18
482032,1,1,19,11,0,10,0,15,0,20,15,0
482033,1,1,1,1,1,1,1,1,1,1,1,1
482033,2,1,13,12,0,0,0,0,0,16,0,0
482034,1,1,21,21,21,21,21,21,21,21,21,21
482034,2,1,14,4,0,19,23,19,0,0,0,0
482034,3,1,0,2,9,0,16,0,8,10,0,0
482035,1,1,19,0,0,0,0,0,0,0,0,0
482035,2,1,19,22,0,0,10,0,0,0,0,0
482035,3,1,22,9,0,0,3,0,0,0,17,17
482035,4,1,0,0,0,0,0,0,14,0,0,0
482035,5,1,0,0,7,0,0,0,0,0,0,0
482036,1,1,15,0,0,0,0,0,0,18,0,0
482036,2,1,0,0,0,0,0,0,0,0,0,0
482038,0,1,0,0,0,0,21,22,0,0,0,18