ST_CASE,VEH_NO,PER_NO,P1,P2,P3,P4,P5,P6,P7,P8,P9,P10
482331,1,1,0,0,0,0,0,0,0,0,7,0
482331,2,1,0,0,0,0,0,0,0,0,0,0
482331,3,1,0,0,0,0,0,0,0,0,0,0
482332,1,1,0,0,0,0,0,0,0,0,0,0
482332,2,1,0,0,0,0,0,0,0,0,0,0
482333,0,1,25,25,25,25,25,25,25,25,25,25
482333,1,1,0,19,14,0,0,15,0,0,0,32
482334,1,1,20,0,0,24,0,11,0,25,24,0
482335,1,1,0,0,0,0,0,0,0,0,0,0
482335,2,1,0,0,0,0,9,0,0,0,0,0
482336,1,1,0,0,0,0,0,0,0,0,0,0
482337,0,1,0,25,0,0,7,0,0,31,0,0
482337,1,1,0,0,15,0,0,18,0,0,0,0
482338,1,1,0,0,0,0,0,0,0,0,0,0
482338,2,1,0,0,0,0,0,0,0,0,0,0
482338,3,1,0,0,0,0,0,0,0,0,0,0
482339,1,1,19,19,19,19,19,19,19,19,19,19
482339,2,1,0,0,0,0,0,0,0,0,0,0
482340,1,1,15,15,15,15,15,15,15,15,15,15
482341,1,1,2,0,0,0,2,0,0,3,2,0
482341,2,1,8,0,0,0,0,0,0,11,0,11
482341,3,1,21,0,0,5,0,0,0,0,0,13
482342,1,1,13,13,13,13,13,13,13,13,13,13
482343,1,1,0,0,0,0,0,0,0,0,0,0
482344,1,1,0,0,0,0,0,0,0,0,0,0
482345,1,1,19,8,0,0,13,15,0,0,29,8
482346,0,1,0,0,20,0,21,0,0,22,0,26
482346,0,2,0,0,0,12,46,0,0,0,0,21
482346,1,1,14,0,17,9,6,10,12,0,25,0
482347,1,1,6,6,6,6,6,6,6,6,6,6
482348,1,1,0,0,0,0,0,0,0,0,0,0
482348,2,1,0,0,0,0,0,0,0,35,9,0
482348,3,1,0,7,0,0,0,0,0,0,0,25
482348,4,1,0,0,0,10,0,19,0,0,0,0
482348,5,1,0,0,0,0,0,0,0,5,0,0
482349,1,1,16,16,16,16,16,16,16,16,16,16
482349,2,1,8,0,12,0,0,32,0,0,0,0
482349,3,1,19,16,16,0,0,24,7,0,0,12
482350,1,1,0,0,17,30,0,18,0,0,0,0
482350,2,1,0,25,0,0,7,0,17,20,9,0
482351,1,1,0,0,0,0,0,0,0,0,0,0
482351,2,1,20,20,20,20,20,20,20,20,20,20
482352,1,1,0,0,0,0,0,0,15,0,17,10
482352,2,1,0,0,0,0,0,0,0,0,0,0
482353,0,1,12,0,0,33,10,0,16,0,26,21
482353,1,1,14,0,0,17,11,0,0,0,34,0
482354,1,1,21,21,21,21,21,21,21,21,21,21
482355,1,1,19,12,31,8,0,0,23,14,0,0
482355,2,1,13,0,0,0,9,0,0,0,0,0
482356,1,1,0,0,0,14,5,12,0,0,0,0
482356,2,1,0,0,0,0,0,0,0,0,0,0
482357,0,1,0,0,0,0,0,0,0,0,0,0
482357,1,1,8,14,0,4,0,6,0,10,0,0
482358,1,1,0,0,0,0,0,0,0,0,0,20
482358,2,1,0,0,0,0,0,0,0,0,0,0
482359,0,1,0,0,0,0,0,0,0,0,0,0
482359,1,1,0,0,0,0,0,0,0,0,0,0
482360,0,1,28,28,28,28,28,28,28,28,28,28
482360,1,1,0,0,0,10,0,0,0,7,0,20
482361,0,1,0,0,12,0,26,0,0,0,11,0
482361,1,1,0,0,0,0,0,0,0,0,0,0
482362,0,1,0,16,0,0,0,26,16,0,40,0
482362,1,1,14,11,0,0,32,0,0,0,0,0
482363,0,1,16,16,16,16,16,16,16,16,16,16
482363,1,1,17,0,23,0,0,17,0,0,0,0
482364,1,1,0,0,0,0,0,0,0,5,0,0
482364,2,1,0,0,0,0,0,0,0,0,0,0
482365,1,1,0,0,0,0,0,0,0,0,0,0
482366,1,1,20,0,0,0,0,0,0,0,0,0
482366,2,1,0,0,0,0,0,0,0,0,0,0
482366,3,1,0,0,0,0,12,0,0,0,0,0
482366,4,1,0,0,0,0,0,0,12,0,0,0
482367,1,1,0,19,0,29,0,0,0,0,0,31
482368,1,1,0,0,0,0,0,0,0,0,0,0
482368,2,1,0,0,0,0,0,0,0,0,0,0
482369,1,1,0,0,0,0,0,0,0,0,3,0
482370,1,1,6,6,6,6,6,6,6,6,6,6
482372,1,1,0,32,0,0,13,0,15,0,0,0
482373,0,1,0,0,0,0,0,0,0,0,0,0
482373,1,1,0,0,20,0,0,0,0,10,0,0
482374,1,1,0,0,0,0,0,0,0,0,0,0
482374,2,1,0,0,0,25,0,0,0,0,13,0
482375,0,1,25,25,25,25,25,25,25,25,25,25
482375,1,1,0,18,6,8,0,22,0,0,0,7
482376,1,1,19,19,19,19,19,19,19,19,19,19
482377,1,1,0,0,0,0,0,0,0,0,0,0
482377,2,1,0,0,0,0,25,0,0,0,0,0
482378,0,1,0,39,0,0,0,17,0,7,6,0
482378,1,1,8,13,0,0,20,9,14,21,11,0
482378,2,1,0,0,0,15,18,0,11,23,0,0
482379,0,1,24,24,24,24,24,24,24,24,24,24
482379,1,1,0,0,0,0,0,0,19,0,12,0
482380,1,1,24,24,24,24,24,24,24,24,24,24
482380,2,1,0,18,0,0,0,0,8,26,0,19
482381,0,1,0,0,0,0,0,0,0,0,0,0
482381,1,1,11,7,29,0,0,0,16,9,18,18
482382,1,1,0,0,4,17,11,0,3,0,45,3
482383,0,1,0,0,0,0,0,0,0,0,0,0
482383,1,1,7,0,0,13,0,0,0,11,0,0
482384,1,1,32,0,0,0,0,0,0,0,28,24
482384,2,1,0,0,0,0,0,0,0,0,16,12
482384,3,1,8,0,0,0,0,22,0,0,0,0
482386,1,1,0,0,0,0,20,18,16,0,0,0
482387,1,1,0,0,0,0,0,5,0,0,0,0
482388,0,1,0,0,0,0,0,0,0,0,0,0
482388,1,1,0,0,29,28,0,0,0,17,6,0
482389,1,1,2,2,2,2,2,2,2,2,2,2
482389,2,1,5,16,0,0,20,5,0,5,17,4
482390,1,1,0,0,0,0,0,0,0,0,0,0
482390,2,1,14,0,0,0,0,0,0,0,0,0
482391,1,1,0,0,0,0,0,0,22,0,9,6
482391,2,1,19,19,19,19,19,19,19,19,19,19
482392,1,1,0,0,0,0,0,0,0,0,0,0
482393,0,1,0,14,0,0,0,0,18,0,14,0
482393,1,1,0,0,0,0,0,0,0,0,0,0
482394,1,1,0,0,0,0,0,0,0,0,0,0
482395,1,1,27,27,27,27,27,27,27,27,27,27
482395,2,1,0,0,0,9,0,0,0,0,0,0
482396,1,1,7,0,36,19,8,0,26,11,0,29
482398,1,1,0,0,0,0,0,0,0,0,0,0
482398,2,1,0,0,0,0,0,0,0,0,0,0
482399,0,1,0,0,0,0,0,0,0,0,0,0
482399,1,1,0,0,0,0,6,0,0,0,0,0
482400,1,1,12,12,15,26,5,16,11,14,14,12
482401,1,1,0,0,0,0,0,0,0,10,0,17
482401,2,1,0,20,21,0,0,10,26,0,9,0
482402,1,1,0,31,0,0,0,0,0,0,0,0
482402,2,1,2,2,2,2,2,2,2,2,2,2
482403,1,1,0,0,0,0,0,0,1,0,0,0
482403,2,1,0,0,0,0,0,0,0,0,0,0
482404,1,1,6,6,6,6,6,6,6,6,6,6
482404,2,1,0,11,0,0,0,0,0,0,9,29
482405,1,1,0,0,0,0,0,0,6,0,0,0
482406,0,1,0,0,0,0,0,0,0,0,0,7
482406,1,1,0,0,0,0,9,0,0,0,0,0
482408,1,1,0,0,0,0,0,0,0,0,0,0
482409,1,1,11,0,19,0,7,20,9,0,0,6
482409,2,1,0,21,27,10,0,20,0,10,0,0
482411,1,1,0,0,0,22,5,19,0,10,0,0
482411,2,1,0,13,0,21,0,5,14,0,0,0
482412,1,1,0,15,10,0,14,0,16,0,22,22
482413,1,1,0,0,0,0,0,0,0,0,0,0
482413,2,1,0,0,30,0,0,0,0,0,0,0
482414,1,1,0,0,0,28,0,0,0,0,0,0
482414,2,1,0,0,0,0,11,0,0,0,0,0
482415,1,1,0,11,11,7,18,14,7,16,0,0
482416,1,1,0,0,11,20,10,0,9,11,0,3
482417,0,1,0,0,0,0,12,0,0,0,0,21
482417,0,2,0,0,0,0,0,0,0,0,0,0
482417,1,1,11,12,19,17,25,6,6,15,0,0
482418,0,1,27,27,27,27,27,27,27,27,27,27
482418,1,1,25,0,12,11,0,18,0,11,0,0
482419,1,1,31,16,0,0,10,0,0,0,8,22
482419,2,1,0,0,0,0,0,14,0,0,0,0
482420,1,1,23,23,23,23,23,23,23,23,23,23
482421,1,1,13,13,13,13,13,13,13,13,13,13
482421,2,1,0,0,0,0,0,0,0,0,0,0
482421,3,1,0,5,0,0,0,0,0,0,0,0
482422,1,1,15,15,15,15,15,15,15,15,15,15
482423,1,1,8,8,8,8,8,8,8,8,8,8
482423,2,1,0,0,0,0,0,0,0,0,0,0
482424,1,1,16,16,16,16,16,16,16,16,16,16
482425,1,1,23,23,23,23,23,23,23,23,23,23
482425,2,1,0,0,0,0,0,0,0,0,0,0
482426,0,1,0,0,0,0,0,0,0,0,0,0
482426,1,1,0,0,15,0,4,0,0,0,0,0
482427,1,1,0,0,0,0,0,0,13,0,0,0
482427,2,1,0,0,0,0,0,0,0,0,0,0
482428,1,1,3,16,7,0,16,8,19,8,0,0
482430,1,1,0,0,0,0,0,0,0,0,0,0
482431,1,1,0,0,0,0,0,0,0,0,0,0
482431,2,1,0,0,0,0,0,0,0,0,0,0
482432,1,1,0,0,0,0,0,0,0,0,0,0
482432,2,1,0,10,0,0,0,0,0,0,0,0
482433,1,1,13,13,13,13,13,13,13,13,13,13
482434,1,1,18,18,18,18,18,18,18,18,18,18
482434,2,1,25,0,0,11,10,0,0,12,0,0
482435,0,1,28,0,0,0,0,0,8,9,0,0
482435,1,1,20,19,12,17,0,16,8,0,0,0
482436,1,1,0,0,0,0,19,4,20,0,11,24
482436,2,1,0,0,0,0,0,0,10,0,0,0
482437,0,1,4,0,0,0,0,0,17,0,25,0
482437,1,1,20,19,21,15,12,0,29,7,9,28
482438,1,1,0,0,0,0,0,0,0,0,0,0
482438,2,1,11,0,0,15,0,0,0,0,0,10
482438,3,1,11,25,0,0,0,15,17,0,20,9
482438,4,1,0,0,0,0,23,8,0,0,0,21
482438,5,1,0,18,0,0,14,21,12,0,15,0
482438,6,1,0,25,0,0,0,0,13,19,0,0
482439,1,1,29,29,29,29,29,29,29,29,29,29
482440,1,1,0,0,0,0,0,0,0,0,0,0
482441,1,1,0,0,0,0,0,0,0,0,0,0
482442,1,1,0,22,17,0,15,0,0,0,0,10
482442,2,1,0,0,0,0,0,0,0,0,0,0
482442,3,1,27,0,16,0,10,0,0,0,0,0
482442,4,1,0,0,0,10,0,0,0,20,0,0
482442,5,1,0,0,0,0,0,0,0,0,0,9
482443,1,1,25,25,25,25,25,25,25,25,25,25
482444,1,1,0,0,0,0,0,0,0,9,0,0
482444,2,1,0,0,0,0,0,0,14,0,0,0
482444,3,1,0,0,0,0,0,0,0,0,0,0
482444,4,1,0,4,0,19,0,0,0,0,0,0
482445,1,1,0,0,0,0,0,0,0,0,0,0
482446,1,1,18,18,18,18,18,18,18,18,18,18
482447,1,1,0,16,0,0,13,44,19,9,17,25
482447,2,1,0,6,3,0,0,0,0,0,0,0
482448,1,1,0,0,0,0,0,0,0,0,0,0
482448,2,1,18,0,12,0,0,0,0,0,0,0
482449,1,1,0,36,13,16,0,17,19,12,28,4
482450,1,1,0,19,0,0,0,23,0,0,20,0
482450,2,1,0,17,14,14,7,0,4,0,18,0
482451,1,1,0,0,0,0,0,0,0,0,0,0
482451,2,1,0,0,0,0,0,0,1,0,0,18
482452,1,1,0,0,0,0,0,0,0,0,0,0
482453,0,1,0,0,0,0,0,0,0,0,0,0
482453,1,1,0,0,10,0,0,0,0,0,0,13
482453,2,1,0,14,8,8,17,0,20,0,0,0
482454,0,1,17,0,12,0,0,38,0,0,0,30
482454,1,1,0,5,6,0,0,0,0,0,0,0
482455,1,1,14,14,14,14,14,14,14,14,14,14
482456,1,1,0,0,0,0,0,0,0,0,0,0
482456,2,1,0,0,0,0,24,0,0,0,0,18
482457,1,1,14,14,14,14,14,14,14,14,14,14
482457,2,1,0,0,0,0,0,0,0,0,0,0
482458,1,1,0,0,0,0,0,0,0,0,0,0
482458,2,1,0,0,0,0,0,0,14,0,0,0
482459,1,1,14,0,0,0,0,0,3,0,13,0
482460,0,1,0,0,0,0,0,0,0,0,0,0
482460,1,1,0,31,11,0,10,0,0,0,0,0
482461,0,1,0,0,0,0,0,0,0,0,0,0
482461,1,1,0,0,0,0,0,0,0,10,8,0
482462,1,1,27,0,2,0,0,18,14,9,9,20
482463,0,1,0,0,0,0,0,0,0,0,0,0
482463,1,1,0,0,0,0,0,2,0,0,0,0
482464,1,1,28,28,28,28,28,28,28,28,28,28
482464,2,1,3,3,3,3,3,3,3,3,3,3
482465,0,1,20,0,0,0,47,0,0,0,0,0
482465,1,1,11,0,0,0,8,0,12,16,0,12
482466,1,1,0,0,0,0,0,0,0,0,0,0
482467,1,1,21,21,21,21,21,21,21,21,21,21
482468,1,1,0,0,0,18,0,0,0,0,0,13
482468,2,1,0,0,0,0,13,5,0,18,3,0
482469,0,1,0,0,0,0,0,0,0,0,0,0
482469,1,1,13,0,0,0,20,0,5,0,0,0
482470,1,1,0,11,0,0,0,0,13,31,0,0
482471,0,1,0,0,0,0,0,0,0,0,0,0
482471,1,1,12,25,0,0,11,18,25,0,16,16
482472,0,1,0,0,0,0,0,0,0,0,0,0
482472,1,1,0,0,0,0,0,0,0,24,0,0
482473,1,1,0,0,0,0,0,0,0,0,0,0
482473,2,1,0,0,0,0,6,18,18,9,0,18
482474,1,1,15,0,0,0,0,0,0,0,0,0
482474,2,1,21,16,25,23,17,25,18,8,14,16
482474,3,1,0,0,0,0,0,0,0,0,8,0
482475,0,1,0,37,0,0,0,11,23,0,28,0
482475,1,1,0,10,0,0,24,0,5,0,0,0
482476,0,1,11,0,21,0,0,0,0,0,0,0
482476,0,2,0,0,0,0,0,0,15,0,0,20
482476,1,1,17,17,17,17,17,17,17,17,17,17
482477,1,1,0,12,16,22,0,34,25,11,0,0
482477,2,1,5,12,14,5,0,32,0,0,24,0
482478,1,1,10,10,10,10,10,10,10,10,10,10
482478,2,1,26,0,22,0,18,0,0,32,0,0
482479,1,1,0,0,4,0,0,7,0,11,0,22
482480,1,1,4,0,3,0,0,0,0,0,0,0
482480,2,1,0,0,0,0,0,0,0,0,0,0
482480,3,1,0,0,0,0,0,0,0,0,0,0
482481,1,1,0,0,0,0,0,0,0,0,0,0
482481,2,1,20,0,0,0,0,0,0,0,0,0
482481,3,1,0,0,0,0,0,0,0,0,0,0
482482,1,1,30,30,30,30,30,30,30,30,30,30
482483,1,1,0,0,0,0,0,0,0,0,0,0
482484,1,1,0,0,0,0,0,0,0,0,0,0
482484,2,1,0,0,0,0,0,0,0,0,0,0
482485,0,1,0,0,0,0,8,0,32,0,0,13
482485,1,1,0,5,0,0,0,0,11,10,13,0
482486,1,1,12,12,12,12,12,12,12,12,12,12
482486,2,1,34,0,22,9,16,0,32,19,0,0
482487,0,1,30,0,0,26,0,37,0,22,24,0
482487,1,1,0,0,14,21,6,0,23,9,0,24
482488,1,1,0,0,10,0,0,0,0,0,0,14
482488,2,1,26,26,26,26,26,26,26,26,26,26
482488,3,1,0,0,0,0,0,0,0,0,0,12
482488,4,1,12,0,0,0,0,5,18,0,0,0
482488,5,1,0,0,11,0,12,0,4,0,0,0
482488,6,1,0,0,10,0,0,0,0,0,0,0
482489,1,1,4,4,4,4,4,4,4,4,4,4
482489,2,1,0,0,0,0,0,0,0,0,0,0
482490,1,1,0,0,0,0,0,0,0,0,0,0
482490,2,1,8,0,0,0,0,0,9,0,0,0
482491,1,1,16,16,16,16,16,16,16,16,16,16
482493,1,1,0,0,0,0,27,0,7,0,0,0
482493,2,1,0,0,0,0,0,0,0,0,0,0
482493,3,1,0,0,0,0,0,0,0,0,0,0
482494,1,1,0,0,26,0,0,0,14,18,0,0
482494,2,1,0,0,0,0,0,0,0,0,0,0
482495,1,1,0,0,0,0,0,0,0,0,0,0
482495,2,1,0,17,0,0,0,0,0,0,0,0
482496,1,1,0,0,0,0,0,0,0,0,0,0
482496,2,1,0,18,0,0,0,14,0,6,0,0
482497,1,1,23,23,23,23,23,23,23,23,23,23
482498,1,1,17,0,18,0,3,10,0,0,14,0
482498,2,1,0,48,0,0,26,9,7,14,0,17
482499,1,1,0,34,21,0,0,15,19,12,0,14
482499,2,1,0,0,0,0,0,3,0,0,0,0
482500,0,1,0,0,0,0,0,0,0,0,0,0
482500,1,1,0,0,0,0,15,0,0,5,0,23
482501,1,1,0,0,0,0,4,0,0,0,0,0
482501,2,1,0,8,13,0,0,0,18,0,0,0
482502,1,1,0,0,15,0,0,0,0,0,0,9
482503,0,1,0,14,43,20,20,0,11,0,0,0
482503,1,1,14,14,14,14,14,14,14,14,14,14
482504,1,1,0,0,0,0,0,0,0,10,0,0
482504,2,1,0,0,0,0,0,0,0,0,0,0
482505,1,1,9,25,0,0,11,26,0,0,12,0
482506,0,1,0,0,0,0,0,0,0,0,0,0
482506,1,1,0,0,0,0,0,0,0,7,0,0
482506,2,1,0,0,0,0,14,0,0,0,0,0
482506,3,1,0,25,29,0,5,0,0,0,21,0
482507,1,1,22,0,0,20,0,4,17,0,2,20
482508,1,1,0,0,0,23,0,0,25,0,0,13
482508,2,1,0,0,8,0,0,0,0,15,9,0
482509,1,1,0,0,0,0,0,0,0,0,0,0
482509,2,1,0,0,0,0,0,0,0,0,0,0
482510,1,1,14,14,14,14,14,14,14,14,14,14
482511,1,1,5,5,5,5,5,5,5,5,5,5
482511,2,1,0,0,0,0,13,0,0,0,0,0
482512,1,1,0,18,0,0,0,0,0,0,22,0
482512,2,1,41,0,24,0,0,0,0,25,0,19
482513,0,1,0,0,0,0,0,0,0,0,0,0
482513,1,1,0,0,0,0,3,0,0,0,0,0
482514,0,1,0,55,14,0,13,0,11,30,0,0
482514,1,1,14,12,28,0,0,0,0,0,0,0
482515,1,1,0,0,0,0,0,0,0,0,0,0
482516,1,1,0,0,0,0,0,17,0,0,0,0
482516,2,1,0,0,0,0,8,0,4,0,0,0
482517,0,1,0,0,0,0,0,0,0,0,0,0
482517,1,1,5,0,6,0,33,19,0,0,0,0
482518,1,1,0,0,0,0,0,0,0,0,0,0
482519,1,1,0,0,0,0,0,0,0,0,6,0
482519,2,1,0,0,0,0,0,0,0,0,0,0
482520,1,1,0,0,0,0,0,21,0,0,0,2
482520,2,1,19,0,20,0,0,0,0,0,0,0
482521,1,1,3,3,3,3,3,3,3,3,3,3
482521,2,1,0,0,0,0,0,0,16,7,0,0
482521,3,1,0,0,0,1,0,0,0,0,0,0
482522,1,1,27,27,27,27,27,27,27,27,27,27
482522,2,1,0,0,0,0,0,0,0,0,0,7
482523,1,1,0,0,0,0,0,0,28,15,0,0
482523,2,1,0,24,0,0,15,0,0,14,0,0
482524,1,1,12,6,14,13,22,17,16,7,17,24
482524,2,1,0,0,0,0,0,0,0,0,0,0
482525,1,1,26,26,26,26,26,26,26,26,26,26
482526,1,1,26,26,26,26,26,26,26,26,26,26
482527,0,1,0,0,0,0,0,0,0,0,0,0
482527,1,1,0,0,0,0,0,0,0,0,0,0
482528,0,1,0,0,0,0,0,0,0,0,0,0
482528,1,1,0,27,0,0,8,0,0,20,5,0
482529,1,1,12,6,0,26,9,0,0,0,0,6
482529,2,1,0,0,4,0,0,0,0,7,0,0
482531,1,1,14,14,14,14,14,14,14,14,14,14
482532,1,1,4,4,4,4,4,4,4,4,4,4
482533,1,1,17,17,17,17,17,17,17,17,17,17
482534,1,1,0,0,0,0,0,0,0,0,0,0
482534,2,1,15,15,15,15,15,15,15,15,15,15
482534,3,1,10,0,0,16,0,17,0,5,10,0
482535,0,1,0,0,0,34,0,0,7,6,0,10
482535,1,1,21,36,0,14,21,7,0,23,0,0
482536,1,1,24,24,24,24,24,24,24,24,24,24
482537,1,1,0,0,0,0,0,0,0,0,0,0
482538,0,1,0,0,0,17,0,0,0,14,0,0
482538,0,2,0,0,0,0,0,32,0,0,48,0
482538,1,1,0,9,7,14,0,0,0,0,0,0
482539,1,1,0,4,0,0,0,0,0,0,0,0
482539,2,1,27,27,27,27,27,27,27,27,27,27
482540,1,1,21,21,21,21,21,21,21,21,21,21
482541,1,1,0,0,0,0,0,0,0,0,0,0
482541,2,1,0,0,0,0,0,0,0,0,0,0
482542,0,1,0,0,0,0,0,31,0,0,14,0
482542,1,1,12,14,15,0,9,0,0,2,0,11
482543,0,1,0,0,0,0,0,0,0,0,0,0
482543,1,1,10,0,13,14,26,0,0,0,14,0
482544,0,1,0,0,0,0,0,0,0,0,0,0
482544,1,1,0,15,21,0,0,0,3,0,0,0
482545,1,1,10,10,10,10,10,10,10,10,10,10
482546,1,1,12,12,12,12,12,12,12,12,12,12
482546,2,1,0,0,0,0,0,0,0,0,0,0
482547,1,1,0,0,0,0,0,0,0,0,0,0
482547,2,1,0,0,0,0,0,0,0,0,0,0
482548,1,1,17,17,17,17,17,17,17,17,17,17
482549,1,1,0,13,0,0,0,0,0,0,0,10
482550,1,1,24,12,0,8,4,24,3,0,0,0
482550,2,1,10,0,9,0,0,0,37,0,8,0
482550,3,1,0,0,0,0,0,0,0,0,0,0
482550,4,1,0,6,0,0,16,19,0,0,0,14
482551,1,1,0,0,0,0,20,0,0,36,0,0
482551,2,1,0,0,0,0,0,0,0,0,5,0
482552,1,1,0,0,0,0,0,0,0,0,0,0
482552,2,1,0,0,0,0,0,0,0,0,0,30
482552,3,1,0,0,0,0,0,0,5,0,0,0
482552,4,1,0,0,0,0,0,0,0,0,0,0
482553,1,1,4,4,4,4,4,4,4,4,4,4
482554,1,1,19,19,19,19,19,19,19,19,19,19
482554,2,1,0,0,0,0,0,0,0,0,0,0
482555,1,1,9,27,0,0,0,0,0,0,0,0
482555,2,1,0,0,0,0,0,0,0,0,0,0
482556,1,1,0,0,0,0,0,0,0,0,0,0
482557,1,1,0,0,0,0,0,0,10,0,0,0
482558,1,1,0,0,0,0,0,0,0,0,20,0
482558,2,1,0,0,4,0,0,0,0,0,0,0
482560,1,1,16,0,0,0,0,0,0,0,0,0
482560,2,1,0,0,0,0,0,0,0,0,14,11
482561,1,1,0,0,10,22,9,0,17,18,6,20
482563,1,1,6,24,0,0,0,14,19,12,27,0
482564,1,1,17,17,17,17,17,17,17,17,17,17
482564,2,1,0,0,0,0,0,0,0,0,0,0
482564,3,1,0,0,0,0,16,0,0,13,0,0
482564,4,1,0,0,0,0,0,0,0,0,11,18
482565,1,1,0,0,0,0,0,0,0,0,0,0
482565,2,1,0,0,0,0,0,0,0,0,0,0
482566,0,1,0,0,0,0,0,0,0,0,0,0
482566,1,1,14,15,18,6,20,4,10,5,6,10
482567,1,1,0,0,0,0,0,0,0,0,0,0
482567,2,1,20,0,0,0,11,16,0,0,0,0
482568,1,1,30,30,30,30,30,30,30,30,30,30
482568,2,1,0,8,6,0,0,11,0,5,0,0
482569,1,1,0,0,0,0,0,0,0,0,0,0
482569,2,1,0,0,0,0,0,0,0,0,0,0
482570,0,1,0,0,0,0,0,0,0,0,0,0
482570,1,1,15,0,0,0,32,0,0,0,0,0
482571,1,1,0,0,10,21,5,9,11,16,23,0
482572,1,1,0,11,37,16,18,0,31,18,21,0
482573,0,1,0,0,0,0,0,0,19,0,0,0
482573,1,1,0,8,0,0,0,0,0,0,14,16
482574,1,1,0,0,7,0,11,0,0,0,0,0
482574,2,1,0,0,0,0,0,0,0,0,0,0
482575,1,1,0,0,0,0,0,0,0,0,0,0
482576,0,1,23,23,23,23,23,23,23,23,23,23
482576,1,1,14,0,9,0,3,9,11,0,21,0
482576,2,1,5,0,0,5,17,0,0,0,0,0
482577,1,1,18,18,18,18,18,18,18,18,18,18
482578,0,1,0,0,0,0,0,0,0,0,0,0
482578,1,1,6,0,0,0,0,0,0,0,0,0
482579,1,1,0,0,0,0,0,0,0,0,0,0
482580,1,1,0,0,0,0,0,0,0,0,0,0
482581,1,1,22,0,0,0,13,9,0,18,0,0
482582,1,1,18,18,18,18,18,18,18,18,18,18
482582,2,1,0,10,0,13,0,0,0,0,0,0
482582,3,1,10,12,0,0,0,5,0,0,0,14
482582,4,1,0,0,8,0,0,8,0,13,14,0
482583,1,1,15,21,22,11,33,15,23,0,0,0
482584,0,1,13,0,21,0,0,16,13,8,21,28
482584,1,1,0,0,0,14,22,21,14,11,9,0
482585,1,1,1,1,1,1,1,1,1,1,1,1
482586,1,1,0,0,0,0,0,8,0,0,0,0
482586,2,1,8,8,8,8,8,8,8,8,8,8
482587,1,1,0,0,0,0,0,0,0,0,0,0
482587,2,1,0,0,0,0,0,0,12,0,9,0
482588,1,1,0,0,14,0,14,0,12,0,20,0
482588,2,1,0,0,0,0,0,0,0,0,0,0
482589,1,1,0,0,0,0,0,0,0,0,0,0
482589,2,1,0,0,0,0,0,0,0,0,0,0
482590,1,1,0,0,0,32,0,0,0,0,0,0
482590,2,1,0,11,11,0,0,10,11,0,0,0
482590,3,1,0,0,0,0,0,0,0,0,0,0
482591,1,1,0,0,0,0,0,0,0,0,0,0
482591,2,1,0,0,0,0,0,0,0,0,5,0
482592,1,1,0,0,0,0,0,0,0,0,0,0
482592,2,1,0,0,0,0,0,0,0,0,0,0
482593,1,1,0,0,0,0,0,0,0,0,0,0
482593,2,1,27,27,27,27,27,27,27,27,27,27
482594,1,1,9,9,9,9,9,9,9,9,9,9
482594,2,1,2,0,0,0,0,0,0,0,0,0
482595,1,1,0,15,21,0,8,0,0,10,9,9
482595,2,1,0,12,4,0,8,0,0,0,0,0
482596,1,1,5,25,0,0,0,13,18,0,0,9
482597,0,1,27,27,27,27,27,27,27,27,27,27
482597,1,1,11,11,0,16,11,4,21,0,0,0
482597,2,1,0,4,0,11,0,0,0,12,6,7
482597,3,1,0,13,15,2,4,0,12,19,9,12
482597,4,1,0,0,3,9,28,0,16,2,0,0
482598,1,1,5,11,14,5,4,21,10,43,34,6
482599,1,1,0,0,0,0,0,0,0,0,0,0
482599,2,1,0,0,0,0,0,17,15,0,11,0
482600,0,1,0,0,0,0,0,12,0,0,0,0
482600,1,1,0,0,0,0,0,0,0,0,0,0
482601,0,1,27,0,0,0,0,0,0,0,0,0
482602,1,1,0,0,0,0,0,0,0,0,0,0
482603,0,1,1,1,1,1,1,1,1,1,1,1
482603,1,1,0,0,0,0,0,0,0,0,0,0
482604,1,1,0,0,0,13,6,12,0,0,0,0
482604,2,1,0,0,0,0,0,0,0,0,0,0
482605,0,1,0,0,0,0,0,0,0,0,0,0
482605,1,1,0,0,7,0,8,0,12,7,0,0
482605,2,1,0,11,15,0,0,0,12,18,27,35
482606,1,1,27,0,15,33,0,22,0,24,24,0
482607,1,1,0,0,0,0,0,0,0,0,0,0
482608,1,1,7,7,7,7,7,7,7,7,7,7
482608,2,1,0,0,0,0,0,0,0,0,0,0
482609,1,1,0,0,0,18,0,17,0,0,0,9
482610,1,1,16,18,0,3,19,9,0,13,19,9
482610,2,1,0,0,0,0,0,0,0,0,0,0