ST_CASE,VEH_NO,PER_NO,P1,P2,P3,P4,P5,P6,P7,P8,P9,P10
482890,1,1,0,0,0,0,0,0,29,0,32,0
482890,2,1,15,0,0,0,0,12,12,18,0,0
482891,1,1,0,17,11,6,15,6,19,16,36,0
482892,0,1,19,19,19,19,19,19,19,19,19,19
482892,1,1,0,28,0,0,17,0,0,6,12,0
482893,0,1,19,19,19,19,19,19,19,19,19,19
482893,1,1,3,0,0,0,0,13,0,23,0,11
482893,2,1,0,0,0,0,0,25,23,0,4,5
482894,1,1,0,0,0,0,0,0,0,0,0,0
482894,2,1,0,0,0,0,0,0,0,0,0,0
482895,0,1,7,27,0,0,0,0,0,9,0,0
482895,1,1,0,0,0,12,0,18,4,3,0,7
482896,1,1,0,0,0,21,29,0,0,0,14,9
482896,2,1,0,19,0,19,0,0,19,9,10,11
482897,0,1,0,0,0,0,0,0,0,0,0,0
482897,1,1,0,0,0,0,0,0,0,0,0,0
482898,1,1,0,0,0,0,0,0,0,0,0,0
482899,1,1,21,0,0,0,0,0,0,0,13,0
482899,2,1,0,0,0,0,0,0,0,0,0,0
482899,3,1,0,0,0,0,0,0,0,0,0,12
482899,4,1,0,0,0,0,0,0,21,0,0,0
482899,5,1,2,0,14,18,0,0,0,0,0,0
482900,0,1,29,37,0,0,0,0,0,0,0,0
482900,1,1,0,20,0,13,0,4,21,23,0,4
482901,1,1,0,0,0,0,0,0,0,11,0,0
482901,2,1,7,0,3,0,9,0,0,0,21,0
482902,0,1,0,0,43,0,14,0,3,0,37,0
482902,1,1,0,0,0,0,0,0,0,0,0,0
482903,1,1,19,19,19,19,19,19,19,19,19,19
482903,2,1,0,0,0,9,6,0,15,0,0,0
482904,0,1,0,0,0,0,0,0,0,0,0,0
482904,1,1,0,0,0,0,0,22,0,0,0,0
482905,0,1,0,23,0,24,0,0,0,0,4,0
482905,1,1,12,0,0,0,17,0,18,0,12,0
482905,2,1,0,0,0,0,14,0,0,24,0,5
482905,3,1,0,0,9,0,0,0,0,0,0,0
482906,1,1,10,28,11,16,13,0,31,12,23,14
482906,2,1,0,17,0,0,0,0,0,9,0,0
482906,3,1,0,0,0,0,0,0,0,0,0,0
482907,1,1,0,0,0,0,0,0,0,0,0,0
482908,1,1,18,18,18,18,18,18,18,18,18,18
482908,2,1,0,21,0,4,16,13,21,18,0,19
482909,1,1,24,24,24,24,24,24,24,24,24,24
482910,0,1,0,24,22,14,0,0,0,0,0,0
482910,1,1,0,21,17,13,0,0,11,0,0,4
482911,1,1,0,0,0,0,0,0,0,13,20,0
482911,2,1,0,0,0,0,0,0,18,0,0,0
482912,1,1,9,9,9,9,9,9,9,9,9,9
482912,2,1,12,12,12,12,12,12,12,12,12,12
482913,1,1,0,0,0,0,0,0,0,0,0,0
482913,2,1,0,0,0,0,0,0,0,0,0,0
482914,1,1,10,10,10,10,10,10,10,10,10,10
482915,1,1,0,0,0,0,0,0,0,0,0,0
482916,0,1,0,0,0,0,0,0,0,0,0,0
482916,1,1,0,0,17,15,0,0,0,0,28,26
482917,1,1,18,18,18,18,18,18,18,18,18,18
482917,2,1,0,0,0,0,0,0,12,0,19,0
482918,1,1,20,20,20,20,20,20,20,20,20,20
482919,1,1,22,4,0,39,0,0,16,0,29,0
482919,2,1,20,0,0,0,0,19,0,28,23,13
482919,3,1,0,13,0,0,9,14,0,0,0,10
482920,1,1,0,0,0,0,0,0,0,0,0,0
482920,2,1,28,0,0,0,0,0,0,0,0,0
482920,3,1,0,0,0,0,0,0,0,0,0,0
482921,1,1,0,0,0,0,0,0,0,0,0,0
482921,2,1,0,0,0,0,0,0,0,0,0,0
482922,0,1,0,0,43,0,0,0,0,22,0,10
482922,1,1,0,0,0,0,0,17,0,10,22,0
482923,0,1,0,0,21,0,15,0,0,0,0,14
482923,1,1,10,0,0,0,0,0,17,9,11,0
482924,1,1,7,0,18,0,0,15,0,0,0,0
482924,2,1,18,11,0,12,0,0,0,0,0,0
482926,1,1,0,18,0,0,0,0,24,0,0,0
482926,2,1,0,0,0,0,0,0,0,0,0,0
482927,0,1,0,0,0,0,0,0,0,0,0,0
482927,1,1,0,0,0,0,0,0,0,0,13,0
482929,0,1,0,35,7,18,19,26,0,0,22,0
482929,1,1,24,0,0,3,0,0,29,9,20,0
482930,1,1,0,0,0,0,40,0,0,0,0,0
482930,2,1,0,0,0,0,0,0,0,0,0,0
482931,1,1,0,0,0,0,0,0,0,0,0,0
482932,1,1,0,0,0,0,0,0,0,0,0,0
482932,2,1,0,0,0,0,0,0,0,0,0,0
482933,0,1,29,0,4,10,17,0,0,29,0,10
482933,0,2,0,0,0,27,4,0,0,23,0,28
482933,1,1,0,21,0,0,29,16,6,22,0,0
482934,1,1,28,15,0,22,23,7,17,0,0,16
482935,1,1,0,0,0,0,0,0,0,0,0,0
482935,2,1,15,0,0,0,18,0,0,12,0,0
482935,3,1,0,0,0,0,0,0,0,3,0,0
482936,1,1,10,10,10,10,10,10,10,10,10,10
482937,1,1,0,35,0,17,0,0,0,0,0,0
482938,1,1,0,0,0,0,0,0,0,0,0,0
482938,2,1,22,7,0,0,0,0,27,9,0,20
482939,1,1,0,0,0,11,0,0,27,24,0,0
482939,2,1,0,0,21,16,0,0,0,0,0,19
482940,1,1,0,0,0,0,0,0,0,0,0,0
482940,2,1,8,4,21,0,0,0,0,21,0,0
482941,1,1,25,25,25,25,25,25,25,25,25,25
482941,2,1,0,0,0,0,0,0,21,0,0,0
482942,1,1,18,18,18,18,18,18,18,18,18,18
482943,1,1,8,15,0,11,5,19,0,11,3,0
482944,0,1,21,21,21,21,21,21,21,21,21,21
482944,1,1,0,0,15,14,0,0,0,11,0,0
482945,1,1,0,0,0,0,15,0,0,21,0,11
482945,2,1,0,0,40,0,0,0,0,0,0,0
482946,0,1,0,0,0,0,0,0,0,0,0,0
482946,2,1,23,12,6,0,0,0,14,0,0,0
482947,1,1,0,0,0,0,0,0,0,0,0,0
482947,2,1,0,0,0,0,0,0,0,0,0,0
482948,1,1,0,0,15,0,0,0,0,0,0,17
482948,2,1,0,0,0,0,0,0,0,0,0,0
482949,1,1,0,0,0,0,0,0,0,0,0,0
482949,2,1,0,0,0,0,0,0,0,0,0,0
482950,0,1,15,17,0,32,0,0,0,0,0,0
482950,1,1,0,0,0,0,0,0,0,0,0,0
482951,1,1,11,10,4,13,22,5,22,10,10,4
482951,2,1,0,0,0,0,0,0,0,0,0,0
482952,0,1,8,8,8,8,8,8,8,8,8,8
482952,1,1,0,0,3,2,0,0,0,0,0,0
482953,0,1,0,42,14,27,13,0,25,0,13,5
482953,1,1,6,0,10,0,0,0,0,14,0,24
482954,1,1,2,2,2,2,2,2,2,2,2,2
482955,0,1,0,0,0,0,26,0,15,0,0,0
482955,1,1,0,0,0,0,17,0,0,26,21,23
482956,1,1,0,0,0,0,0,0,0,0,0,0
482957,1,1,0,0,0,0,0,0,0,0,0,16
482957,2,1,0,0,0,0,0,0,0,5,0,0
482958,1,1,0,0,0,0,0,0,0,0,0,0
482958,2,1,15,0,0,14,0,0,0,0,18,9
482959,0,1,0,0,0,0,0,0,0,0,0,0
482959,1,1,7,16,0,26,2,7,0,0,8,0
482959,2,1,0,0,18,0,0,15,0,0,15,0
482960,1,1,0,0,0,0,5,0,0,0,11,15
482960,2,1,0,0,0,0,0,0,0,0,0,0
482961,1,1,0,0,28,3,9,0,0,0,0,8
482962,0,1,0,0,0,0,0,0,0,0,0,0
482962,1,1,0,0,8,0,0,0,0,0,0,0
482963,1,1,0,0,0,0,9,0,0,4,0,0
482963,2,1,0,0,0,20,0,0,0,0,0,0
482964,0,1,24,13,0,0,0,23,0,24,0,7
482964,1,1,24,24,24,24,24,24,24,24,24,24
482964,2,1,18,0,0,7,0,0,0,0,0,0
482965,0,1,6,6,6,6,6,6,6,6,6,6
482965,1,1,0,20,0,0,0,0,0,0,0,0
482966,1,1,14,14,14,14,14,14,14,14,14,14
482966,2,1,13,0,0,0,0,7,0,3,10,30
482967,1,1,0,0,21,19,0,0,0,0,0,0
482967,2,1,9,0,0,0,0,0,21,0,0,0
482967,3,1,0,0,0,0,0,9,0,0,0,0
482968,1,1,0,0,0,0,13,19,0,0,0,0
482969,1,1,1,1,1,1,1,1,1,1,1,1
482969,2,1,24,21,0,0,23,8,0,0,0,36
482972,1,1,16,16,16,16,16,16,16,16,16,16
482973,1,1,18,23,0,7,22,30,0,22,0,0
482973,2,1,0,14,0,0,0,0,0,0,0,0
482974,1,1,33,33,33,33,33,33,33,33,33,33
482974,2,1,0,0,0,8,0,0,0,0,0,0
482974,3,1,0,0,0,0,0,0,0,0,0,0
482975,1,1,0,0,0,0,0,0,0,0,0,0
482975,2,1,0,0,0,0,0,0,0,0,0,0
482976,1,1,4,4,4,4,4,4,4,4,4,4
482976,2,1,0,0,0,0,0,0,0,0,0,0
482977,0,1,9,17,0,0,18,0,21,0,0,0
482977,1,1,0,15,0,9,0,27,0,0,0,9
482978,1,1,0,0,0,0,0,0,0,0,0,0
482979,1,1,0,9,0,0,0,0,5,0,0,6
482979,2,1,15,15,15,15,15,15,15,15,15,15
482980,1,1,9,8,0,0,20,15,0,0,0,14
482980,2,1,0,0,0,0,0,0,0,0,0,0
482981,0,1,9,43,0,0,0,0,14,16,0,0
482981,1,1,0,0,15,0,10,3,10,25,9,0
482982,1,1,26,26,26,26,26,26,26,26,26,26
482983,1,1,0,0,18,0,19,8,0,7,18,14
482984,1,1,0,0,0,0,0,0,0,0,0,0
482985,1,1,11,0,0,8,0,14,14,8,0,0
482986,1,1,0,0,0,0,0,0,6,0,0,0
482986,2,1,0,0,0,5,12,0,0,0,0,0
482987,1,1,0,0,0,0,0,0,0,0,0,0
482989,0,1,35,35,35,35,35,35,35,35,35,35
482989,1,1,0,0,0,0,0,9,0,27,0,6
482989,2,1,15,27,0,0,0,0,0,16,0,0
482990,0,1,0,0,0,0,0,0,0,0,0,0
482990,1,1,0,12,17,0,0,0,0,0,23,0
482991,1,1,23,0,0,1,0,0,0,11,9,0
482991,2,1,0,5,0,0,0,0,0,26,0,0
482991,3,1,15,30,0,27,11,0,0,0,0,0
482991,4,1,0,0,0,0,0,0,0,0,0,0
482992,1,1,5,5,5,5,5,5,5,5,5,5
482992,2,1,0,0,0,0,0,0,0,0,0,0
482993,1,1,25,25,25,25,25,25,25,25,25,25
482994,1,1,0,0,0,0,0,0,0,0,0,0
482994,2,1,13,13,13,13,13,13,13,13,13,13
482995,1,1,0,18,0,0,0,0,0,0,14,17
482995,2,1,0,0,0,0,16,0,0,0,0,0
482996,1,1,0,0,0,10,16,0,5,0,0,0
482997,1,1,0,0,0,0,0,0,0,0,0,0
482998,1,1,0,0,0,0,0,0,0,0,0,0
482999,1,1,25,19,19,0,9,21,19,13,9,4
482999,2,1,0,0,0,0,0,0,0,34,12,19
483000,0,1,0,0,0,0,0,0,0,0,0,0
483000,1,1,7,7,7,7,7,7,7,7,7,7
483001,1,1,3,3,3,3,3,3,3,3,3,3
483001,2,1,38,13,14,0,0,0,19,0,27,24
483002,1,1,28,28,28,28,28,28,28,28,28,28
483002,2,1,0,0,0,0,0,0,0,0,0,0
483003,0,1,0,0,0,11,10,0,0,0,5,0
483003,1,1,0,0,6,0,6,21,2,3,11,4
483004,1,1,0,0,0,0,0,0,0,0,0,0
483004,2,1,0,0,0,0,0,0,0,0,0,0
483005,1,1,0,0,0,0,12,0,0,0,0,0
483005,2,1,0,0,0,0,0,0,0,0,0,0
483005,3,1,0,0,0,0,0,0,0,0,0,0
483006,1,1,7,22,17,21,0,0,13,13,17,0
483006,2,1,0,0,0,0,0,0,4,0,0,0
483007,1,1,19,19,19,19,19,19,19,19,19,19
483007,2,1,5,5,5,5,5,5,5,5,5,5
483008,1,1,0,0,0,0,0,0,0,0,0,0
483008,2,1,0,0,0,0,0,0,0,0,0,0
483008,3,1,0,0,0,0,0,0,0,0,0,0
483009,1,1,0,0,0,0,7,0,17,3,0,0
483009,2,1,0,0,38,0,0,0,0,0,0,0
483009,3,1,18,14,0,0,0,0,22,0,0,26
483010,1,1,0,0,0,0,0,0,0,0,0,0
483010,2,1,0,0,29,18,25,0,15,0,0,0
483011,0,1,16,9,0,0,0,0,0,0,0,0
483011,1,1,0,0,0,0,0,0,0,0,0,0
483011,2,1,0,0,0,0,0,0,0,0,0,11
483011,3,1,0,0,0,0,0,0,29,0,0,0
483012,1,1,0,0,13,0,0,0,14,0,18,0
483013,0,1,0,0,0,0,0,0,0,0,0,0
483013,1,1,28,12,14,26,30,13,12,2,0,9
483014,1,1,0,0,0,0,17,19,19,0,32,0
483015,0,1,0,0,0,0,0,0,0,0,0,0
483015,1,1,0,0,0,0,0,0,0,0,0,0
483016,1,1,7,7,7,7,7,7,7,7,7,7
483016,2,1,0,0,0,0,19,0,0,4,0,27
483017,1,1,0,0,0,0,0,0,0,0,20,0
483017,2,1,0,0,0,0,0,0,9,0,0,10
483018,1,1,12,12,12,12,12,12,12,12,12,12
483019,1,1,17,17,17,17,17,17,17,17,17,17
483019,2,1,14,14,14,14,14,14,14,14,14,14
483020,0,1,0,0,0,0,28,0,0,0,24,0
483020,1,1,6,0,0,0,0,0,16,4,0,0
483021,1,1,0,0,0,0,0,0,0,0,0,16
483022,1,1,3,3,3,3,3,3,3,3,3,3
483023,0,1,0,0,0,0,0,0,0,0,0,0
483023,1,1,0,0,0,11,12,28,6,11,0,0
483023,2,1,17,26,0,0,0,15,0,13,14,39
483024,0,1,0,0,0,0,0,0,0,0,0,0
483024,1,1,0,0,0,0,8,0,0,0,0,0
483025,1,1,0,0,0,0,0,0,0,0,0,0
483026,1,1,0,0,0,0,0,0,0,0,0,0
483026,2,1,14,0,0,0,5,15,0,24,36,14
483027,0,1,30,0,0,17,0,0,0,0,0,0
483027,1,1,11,0,0,18,0,28,0,0,24,0
483028,1,1,0,0,0,0,0,0,0,0,6,0
483028,2,1,0,0,0,0,0,0,0,0,0,0
483029,1,1,0,0,0,0,22,0,0,0,0,0
483030,1,1,0,0,11,0,8,0,0,11,0,0
483030,2,1,0,0,0,0,8,0,0,0,0,0
483031,1,1,0,0,0,0,0,0,0,0,0,0
483031,2,1,0,0,0,0,0,0,0,0,0,0
483032,0,1,21,0,6,0,3,0,0,0,19,25
483032,1,1,0,0,0,0,0,0,0,0,0,0
483033,1,1,15,15,15,15,15,15,15,15,15,15
483034,1,1,21,21,21,21,21,21,21,21,21,21
483035,1,1,19,19,19,19,19,19,19,19,19,19
483036,0,1,0,0,0,0,0,0,0,0,0,0
483036,1,1,0,0,3,0,0,0,0,0,0,13
483036,2,1,16,0,0,1,0,0,0,0,0,0
483037,1,1,0,0,0,0,0,0,0,0,0,0
483038,0,1,15,8,22,6,0,0,0,0,0,8
483038,1,1,10,0,0,18,0,0,16,0,0,18
483039,1,1,0,0,0,0,0,0,0,0,0,0
483039,2,1,0,0,0,0,0,0,0,0,0,0
483040,1,1,1,1,1,1,1,1,1,1,1,1
483041,1,1,0,0,0,0,34,0,0,0,0,0
483042,1,1,0,0,0,0,0,0,0,0,0,0
483042,2,1,0,0,0,0,0,0,0,0,0,0
483043,1,1,0,0,0,0,0,0,0,0,0,0
483043,2,1,25,0,0,0,0,0,0,0,0,0
483044,1,1,0,0,0,0,0,0,0,0,0,13
483044,2,1,0,0,0,0,0,6,8,0,0,0
483045,0,1,6,29,0,0,0,0,0,0,11,16
483045,2,1,0,0,0,0,0,0,4,0,0,0
483046,0,1,0,31,0,0,27,0,0,33,16,0
483046,1,1,0,0,40,0,0,0,0,0,0,0
483047,1,1,36,36,36,36,36,36,36,36,36,36
483048,1,1,21,6,35,22,14,16,20,33,16,0
483049,0,1,0,0,28,0,0,0,0,0,0,0
483049,1,1,16,23,24,0,0,10,0,0,11,4
483050,0,1,0,0,0,0,0,0,0,0,0,0
483050,1,1,0,8,0,0,0,0,16,0,0,0
483051,1,1,0,0,0,0,11,0,17,0,0,0
483051,2,1,0,0,0,0,19,0,16,0,0,0
483052,1,1,26,26,26,26,26,26,26,26,26,26
483053,1,1,0,0,9,13,0,18,0,10,11,16
483054,1,1,3,0,0,10,0,12,0,17,9,0
483055,1,1,0,0,0,0,0,0,0,17,32,0
483056,1,1,5,0,18,20,0,0,4,0,0,6
483057,1,1,14,14,14,14,14,14,14,14,14,14
483058,0,1,0,0,0,0,0,0,0,0,0,0
483058,1,1,3,0,0,12,9,0,0,3,0,0
483059,1,1,0,0,0,0,0,0,0,0,0,0
483059,2,1,0,0,0,0,0,0,0,0,0,0
483060,1,1,17,11,23,0,0,0,0,0,0,0
483061,0,1,0,0,0,0,0,0,0,0,0,0
483061,1,1,0,0,19,0,11,0,5,0,0,15
483062,0,1,0,0,0,0,0,0,0,0,0,0
483062,1,1,0,0,23,17,0,0,0,0,0,0
483063,1,1,0,0,0,0,0,0,0,0,0,0
483063,2,1,0,0,0,0,0,0,0,0,0,0
483064,1,1,0,5,0,0,0,0,0,0,0,0
483065,1,1,0,0,0,0,0,0,0,0,0,0
483066,1,1,0,0,0,31,29,19,38,0,0,0
483066,2,1,3,0,0,0,0,0,0,0,0,0
483066,3,1,0,0,20,25,0,0,10,13,0,14
483066,4,1,17,0,19,0,0,0,0,0,0,0
483067,1,1,14,14,14,14,14,14,14,14,14,14
483067,2,1,0,0,0,0,0,0,0,0,0,0
483067,3,1,5,4,0,0,0,0,8,0,0,0
483068,0,1,0,0,0,0,0,0,0,0,0,0
483068,1,1,10,0,0,0,0,0,0,0,0,0
483069,1,1,10,18,53,0,0,0,0,20,13,25
483070,1,1,0,0,0,0,0,0,0,0,0,0
483070,2,1,0,0,0,0,0,0,0,0,0,0
483071,1,1,0,0,0,0,0,0,0,0,0,0
483071,2,1,0,0,0,0,0,0,0,0,20,3
483072,1,1,0,0,0,0,0,0,0,0,0,0
483072,2,1,0,0,0,0,0,0,0,0,0,0
483072,3,1,0,0,0,0,0,0,0,17,0,0
483072,4,1,0,0,0,15,0,17,0,32,0,0
483073,1,1,24,24,24,24,24,24,24,24,24,24
483073,2,1,0,0,0,20,0,0,0,16,11,0
483073,3,1,0,28,10,0,5,23,0,19,0,20
483074,0,1,0,28,0,22,0,3,0,49,0,0
483074,1,1,0,10,4,14,0,0,13,0,9,0
483075,1,1,0,0,0,7,0,0,0,0,0,13
483075,2,1,12,11,0,20,23,20,0,0,16,13
483076,1,1,12,12,12,12,12,12,12,12,12,12
483077,1,1,0,0,0,34,0,0,0,0,0,0
483077,2,1,2,2,2,2,2,2,2,2,2,2
483078,1,1,24,24,24,24,24,24,24,24,24,24
483079,1,1,0,0,0,0,0,0,0,0,0,0
483079,2,1,38,0,0,0,0,0,18,13,13,26
483080,0,1,2,2,2,2,2,2,2,2,2,2
483080,1,1,27,11,16,0,0,0,0,18,0,18
483081,1,1,13,0,0,0,16,0,0,7,0,0
483081,2,1,0,0,0,0,0,0,3,11,0,0
483082,1,1,0,0,0,0,0,0,0,0,0,0
483083,1,1,30,0,0,0,21,0,0,7,10,8
483084,1,1,19,19,19,19,19,19,19,19,19,19
483084,2,1,0,0,22,0,0,0,0,0,31,14
483085,1,1,0,0,0,0,0,0,0,0,0,0
483086,1,1,0,0,0,0,0,0,0,0,0,0
483086,2,1,0,0,0,8,0,0,0,4,0,0
483086,3,1,0,0,0,0,0,0,0,0,0,0
483087,1,1,0,0,0,0,0,0,0,0,23,0
483087,2,1,0,14,0,0,11,0,0,13,0,24
483088,0,1,0,16,0,0,0,0,41,0,27,0
483088,1,1,30,30,30,30,30,30,30,30,30,30
483089,1,1,0,0,0,0,0,0,0,0,0,0
483089,2,1,0,0,0,24,0,0,0,0,0,0
483091,0,1,22,22,22,22,22,22,22,22,22,22
483091,1,1,0,0,13,16,0,0,0,0,0,0
483092,1,1,0,0,0,0,0,0,0,0,0,0
483092,2,1,0,8,0,0,0,0,0,7,0,0
483093,1,1,0,0,0,0,0,0,0,0,0,0
483094,1,1,0,0,0,0,0,0,0,0,0,0
483094,2,1,13,0,0,13,15,13,14,6,0,0
483095,1,1,16,16,16,16,16,16,16,16,16,16
483096,1,1,8,8,8,8,8,8,8,8,8,8
483096,2,1,0,0,0,0,0,0,0,13,0,0
483097,1,1,0,0,0,0,0,0,0,0,10,0
483097,2,1,0,0,0,0,0,0,0,0,0,0
483098,1,1,19,2,15,0,17,17,10,0,25,0
483098,2,1,7,15,0,0,0,0,0,0,23,0
483100,0,1,0,0,0,0,0,0,0,0,0,0
483100,1,1,17,9,0,18,17,28,0,10,0,0
483100,2,1,4,0,0,0,0,9,10,0,0,0
483101,0,1,0,0,0,34,0,19,42,0,0,0
483101,1,1,13,0,0,0,0,0,8,0,15,0
483102,1,1,0,0,0,0,0,0,0,0,0,0
483102,2,1,0,0,9,0,0,0,0,0,0,0
483102,3,1,6,0,0,0,0,12,0,0,14,0
483103,1,1,25,18,6,0,0,0,15,19,14,0
483103,2,1,0,14,0,0,0,10,0,4,26,18
483104,1,1,21,21,21,21,21,21,21,21,21,21
483105,0,1,0,0,0,0,0,0,0,0,0,0
483105,0,2,0,0,0,29,0,46,0,0,0,29
483105,1,1,0,0,0,0,0,0,0,0,0,0
483106,1,1,0,0,0,0,0,0,13,0,0,30
483106,2,1,0,0,0,0,9,0,0,12,0,8
483107,0,1,21,0,0,0,22,0,0,0,0,0
483107,1,1,0,12,0,9,20,31,0,0,7,8
483108,1,1,21,0,0,0,0,0,17,0,0,15
483108,2,1,0,0,0,0,0,0,0,0,0,0
483109,0,1,0,0,22,0,0,0,0,0,0,18
483109,0,2,9,0,27,0,0,0,0,0,0,23
483109,0,3,16,0,12,0,19,0,0,0,26,23
483109,1,1,5,4,26,11,4,0,25,12,14,0
483110,1,1,28,0,0,0,0,0,0,0,0,0
483110,2,1,0,0,20,0,20,0,0,15,15,0
483111,1,1,0,0,15,32,0,0,0,0,0,0
483112,1,1,0,0,0,24,0,0,0,0,0,0
483112,2,1,0,0,0,0,0,0,0,0,0,0
483112,3,1,0,0,4,0,0,0,0,0,0,0
483113,1,1,0,0,0,0,0,0,0,0,0,0
483113,2,1,0,0,0,0,0,0,0,0,0,0
483114,1,1,10,10,10,10,10,10,10,10,10,10
483115,1,1,0,0,0,0,0,0,0,0,0,0
483116,1,1,8,8,8,8,8,8,8,8,8,8
483116,2,1,0,0,0,0,0,0,0,0,0,0
483117,1,1,4,4,4,4,4,4,4,4,4,4
483117,2,1,14,0,12,0,0,0,6,25,0,0
483118,1,1,29,0,0,0,0,21,0,0,0,0
483118,2,1,0,0,0,0,0,0,0,0,0,0
483119,1,1,0,0,11,0,5,0,0,17,0,0
483120,1,1,0,17,11,8,0,11,28,0,32,6
483122,0,1,44,6,0,0,26,0,0,0,0,0
483122,1,1,0,40,7,6,0,0,20,7,0,12
483123,1,1,32,22,19,4,20,9,17,5,10,6
483123,2,1,0,0,0,0,0,0,0,0,0,0
483123,3,1,12,4,0,13,8,19,0,0,19,0
483124,0,1,0,0,0,0,0,0,0,0,0,0
483124,1,1,0,0,0,19,0,0,7,5,0,0
483125,1,1,19,19,19,19,19,19,19,19,19,19
483125,2,1,0,0,0,0,22,18,0,15,0,0
483126,0,1,0,0,0,0,0,0,0,0,0,0
483126,0,2,0,0,0,0,0,0,14,16,12,0
483126,1,1,28,23,22,24,17,27,8,34,11,33
483127,1,1,0,0,0,0,0,0,0,0,0,0
483127,2,1,0,0,0,0,0,0,0,0,0,0
483127,3,1,0,0,0,0,0,0,0,0,0,0
483127,4,1,0,0,0,0,0,0,0,0,0,0
483128,1,1,36,36,36,36,36,36,36,36,36,36
483129,1,1,11,0,28,0,0,0,0,13,0,0
483129,2,1,0,0,0,0,0,0,0,0,0,24
483130,0,1,5,5,5,5,5,5,5,5,5,5
483130,1,1,4,0,0,0,0,0,0,11,0,0
483131,1,1,0,0,0,0,0,20,0,0,0,0
483131,2,1,0,0,0,0,0,0,0,0,0,0
483132,1,1,0,0,0,0,3,0,0,0,0,0
483132,2,1,0,0,0,0,0,0,0,0,0,0
483133,1,1,0,0,0,0,0,0,0,0,0,0
483134,1,1,0,0,17,0,14,5,0,0,0,0
483134,2,1,0,0,0,0,0,0,0,0,0,0
483135,1,1,0,0,0,0,0,0,0,18,0,0
483135,2,1,0,0,2,0,0,4,0,0,0,0
483136,0,1,0,0,0,0,0,0,0,0,0,0
483136,1,1,8,0,0,0,0,0,0,24,0,0
483137,0,1,0,0,6,0,0,0,15,0,0,0
483137,1,1,0,0,0,0,0,0,0,0,0,0
483138,1,1,0,0,0,0,0,0,0,0,33,0
483138,2,1,0,19,0,0,0,0,15,0,0,0
483138,3,1,0,0,0,0,14,0,0,0,0,0
483139,1,1,23,23,23,23,23,23,23,23,23,23
483139,2,1,0,0,0,0,0,0,0,0,0,0
483140,0,1,16,16,16,16,16,16,16,16,16,16
483140,0,2,0,0,0,0,0,0,0,0,0,0
483140,1,1,0,18,37,16,14,14,9,3,5,17
483141,1,1,20,0,0,0,0,0,0,0,0,0
483141,2,1,0,0,19,23,5,0,0,0,4,0
483142,1,1,0,0,0,0,0,0,0,0,0,0
483142,2,1,0,0,0,0,0,0,0,0,0,0
483142,3,1,0,0,0,0,0,0,0,31,0,0
483143,1,1,0,0,0,0,0,0,0,0,0,0
483143,2,1,0,0,0,0,0,0,0,0,0,0
483144,1,1,0,0,0,0,0,0,0,0,0,0
483145,1,1,0,24,42,0,0,0,0,8,0,7
483147,0,1,27,27,27,27,27,27,27,27,27,27
483147,1,1,0,0,0,0,0,0,0,0,0,0
483148,0,1,8,0,7,0,14,0,19,14,0,0
483148,1,1,17,17,17,17,17,17,17,17,17,17
483149,0,1,9,9,9,9,9,9,9,9,9,9
483149,1,1,0,0,27,0,0,0,0,26,0,0
483150,1,1,14,15,14,13,41,7,27,26,9,0
483150,2,1,0,0,0,0,0,0,0,0,0,0
483151,1,1,0,0,0,0,0,0,0,0,0,0
483151,2,1,0,0,10,0,14,0,12,0,15,25
483152,1,1,28,10,0,0,0,0,16,0,0,0
483152,2,1,0,0,0,0,0,0,0,0,0,0
483153,0,1,15,15,15,15,15,15,15,15,15,15
483153,1,1,0,20,0,28,7,0,0,0,32,15
483153,2,1,19,0,0,0,21,20,0,14,0,0
483153,3,1,0,22,8,26,7,0,0,29,0,16
483154,1,1,0,0,0,0,0,0,0,0,0,0
483154,2,1,0,6,0,0,0,0,0,0,0,0
483155,1,1,0,0,0,0,0,0,0,0,0,0
483155,2,1,0,0,0,6,0,0,0,0,0,0
483156,0,1,0,9,30,0,27,0,30,11,27,32
483156,1,1,0,0,0,0,0,0,0,0,0,0
483156,2,1,0,0,0,6,0,0,0,0,0,0
483157,1,1,0,0,0,0,0,0,0,0,0,0
483157,2,1,0,0,0,0,0,0,0,0,0,0
483158,1,1,0,0,0,0,0,0,0,0,0,0
483158,2,1,17,0,0,0,0,8,18,0,0,18
483159,0,1,0,0,0,0,0,0,0,0,0,0
483159,1,1,0,7,0,0,3,6,0,0,0,0
483160,0,1,0,0,23,0,0,24,0,0,45,10
483160,1,1,0,0,14,0,0,0,17,0,0,0
483161,1,1,0,0,0,0,0,0,0,0,0,0
483162,1,1,0,0,0,0,0,0,0,0,0,0
483162,2,1,0,0,0,0,0,0,0,9,0,0