ST_CASE,VEH_NO,PER_NO,P1,P2,P3,P4,P5,P6,P7,P8,P9,P10
483163,0,1,40,40,40,40,40,40,40,40,40,40
483163,1,1,14,0,0,7,7,22,0,0,0,10
483164,1,1,15,15,15,15,15,15,15,15,15,15
483165,0,1,0,0,0,0,0,0,0,0,0,0
483165,1,1,6,17,0,0,0,0,13,9,10,2
483167,0,1,6,6,6,6,6,6,6,6,6,6
483167,1,1,0,0,18,21,0,0,8,0,12,14
483168,1,1,0,0,0,35,0,0,0,0,0,0
483168,2,1,0,0,0,0,0,0,0,0,0,0
483169,0,1,22,22,22,22,22,22,22,22,22,22
483169,1,1,10,0,9,0,4,0,0,0,0,0
483170,0,1,0,0,0,0,0,0,0,0,0,0
483170,1,1,0,0,2,6,0,22,0,0,0,0
483171,1,1,0,0,0,0,0,18,0,0,0,0
483171,2,1,0,0,0,0,0,0,0,0,0,0
483171,3,1,0,7,26,0,0,0,0,0,0,7
483172,1,1,17,17,17,17,17,17,17,17,17,17
483173,1,1,0,0,0,0,0,21,0,0,0,0
483173,2,1,0,0,0,0,0,0,0,0,0,0
483174,0,1,0,0,0,0,0,0,0,0,0,0
483174,1,1,0,0,0,0,31,0,0,0,0,0
483175,0,1,0,0,0,0,14,11,0,0,0,0
483175,1,1,0,25,0,0,20,40,0,22,0,0
483176,1,1,2,2,2,2,2,2,2,2,2,2
483177,1,1,24,24,24,24,24,24,24,24,24,24
483178,0,1,0,0,0,0,0,0,0,0,0,0
483178,1,1,0,0,0,0,0,16,15,35,0,0
483179,1,1,0,0,0,0,14,0,0,0,0,0
483180,1,1,16,16,16,16,16,16,16,16,16,16
483180,2,1,9,6,6,0,0,0,0,19,34,0
483181,1,1,19,19,19,19,19,19,19,19,19,19
483181,2,1,12,0,0,0,0,14,12,18,0,11
483182,1,1,20,20,20,20,20,20,20,20,20,20
483183,1,1,0,0,22,0,0,0,0,0,0,0
483183,2,1,0,0,0,0,0,0,0,0,0,0
483184,0,1,0,30,0,0,8,0,1,0,41,21
483184,1,1,13,0,15,0,0,0,12,14,9,28
483185,1,1,0,0,0,0,0,0,0,0,0,0
483185,2,1,0,0,0,0,0,0,0,0,0,0
483186,1,1,0,0,0,0,0,0,0,0,0,0
483187,1,1,0,0,0,0,0,0,0,0,0,0
483187,2,1,9,0,0,0,13,15,0,5,0,22
483187,3,1,15,0,15,0,11,0,0,0,9,11
483188,1,1,9,30,12,23,7,14,23,0,7,13
483189,1,1,0,15,0,0,0,0,0,0,0,0
483189,2,1,0,0,0,0,0,0,0,0,0,0
483189,3,1,0,0,0,0,0,0,0,0,0,0
483190,1,1,0,0,0,0,0,28,0,23,0,0
483190,2,1,0,0,0,0,13,9,0,0,0,0
483191,1,1,0,0,0,0,0,0,15,0,0,0
483191,2,1,0,8,0,0,27,9,0,0,42,0
483191,3,1,20,0,16,0,13,7,10,0,0,0
483192,1,1,0,15,0,0,16,3,27,0,0,3
483192,2,1,0,22,0,10,0,0,0,0,12,0
483192,3,1,0,0,0,11,3,0,0,0,0,0
483193,1,1,0,0,0,9,9,18,0,4,0,16
483193,2,1,0,0,0,0,0,0,0,0,0,0
483194,0,1,7,0,0,0,0,0,0,0,16,0
483194,1,1,14,0,0,0,0,0,0,31,0,0
483195,0,1,16,10,0,0,0,0,0,0,0,0
483195,1,1,17,0,14,0,0,0,12,20,21,0
483196,1,1,17,0,14,8,0,0,21,14,0,0
483197,1,1,0,0,0,0,0,0,0,0,0,0
483197,2,1,0,0,0,0,0,0,7,0,0,0
483197,3,1,4,0,0,15,0,0,0,0,0,0
483198,1,1,21,16,0,0,5,0,13,27,18,0
483199,0,1,0,27,21,0,0,47,0,0,0,0
483199,1,1,0,9,24,12,0,18,0,26,9,0
483200,0,1,0,0,0,0,0,0,0,0,0,0
483200,1,1,0,0,17,0,0,27,0,0,12,0
483201,1,1,0,0,0,0,0,0,0,0,0,30
483201,2,1,0,0,0,0,0,0,0,0,0,0
483202,1,1,0,0,0,0,0,0,0,0,0,0
483203,1,1,14,0,0,16,0,0,0,24,10,0
483204,1,1,0,0,0,0,0,27,0,31,0,0
483205,1,1,0,0,0,0,0,0,0,0,0,0
483206,1,1,0,0,0,0,0,0,0,0,0,0
483206,2,1,0,0,0,0,0,0,0,0,0,0
483207,0,1,0,0,0,0,0,0,26,0,14,11
483207,1,1,22,0,0,22,0,14,0,0,0,11
483208,1,1,23,0,0,0,0,21,0,0,0,30
483208,2,1,0,0,0,0,0,9,0,0,0,0
483209,1,1,0,0,0,0,0,0,0,0,0,0
483209,2,1,0,0,24,0,0,0,0,0,0,0
483211,0,1,23,0,27,16,0,0,30,0,0,0
483211,0,2,12,12,12,12,12,12,12,12,12,12
483211,1,1,9,19,0,0,14,8,0,21,0,0
483212,1,1,23,23,23,23,23,23,23,23,23,23
483213,1,1,0,12,0,15,0,0,18,0,0,0
483214,1,1,0,0,0,0,0,0,0,0,0,0
483214,2,1,0,0,0,0,0,0,30,0,0,0
483215,1,1,6,0,0,5,15,17,11,0,22,0
483215,2,1,0,0,0,0,0,4,0,0,0,0
483215,3,1,0,0,0,0,0,0,6,0,0,0
483216,1,1,0,19,0,0,20,0,0,0,25,0
483216,2,1,0,0,0,15,0,9,19,0,0,0
483217,1,1,15,15,15,15,15,15,15,15,15,15
483218,1,1,0,24,0,0,0,0,0,29,0,0
483219,0,1,0,0,22,18,0,0,0,0,10,29
483219,1,1,0,0,11,7,0,20,7,0,0,0
483220,1,1,0,0,0,0,0,0,0,0,0,0
483220,2,1,0,0,8,0,0,14,0,0,0,0
483221,1,1,0,0,0,0,0,9,22,0,0,0
483221,2,1,0,0,0,0,0,0,0,0,0,0
483221,3,1,0,0,0,0,0,0,0,0,0,0
483222,1,1,0,0,0,0,22,19,8,0,0,0
483222,2,1,0,0,0,0,0,0,6,0,0,0
483223,0,1,0,0,0,0,0,0,0,14,24,27
483223,1,1,0,0,0,0,0,0,0,0,0,0
483224,0,1,0,0,0,0,0,0,0,0,0,0
483224,1,1,7,5,15,11,13,0,0,4,0,9
483226,1,1,0,0,0,0,0,0,0,0,0,0
483226,2,1,16,0,0,0,0,0,0,0,0,0
483227,1,1,6,0,0,17,20,14,0,19,0,8
483228,1,1,0,0,0,0,35,0,0,0,0,0
483228,2,1,8,0,0,0,0,0,0,0,0,0
483229,1,1,0,0,8,0,11,11,0,0,0,0
483230,1,1,0,0,0,35,24,0,0,0,0,0
483230,2,1,0,0,0,0,0,0,0,0,0,0
483231,0,1,0,0,0,0,0,0,0,0,0,0
483231,1,1,0,14,0,0,0,0,0,0,14,0
483231,2,1,0,0,0,0,0,0,19,0,0,0
483232,0,1,0,28,0,25,0,0,0,0,0,0
483232,1,1,0,0,0,0,0,0,0,0,0,0
483233,1,1,0,0,0,0,16,10,13,4,14,0
483234,1,1,0,0,0,10,0,0,17,0,0,0
483234,2,1,0,0,0,0,0,0,0,29,0,0
483235,1,1,0,0,0,0,0,0,0,0,0,0
483236,1,1,0,0,0,32,0,7,0,0,31,0
483236,2,1,0,0,0,0,0,0,0,0,0,0
483237,1,1,0,15,0,0,0,0,23,19,0,24
483237,2,1,0,0,0,0,0,0,0,0,0,0
483238,0,1,21,12,0,0,25,0,24,0,0,21
483238,1,1,0,0,0,3,0,0,0,29,0,0
483239,1,1,0,22,0,12,0,0,0,7,0,0
483239,2,1,0,5,0,25,0,0,12,0,0,0
483239,3,1,0,0,0,16,0,0,0,0,0,0
483239,4,1,12,0,11,0,15,0,0,0,0,0
483240,1,1,0,0,0,0,0,0,0,0,0,0
483240,2,1,0,78,0,0,0,0,0,0,40,0
483241,1,1,0,0,0,0,0,0,0,0,0,0
483241,2,1,0,0,0,0,0,0,0,0,0,0
483243,1,1,20,0,18,16,17,0,0,9,14,5
483244,1,1,0,0,0,0,0,0,0,0,0,0
483244,2,1,18,0,0,0,8,0,0,0,0,0
483245,1,1,19,19,19,19,19,19,19,19,19,19
483245,2,1,11,11,13,19,0,0,0,34,27,13
483245,3,1,0,0,0,7,0,0,18,0,0,0
483245,4,1,0,10,0,0,0,0,18,0,0,0
483245,5,1,0,3,0,0,0,0,0,0,0,10
483246,1,1,0,0,0,0,0,0,0,0,0,0
483246,2,1,18,26,0,22,0,0,0,0,0,0
483248,1,1,0,0,0,0,0,22,0,0,0,0
483249,1,1,0,0,0,0,13,0,0,0,0,0
483249,2,1,0,0,0,0,0,27,0,23,0,0
483249,3,1,5,0,0,0,0,19,0,22,0,0
483250,0,1,0,0,0,0,0,0,0,0,0,0
483250,1,1,0,0,0,12,24,0,0,10,0,0
483251,0,1,0,9,0,0,0,0,0,28,0,0
483251,1,1,0,0,0,0,0,0,0,0,0,0
483252,1,1,0,0,0,0,0,0,0,2,0,0
483253,0,1,0,21,5,0,0,14,0,17,36,0
483253,1,1,15,0,24,16,0,0,0,19,0,0
483254,0,1,17,17,17,17,17,17,17,17,17,17
483254,1,1,0,0,0,11,6,0,0,19,0,0
483255,1,1,0,13,22,0,21,15,36,30,22,3
483256,1,1,0,0,0,0,0,0,0,0,0,0
483257,0,1,0,0,0,0,0,0,0,0,0,0
483257,1,1,0,0,0,0,0,0,4,27,0,0
483258,1,1,0,0,0,0,0,0,0,0,0,0
483258,2,1,8,0,2,0,0,0,12,9,19,0
483259,1,1,0,0,12,0,0,42,6,0,0,23
483259,2,1,0,0,0,0,0,0,0,0,0,0
483260,1,1,20,20,20,20,20,20,20,20,20,20
483261,1,1,0,0,0,0,0,0,13,7,0,0
483261,2,1,0,0,0,0,0,11,0,0,0,25
483261,3,1,0,0,0,0,9,9,8,0,13,13
483262,1,1,0,0,0,0,0,0,0,0,0,0
483262,2,1,0,0,0,0,0,0,0,0,0,0
483263,1,1,5,5,5,5,5,5,5,5,5,5
483263,2,1,0,0,0,0,0,0,0,0,0,0
483264,1,1,0,0,0,0,0,0,0,0,0,0
483264,2,1,0,0,0,0,0,0,0,0,0,0
483265,0,1,0,0,0,0,0,0,0,0,0,0
483265,1,1,0,0,20,11,11,10,13,17,17,0
483266,1,2,0,30,0,0,19,11,19,13,20,25
483267,1,1,20,20,20,20,20,20,20,20,20,20
483267,2,1,0,0,0,6,0,0,0,17,26,17
483268,1,1,0,0,0,0,0,0,0,0,0,0
483269,1,1,6,10,7,34,11,18,11,11,19,15
483270,1,1,0,5,0,0,0,0,0,0,0,0
483270,2,1,0,28,24,0,0,34,0,20,20,0
483271,0,1,27,27,27,27,27,27,27,27,27,27
483271,1,1,0,0,0,13,5,16,0,0,0,11
483272,1,1,0,0,0,0,0,0,5,0,0,14
483272,2,1,0,0,0,0,0,0,0,0,0,0
483272,3,1,0,0,0,0,0,0,0,0,0,0
483273,0,1,0,0,0,0,0,0,0,0,0,36
483273,1,1,0,0,0,0,0,0,0,0,0,0
483274,0,1,0,0,0,0,0,0,0,0,0,0
483274,0,2,9,16,15,0,11,31,13,28,14,0
483274,1,1,0,0,0,0,0,0,0,0,0,0
483275,1,1,0,0,0,0,0,23,21,0,0,0
483275,2,1,0,0,7,0,23,0,0,0,16,8
483276,0,1,13,13,13,13,13,13,13,13,13,13
483276,1,1,0,13,0,0,14,8,0,8,5,21
483276,2,1,0,0,12,15,0,0,18,0,0,0
483277,1,1,0,0,0,0,0,0,0,0,0,0
483277,2,1,0,4,0,0,0,0,3,0,0,0
483277,3,1,0,0,0,0,0,3,0,0,0,0
483278,0,1,23,0,35,24,0,30,26,0,0,0
483278,1,1,11,19,0,0,0,0,22,18,28,13
483278,2,1,0,27,0,20,11,0,26,25,0,0
483279,1,1,0,0,0,0,0,0,0,0,0,0
483279,2,1,0,0,17,0,0,8,23,16,0,0
483280,1,1,0,0,0,0,0,0,0,0,0,0
483280,2,1,29,27,0,0,0,0,0,0,15,15
483281,1,1,0,0,0,18,0,0,0,29,0,0
483282,1,1,0,0,16,17,0,3,0,0,0,0
483282,2,1,17,17,17,17,17,17,17,17,17,17
483283,0,1,19,21,0,0,0,13,0,0,29,0
483283,1,1,0,0,0,0,0,0,0,0,0,0
483284,0,1,0,0,0,0,0,0,0,0,0,0
483284,1,1,0,0,0,0,0,0,0,18,0,0
483285,1,1,39,0,0,0,0,0,0,15,0,0
483285,2,1,0,0,0,0,0,0,0,0,0,0
483286,1,1,6,0,0,5,0,0,0,7,0,6
483286,2,1,0,0,0,0,0,0,0,0,0,0
483287,0,1,0,0,0,0,12,0,0,0,14,0
483287,1,1,0,4,6,14,0,0,8,0,7,30
483288,1,1,20,20,20,20,20,20,20,20,20,20
483289,0,1,0,65,0,0,27,0,16,0,0,0
483289,1,1,0,0,0,0,0,0,0,0,0,0
483290,1,1,0,0,0,13,0,0,0,0,0,0
483291,1,1,11,10,12,0,0,18,0,21,10,23
483292,1,1,0,0,0,0,0,0,0,0,0,0
483292,2,1,0,0,0,0,0,0,0,0,6,17
483293,1,1,0,0,0,0,0,0,0,0,0,0
483293,2,1,0,0,0,0,0,0,0,0,0,0
483294,0,1,0,0,0,0,0,0,0,0,0,0
483294,1,1,0,0,9,0,0,0,0,0,0,0
483295,1,1,30,20,5,0,12,0,16,0,14,0
483295,2,1,19,19,19,19,19,19,19,19,19,19
483296,1,1,23,6,5,5,4,10,15,28,6,15
483296,2,1,0,0,0,0,0,0,6,0,0,0
483296,3,1,0,0,9,16,0,12,0,0,0,10
483297,1,1,22,22,22,22,22,22,22,22,22,22
483298,1,1,0,0,13,0,0,26,0,0,0,20
483299,1,1,0,0,0,0,0,0,0,26,0,0
483299,2,1,21,0,0,0,0,0,0,0,0,0
483300,1,1,18,18,18,18,18,18,18,18,18,18
483301,1,1,0,0,0,0,0,0,0,0,0,0
483301,2,1,0,0,0,0,0,0,4,0,0,0
483302,1,1,0,0,0,0,0,0,0,0,0,0
483302,2,1,0,0,0,0,0,0,0,25,0,0
483303,1,1,23,23,23,23,23,23,23,23,23,23
483303,2,1,0,0,0,0,0,0,0,0,0,0
483303,3,1,0,0,0,0,0,0,0,0,0,0
483304,1,1,13,13,13,13,13,13,13,13,13,13
483305,1,1,0,0,0,0,0,0,0,0,0,0
483305,2,1,6,8,15,0,0,0,0,0,9,9
483306,0,1,0,0,0,0,0,15,0,0,0,0
483306,1,1,0,0,0,8,0,5,3,0,0,10
483307,1,1,22,22,22,22,22,22,22,22,22,22
483308,1,1,17,10,0,0,0,0,0,0,0,0
483308,2,1,10,0,7,0,0,14,0,0,0,0
483309,0,1,31,13,0,0,0,37,21,0,0,0
483309,1,1,10,0,0,6,6,7,0,0,0,0
483310,1,1,18,18,18,18,18,18,18,18,18,18
483311,1,1,0,30,0,0,0,0,0,0,20,0
483312,0,1,0,18,41,0,0,0,0,0,0,0
483312,0,2,0,28,16,0,14,0,6,22,35,0
483312,1,1,14,23,7,19,18,35,14,16,24,12
483313,0,1,0,0,0,12,0,10,0,22,0,52
483313,1,1,12,0,0,19,13,0,0,4,10,2
483314,1,1,0,0,0,0,0,0,0,0,0,0
483314,2,1,3,0,0,0,9,0,0,0,0,0
483314,3,1,0,0,0,0,0,0,0,0,0,0
483315,0,1,0,38,0,25,0,18,6,0,0,0
483315,1,1,0,0,0,0,2,0,0,0,0,0
483317,1,1,0,0,0,0,0,0,0,0,0,0
483317,2,1,0,0,0,0,0,0,0,0,0,0
483318,1,1,0,6,0,5,0,0,0,0,0,0
483319,1,1,0,0,0,0,0,0,19,13,27,0
483319,2,1,15,12,0,21,32,7,7,0,0,0
483320,1,1,12,0,26,0,12,11,0,0,0,0
483320,2,1,0,19,0,0,0,0,0,0,0,0
483321,1,1,6,11,8,12,10,0,27,0,0,0
483322,1,1,19,15,25,0,0,20,21,32,0,0
483322,2,1,0,0,0,0,0,0,0,0,0,0
483323,1,1,0,0,0,32,0,14,7,0,0,20
483323,2,1,0,0,0,26,8,14,0,16,16,6
483324,1,1,0,8,0,14,16,0,8,0,0,0
483324,2,1,1,1,1,1,1,1,1,1,1,1
483325,0,1,41,17,26,28,24,0,36,26,17,17
483325,1,1,0,0,0,0,27,11,0,17,0,0
483326,1,1,0,0,0,0,0,0,0,0,0,0
483326,2,1,0,0,0,0,0,0,0,0,0,6
483326,3,1,0,0,0,0,0,0,0,0,0,0
483326,4,1,0,0,0,0,0,0,5,0,0,0
483326,5,1,0,0,0,9,0,0,0,0,0,9
483326,6,1,0,0,0,0,0,0,0,0,0,0
483327,1,1,0,0,0,0,0,0,0,0,0,0
483328,1,1,32,0,0,12,0,34,0,0,0,17
483328,2,1,12,21,14,14,16,0,0,22,0,0
483329,1,1,23,23,23,23,23,23,23,23,23,23
483330,1,1,24,24,24,24,24,24,24,24,24,24
483330,2,1,0,0,0,0,13,0,0,0,0,0
483331,0,1,24,0,0,15,35,0,15,18,0,0
483331,1,1,0,18,8,0,0,3,27,0,0,19
483332,1,1,21,21,21,21,21,21,21,21,21,21
483333,1,1,0,5,0,0,0,5,0,0,0,0
483333,2,1,0,0,11,0,0,41,26,0,0,0
483334,0,1,8,40,0,15,30,27,8,3,0,15
483334,1,1,21,0,8,7,0,0,0,0,16,0
483335,1,1,0,0,27,0,0,0,0,0,0,30
483335,2,1,20,20,20,20,20,20,20,20,20,20
483336,0,1,0,0,0,0,0,0,0,0,0,0
483336,1,1,0,6,0,0,0,0,15,11,0,33
483336,2,1,0,0,24,13,0,0,0,27,4,18
483337,1,1,0,0,0,0,0,0,0,0,0,0
483337,2,1,0,10,0,0,12,0,17,0,0,0
483338,0,1,1,1,1,1,1,1,1,1,1,1
483338,1,1,25,0,28,0,0,0,0,0,0,0
483339,1,1,0,0,11,0,0,0,0,26,18,0
483340,0,1,0,0,0,0,14,0,13,0,11,38
483340,1,1,12,0,9,13,0,0,0,11,0,0
483341,1,1,0,12,0,0,0,0,0,18,0,0
483342,1,1,0,0,0,0,0,0,0,0,0,0
483343,1,1,0,0,0,0,20,0,0,20,0,0
483343,2,1,0,17,0,0,0,0,21,0,12,0
483344,1,1,0,0,0,0,0,0,0,0,0,0
483345,0,1,0,10,0,11,0,0,20,5,0,25
483345,1,1,0,4,17,0,0,6,13,0,0,0
483345,2,1,0,0,0,0,0,0,0,0,0,0
483346,1,1,0,0,0,29,21,0,0,0,0,0
483346,2,1,25,0,0,0,0,9,0,0,0,12
483347,0,1,0,0,0,0,0,0,0,0,0,0
483347,0,2,0,0,0,0,0,0,0,0,0,0
483347,1,1,0,0,0,0,0,0,14,0,0,0
483348,1,1,0,0,0,0,0,0,0,0,0,0
483348,2,1,0,0,0,0,0,0,0,0,0,0
483349,1,1,8,0,14,12,0,7,12,14,35,13
483350,1,1,0,0,0,0,0,0,0,0,0,0
483351,0,1,0,0,0,5,14,0,15,0,42,0
483351,1,1,0,23,17,21,20,0,26,0,7,20
483352,0,1,0,0,0,0,0,0,0,0,0,0
483352,1,1,0,0,0,0,0,0,0,0,0,0
483354,0,1,0,0,0,0,0,0,0,0,0,0
483354,1,1,0,0,0,0,0,0,0,0,0,0
483355,1,1,0,0,16,0,0,16,6,14,0,0
483355,2,1,0,0,0,0,0,0,0,0,0,0
483356,1,1,26,26,26,26,26,26,26,26,26,26
483357,1,1,0,0,0,0,0,0,0,0,0,0
483357,2,1,25,0,0,0,5,0,0,18,0,0
483358,1,1,12,12,12,12,12,12,12,12,12,12
483359,1,1,0,0,0,0,0,0,0,0,0,0
483359,2,1,0,0,0,0,0,0,0,0,0,0
483360,0,1,15,15,15,15,15,15,15,15,15,15
483360,1,1,0,12,21,0,0,22,0,8,0,29
483361,1,1,19,19,19,19,19,19,19,19,19,19
483361,2,1,22,22,22,22,22,22,22,22,22,22
483362,0,1,4,4,4,4,4,4,4,4,4,4
483362,1,1,0,0,0,0,0,0,6,13,0,0
483363,1,1,0,0,0,0,0,0,0,0,0,0
483364,1,1,23,23,23,23,23,23,23,23,23,23
483365,1,1,18,18,18,18,18,18,18,18,18,18
483366,1,1,19,19,19,19,19,19,19,19,19,19
483366,2,1,0,0,0,0,0,0,0,0,0,0
483367,1,1,0,13,0,0,0,0,12,0,17,0
483368,0,1,0,0,0,0,0,0,0,0,0,0
483368,1,1,0,23,0,25,18,14,0,0,10,11
483369,1,1,0,29,0,0,0,0,9,0,11,7
483370,1,1,0,0,0,0,0,0,18,15,0,0
483370,2,1,0,22,28,28,0,23,13,4,10,9
483371,1,1,21,21,21,21,21,21,21,21,21,21
483372,1,1,0,0,0,0,0,0,0,0,0,0
483372,2,1,0,0,0,0,0,0,0,0,0,0
483373,1,1,0,0,0,0,0,0,21,0,0,0
483373,2,1,0,0,3,0,0,0,0,0,0,0
483375,0,1,0,0,0,0,0,0,0,0,0,0
483375,1,1,0,23,0,0,0,9,16,15,9,0
483376,1,1,0,21,0,0,0,0,0,0,0,0
483377,1,1,0,15,0,0,0,0,8,0,7,0
483377,2,1,0,0,0,0,0,0,0,0,0,0
483378,1,1,0,0,0,0,0,0,0,0,0,0
483378,2,1,0,0,0,0,0,0,0,0,0,0
483379,0,1,40,0,0,0,16,0,0,0,14,0
483379,1,1,0,18,0,17,0,0,0,0,0,10
483380,1,1,17,17,17,17,17,17,17,17,17,17
483381,1,1,0,0,0,0,0,0,0,0,24,0
483382,1,1,0,0,0,0,0,0,0,0,9,0
483382,2,1,0,32,4,0,0,0,0,12,0,10
483383,0,1,14,0,20,24,0,29,11,22,0,12
483383,1,1,16,0,0,0,0,0,17,0,3,19
483384,0,1,20,20,20,20,20,20,20,20,20,20
483384,1,1,0,0,7,0,0,0,0,0,0,0
483386,1,1,13,13,13,13,13,13,13,13,13,13
483386,2,1,0,0,0,5,0,0,0,0,0,0
483387,0,1,21,21,21,21,21,21,21,21,21,21
483387,1,1,0,0,0,0,0,0,0,0,0,0
483388,0,1,0,0,0,0,0,0,0,0,0,0
483388,1,1,17,0,0,0,0,0,0,0,0,0
483389,1,1,0,0,0,0,22,0,0,0,7,0
483390,1,1,21,8,0,32,5,16,0,6,0,19
483391,0,1,31,31,31,31,31,31,31,31,31,31
483391,1,1,0,0,26,0,10,0,0,0,8,31
483393,1,1,0,0,0,0,0,0,0,0,0,0
483394,0,1,0,10,17,5,12,0,0,0,0,0
483394,1,1,18,21,0,0,0,0,0,29,12,0
483395,0,1,0,0,0,0,0,0,0,0,0,0
483395,1,1,14,0,17,10,0,9,24,0,0,0
483396,0,1,0,0,0,0,24,29,0,22,0,0
483396,1,1,0,5,0,0,12,0,0,13,0,0
483397,0,1,0,8,21,0,0,0,0,0,0,22
483397,1,1,0,0,0,0,5,10,0,0,27,7
483398,0,1,42,42,42,42,42,42,42,42,42,42
483398,1,1,0,0,18,0,0,0,0,14,0,0
483399,0,1,0,0,0,0,0,0,0,0,0,0
483399,1,1,0,29,0,16,0,0,17,0,0,0
483400,1,1,8,8,8,8,8,8,8,8,8,8
483400,2,1,0,0,0,0,0,26,0,0,0,0
483400,3,1,0,0,0,24,0,0,0,0,0,0
483401,1,1,0,0,0,15,0,9,11,0,14,14
483401,2,1,12,15,0,9,11,0,0,0,0,0
483402,1,1,26,26,26,26,26,26,26,26,26,26
483403,0,1,22,22,22,22,22,22,22,22,22,22
483403,1,1,0,0,9,0,0,0,0,0,0,0
483403,2,1,0,0,0,0,0,0,0,0,0,0
483404,1,1,0,0,0,0,0,0,0,0,0,0
483404,2,1,0,0,0,0,21,16,0,12,0,22
483405,1,1,7,37,0,0,28,0,0,8,12,15
483407,0,1,14,14,14,14,14,14,14,14,14,14
483407,1,1,0,0,15,0,0,0,0,0,11,12
483408,1,1,0,16,0,0,0,0,0,0,0,0
483408,2,1,0,10,0,0,0,9,0,21,0,0
483409,0,1,0,0,7,0,0,0,0,0,0,0
483409,0,2,0,0,0,0,0,0,0,0,0,0
483409,1,1,0,0,0,0,0,0,0,0,0,23
483410,1,1,0,0,0,0,0,0,0,0,0,0
483411,1,1,0,0,0,0,8,21,15,31,0,0
483411,2,1,0,14,0,0,0,0,0,14,0,0
483412,1,1,0,0,0,0,0,0,0,0,16,24
483413,1,1,0,0,0,0,0,0,0,0,0,0
483413,2,1,0,0,11,12,15,0,0,0,20,14
483415,0,1,0,0,0,15,0,0,0,8,0,0
483415,1,1,0,22,0,0,10,0,0,0,0,3
483416,1,1,21,15,16,10,13,32,21,21,18,9
483416,2,1,10,7,0,0,0,0,0,0,36,0
483417,1,1,0,0,0,0,0,0,0,0,0,0
483417,2,1,9,0,0,8,0,0,0,0,0,0
483418,1,1,33,4,0,0,0,14,7,19,17,13
483419,1,1,0,0,0,0,0,0,0,0,0,0
483420,1,1,0,0,0,0,0,0,0,0,0,0
483421,1,1,13,13,13,13,13,13,13,13,13,13
483421,2,1,0,0,5,0,20,0,14,0,0,0
483421,3,1,0,0,0,0,0,0,0,22,0,0
483422,1,1,0,0,0,0,0,0,0,0,0,0
483423,1,1,0,0,0,0,0,0,0,0,0,0
483423,2,1,0,0,0,0,0,0,0,0,0,0
483424,1,1,15,15,15,15,15,15,15,15,15,15
483425,1,1,0,0,0,0,0,0,0,0,0,0
483425,2,1,0,0,0,0,0,0,0,0,0,0
483426,1,1,0,0,0,0,0,0,0,0,0,0
483426,2,1,0,0,0,0,0,0,0,0,0,0
483427,1,1,47,47,47,47,47,47,47,47,47,47
483428,1,1,0,24,9,0,0,0,0,0,0,17
483428,2,1,0,0,0,0,0,0,10,0,0,0
483429,0,1,20,0,0,0,32,0,19,21,0,0
483429,1,1,13,16,5,0,0,5,29,0,0,18
483430,1,1,0,0,0,0,0,0,0,0,0,0
483431,1,1,14,14,14,14,14,14,14,14,14,14
483432,1,1,0,0,0,0,0,0,0,0,0,0
483433,1,1,0,0,21,0,0,0,0,0,19,0
483433,2,1,0,12,0,0,11,17,16,0,16,2
483434,0,1,29,0,0,0,30,0,0,0,0,10
483434,0,2,0,0,11,22,8,0,0,11,34,0
483434,1,1,0,0,0,0,0,19,0,0,0,0
483435,1,1,0,0,0,0,0,0,15,0,0,0
483435,2,1,0,10,0,12,0,6,9,15,16,0
483436,0,1,18,18,18,18,18,18,18,18,18,18
483436,1,1,0,0,0,0,0,19,24,0,0,16
483438,1,1,0,11,0,0,0,0,0,0,0,0
483438,2,1,0,26,0,0,0,0,0,0,0,0
483439,1,1,0,0,0,27,0,0,0,0,11,0
483439,2,1,0,0,0,0,0,12,0,0,0,0
483440,0,1,12,12,12,12,12,12,12,12,12,12
483440,1,1,18,0,0,7,0,0,30,0,15,0
483441,1,1,21,21,21,21,21,21,21,21,21,21
483442,1,1,0,0,0,0,0,0,0,0,0,0
483442,2,1,0,0,0,0,17,0,0,0,0,0
483443,1,1,22,18,0,0,0,0,23,0,16,19
483443,2,1,33,0,0,0,19,12,0,0,14,0
483444,1,1,0,0,16,18,15,19,0,17,0,30
483445,1,1,24,24,24,24,24,24,24,24,24,24
483445,2,1,0,0,0,0,0,0,0,9,0,0
483446,1,1,17,28,12,24,0,12,0,0,0,0
483446,2,1,7,0,0,0,0,0,0,0,0,17
483447,1,1,22,22,22,22,22,22,22,22,22,22
483447,2,1,0,0,38,0,6,0,0,17,0,0