ST_CASE,VEH_NO,PER_NO,P1,P2,P3,P4,P5,P6,P7,P8,P9,P10
483448,0,1,0,38,19,0,12,8,16,28,0,15
483448,1,1,0,0,0,8,0,2,0,0,0,0
483449,0,1,23,23,23,23,23,23,23,23,23,23
483449,1,1,0,0,8,20,0,0,0,15,0,0
483449,2,1,0,0,0,25,0,0,0,20,0,0
483450,0,1,0,0,0,0,0,0,0,0,0,0
483450,1,1,0,12,0,16,0,18,0,0,0,0
483451,1,1,20,20,20,20,20,20,20,20,20,20
483452,0,1,36,36,36,36,36,36,36,36,36,36
483452,1,1,0,0,0,15,0,0,0,15,0,0
483453,0,1,0,0,0,0,0,0,0,0,0,0
483453,1,1,0,0,0,8,6,23,0,8,11,0
483454,1,1,0,0,5,0,0,0,0,0,9,0
483454,2,1,0,0,0,0,0,0,0,0,0,18
483454,3,1,0,0,0,21,0,0,0,11,0,0
483454,4,1,0,0,0,0,0,0,0,0,0,0
483455,1,1,11,11,11,11,11,11,11,11,11,11
483455,2,1,15,9,21,15,11,0,0,0,13,0
483455,3,1,0,0,27,0,0,0,0,12,19,0
483456,1,1,0,0,0,0,0,0,0,8,0,0
483456,2,1,19,18,0,30,0,0,0,0,0,16
483457,1,1,0,0,0,0,0,0,0,0,0,0
483457,2,1,0,0,0,0,0,0,0,0,0,0
483458,0,1,0,0,0,0,0,0,0,0,0,0
483458,1,1,15,13,0,0,0,0,0,0,18,0
483459,1,1,10,10,10,10,10,10,10,10,10,10
483460,1,1,14,14,14,14,14,14,14,14,14,14
483461,1,1,0,0,0,0,0,0,0,11,0,0
483461,2,1,0,0,0,0,0,16,0,0,0,0
483462,1,1,0,0,30,0,0,8,0,11,0,0
483462,2,1,0,0,0,0,0,0,0,0,0,0
483463,1,1,0,0,0,0,0,0,0,0,0,0
483464,1,1,13,0,22,19,0,11,0,0,0,0
483465,1,1,0,0,0,0,9,0,0,0,30,0
483465,2,1,0,24,0,11,0,0,11,0,0,0
483466,1,1,27,27,27,27,27,27,27,27,27,27
483467,1,1,0,0,0,0,0,0,0,0,0,0
483467,2,1,0,0,0,0,12,0,0,0,0,0
483467,3,1,5,0,0,0,0,0,0,15,0,0
483467,4,1,0,0,8,0,0,0,0,0,0,9
483468,1,1,0,14,0,0,0,0,0,0,0,0
483468,2,1,0,0,0,0,0,0,0,0,0,0
483468,3,1,17,0,0,0,0,0,0,0,0,0
483469,1,1,19,19,19,19,19,19,19,19,19,19
483469,2,1,12,12,12,12,12,12,12,12,12,12
483470,1,1,0,0,0,0,0,0,0,0,0,0
483470,2,1,0,0,0,0,0,0,11,0,14,0
483471,1,1,0,0,0,0,0,0,0,0,0,0
483472,1,1,23,23,23,23,23,23,23,23,23,23
483473,1,1,0,16,16,0,11,0,0,0,0,0
483473,2,1,0,0,0,0,0,0,0,0,0,0
483474,1,1,23,23,23,23,23,23,23,23,23,23
483474,2,1,0,0,0,9,0,0,0,0,0,0
483475,1,1,25,2,19,0,0,9,0,0,26,24
483476,1,1,0,0,0,0,0,0,0,0,0,0
483477,1,1,25,0,0,0,0,0,0,0,0,0
483478,1,1,4,4,4,4,4,4,4,4,4,4
483479,1,1,20,20,20,20,20,20,20,20,20,20
483480,1,1,0,17,0,5,0,0,0,0,0,0
483480,2,1,0,12,0,0,0,0,0,0,0,0
483480,3,1,0,0,0,0,0,0,0,0,0,10
483481,1,1,0,0,0,0,0,0,0,0,0,0
483482,1,1,0,13,0,0,0,19,0,0,0,9
483483,0,1,0,0,0,0,0,0,0,0,0,0
483483,1,1,0,0,0,0,18,0,0,0,4,0
483484,1,1,0,0,0,0,0,5,0,0,0,0
483485,1,1,0,0,0,0,0,0,8,0,0,0
483486,1,1,0,23,0,0,0,0,0,0,26,0
483486,2,1,0,0,0,0,0,0,0,0,0,0
483487,1,1,18,21,0,29,9,0,0,0,0,0
483488,0,1,0,0,0,0,0,0,0,0,0,0
483488,1,1,0,0,0,0,0,0,0,0,0,0
483489,0,1,9,9,9,9,9,9,9,9,9,9
483489,1,1,14,9,0,13,9,0,16,0,21,22
483491,1,1,28,28,28,28,28,28,28,28,28,28
483492,0,1,0,0,31,0,0,0,0,0,0,0
483492,1,1,0,0,0,0,0,27,0,0,0,0
483493,1,1,0,0,16,21,0,0,0,0,0,0
483494,1,1,0,0,0,10,0,0,13,5,0,0
483495,0,1,0,0,20,15,21,0,13,0,0,0
483495,0,2,0,22,13,0,0,0,0,0,0,0
483495,1,1,17,17,17,17,17,17,17,17,17,17
483496,1,1,16,16,16,16,16,16,16,16,16,16
483496,2,1,9,25,0,0,0,0,6,0,0,0
483497,0,1,0,0,0,0,0,0,0,0,0,0
483497,1,1,12,0,10,0,6,0,0,9,0,12
483497,2,1,16,0,14,8,0,3,0,19,0,0
483498,0,1,21,21,21,21,21,21,21,21,21,21
483498,0,2,16,16,16,16,16,16,16,16,16,16
483498,1,1,0,0,0,0,0,0,0,0,0,0
483499,1,1,5,5,5,5,5,5,5,5,5,5
483500,1,1,22,22,22,22,22,22,22,22,22,22
483501,1,1,0,0,0,0,0,0,0,0,0,0
483502,1,1,6,21,0,0,0,4,15,0,27,0
483503,1,1,0,0,0,0,0,0,0,17,0,0
483503,2,1,0,11,0,0,0,0,0,0,0,0
483504,1,1,0,32,0,0,0,0,0,0,0,0
483504,2,1,0,10,0,0,7,17,0,0,0,0
483504,3,1,0,0,0,0,0,0,11,0,0,0
483505,0,1,28,0,13,28,0,0,0,23,20,17
483505,1,1,22,20,37,10,8,7,17,38,17,35
483505,2,1,28,0,38,0,10,3,0,14,26,0
483507,1,1,0,18,19,0,17,0,36,0,0,16
483508,0,1,0,0,0,0,24,0,0,12,7,27
483508,1,1,3,3,3,3,3,3,3,3,3,3
483509,1,1,17,17,17,17,17,17,17,17,17,17
483509,2,1,0,0,0,0,0,0,0,0,0,0
483509,3,1,30,0,0,19,12,9,0,0,0,0
483510,0,1,0,0,0,0,0,0,0,0,0,0
483510,1,1,0,0,0,0,0,0,0,0,0,0
483511,1,1,9,23,0,0,0,8,0,0,0,9
483511,2,1,25,9,24,10,13,21,27,14,15,14
483512,0,1,22,22,22,22,22,22,22,22,22,22
483512,1,1,0,0,0,14,0,0,0,0,0,0
483513,1,1,25,25,25,25,25,25,25,25,25,25
483513,2,1,0,0,0,0,0,0,0,0,20,0
483513,3,1,0,0,0,0,9,0,0,11,0,0
483514,1,1,23,23,23,23,23,23,23,23,23,23
483514,2,1,10,0,3,12,6,0,22,0,8,20
483515,1,1,0,0,0,16,0,0,0,5,15,0
483515,2,1,0,0,0,0,0,0,0,0,0,0
483516,1,1,12,12,12,12,12,12,12,12,12,12
483517,1,1,19,19,19,19,19,19,19,19,19,19
483517,2,1,0,0,0,0,0,0,0,0,0,0
483518,1,1,0,0,0,0,0,0,0,0,0,0
483518,2,1,9,9,9,9,9,9,9,9,9,9
483519,0,1,21,0,0,0,24,0,0,0,0,13
483519,1,1,0,0,0,0,0,0,0,7,0,0
483519,2,1,0,0,13,21,20,0,0,12,11,3
483520,1,1,0,0,0,0,0,0,0,0,0,0
483520,2,1,26,19,20,21,14,0,0,0,0,0
483521,0,1,36,0,6,16,0,0,0,15,0,0
483521,2,1,0,17,0,18,16,25,0,29,0,16
483521,3,1,0,9,0,11,0,3,23,0,5,0
483521,4,1,0,0,23,0,12,0,0,0,0,9
483522,1,1,17,17,17,17,17,17,17,17,17,17
483523,1,1,0,0,0,0,0,0,0,0,0,0
483524,1,1,0,13,0,13,11,0,0,0,9,0
483524,2,1,0,0,0,0,0,0,0,0,0,0
483525,0,1,0,24,0,19,0,0,0,15,22,9
483525,1,1,0,0,0,8,0,0,0,0,14,15
483526,1,1,0,0,23,5,0,0,0,0,18,0
483527,1,1,0,0,17,0,0,0,0,7,0,0
483527,2,1,0,0,0,0,0,0,0,0,0,0
483527,3,1,0,0,0,0,0,0,0,0,0,0
483528,1,1,10,10,10,10,10,10,10,10,10,10
483529,1,1,0,0,23,23,23,0,0,0,29,0
483530,1,1,0,0,0,0,0,0,0,0,0,0
483530,2,1,0,0,0,0,12,11,0,0,0,0
483531,1,1,14,0,0,0,12,0,0,0,0,0
483531,2,1,0,0,0,0,19,0,0,0,0,0
483532,0,1,0,0,0,11,0,14,26,0,0,0
483532,1,1,0,0,0,0,0,0,2,0,0,0
483532,3,1,0,10,0,0,0,0,0,0,0,0
483533,0,1,0,0,0,0,10,29,14,0,21,0
483533,1,1,16,0,0,0,0,0,0,0,7,17
483534,0,1,0,0,17,0,0,0,0,0,0,0
483534,0,2,0,0,0,0,39,0,0,0,19,0
483534,1,1,0,0,19,0,0,9,0,0,0,0
483535,1,1,5,17,14,14,0,26,0,0,10,13
483536,1,1,0,0,0,0,0,0,0,0,0,0
483537,1,1,27,32,22,11,15,31,4,0,15,10
483537,2,1,0,0,0,0,0,15,15,0,9,0
483538,1,1,0,0,0,0,0,0,0,0,0,0
483539,1,1,0,0,0,0,0,0,0,0,5,0
483539,2,1,0,0,0,0,0,0,0,0,0,0
483539,3,1,4,0,0,0,27,19,0,0,0,12
483540,1,1,10,0,0,0,0,20,0,0,12,8
483541,0,1,0,0,0,0,22,0,33,0,21,0
483541,1,1,0,0,0,0,0,0,0,0,15,0
483542,1,1,14,14,14,14,14,14,14,14,14,14
483543,1,1,32,32,32,32,32,32,32,32,32,32
483544,1,1,0,0,0,4,0,0,0,0,5,0
483544,2,1,0,0,0,0,0,0,0,0,0,0
483544,3,1,0,0,0,0,0,0,0,0,0,0
483544,4,1,0,0,0,0,2,0,0,0,0,0
483545,0,1,27,27,27,27,27,27,27,27,27,27
483545,1,1,18,18,18,18,18,18,18,18,18,18
483545,2,1,26,26,26,26,26,26,26,26,26,26
483545,3,1,17,17,17,17,17,17,17,17,17,17
483545,4,1,0,21,19,0,0,0,0,0,0,11
483545,5,1,0,0,0,0,0,0,0,0,11,17
483546,1,1,0,12,0,3,0,0,0,8,0,25
483546,2,1,0,0,0,0,0,0,0,27,0,0
483547,1,1,24,0,0,0,0,0,21,0,0,0
483547,2,1,6,0,0,0,0,0,0,0,0,11
483548,0,1,0,0,0,0,0,24,0,19,26,0
483548,1,1,14,0,11,11,14,23,0,0,0,12
483548,2,1,0,0,0,5,0,0,0,0,0,0
483549,0,1,14,14,14,14,14,14,14,14,14,14
483549,1,1,0,0,0,0,0,0,0,0,19,0
483550,1,1,0,0,0,0,0,0,10,22,0,26
483551,0,1,0,21,0,0,32,16,0,0,0,16
483551,1,1,20,13,0,0,20,0,0,0,0,0
483551,2,1,0,0,0,22,0,17,8,0,0,26
483552,1,1,0,0,0,0,22,0,15,0,9,0
483553,1,1,0,13,0,2,0,0,35,8,0,0
483554,1,1,0,0,0,0,0,0,0,0,0,0
483554,2,1,0,0,0,0,0,0,0,0,0,0
483555,0,1,0,0,0,0,0,38,10,0,0,23
483555,0,2,27,0,8,13,0,0,0,3,26,30
483555,1,1,0,0,22,7,0,0,0,0,22,16
483556,1,1,0,0,0,0,0,0,0,0,0,0
483556,2,1,24,0,10,9,27,0,17,0,0,16
483557,1,1,0,0,0,0,0,0,0,0,0,0
483557,2,1,0,0,0,0,0,0,0,0,0,0
483558,1,1,23,23,23,23,23,23,23,23,23,23
483558,2,1,0,0,0,0,0,0,0,0,0,0
483559,1,1,12,12,12,12,12,12,12,12,12,12
483560,1,1,11,4,0,5,23,0,0,0,0,0
483560,2,1,20,0,0,0,0,5,28,0,0,0
483561,1,1,0,0,0,0,0,23,0,0,0,0
483561,2,1,0,0,0,0,0,0,0,0,0,0
483562,1,1,0,0,0,0,0,0,0,0,0,0
483563,1,1,0,17,0,0,0,0,0,18,17,0
483563,2,1,0,0,0,0,0,0,0,0,0,0
483563,3,1,0,0,0,0,0,0,0,7,0,0
483564,1,1,26,0,0,0,0,0,23,12,0,31
483565,1,1,17,17,17,17,17,17,17,17,17,17
483565,2,1,8,0,23,0,0,26,40,26,26,0
483566,1,1,0,0,0,0,0,0,0,0,0,0
483567,0,1,10,0,0,0,0,0,16,0,20,0
483567,1,1,0,0,0,0,0,12,0,19,0,0
483568,1,1,27,27,27,27,27,27,27,27,27,27
483569,0,1,0,0,0,0,0,0,0,0,0,0
483569,1,1,0,0,0,12,0,0,0,0,0,0
483570,1,1,0,14,0,0,14,0,0,0,25,0
483571,1,1,11,24,14,17,24,27,17,2,37,13
483571,2,1,18,0,0,0,2,0,0,0,0,0
483572,1,1,10,3,19,11,5,4,25,10,0,24
483572,2,1,0,10,0,0,13,0,20,0,0,0
483572,3,1,1,12,0,0,0,11,0,0,3,21
483573,1,1,0,0,0,0,0,0,0,0,0,0
483573,2,1,0,0,0,0,0,0,0,0,0,0
483574,1,1,0,0,0,0,0,0,0,0,0,0
483574,2,1,0,0,0,0,0,0,0,0,0,0
483575,0,1,19,0,0,24,0,0,0,31,24,0
483575,1,1,0,22,0,0,44,0,0,0,0,0
483576,0,1,18,37,14,0,20,0,0,0,13,27
483576,1,1,0,0,14,0,0,10,0,8,6,0
483577,1,1,0,0,0,0,0,0,0,0,18,14
483577,2,1,0,0,0,0,6,11,0,0,0,0
483578,1,1,0,0,19,0,0,0,0,0,0,6
483578,2,1,0,0,0,0,0,0,0,0,0,0
483579,0,1,8,8,8,8,8,8,8,8,8,8
483579,1,1,0,0,0,0,0,0,0,8,9,0
483580,1,1,0,0,0,0,0,0,0,0,0,0
483580,2,1,0,0,0,0,0,14,0,0,0,0
483580,3,1,13,0,0,0,0,0,0,0,0,0
483581,1,1,21,0,0,19,0,0,19,20,23,30
483582,1,1,3,3,3,3,3,3,3,3,3,3
483582,2,1,0,0,0,0,0,0,0,0,0,0
483583,1,1,11,11,11,11,11,11,11,11,11,11
483583,2,1,0,0,0,0,0,0,0,0,0,0
483584,1,1,0,0,0,0,0,0,0,0,0,0
483585,0,1,0,0,0,0,0,0,0,0,0,0
483585,1,1,0,19,19,14,0,0,0,0,0,18
483586,1,1,12,12,12,12,12,12,12,12,12,12
483586,2,1,0,25,0,0,0,0,0,34,23,0
483587,0,1,48,25,0,0,0,0,0,0,0,0
483587,1,1,0,0,0,0,0,0,7,0,0,0
483588,0,1,0,0,0,0,0,0,0,0,13,0
483588,1,1,33,0,0,0,0,0,0,0,15,0
483589,0,1,0,0,0,0,0,0,0,0,0,0
483589,1,1,0,0,10,0,0,0,0,0,0,0
483590,1,1,18,18,18,18,18,18,18,18,18,18
483590,2,1,0,32,0,0,0,0,0,0,13,0
483591,0,1,0,0,0,0,0,0,0,0,0,0
483591,1,1,0,0,0,0,5,0,0,0,0,0
483592,1,1,13,10,15,0,0,31,21,0,18,0
483593,1,1,0,0,28,0,0,0,0,0,0,0
483593,2,1,0,0,0,0,0,0,0,0,0,0
483593,3,1,0,0,0,0,0,8,0,0,21,11
483594,1,1,0,0,0,0,0,0,0,0,0,0
483595,1,1,34,34,34,34,34,34,34,34,34,34
483596,1,1,0,0,0,0,0,0,13,0,0,0
483597,0,1,0,0,0,0,0,0,0,0,0,0
483597,1,1,0,0,0,0,0,0,0,0,0,0
483598,1,1,10,10,28,10,0,10,0,18,38,12
483598,2,1,0,0,6,8,13,11,0,14,11,10
483599,0,1,0,0,0,0,19,5,0,0,0,30
483599,1,1,0,8,46,16,20,0,0,0,0,0
483600,1,1,6,6,6,6,6,6,6,6,6,6
483600,2,1,11,0,0,15,0,0,0,9,0,0
483601,1,1,0,10,21,28,28,23,18,14,30,25
483602,0,1,22,22,22,22,22,22,22,22,22,22
483602,1,1,0,0,0,0,15,14,16,0,0,11
483602,2,1,0,0,0,6,11,29,0,14,0,0
483603,1,1,6,0,15,0,25,18,10,13,24,16
483603,2,1,0,14,0,27,0,0,0,0,12,0
483604,1,1,29,29,29,29,29,29,29,29,29,29
483605,1,1,0,0,0,0,10,11,0,0,0,4
483606,0,1,0,0,0,0,0,0,0,0,0,0
483606,0,2,0,0,0,0,0,0,0,0,0,0
483606,1,1,0,0,0,0,0,0,0,0,0,0
483607,1,1,0,0,13,0,0,0,0,0,32,13
483607,2,1,0,21,0,12,0,0,25,28,0,0
483608,1,1,30,27,0,19,25,23,0,29,29,7
483609,1,1,0,0,0,0,0,0,21,0,11,7
483610,1,1,11,11,11,11,11,11,11,11,11,11
483611,1,1,0,0,0,0,18,0,19,0,12,13
483611,2,1,0,0,0,0,0,0,0,0,0,0
483611,3,1,0,5,8,0,0,0,0,0,0,0
483611,4,1,0,0,0,0,0,0,0,0,28,0
483612,1,1,13,0,0,44,0,0,0,0,0,0
483613,1,1,0,0,0,0,0,0,0,0,0,0
483613,2,1,0,0,0,0,0,0,0,0,0,0
483613,3,1,0,0,0,0,0,0,0,0,18,0
483614,1,1,0,0,0,0,0,0,0,0,0,0
483614,2,1,0,0,0,0,0,0,0,0,0,0
483615,1,1,17,17,17,17,17,17,17,17,17,17
483616,1,1,11,0,13,0,0,20,13,26,16,0
483617,1,1,5,5,5,5,5,5,5,5,5,5
483617,2,1,0,8,17,0,0,0,0,0,0,15
483618,1,1,0,0,0,0,0,0,0,0,0,0
483618,2,1,0,0,0,0,0,0,0,0,0,0
483619,1,1,0,4,15,0,0,14,0,0,0,32
483619,2,1,18,0,0,0,0,0,0,8,0,0
483619,3,1,12,0,0,0,16,0,0,0,0,0
483619,4,1,0,0,0,0,0,0,0,0,0,0
483619,5,1,0,0,0,0,22,27,7,0,13,9
483620,1,1,0,0,0,0,2,0,0,0,0,0
483620,2,1,0,0,0,0,0,0,0,0,0,0
483621,1,1,14,14,0,0,0,0,0,0,0,0
483621,2,1,9,0,0,0,13,0,0,0,0,9
483622,1,1,0,0,0,0,0,5,0,8,14,10
483622,2,1,0,33,0,0,0,19,0,0,0,0
483623,1,1,27,6,12,13,14,19,32,7,15,16
483624,0,1,0,0,0,0,0,0,0,0,0,0
483624,1,1,0,0,0,0,0,11,0,0,7,0
483625,0,1,15,15,15,15,15,15,15,15,15,15
483625,1,1,2,0,17,0,0,0,0,0,0,23
483626,1,1,17,29,13,18,8,9,14,15,16,7
483627,0,1,24,0,0,28,0,29,0,0,0,14
483627,1,1,14,32,23,0,0,25,23,28,15,0
483628,0,1,0,0,0,0,0,35,0,0,0,0
483628,1,1,0,0,0,0,0,0,0,0,0,14
483629,1,1,0,17,0,0,0,0,0,17,16,0
483629,2,1,0,23,0,7,0,11,0,0,0,0
483630,1,1,0,0,0,0,0,0,0,0,0,0
483630,2,1,4,0,0,0,16,10,0,0,0,0
483631,1,1,6,6,6,6,6,6,6,6,6,6
483631,2,1,7,0,5,0,13,0,0,13,15,0
483632,1,1,0,0,0,0,0,0,0,0,0,0
483633,1,1,16,0,23,0,0,0,0,0,0,0
483633,2,1,0,0,0,2,0,0,0,0,0,0
483634,1,1,13,16,11,2,5,12,9,14,23,11
483634,2,1,0,0,0,0,0,0,0,0,0,0
483635,1,1,19,0,30,0,0,0,0,0,0,13
483635,2,1,12,12,12,12,12,12,12,12,12,12
483636,1,1,0,0,0,32,0,0,0,0,0,0
483636,2,1,0,0,0,0,0,0,9,0,0,0
483637,1,1,0,0,0,0,0,0,0,0,0,0
483637,2,1,0,0,0,0,0,0,0,0,0,36
483637,3,1,0,0,0,0,0,0,0,0,9,0
483637,4,1,9,0,20,0,0,12,17,0,0,0
483637,5,1,0,0,0,0,0,20,0,0,0,0
483638,1,1,0,0,0,0,0,12,0,0,0,0
483639,1,1,0,0,0,0,0,0,0,0,0,0
483639,2,1,9,0,0,0,0,0,0,0,10,26
483640,1,1,0,0,0,0,0,0,0,0,0,0
483640,2,1,0,0,0,11,0,0,0,0,0,0
483641,1,1,19,0,0,0,0,0,8,0,9,7
483642,1,1,0,0,0,0,0,0,0,0,0,0
483643,1,1,11,0,0,0,0,0,0,0,11,0
483643,2,1,0,0,0,19,33,9,0,0,0,0
483643,3,1,1,0,0,0,0,0,6,0,0,0
483643,4,1,0,11,0,0,19,0,0,0,0,0
483644,1,1,6,13,0,19,11,24,20,18,13,0
483645,1,1,5,5,5,5,5,5,5,5,5,5
483647,1,1,30,0,20,9,20,0,7,0,12,14
483647,2,1,0,2,0,0,0,0,0,0,0,0
483648,1,1,9,0,0,0,0,0,0,0,0,0
483648,2,1,0,0,0,0,16,0,36,0,0,0
483649,1,1,0,0,0,0,0,0,0,0,0,0
483649,2,1,0,0,14,0,0,9,0,0,0,3
483650,1,1,0,0,0,0,27,12,0,0,0,0
483650,2,1,7,7,7,7,7,7,7,7,7,7
483651,1,1,0,0,38,0,0,0,11,0,0,0
483651,2,1,0,14,12,0,0,0,0,29,0,0
483652,1,1,0,5,0,0,18,0,0,0,0,0
483652,2,1,0,0,0,0,0,0,0,0,0,0
483653,1,1,0,0,0,0,0,0,0,0,0,0
483653,2,1,0,0,0,0,0,0,0,0,0,0
483654,0,1,22,22,22,22,22,22,22,22,22,22
483654,1,1,0,0,0,0,0,0,0,0,0,0
483655,0,1,0,0,0,0,0,0,0,0,0,0
483655,1,1,0,0,0,0,0,0,9,0,0,0
483656,0,1,0,0,0,0,0,0,0,0,0,0
483656,1,1,0,19,0,10,0,14,23,15,0,0
483657,1,1,0,0,0,0,0,0,0,0,0,0
483657,2,1,0,7,8,0,2,22,0,0,0,8
483658,1,1,0,0,0,0,0,0,8,0,0,0
483658,2,1,0,0,0,0,0,0,0,0,0,0
483658,3,1,0,0,15,0,0,0,1,16,17,0
483659,1,1,13,8,10,0,0,14,18,6,18,18
483660,1,1,0,0,0,0,0,0,0,0,0,0
483660,2,1,14,0,0,0,0,0,0,0,0,0
483661,1,1,19,19,19,19,19,19,19,19,19,19
483661,2,1,9,9,0,0,29,26,0,9,7,0
483662,1,1,21,21,21,21,21,21,21,21,21,21
483663,1,1,0,0,0,0,0,0,0,0,0,0
483663,2,1,0,0,0,0,0,0,0,0,0,0
483664,1,1,0,13,33,8,0,0,0,0,12,0
483664,2,1,0,0,0,19,17,0,0,0,19,0
483665,1,1,0,0,0,0,0,0,0,0,0,0
483665,2,1,0,9,13,23,25,0,7,27,0,0
483666,1,1,12,0,0,12,21,0,18,0,10,0
483666,2,1,10,6,16,15,12,18,15,14,16,6
483667,0,1,41,41,41,41,41,41,41,41,41,41
483667,1,1,0,0,0,0,0,0,0,24,0,0
483667,2,1,26,0,18,0,0,0,0,0,0,0
483668,1,1,5,8,0,0,0,0,0,0,0,0
483669,1,1,4,4,4,4,4,4,4,4,4,4
483670,1,1,0,0,0,0,0,0,0,0,0,0
483670,2,1,0,0,0,0,0,0,0,0,0,0
483671,1,1,0,0,0,0,0,0,0,0,0,0
483671,2,1,0,0,2,0,0,0,0,0,0,0
483672,1,1,0,0,0,0,0,0,0,0,0,0
483672,2,1,0,21,0,0,18,0,0,0,0,0
483673,0,1,8,0,0,0,0,18,0,0,0,0
483673,1,1,0,10,0,0,12,0,0,0,10,0
483673,2,1,14,0,0,11,0,15,22,4,0,35
483674,1,1,24,24,24,24,24,24,24,24,24,24
483675,1,1,17,17,17,17,17,17,17,17,17,17
483676,1,1,0,0,0,0,0,0,0,0,0,0
483676,2,1,0,0,0,0,0,0,0,0,0,0
483676,3,1,0,0,0,13,0,0,9,15,22,15
483677,1,1,20,20,20,20,20,20,20,20,20,20
483677,2,1,0,8,0,0,2,0,0,0,0,0
483677,3,1,0,0,0,0,0,27,0,42,0,0
483677,4,1,0,0,0,0,7,19,0,0,0,20
483678,0,1,14,14,14,14,14,14,14,14,14,14
483678,1,1,25,0,18,0,21,0,2,0,12,13
483679,0,1,0,0,0,0,0,0,0,0,0,0
483679,1,1,18,0,4,0,0,0,20,25,0,0
483680,1,1,0,0,0,0,0,0,0,0,0,0
483680,2,1,0,0,0,0,0,0,0,0,0,0
483682,0,1,0,0,0,0,0,0,0,0,0,0
483682,1,1,0,0,0,13,0,17,0,0,0,14
483683,1,1,0,0,0,0,21,0,0,0,0,0
483683,2,1,0,0,19,0,0,0,13,0,0,0
483684,1,1,0,0,0,0,0,0,0,0,0,0
483684,2,1,0,8,0,0,0,0,0,0,24,27
483685,1,1,24,24,24,24,24,24,24,24,24,24
483686,1,1,0,0,0,0,0,0,0,0,0,0
483687,0,1,13,13,13,13,13,13,13,13,13,13
483687,1,1,25,0,0,0,0,0,0,0,0,0
483688,1,1,0,0,0,0,0,0,0,0,0,0
483689,1,1,22,0,35,17,18,26,9,23,8,0
483690,1,1,0,0,0,0,0,0,0,0,0,0
483690,2,1,4,4,4,4,4,4,4,4,4,4
483691,1,1,0,23,0,0,0,0,0,0,0,0
483691,2,1,0,0,0,0,11,0,0,0,0,0
483692,0,1,0,0,0,0,0,0,0,0,0,0
483692,1,1,0,0,0,0,0,0,0,0,0,0
483693,0,1,0,0,0,0,0,0,33,0,29,0
483693,1,1,0,0,2,6,0,0,0,9,32,0
483694,1,1,10,10,10,10,10,10,10,10,10,10
483695,1,1,0,0,0,0,0,0,0,0,0,0
483696,1,1,0,0,0,0,0,0,0,0,0,0
483696,2,1,0,0,0,0,0,0,0,0,0,0
483696,3,1,0,0,0,0,0,0,0,0,0,0
483697,1,1,8,0,0,10,13,26,0,30,14,7
483698,1,1,17,17,17,17,17,17,17,17,17,17
483699,1,1,0,12,0,0,0,0,0,0,0,0
483699,2,1,0,0,0,0,0,0,0,0,0,0
483700,1,1,0,0,11,0,0,0,0,0,0,0
483701,1,1,7,7,7,7,7,7,7,7,7,7
483702,1,1,0,0,0,0,0,0,0,0,0,0
483702,2,1,0,0,0,0,0,0,0,0,0,0
483702,3,1,8,0,0,0,0,0,0,9,0,0
483703,0,1,0,0,0,0,0,0,0,0,0,0
483703,1,1,0,0,16,0,0,23,0,11,0,0
483704,0,1,0,0,0,0,0,0,0,0,0,0
483704,1,1,0,0,0,0,0,12,0,0,10,20
483705,0,1,0,0,20,0,0,0,0,13,0,0
483705,1,1,13,16,0,0,0,33,0,0,0,13
483705,2,1,0,0,0,0,0,0,0,0,0,0
483705,3,1,27,10,0,0,0,0,0,0,0,0
483706,1,1,2,2,2,2,2,2,2,2,2,2
483706,2,1,0,0,0,0,0,0,0,0,0,0
483707,1,1,0,0,0,0,0,0,0,0,0,0
483707,2,1,0,0,0,0,0,0,0,0,0,0
483708,1,1,13,13,13,13,13,13,13,13,13,13
483708,2,1,0,0,0,0,24,0,25,0,0,21
483709,1,1,0,0,0,0,7,0,0,0,8,0
483709,2,1,0,0,0,0,0,0,0,10,0,0
483710,0,1,0,0,0,0,0,0,0,0,0,0
483710,1,1,0,0,0,0,0,11,29,0,0,0
483711,0,1,0,0,0,22,0,8,0,0,34,0
483711,1,1,0,18,10,6,6,0,0,13,16,10
483712,1,1,0,0,0,0,0,0,0,0,0,0
483713,1,1,0,0,0,0,0,0,0,0,0,0
483713,2,1,0,0,3,0,0,0,0,0,0,0
483714,1,1,0,0,22,0,0,0,11,20,13,16
483715,0,1,7,0,0,13,31,28,14,0,0,0
483715,1,1,0,0,0,0,9,0,0,0,0,0
483716,1,1,0,0,0,0,0,0,0,0,0,0
483716,2,1,0,0,0,0,0,6,27,0,0,0
483717,1,1,0,0,5,0,0,28,0,0,0,0