ST_CASE,VEH_NO,PER_NO,P1,P2,P3,P4,P5,P6,P7,P8,P9,P10
483717,2,1,0,0,0,0,0,0,0,0,0,0
483717,3,1,0,0,0,0,9,0,0,11,0,0
483718,1,1,23,23,23,23,23,23,23,23,23,23
483718,2,1,20,0,0,0,0,0,0,0,0,0
483720,1,1,7,14,0,0,16,34,16,27,0,11
483721,0,1,13,0,0,30,0,0,0,0,27,0
483721,1,1,14,0,0,0,0,0,9,29,0,0
483722,0,1,0,0,12,12,0,48,0,15,7,0
483722,1,1,0,0,0,0,0,0,0,0,29,0
483723,1,1,0,0,0,0,0,0,0,0,0,0
483723,2,1,0,0,0,0,0,0,0,0,0,0
483724,1,1,0,0,0,10,0,0,19,8,0,0
483724,2,1,0,0,0,31,0,0,0,0,0,12
483725,1,1,0,0,0,0,0,0,0,0,20,0
483725,2,1,20,0,0,0,0,0,15,0,0,0
483726,1,1,0,2,0,0,0,0,0,0,0,0
483727,1,1,16,16,16,16,16,16,16,16,16,16
483728,1,1,0,0,0,0,0,0,0,0,18,0
483729,0,1,6,6,6,6,6,6,6,6,6,6
483729,1,1,15,0,18,11,6,12,17,25,0,3
483730,1,1,0,0,0,0,0,5,7,0,0,0
483730,2,1,0,0,0,0,0,0,0,0,6,9
483730,3,1,0,0,0,0,0,0,11,0,0,0
483731,1,1,14,14,14,14,14,14,14,14,14,14
483732,1,1,0,0,0,0,0,0,0,0,0,0
483733,1,1,0,11,0,0,24,0,0,10,0,0
483734,1,1,7,17,30,23,13,25,0,23,16,26
483735,0,1,0,0,0,0,0,13,0,20,0,8
483735,1,1,0,0,0,14,5,10,0,0,23,0
483736,1,1,0,26,0,0,0,0,0,20,0,13
483736,2,1,0,0,0,0,0,0,8,0,0,10
483738,1,1,8,27,11,10,11,10,17,16,22,11
483738,2,1,15,6,0,17,15,0,0,29,21,0
483739,1,1,17,17,17,17,17,17,17,17,17,17
483740,1,1,0,0,0,0,0,0,8,22,0,17
483740,2,1,0,0,0,0,0,0,0,10,0,0
483741,1,1,0,17,9,0,0,36,31,0,0,0
483741,2,1,0,0,0,0,0,0,0,0,0,0
483742,1,1,23,23,23,23,23,23,23,23,23,23
483743,1,1,0,0,0,0,0,0,0,0,0,0
483743,2,1,15,0,0,0,0,0,0,0,0,0
483743,3,1,0,0,0,0,0,0,0,0,0,0
483744,0,1,15,15,15,15,15,15,15,15,15,15
483744,1,1,5,0,7,0,0,11,16,4,0,0
483744,2,1,0,0,5,8,0,12,0,24,0,0
483745,1,1,0,0,0,0,0,0,0,0,0,0
483745,2,1,0,0,0,0,0,0,0,0,19,0
483745,3,1,0,0,19,0,0,0,0,0,14,0
483747,0,1,41,0,35,18,0,0,12,21,29,0
483747,1,1,0,8,0,0,0,0,7,0,0,0
483748,0,1,18,0,0,0,0,0,4,0,0,0
483748,1,1,19,0,0,0,0,0,0,0,0,12
483749,0,1,0,0,0,0,0,0,0,0,0,0
483749,1,1,0,0,22,0,15,4,46,0,0,0
483750,0,1,0,0,0,0,0,0,0,0,0,0
483750,1,1,0,0,0,0,0,0,5,0,0,0
483751,1,1,0,0,0,0,0,15,0,0,3,0
483751,2,1,0,8,0,33,0,11,0,0,0,0
483752,1,1,0,0,0,0,0,0,0,0,0,0
483752,2,1,0,0,0,0,0,0,0,0,0,0
483753,1,1,11,11,11,11,11,11,11,11,11,11
483753,2,1,0,8,0,15,0,0,0,0,10,0
483754,0,1,0,0,0,0,0,0,0,0,0,0
483755,0,1,14,0,26,0,0,0,0,0,0,25
483755,1,1,0,20,0,0,0,23,9,20,0,13
483756,1,1,39,10,10,0,0,0,0,0,12,13
483756,2,1,7,0,0,11,0,17,0,0,0,0
483757,1,1,0,19,0,0,0,0,0,7,0,0
483757,2,1,13,0,0,0,13,0,10,9,0,15
483758,1,1,0,0,14,0,20,11,0,17,9,0
483759,1,1,0,16,0,0,0,0,0,29,0,0
483759,2,1,0,0,0,0,0,0,0,0,0,0
483759,3,1,0,0,0,0,0,0,0,0,0,0
483760,0,1,0,9,0,0,0,4,15,0,10,10
483760,1,1,10,0,0,11,0,0,0,9,21,7
483761,1,1,0,0,0,0,26,16,13,0,0,0
483761,2,1,0,0,12,0,0,12,0,0,0,10
483762,1,1,0,0,0,0,0,0,0,0,0,0
483763,1,1,0,0,0,0,0,0,0,0,0,0
483763,2,1,0,44,0,0,0,0,0,0,0,0
483764,1,1,1,1,1,1,1,1,1,1,1,1
483765,0,1,16,16,16,16,16,16,16,16,16,16
483765,1,1,0,0,0,0,15,0,0,0,0,0
483766,0,1,35,0,0,0,0,0,0,0,0,0
483766,1,1,0,0,0,0,0,29,0,0,18,16
483767,1,1,0,0,0,0,0,0,0,0,0,0
483768,1,1,0,0,0,0,0,0,0,0,0,0
483768,2,1,22,16,0,23,31,11,21,0,12,7
483769,0,1,30,10,0,0,17,15,0,26,17,0
483769,1,1,22,0,0,0,13,0,0,0,0,0
483770,1,1,22,22,22,22,22,22,22,22,22,22
483770,2,1,0,2,31,0,0,0,0,5,0,28
483771,1,1,16,16,16,16,16,16,16,16,16,16
483772,1,1,12,12,12,12,12,12,12,12,12,12
483772,2,1,0,0,0,0,0,0,0,0,0,0
483773,1,1,0,0,0,5,0,0,0,13,0,0
483773,2,1,0,13,19,0,0,0,0,0,0,0
483774,1,1,0,0,0,0,0,0,0,0,0,14
483775,0,1,30,30,30,30,30,30,30,30,30,30
483775,1,1,0,0,24,12,0,0,0,3,14,0
483776,1,1,18,18,18,18,18,18,18,18,18,18
483777,1,1,25,25,25,25,25,25,25,25,25,25
483778,1,1,10,10,10,10,10,10,10,10,10,10
483778,2,1,1,1,1,1,1,1,1,1,1,1
483779,1,1,0,0,0,0,0,0,0,0,0,0
483779,2,1,0,0,0,0,0,0,0,0,0,0
483780,0,1,0,0,0,0,0,0,0,0,0,0
483780,1,1,0,0,20,0,0,13,0,11,0,0
483781,1,1,0,0,0,0,0,0,0,45,0,0
483781,2,1,16,10,0,0,0,13,10,0,0,30
483782,1,1,0,0,0,10,5,0,0,0,14,0
483782,2,1,18,0,23,0,0,7,30,8,29,0
483783,1,1,23,23,23,23,23,23,23,23,23,23
483783,2,1,0,0,0,0,14,0,0,0,0,0
483784,1,1,11,11,11,11,11,11,11,11,11,11
483785,0,1,0,0,0,0,0,0,0,0,0,0
483785,0,2,0,21,12,0,0,0,11,27,13,0
483785,1,1,0,0,0,0,0,0,0,0,0,0
483786,1,1,0,0,0,0,0,0,0,0,0,0
483787,0,1,0,0,0,0,0,0,0,0,0,0
483787,1,1,6,0,0,12,12,25,12,0,0,10
483788,1,1,27,25,0,25,0,0,0,0,18,0
483789,1,1,0,0,8,0,8,0,0,0,0,0
483789,2,1,0,17,0,0,18,17,0,0,15,0
483790,1,1,0,14,0,0,0,0,0,0,0,0
483790,2,1,0,0,0,0,0,0,0,0,0,0
483791,1,1,16,28,0,8,11,0,0,23,11,0
483792,0,1,0,0,0,0,0,0,0,0,0,0
483792,0,2,32,44,0,0,0,0,0,0,0,16
483792,1,1,20,0,0,7,0,0,5,0,11,0
483793,0,1,0,0,0,0,0,0,0,0,0,0
483793,1,1,0,0,0,0,0,3,0,0,0,12
483794,1,1,10,10,10,10,10,10,10,10,10,10
483795,1,1,5,15,0,0,0,0,0,12,6,0
483796,0,1,17,17,17,17,17,17,17,17,17,17
483796,1,1,0,0,0,0,0,0,0,0,0,15
483797,1,1,0,0,0,0,0,0,0,0,0,0
483798,1,1,0,0,0,0,0,0,0,0,0,0
483798,2,1,9,0,0,0,0,0,0,0,0,0
483799,1,1,0,7,0,0,0,0,0,0,0,0
483799,2,1,37,37,37,37,37,37,37,37,37,37
483800,1,1,18,9,17,17,28,15,0,13,0,0
483801,1,1,0,0,0,0,0,0,0,0,0,0
483802,1,1,0,0,0,0,0,27,0,0,0,0
483802,2,1,0,11,0,0,0,0,0,6,0,0
483803,1,1,22,22,22,22,22,22,22,22,22,22
483803,2,1,11,11,11,11,11,11,11,11,11,11
483804,1,1,0,4,0,0,0,0,0,0,0,0
483805,1,1,0,0,0,0,0,0,0,0,14,10
483806,0,1,15,41,14,8,12,0,0,13,0,0
483806,1,1,1,0,0,0,0,0,0,7,0,15
483807,1,1,0,21,29,0,0,15,0,0,0,0
483807,2,1,0,0,0,0,0,15,17,0,0,0
483808,1,1,0,0,0,0,0,0,0,0,0,0
483808,2,1,0,0,0,0,0,0,0,0,10,0
483809,1,1,0,0,0,0,0,0,0,0,0,0
483810,1,1,22,22,22,22,22,22,22,22,22,22
483811,1,1,0,7,24,0,0,0,0,0,0,7
483811,2,1,14,0,0,0,17,23,0,0,0,0
483812,0,1,11,0,9,0,8,0,0,0,0,15
483812,1,1,0,0,0,0,0,0,0,0,0,0
483813,1,1,0,0,0,0,0,0,0,0,0,0
483814,1,1,31,31,31,31,31,31,31,31,31,31
483814,2,1,0,0,0,0,8,0,0,0,0,0
483815,1,1,24,24,24,24,24,24,24,24,24,24
483815,2,1,0,0,0,0,0,0,0,0,0,0
483816,0,1,0,0,0,0,0,0,0,0,0,0
483816,1,1,0,0,0,0,0,0,14,0,0,0
483816,2,1,19,0,0,0,0,28,18,19,8,0
483817,1,1,0,0,11,0,0,0,21,0,0,0
483817,2,1,0,12,25,0,0,0,0,12,0,0
483818,1,1,17,17,17,17,17,17,17,17,17,17
483819,1,1,23,23,23,23,23,23,23,23,23,23
483819,2,1,0,0,9,0,0,0,0,0,0,0
483820,1,1,0,0,0,18,0,0,0,0,0,0
483821,1,1,0,0,0,17,2,13,0,20,0,0
483822,0,1,0,0,0,0,0,0,0,0,0,0
483822,1,1,12,0,31,0,22,17,24,0,0,10
483823,0,1,0,0,0,0,0,0,0,0,0,0
483823,1,1,0,0,0,20,0,0,0,0,0,7
483824,1,1,19,19,19,19,19,19,19,19,19,19
483825,0,1,25,0,15,2,0,23,4,16,0,0
483825,1,1,0,16,4,0,0,0,0,18,0,16
483826,1,1,18,18,18,18,18,18,18,18,18,18
483827,1,1,16,16,16,16,16,16,16,16,16,16
483828,1,1,0,0,0,0,0,0,0,0,0,0
483829,1,1,15,8,7,14,0,13,28,0,17,14
483830,0,1,0,0,0,0,38,4,20,0,0,25
483830,1,1,15,0,0,0,17,26,8,0,10,5
483831,1,1,0,0,0,0,0,0,0,0,0,0
483831,2,1,0,0,27,22,0,0,0,0,0,0
483831,3,1,0,0,0,0,15,0,13,0,14,0
483832,0,1,24,23,21,0,0,0,0,0,0,0
483832,1,1,0,0,15,0,0,0,0,0,33,5
483833,0,1,18,0,0,31,0,0,0,0,0,19
483833,1,1,0,0,16,0,0,0,0,0,0,0
483834,0,1,0,11,0,35,0,0,0,0,0,27
483834,1,1,9,5,6,0,0,0,0,0,0,12
483835,0,1,0,0,0,0,0,0,0,0,0,0
483835,1,1,20,0,0,12,16,11,0,11,0,0
483835,2,1,0,0,0,0,0,0,0,0,0,0
483836,0,1,0,0,0,19,0,0,0,0,0,15
483836,1,1,5,6,25,5,10,27,2,4,4,0
483837,1,1,0,0,0,0,0,0,0,0,0,0
483838,1,1,0,0,0,0,0,0,0,0,0,0
483838,2,1,0,0,0,0,0,0,0,0,0,0
483839,1,1,22,22,22,22,22,22,22,22,22,22
483839,2,1,12,0,22,9,7,0,0,0,0,0
483839,3,1,0,33,0,0,0,0,0,0,0,0
483842,0,1,0,0,0,0,0,0,0,0,0,0
483842,1,1,0,0,0,0,0,0,0,0,0,0
483843,1,1,0,0,0,0,0,0,0,0,0,0
483843,2,1,0,20,0,0,0,0,0,0,0,0
483844,1,1,0,0,0,10,0,0,0,13,0,0
483844,2,1,0,0,0,0,0,0,0,0,0,0
483844,3,1,16,0,14,12,0,17,0,0,0,0
483845,1,1,0,20,0,0,0,0,24,16,0,21
483846,1,1,0,0,0,0,0,0,0,0,12,0
483846,2,1,0,0,0,0,0,0,0,0,10,0
483848,1,1,10,0,16,0,0,24,0,0,0,16
483849,0,1,0,0,0,0,0,0,0,0,0,0
483849,1,1,0,0,7,0,4,0,20,0,0,0
483850,1,1,15,15,15,15,15,15,15,15,15,15
483850,2,1,20,0,0,0,14,0,0,0,17,0
483851,1,1,38,0,20,0,0,16,0,0,0,0
483851,2,1,0,0,0,0,2,0,0,0,0,0
483852,1,1,0,0,0,0,0,0,2,0,0,0
483852,2,1,10,24,0,0,7,55,18,29,0,0
483853,0,1,23,0,0,0,23,0,0,0,9,0
483853,1,1,0,0,0,0,17,0,0,0,0,0
483854,1,1,0,0,0,0,0,0,0,0,0,0
483855,1,1,10,10,10,10,10,10,10,10,10,10
483855,2,1,11,0,0,16,12,0,14,12,18,0
483855,3,1,13,0,0,0,0,0,0,0,0,9
483856,0,1,0,0,0,0,0,0,0,0,0,0
483856,1,1,0,0,0,0,0,0,3,0,0,0
483857,1,1,0,0,0,0,0,0,0,0,0,0
483857,2,1,0,0,0,0,0,9,0,8,17,0
483858,1,1,0,12,0,0,0,12,0,0,0,0
483858,2,1,0,0,0,0,0,0,23,7,0,0
483859,1,1,0,0,0,0,0,0,0,0,0,0
483859,2,1,0,0,0,0,0,0,0,0,0,0
483860,1,1,0,0,16,0,0,0,0,11,24,19
483861,0,1,0,0,0,0,0,0,0,0,0,0
483861,1,1,0,0,0,0,0,13,8,0,0,17
483863,1,1,0,34,0,0,0,21,27,0,19,14
483864,1,1,0,0,0,0,0,0,0,0,0,14
483865,1,1,17,17,17,17,17,17,17,17,17,17
483866,0,1,8,8,8,8,8,8,8,8,8,8
483866,1,1,19,0,0,14,15,19,0,6,9,0
483866,2,1,8,0,27,7,0,0,0,11,7,0
483866,3,1,0,0,0,0,0,0,8,0,0,0
483867,0,1,0,27,18,0,0,0,14,23,17,25
483867,1,1,0,0,0,0,0,0,0,0,0,0
483868,1,1,0,17,0,0,0,0,0,14,0,0
483868,2,1,0,0,0,0,0,0,0,0,0,0
483868,3,1,0,0,0,0,0,0,0,0,0,0
483869,1,1,0,0,0,0,0,0,0,0,0,0
483870,1,1,27,27,27,27,27,27,27,27,27,27
483870,2,1,0,11,0,0,0,4,25,15,0,9
483871,1,1,0,0,13,19,0,0,0,10,21,0
483871,2,1,0,21,10,18,0,0,7,0,0,0
483872,1,1,8,0,5,6,0,0,0,0,17,0
483873,1,1,14,14,14,14,14,14,14,14,14,14
483874,1,1,27,27,27,27,27,27,27,27,27,27
483874,2,1,0,0,0,0,0,0,24,0,0,0
483875,1,1,14,14,14,14,14,14,14,14,14,14
483876,0,1,0,0,0,15,5,0,19,0,29,33
483876,1,1,0,16,0,0,17,0,0,0,11,0
483876,2,1,15,0,5,22,0,24,0,0,0,0
483877,1,1,14,0,0,0,0,18,19,0,14,0
483878,1,1,0,34,25,10,0,0,0,0,0,0
483879,1,1,0,0,0,0,0,0,0,0,0,0
483879,2,1,0,0,0,0,0,0,0,0,0,0
483880,1,1,7,13,0,0,9,36,11,0,0,23
483880,2,1,14,14,14,14,14,14,14,14,14,14
483881,1,1,0,0,0,23,32,32,0,0,24,28
483882,0,1,0,0,0,0,0,0,0,0,0,0
483882,1,1,19,23,13,0,6,0,10,0,0,29
483883,1,1,0,25,0,0,0,0,0,0,0,9
483884,0,1,0,0,0,0,0,0,0,10,0,0
483884,1,1,12,0,0,0,0,0,12,0,0,8
483885,1,1,6,6,6,6,6,6,6,6,6,6
483885,2,1,0,0,0,0,0,0,0,0,0,0
483886,1,1,17,17,17,17,17,17,17,17,17,17
483886,2,1,23,14,0,0,22,12,18,0,0,0
483886,3,1,0,0,0,0,0,0,0,0,0,0
483887,1,1,19,19,19,19,19,19,19,19,19,19
483888,1,1,0,3,0,0,0,0,11,0,0,0
483888,2,1,0,0,0,0,0,0,0,0,0,0
483889,1,1,0,0,17,0,0,15,14,0,13,31
483889,2,1,19,19,19,19,19,19,19,19,19,19
483890,0,1,11,0,23,0,0,0,32,0,0,0
483890,1,1,0,0,0,0,0,0,0,0,0,0
483890,2,1,0,12,0,0,0,0,3,11,0,0
483891,1,1,18,0,0,7,0,0,0,0,0,0
483892,1,1,20,0,8,0,0,10,37,0,0,0
483893,1,1,0,0,0,0,0,0,0,0,0,0
483894,1,1,19,19,19,19,19,19,19,19,19,19
483894,2,1,0,0,0,0,0,0,0,0,0,0
483895,1,1,16,16,16,16,16,16,16,16,16,16
483896,1,1,0,0,0,0,0,0,0,0,0,0
483896,2,1,0,0,0,13,0,0,0,0,0,0
483896,3,1,0,0,0,4,0,0,0,0,0,0
483897,0,1,0,18,0,13,0,0,0,0,13,0
483897,1,1,0,0,0,0,0,0,0,0,0,0
483898,1,1,0,0,0,0,0,18,0,0,0,0
483898,2,1,0,14,0,0,0,0,0,0,0,0
483898,3,1,9,0,0,14,0,7,0,0,0,26
483899,0,1,15,0,18,0,5,13,0,34,0,0
483899,1,1,0,0,0,30,0,0,0,20,0,0
483900,1,1,0,19,11,0,20,0,19,0,0,32
483900,2,1,0,33,0,0,0,0,13,15,0,0
483900,3,1,0,0,0,10,0,13,0,27,8,0
483901,1,1,0,0,9,11,0,0,14,14,14,0
483901,2,1,0,0,0,12,0,0,0,0,0,0
483901,3,1,0,0,0,0,0,0,0,0,0,11
483901,4,1,0,0,0,24,0,0,0,10,0,0
483901,5,1,0,0,14,0,0,0,0,0,0,0
483901,6,1,0,14,0,0,21,12,0,0,0,0
483902,1,1,13,22,0,0,0,0,0,23,0,0
483903,1,1,0,0,0,0,0,0,0,0,0,0
483903,2,1,8,0,0,0,0,0,0,0,20,0
483904,1,1,0,0,0,0,0,0,18,0,26,0
483905,1,1,6,0,0,0,0,0,24,11,0,12
483906,1,1,22,22,22,22,22,22,22,22,22,22
483906,2,1,16,16,16,16,16,16,16,16,16,16
483907,1,1,0,0,0,0,0,0,14,0,0,0
483907,2,1,0,0,0,0,0,0,0,0,0,0
483908,0,1,0,0,0,0,0,0,0,0,0,0
483908,1,1,0,0,0,0,0,0,0,0,0,0
483909,0,1,0,0,0,8,21,19,0,0,0,12
483909,1,1,0,0,9,0,0,0,5,0,0,0
483910,1,1,22,22,22,22,22,22,22,22,22,22
483910,2,1,8,8,8,8,8,8,8,8,8,8
483911,1,1,0,0,0,0,0,0,0,18,0,0
483912,1,1,28,28,28,28,28,28,28,28,28,28
483913,1,1,17,17,17,17,17,17,17,17,17,17
483913,2,1,0,9,0,8,0,2,0,0,0,0
483914,0,1,12,0,0,0,0,0,0,0,0,0
483914,1,1,6,14,0,0,0,0,0,0,0,0
483915,1,1,2,24,11,0,6,9,20,16,11,7
483915,2,1,0,0,0,0,0,0,0,0,0,0
483916,1,1,10,10,10,10,10,10,10,10,10,10
483916,2,1,0,0,0,0,0,0,0,0,0,0
483917,0,1,0,0,0,0,0,0,0,0,0,0
483917,1,1,30,0,0,0,0,19,22,0,0,0
483918,1,1,12,12,12,12,12,12,12,12,12,12
483919,1,1,22,17,14,0,0,14,0,0,0,10
483919,2,1,0,0,0,20,0,0,0,0,0,15
483919,3,1,0,13,0,28,29,0,26,0,8,0
483920,1,1,0,0,0,13,0,0,10,0,0,0
483921,1,1,22,0,0,0,0,0,0,14,0,0
483921,2,1,0,0,24,0,18,0,22,0,0,0
483922,1,1,0,0,0,0,13,41,22,5,13,11
483922,2,1,12,15,0,15,0,0,46,0,0,14
483923,0,1,0,0,0,32,0,9,0,0,0,0
483923,1,1,0,0,0,14,0,25,0,0,16,0
483924,1,1,7,0,0,0,0,0,0,0,0,0
483924,2,1,5,0,0,0,0,0,0,0,0,0
483924,3,1,0,0,0,0,0,0,0,0,20,0
483924,4,1,0,0,0,0,0,0,0,0,0,0
483924,5,1,0,0,0,0,0,0,0,0,3,0
483925,0,1,31,0,0,5,4,0,0,0,0,0
483925,1,1,30,15,0,19,23,0,8,0,14,0
483925,2,1,0,25,0,15,19,0,9,0,14,0
483926,1,1,0,21,0,16,18,17,14,5,20,7
483926,2,1,0,0,0,0,0,0,0,0,0,0
483927,1,1,4,0,0,0,0,0,0,0,15,0
483927,2,1,22,0,0,0,0,0,0,0,0,0
483928,1,1,0,0,0,0,0,15,0,0,0,16
483928,2,1,6,0,0,27,0,0,17,25,25,35
483929,0,1,36,36,36,36,36,36,36,36,36,36
483929,1,1,21,16,5,24,4,12,8,0,10,0
483931,1,1,0,0,0,0,0,0,0,0,0,0
483932,1,1,0,0,0,0,0,0,0,0,0,11
483932,2,1,0,0,0,0,0,0,0,0,0,0
483933,1,1,21,21,21,21,21,21,21,21,21,21
483934,0,1,16,16,16,16,16,16,16,16,16,16
483934,1,1,11,13,0,12,0,0,0,0,0,0
483935,1,1,0,0,0,0,0,0,0,0,0,0
483936,1,1,0,1,0,0,0,0,0,0,0,0
483936,2,1,0,0,0,0,0,0,0,0,0,0
483937,1,1,0,0,0,0,0,0,0,0,0,0
483937,2,1,0,0,0,0,0,0,0,0,0,0
483938,1,1,13,0,0,0,0,0,14,0,0,4
483938,2,1,0,0,0,0,0,0,0,0,0,21
483939,1,1,20,0,0,0,0,0,16,0,0,0
483939,2,1,0,0,0,0,0,0,0,0,0,5
483940,1,1,0,0,0,0,0,0,0,0,0,0
483940,2,1,0,0,0,0,4,0,0,0,0,0
483940,3,1,0,0,21,0,14,0,0,0,0,0
483940,4,1,0,0,0,0,11,18,27,22,0,14
483941,1,1,0,34,0,0,11,34,12,0,13,21
483942,0,1,2,17,0,20,0,36,0,0,20,0
483942,1,1,0,0,0,0,0,0,0,0,0,0
483943,0,1,16,16,16,16,16,16,16,16,16,16
483943,1,1,12,0,0,0,0,15,0,26,0,0
483944,1,1,0,0,0,0,0,0,0,0,0,0
483944,2,1,13,0,0,10,17,9,0,13,16,0
483945,1,1,0,0,0,0,0,0,0,0,0,0
483946,1,1,0,0,0,0,0,0,0,0,0,0
483947,0,1,15,0,0,0,0,0,0,34,55,0
483947,1,1,0,13,0,0,0,0,23,0,23,0
483947,3,1,0,0,11,18,0,0,12,0,17,17
483948,1,1,0,0,0,0,0,0,0,0,0,0
483948,2,1,0,0,0,0,0,0,0,0,0,0
483948,3,1,0,0,0,0,0,0,0,0,0,0
483948,4,1,0,0,0,13,0,0,0,0,12,0
483949,1,1,0,0,0,0,18,0,0,0,21,21
483949,2,1,0,0,0,0,0,0,0,0,0,0
483950,1,1,13,13,13,13,13,13,13,13,13,13
483951,1,1,20,20,20,20,20,20,20,20,20,20
483952,1,1,0,0,0,0,0,0,0,0,12,0
483953,1,1,0,0,0,0,0,0,0,0,0,0
483953,2,1,0,0,0,12,0,0,4,0,0,0
483954,1,1,18,18,18,18,18,18,18,18,18,18
483955,0,1,0,0,0,0,0,0,0,0,0,0
483955,1,1,8,0,24,0,0,0,0,10,0,0
483956,1,1,0,0,0,0,0,0,9,0,15,0
483957,0,1,11,11,11,11,11,11,11,11,11,11
483957,1,1,0,0,6,14,0,0,0,0,27,8
483958,1,1,0,0,0,0,0,0,15,0,0,0
483959,1,1,0,0,0,0,0,0,0,0,0,2
483959,2,1,0,0,0,0,0,0,22,0,0,0
483960,1,1,0,0,0,0,16,0,0,19,0,0
483961,1,1,27,27,27,27,27,27,27,27,27,27
483962,0,1,34,34,34,34,34,34,34,34,34,34
483962,1,1,0,13,0,4,0,12,0,10,0,18
483963,1,1,6,14,18,16,19,8,7,0,10,0
483963,2,1,0,0,19,22,0,0,0,23,0,0
483963,3,1,27,0,0,0,0,26,0,20,0,19
483963,4,1,0,0,0,10,0,0,0,0,27,14
483963,5,1,20,0,0,0,7,18,0,0,10,14
483963,6,1,0,2,0,0,0,0,0,0,5,9
483963,7,1,4,10,9,11,22,7,0,0,4,0
483963,8,1,0,8,0,13,0,0,0,13,4,0
483964,1,1,0,12,25,0,10,0,19,29,0,0
483964,2,1,24,0,0,8,0,0,0,21,0,0
483965,0,1,0,0,0,0,0,0,0,0,0,0
483965,1,1,0,0,0,0,0,0,0,0,0,0
483966,0,1,0,0,0,0,0,0,0,0,0,0
483966,1,1,0,0,0,0,0,0,0,0,0,0
483967,1,1,0,0,0,0,0,12,0,0,18,0
483967,2,1,0,0,0,0,0,0,0,0,0,0
483968,0,1,11,11,11,11,11,11,11,11,11,11
483968,1,1,0,0,0,0,0,0,0,0,0,0
483968,2,1,0,0,0,0,0,0,13,5,20,12
483969,1,1,0,0,0,0,0,0,0,0,0,0
483970,1,1,0,0,0,0,0,0,0,0,0,0
483970,2,1,0,0,0,0,0,0,0,0,0,0
483970,3,1,0,16,0,0,0,0,0,0,0,0
483970,4,1,0,0,0,0,0,0,15,0,0,0
483970,5,1,0,0,0,0,0,0,0,0,0,0
483971,1,1,0,0,19,21,0,0,0,0,0,0
483971,2,1,0,0,0,0,0,0,0,0,0,8
483972,0,1,0,0,0,0,32,17,0,37,16,0
483972,1,1,1,1,1,1,1,1,1,1,1,1
483973,0,1,30,30,30,30,30,30,30,30,30,30
483973,1,1,0,17,0,9,0,0,0,0,0,0
483974,1,1,7,6,0,0,0,20,9,17,0,0
483975,0,1,0,0,0,0,0,0,0,0,0,0
483975,0,2,0,0,0,0,0,0,0,0,0,0
483975,1,1,0,0,0,0,0,0,25,0,15,0
483976,1,1,16,16,16,16,16,16,16,16,16,16
483976,2,1,9,20,16,0,0,0,0,7,33,0
483976,3,1,3,17,0,10,5,12,11,19,19,19
483976,4,1,0,0,0,0,0,0,0,0,0,0
483977,1,1,0,0,0,0,0,0,0,0,0,0
483977,2,1,0,0,0,0,0,0,0,0,0,0
483978,1,1,0,0,0,25,0,0,0,11,0,0
483978,2,1,0,0,0,0,27,0,0,0,21,0
483979,1,1,0,0,0,0,0,0,0,0,0,0
483979,2,1,0,15,0,12,20,0,0,0,0,0
483980,1,1,0,0,0,0,0,0,0,0,0,0
483980,2,1,0,0,0,0,0,0,0,0,0,0
483980,3,1,0,0,10,0,0,0,0,0,0,0
483980,4,1,0,0,0,0,0,0,20,0,13,0
483982,0,1,0,0,0,0,0,0,0,0,0,0
483982,1,1,0,0,0,0,16,0,0,0,11,0
483983,1,1,18,26,19,20,9,11,6,18,12,17
483983,2,1,0,5,11,18,0,0,0,26,0,0
483984,0,1,0,0,0,22,14,31,0,0,36,15
483984,1,1,0,21,11,0,20,19,14,0,0,12
483985,1,1,0,0,11,0,0,0,0,0,0,0
483985,2,1,0,0,0,0,0,0,0,0,9,0
483986,0,1,10,10,10,10,10,10,10,10,10,10
483986,1,1,6,6,6,6,6,6,6,6,6,6
483986,3,1,0,5,13,17,9,5,14,12,13,13
483987,0,1,0,0,0,0,0,0,0,0,0,0
483987,1,1,0,0,0,16,0,0,32,0,18,16
483988,1,1,8,8,8,8,8,8,8,8,8,8
483988,2,1,21,0,4,0,0,11,12,0,0,23
483989,1,1,0,13,0,34,0,0,0,0,0,7
483989,2,1,0,0,0,0,0,0,19,0,0,20
483990,0,1,0,0,0,0,17,0,0,0,0,16
483990,1,1,0,14,29,0,0,0,15,0,0,0
483991,0,1,0,0,32,0,0,10,0,0,0,0