ST_CASE,VEH_NO,PER_NO,P1,P2,P3,P4,P5,P6,P7,P8,P9,P10
510101,0,1,0,0,0,0,0,0,0,0,0,0
510101,1,1,0,0,0,0,0,0,0,0,0,0
510102,1,1,0,0,0,0,0,0,0,0,0,0
510102,2,1,0,0,0,0,0,0,0,0,0,0
510103,1,1,3,3,3,3,3,3,3,3,3,3
510104,0,1,0,0,0,0,0,0,0,0,0,0
510104,1,1,10,17,12,5,9,15,0,22,23,0
510105,1,1,0,0,0,0,0,0,0,0,0,0
510105,2,1,0,0,0,0,0,0,0,12,0,0
510106,1,1,0,0,0,0,0,0,0,0,0,0
510106,2,1,0,0,0,0,0,0,0,0,0,0
510106,3,1,0,0,0,0,0,0,0,0,0,0
510107,1,1,0,0,0,0,0,0,0,0,0,0
510107,2,1,0,0,0,0,0,0,0,0,0,0
510108,0,1,0,0,0,0,0,0,0,0,0,0
510108,1,1,0,0,0,0,0,0,0,0,0,0
510109,1,1,0,0,0,4,0,0,0,0,9,0
510110,1,1,0,0,0,0,0,0,0,0,0,0
510111,1,1,0,0,0,0,0,0,0,0,0,0
510111,2,1,0,0,0,0,0,0,11,0,0,0
510112,1,1,0,0,0,0,0,0,0,0,0,0
510112,2,1,0,0,30,0,0,0,0,0,0,0
510113,1,1,0,0,0,0,0,0,0,0,0,0
510113,2,1,0,0,0,0,0,0,0,0,0,0
510113,3,1,0,0,0,0,0,0,0,0,0,0
510113,4,1,0,0,0,0,0,0,0,0,18,0
510114,1,1,23,0,0,0,0,0,0,0,0,0
510114,2,1,0,0,18,0,0,0,0,0,0,0
510115,0,1,25,0,0,0,0,0,0,0,0,0
510115,1,1,0,0,0,0,0,0,0,0,0,0
510116,1,1,21,0,21,15,26,0,26,31,23,10
510117,1,1,22,22,22,22,22,22,22,22,22,22
510117,2,1,0,0,0,0,0,0,0,0,0,0
510118,1,1,20,12,25,13,30,33,13,12,17,15
510119,0,1,0,0,51,0,0,0,33,0,0,0
510119,1,1,0,0,0,0,0,0,0,0,0,0
510120,1,1,0,0,0,0,0,0,0,0,0,0
510121,0,1,0,0,0,0,0,0,0,0,0,0
510121,1,1,0,0,0,0,0,0,0,0,0,0
510122,1,1,0,0,0,0,0,0,0,0,0,0
510122,2,1,0,0,0,0,0,0,10,0,0,0
510123,1,1,0,0,0,0,0,0,15,0,0,0
510124,0,1,0,0,0,0,0,0,0,0,0,0
510124,1,1,0,0,0,0,0,0,0,0,0,0
510125,1,1,22,22,22,22,22,22,22,22,22,22
510126,1,1,0,0,0,0,0,0,0,0,0,0
510127,1,1,16,9,31,34,21,5,5,29,21,6
510127,2,1,0,0,0,0,0,0,0,0,0,0
510127,3,1,0,0,0,0,0,0,27,7,22,0
510127,4,1,0,0,12,0,0,0,0,0,0,0
510127,5,1,0,0,14,0,0,0,0,0,0,0
510128,1,1,0,0,0,0,0,0,0,0,0,0
510129,1,1,12,12,12,12,12,12,12,12,12,12
510129,2,1,0,0,0,0,0,0,0,0,0,0
510130,1,1,0,0,0,0,0,0,0,0,0,0
510130,2,1,0,0,0,0,0,0,0,0,0,0
510131,1,1,20,20,20,20,20,20,20,20,20,20
510132,1,1,20,20,20,20,20,20,20,20,20,20
510133,1,1,0,0,0,0,0,0,0,0,0,0
510133,2,1,0,0,0,0,0,0,0,0,0,0
510134,1,1,25,25,25,25,25,25,25,25,25,25
510135,1,1,14,14,14,14,14,14,14,14,14,14
510135,2,1,0,0,0,0,22,0,0,0,21,0
510136,1,1,0,19,0,0,19,0,0,0,0,0
510138,0,1,0,0,0,0,0,0,0,0,0,0
510138,1,1,11,0,0,12,0,8,0,13,0,0
510139,0,1,15,15,15,15,15,15,15,15,15,15
510139,1,1,11,0,23,8,15,0,12,16,21,16
510140,1,1,12,0,28,7,14,25,32,8,13,25
510141,1,1,0,0,0,0,0,0,0,0,0,0
510141,2,1,0,0,0,0,0,0,0,0,0,0
510141,3,1,0,0,0,0,0,0,0,0,0,0
510142,1,1,0,0,0,0,0,0,0,0,0,0
510142,2,1,0,0,0,0,0,0,0,0,0,0
510143,1,1,0,0,0,0,0,0,0,0,0,0
510144,1,1,20,13,8,22,15,8,34,25,16,42
510144,2,1,0,0,0,0,0,0,0,0,0,0
510145,1,1,0,0,0,0,0,0,0,0,0,0
510146,0,1,17,17,17,17,17,17,17,17,17,17
510147,1,1,19,0,0,0,0,0,0,0,0,0
510148,1,1,0,0,0,0,0,0,0,0,0,0
510148,2,1,0,0,0,0,0,0,0,0,0,0
510149,1,1,0,0,0,0,0,0,0,0,0,0
510149,2,1,8,0,0,0,0,0,0,0,0,0
510150,1,1,0,19,0,0,0,0,0,0,0,0
510150,2,1,0,0,0,0,0,0,0,0,0,0
510150,3,1,0,0,0,0,0,0,0,0,0,0
510150,4,1,0,0,0,0,0,0,0,0,0,0
510150,5,1,0,0,10,0,0,0,0,0,0,0
510150,6,1,0,0,0,0,0,0,0,0,0,0
510150,7,1,0,0,0,0,0,0,0,0,0,0
510150,8,1,0,0,0,0,0,0,0,0,0,0
510152,1,1,17,0,22,0,0,14,0,0,0,8
510152,2,1,0,0,0,18,0,0,0,0,0,0
510153,1,1,16,16,16,16,16,16,16,16,16,16
510153,2,1,0,0,0,0,0,0,0,0,0,0
510154,1,1,0,0,0,0,0,0,0,0,0,0
510154,2,1,0,0,0,0,0,18,0,0,0,0
510156,0,1,0,0,0,0,0,0,0,0,0,0
510156,1,1,0,0,0,0,0,0,18,15,0,19
510157,0,1,40,40,40,40,40,40,40,40,40,40
510157,1,1,0,0,0,0,0,0,0,0,0,0
510159,0,1,24,24,24,24,24,24,24,24,24,24
510159,1,1,0,0,0,11,14,0,0,8,0,0
510159,2,1,0,0,0,0,15,0,0,0,0,0
510160,1,1,0,0,0,0,0,0,0,0,0,0
510160,2,1,0,0,0,0,0,0,0,0,0,0
510162,0,1,0,0,0,24,0,0,0,0,0,17
510162,1,1,0,0,0,0,0,0,0,0,0,0
510163,1,1,19,19,19,19,19,19,19,19,19,19
510164,1,1,19,19,19,19,19,19,19,19,19,19
510165,0,1,0,0,0,0,0,0,0,0,0,0
510165,0,2,0,0,0,0,0,0,25,0,13,0
510165,0,3,0,0,0,0,0,0,0,0,0,0
510165,1,1,41,8,16,0,18,7,8,9,14,13
510166,1,1,0,0,0,0,0,0,0,0,0,0
510166,2,1,0,0,0,0,0,0,0,0,0,0
510167,1,1,23,16,13,15,16,10,28,11,13,15
510167,2,1,0,0,0,0,0,0,0,0,0,0
510167,3,1,0,0,0,0,5,0,0,0,0,0
510168,1,1,0,0,0,0,0,0,4,16,0,0
510168,2,1,0,0,0,0,0,0,0,0,0,0
510169,1,1,0,0,0,0,0,0,0,0,0,0
510170,1,1,0,0,0,0,0,0,0,0,0,11
510170,2,1,0,0,0,0,0,0,0,0,0,0
510170,3,1,0,0,0,0,0,0,19,0,0,0
510170,4,1,0,0,0,0,0,0,0,0,0,0
510170,5,1,0,19,34,0,0,0,0,0,13,0
510171,1,1,0,0,0,13,0,15,0,0,0,0
510172,1,1,0,0,0,0,0,0,0,0,0,0
510172,2,1,0,0,0,24,0,0,0,0,0,0
510172,3,1,0,0,0,0,0,0,0,0,0,0
510172,4,1,0,0,0,8,0,0,0,0,0,33
510172,5,1,0,0,8,0,0,0,0,0,0,0
510173,1,1,0,0,0,0,0,0,0,0,0,0
510174,1,1,0,0,0,0,0,0,0,0,0,0
510175,1,1,0,0,0,0,0,0,0,0,0,0
510175,2,1,0,0,0,0,0,0,0,0,0,0
510176,1,1,0,0,0,0,0,0,0,0,0,0
510177,1,1,15,15,15,15,15,15,15,15,15,15
510178,1,1,25,0,0,0,0,0,0,0,0,0
510178,2,1,0,0,0,0,0,0,0,0,0,0
510178,3,1,0,0,0,0,0,0,0,0,0,0
510179,1,1,0,0,0,0,0,6,0,0,0,0
510180,1,1,0,0,0,0,0,0,7,0,0,0
510181,1,1,0,0,0,0,0,0,0,0,0,0
510181,2,1,0,0,0,0,0,0,12,0,0,0
510182,1,1,9,9,9,9,9,9,9,9,9,9
510183,1,1,0,0,0,0,0,0,0,0,0,0
510184,1,1,0,0,0,0,0,0,0,0,0,0
510185,1,1,0,0,0,0,0,0,0,0,0,0
510186,1,1,27,27,27,27,27,27,27,27,27,27
510187,1,1,0,0,0,0,0,0,0,0,0,0
510187,2,1,0,0,0,0,0,0,0,0,0,0
510188,0,1,0,0,0,0,0,0,0,0,0,0
510188,1,1,0,0,0,0,0,0,0,0,0,0
510189,0,1,35,35,35,35,35,35,35,35,35,35
510189,1,1,16,8,6,21,15,18,20,35,8,15
510190,1,1,0,0,0,0,0,0,0,0,0,0
510190,2,1,0,0,0,0,0,0,0,0,21,0
510191,1,1,0,0,0,0,0,0,0,0,0,0
510192,1,1,14,0,0,8,0,0,0,27,0,0
510192,2,1,0,0,0,0,0,0,0,0,0,0
510193,1,1,19,19,19,19,19,19,19,19,19,19
510194,0,1,0,0,0,16,0,0,0,0,0,0
510194,1,1,13,0,0,0,0,0,0,0,0,0
510195,1,1,0,0,0,0,0,0,0,0,0,0
510195,2,1,0,0,0,0,0,0,0,0,0,0
510196,1,1,0,0,0,0,0,0,0,0,0,0
510196,2,1,0,0,0,0,0,0,0,0,0,0
510197,0,1,0,0,0,0,0,0,0,0,0,0
510197,1,1,0,0,0,0,0,0,13,0,0,0
510197,2,1,0,0,11,5,0,0,0,3,0,0
510197,3,1,0,16,0,8,23,0,0,6,8,0
510197,4,1,0,0,0,8,0,0,0,14,30,0
510198,1,1,0,20,13,0,11,0,0,0,0,0
510199,1,1,0,0,0,0,0,11,0,0,17,0
510200,1,1,0,0,0,0,0,0,0,0,0,0
510200,2,1,0,0,0,0,0,0,0,0,0,0
510201,1,1,0,0,0,0,0,0,0,0,0,0
510202,1,1,0,0,0,0,0,0,0,0,0,0
510203,1,1,0,0,0,0,0,0,0,0,0,0
510204,1,1,0,0,0,0,0,0,0,0,0,16
510205,1,1,0,0,0,0,0,0,0,0,0,0
510206,1,1,14,14,14,14,14,14,14,14,14,14
510207,1,1,0,0,0,0,0,0,0,0,0,0
510208,1,1,16,16,16,16,16,16,16,16,16,16
510209,1,1,0,0,0,0,0,0,0,28,0,0
510209,2,1,0,0,0,0,0,0,0,0,0,0
510209,3,1,0,0,0,0,0,0,0,0,0,0
510210,1,1,29,29,29,29,29,29,29,29,29,29
510211,1,1,0,16,0,8,0,0,12,0,14,0
510213,1,1,0,0,0,0,0,0,0,0,0,0
510213,2,1,0,0,0,0,0,0,27,0,0,0
510214,1,1,0,0,0,0,0,0,0,0,0,0
510214,2,1,0,0,0,0,0,0,0,0,0,0
510214,3,1,0,0,0,0,0,0,0,0,0,0
510215,1,1,8,4,33,20,17,5,10,20,10,14
510215,2,1,0,0,0,0,0,0,0,0,0,0
510216,0,1,17,17,17,17,17,17,17,17,17,17
510216,1,1,0,20,0,0,0,0,0,0,0,0
510217,1,1,10,10,10,10,10,10,10,10,10,10
510218,1,1,0,14,0,0,16,0,0,8,0,17
510218,2,1,0,0,0,0,0,0,0,0,0,23
510219,1,1,0,0,0,0,0,0,0,0,0,0
510219,2,1,0,0,0,0,0,0,0,0,0,0
510220,1,1,15,14,0,6,19,8,10,29,11,6
510221,1,1,10,19,13,0,0,0,10,8,15,0
510223,1,1,0,0,0,0,0,0,16,0,0,0
510223,2,1,0,0,0,0,0,0,0,14,0,0
510223,3,1,0,0,0,0,0,0,0,0,0,0
510224,1,1,38,38,38,38,38,38,38,38,38,38
510225,0,1,0,0,0,0,0,0,0,0,0,0
510225,1,1,0,0,0,0,0,0,0,0,0,0
510225,2,1,0,0,4,0,0,0,0,16,0,0
510225,3,1,0,0,0,7,0,0,0,0,0,0
510226,1,1,0,0,0,0,0,0,0,0,0,0
510227,1,1,0,0,0,0,0,0,0,0,0,0
510228,0,1,20,20,20,20,20,20,20,20,20,20
510228,1,1,0,0,0,0,0,0,0,0,0,0
510229,0,1,28,28,28,28,28,28,28,28,28,28
510229,1,1,0,0,13,0,0,0,0,0,0,0
510230,1,1,0,0,0,0,0,0,0,0,0,0
510230,2,1,0,0,0,0,0,0,0,18,0,0
510230,3,1,0,0,0,0,0,0,0,0,0,0
510230,4,1,0,0,0,0,0,0,9,0,0,0
510231,1,1,0,11,0,20,9,34,0,0,0,0
510231,2,1,0,0,16,0,0,0,0,0,0,0
510232,0,1,0,0,0,0,0,0,0,0,0,0
510232,1,1,0,0,0,0,0,0,0,10,0,0
510232,2,1,0,0,0,0,0,0,0,0,4,26
510232,3,1,0,0,0,17,0,0,0,0,0,17
510233,1,1,0,0,0,0,0,0,0,0,0,0
510233,2,1,0,0,0,0,0,0,0,0,0,0
510235,1,1,0,0,11,14,0,15,0,0,0,0
510235,2,1,0,0,0,0,0,0,0,0,0,0
510235,3,1,0,0,6,0,0,0,0,0,0,26
510236,1,1,0,0,0,0,0,0,0,0,0,0
510237,1,1,0,0,0,0,0,0,0,0,0,0
510238,1,1,0,0,0,0,0,0,0,0,0,0
510239,1,1,0,0,0,0,0,0,0,0,0,0
510239,2,1,0,0,0,0,0,0,0,0,0,0
510240,0,1,0,0,0,0,0,0,0,0,0,0
510240,1,1,0,0,0,0,0,0,0,0,0,0
510241,1,1,0,0,0,0,0,0,0,0,0,0
510241,2,1,0,0,0,0,0,0,0,0,0,0
510242,1,1,0,0,0,0,0,0,0,0,0,0
510242,2,1,0,0,0,0,0,0,0,0,0,0
510243,1,1,0,0,0,0,0,0,0,0,0,0
510243,2,1,0,0,0,0,0,0,0,0,0,0
510244,1,1,0,10,0,0,0,0,0,0,0,0
510244,2,1,0,0,0,0,0,0,0,0,0,0
510244,3,1,12,0,0,0,0,0,0,0,0,0
510245,1,1,0,0,0,0,0,0,0,0,0,0
510246,0,1,0,0,0,0,0,0,0,0,0,0
510246,1,1,0,0,0,0,0,0,0,0,0,0
510247,1,1,0,0,0,0,0,0,0,0,0,0
510248,0,1,0,0,0,17,0,0,0,10,0,18
510248,1,1,0,7,0,0,0,0,11,22,3,0
510249,1,1,0,0,0,0,0,0,0,0,0,0
510249,2,1,0,0,0,0,0,0,0,0,0,0
510250,1,1,6,18,18,28,18,0,9,15,24,14
510250,2,1,0,0,0,0,0,0,0,0,0,0
510251,0,1,28,28,28,28,28,28,28,28,28,28
510251,1,1,10,0,0,0,0,0,15,16,12,0
510252,0,1,0,0,0,0,0,0,0,0,0,0
510252,1,1,0,15,0,0,0,11,0,0,0,0
510253,1,1,0,0,0,0,0,0,0,0,0,0
510254,0,1,0,0,0,0,0,0,0,0,0,0
510254,1,1,0,23,8,0,0,0,0,0,0,0
510255,1,1,0,0,0,0,0,0,0,0,0,0
510256,1,1,0,0,14,0,0,0,0,0,0,0
510256,2,1,0,0,0,0,0,0,0,0,0,0
510257,1,1,1,1,1,1,1,1,1,1,1,1
510258,1,1,0,0,0,0,0,0,0,0,0,0
510259,1,1,0,0,0,0,0,11,0,0,8,0
510259,2,1,0,0,5,0,13,0,0,0,0,33
510260,1,1,11,11,11,11,11,11,11,11,11,11
510260,2,1,18,0,0,0,0,0,0,0,0,0
510261,1,1,0,0,0,0,0,0,0,0,0,0
510261,2,1,0,0,0,0,0,0,0,0,0,0
510262,1,1,18,0,0,0,0,0,0,30,0,0
510262,2,1,0,0,0,0,0,0,0,0,0,0
510263,1,1,3,3,3,3,3,3,3,3,3,3
510264,1,1,0,0,0,0,0,0,0,0,0,0
510265,1,1,11,16,15,10,13,14,6,16,13,13
510266,0,1,0,0,0,0,0,0,0,0,0,0
510266,1,1,0,0,0,1,0,0,0,0,0,0
510267,0,1,0,0,0,0,0,0,0,0,0,0
510267,1,1,0,0,0,0,0,0,0,0,0,0
510268,1,1,0,0,0,0,0,0,0,0,0,0
510269,1,1,0,0,0,0,0,0,0,0,0,0
510270,1,1,30,30,30,30,30,30,30,30,30,30
510271,1,1,0,0,0,0,0,0,0,0,0,0
510272,1,1,0,0,18,0,0,0,0,0,0,0
510272,2,1,0,0,0,0,0,0,0,0,0,0
510273,1,1,0,0,0,0,0,0,0,0,0,18
510273,2,1,0,0,0,0,0,0,0,0,0,0
510274,1,1,0,0,0,0,0,0,0,0,0,0
510274,2,1,0,0,0,0,0,0,0,0,0,0
510275,1,1,0,0,0,0,0,0,0,0,0,0
510275,2,1,0,0,0,0,0,0,0,0,0,0
510276,1,1,16,16,16,16,16,16,16,16,16,16
510277,1,1,0,0,0,0,0,0,20,0,0,0
510277,2,1,0,0,0,0,0,0,0,0,0,0
510278,1,1,0,0,0,0,0,0,0,0,0,0
510278,2,1,0,0,0,0,0,19,0,0,0,0
510279,1,1,0,0,27,0,0,0,0,0,0,0
510280,1,1,0,0,0,0,0,0,0,0,0,14
510280,2,1,0,0,0,0,0,0,0,0,0,0
510281,1,1,0,0,0,0,0,0,0,7,0,0
510281,2,1,0,0,0,0,0,0,0,0,0,0
510282,1,1,0,0,0,0,0,0,0,0,0,0
510283,1,1,25,25,25,25,25,25,25,25,25,25
510284,1,1,0,0,0,0,0,0,0,0,0,0
510284,2,1,0,0,0,0,0,0,0,0,0,0
510285,1,1,0,0,0,0,0,0,0,0,0,0
510285,2,1,0,0,0,0,0,0,0,18,0,0
510286,1,1,2,0,22,13,22,14,7,5,20,16
510286,2,1,4,4,4,4,4,4,4,4,4,4
510287,1,1,0,0,0,0,0,0,0,0,0,0
510287,2,1,0,0,0,0,0,0,0,0,0,0
510287,3,1,0,0,0,0,0,0,0,0,0,0
510288,1,1,27,27,27,27,27,27,27,27,27,27
510288,2,1,0,0,0,0,0,0,0,0,0,0
510289,0,1,0,0,0,0,0,0,0,0,0,0
510289,1,1,0,13,0,0,0,0,0,0,0,0
510289,2,1,0,0,0,0,0,0,0,0,0,25
510290,1,1,4,20,9,7,11,3,19,14,10,15
510290,2,1,0,0,0,0,0,0,0,0,0,0
510291,1,1,0,0,0,0,0,0,0,0,0,0
510292,1,1,0,0,0,0,0,0,0,0,0,0
510293,1,1,10,10,10,10,10,10,10,10,10,10
510293,2,1,0,0,0,0,0,0,0,0,0,0
510293,3,1,0,0,0,0,0,0,0,0,0,0
510294,1,1,0,0,0,0,0,0,0,0,0,0
510295,1,1,0,0,0,0,0,0,0,0,0,0
510295,2,1,0,0,0,0,0,0,0,0,0,0
510296,1,1,0,0,0,0,0,0,0,0,0,0
510296,2,1,4,24,6,12,17,48,13,10,25,22
510297,0,1,0,0,0,0,0,0,0,0,0,0
510297,1,1,0,13,0,0,0,15,0,0,0,0
510298,1,1,41,41,41,41,41,41,41,41,41,41
510299,1,1,0,0,0,0,0,0,0,0,0,0
510299,2,1,0,0,0,0,0,0,0,0,0,0
510300,1,1,10,10,10,10,10,10,10,10,10,10
510301,1,1,0,0,0,0,0,0,0,0,0,0
510302,0,1,0,0,0,0,21,0,0,0,0,0
510302,1,1,0,35,0,0,0,0,0,0,0,0
510303,0,1,0,0,0,0,0,0,0,0,0,0
510303,0,2,0,0,0,0,0,0,0,0,37,0
510303,0,3,0,0,9,0,0,0,0,0,0,0
510303,0,4,0,0,0,19,0,0,24,0,0,0
510303,1,1,0,0,0,0,0,0,7,0,0,0
510304,1,1,0,0,0,0,0,0,0,0,0,0
510304,2,1,0,0,0,0,0,0,0,0,0,0
510305,1,1,15,15,15,15,15,15,15,15,15,15
510306,1,1,12,10,5,7,7,7,8,15,7,11
510307,1,1,33,33,33,33,33,33,33,33,33,33
510307,2,1,0,0,0,0,0,9,0,0,0,0
510308,0,1,0,0,25,0,0,0,0,0,0,0
510308,0,2,0,0,0,0,0,0,0,0,0,0
510308,2,1,14,0,0,0,0,0,8,21,0,10
510309,0,1,0,0,0,0,0,0,0,0,0,0
510309,1,1,0,0,0,0,0,0,0,0,0,0
510310,1,1,0,0,0,0,16,0,0,0,0,0
510311,1,1,0,0,0,0,0,0,0,0,0,0
510311,2,1,0,8,0,0,7,0,12,0,0,0
510312,1,1,9,11,26,17,5,7,25,13,9,15
510313,1,1,0,0,0,0,0,0,0,0,0,0
510313,2,1,0,0,0,0,0,0,0,0,0,0
510314,1,1,0,0,0,0,0,0,0,0,0,0
510315,1,1,0,0,0,0,0,0,0,0,0,0
510316,0,1,0,0,0,0,0,0,0,0,0,0
510316,1,1,0,0,0,0,16,0,0,0,10,17
510317,1,1,0,0,0,0,0,0,0,0,0,0
510318,1,1,17,17,17,17,17,17,17,17,17,17
510319,1,1,0,0,0,0,0,0,0,0,0,0
510319,2,1,0,0,0,0,0,0,0,6,0,0
510320,0,1,0,0,0,0,0,0,0,0,0,0
510320,1,1,0,0,0,0,6,0,0,13,0,0
510321,1,1,0,0,0,0,0,0,0,0,0,0
510321,2,1,0,0,0,0,0,0,0,0,0,0
510322,0,1,32,32,32,32,32,32,32,32,32,32
510322,1,1,0,0,0,0,0,0,0,0,0,0
510323,1,1,24,24,24,24,24,24,24,24,24,24
510324,1,1,26,26,26,26,26,26,26,26,26,26
510325,1,1,24,24,24,24,24,24,24,24,24,24
510326,0,1,15,15,15,15,15,15,15,15,15,15
510326,1,1,0,0,0,0,0,7,0,0,17,12
510327,0,1,30,30,30,30,30,30,30,30,30,30
510327,1,1,0,0,0,6,0,0,0,0,0,0
510328,1,1,0,0,0,0,0,0,25,0,0,0
510328,2,1,7,10,29,16,14,22,8,11,13,12
510329,1,1,0,0,0,0,0,0,0,0,0,0
510329,2,1,0,0,0,0,0,0,0,0,0,0
510330,1,1,0,0,0,0,0,0,0,0,0,0
510331,1,1,0,0,0,0,0,0,0,0,0,0
510331,2,1,0,0,0,0,0,0,0,0,0,0
510332,1,1,0,0,0,0,0,0,0,0,0,0
510333,1,1,14,0,0,0,0,0,0,22,0,0
510334,1,1,17,17,17,17,17,17,17,17,17,17
510336,0,1,0,0,0,0,0,0,0,0,0,0
510336,1,1,0,0,0,0,0,0,0,0,0,0
510337,1,1,0,0,0,0,0,0,17,0,0,0
510339,1,1,0,0,0,0,30,0,0,0,9,0
510340,1,1,0,0,0,0,0,0,0,0,0,0
510341,1,1,0,0,0,0,0,0,0,12,0,0
510341,2,1,0,0,0,0,0,0,0,0,0,0
510342,0,1,0,0,0,0,0,0,0,0,0,0
510342,0,2,0,0,0,42,0,0,0,0,0,0
510342,0,3,0,0,0,0,0,0,0,0,0,0
510342,1,1,0,0,0,0,0,0,0,0,0,27
510342,2,1,0,0,0,0,0,0,0,0,0,0
510343,1,1,15,18,5,13,21,0,36,10,11,20
510344,1,1,0,0,0,0,0,0,0,0,0,0
510345,1,1,11,11,11,11,11,11,11,11,11,11
510345,2,1,0,0,0,0,0,0,0,0,18,16
510346,1,1,0,0,0,0,0,0,0,0,0,0
510346,2,1,21,0,0,0,0,0,0,0,0,0
510347,0,1,0,0,0,0,0,0,0,0,0,0
510347,1,1,16,10,10,10,3,13,18,14,3,12
510348,1,1,0,24,9,12,0,0,16,0,0,40
510349,1,1,0,0,0,0,0,0,0,0,0,0
510349,2,1,0,0,0,0,0,0,0,0,0,0
510350,1,1,0,0,0,0,0,0,0,0,0,0
510351,1,1,0,0,0,0,0,0,0,0,0,0
510352,1,1,0,0,0,0,0,0,0,0,0,0
510353,0,1,0,0,0,0,0,0,0,0,0,0
510353,1,1,28,0,0,0,0,0,0,0,0,0
510354,1,1,0,0,0,0,0,0,0,0,0,0
510355,0,1,0,0,0,0,0,0,0,0,0,0
510355,1,1,0,13,23,0,9,0,0,0,0,0
510356,1,1,0,0,0,0,0,0,0,0,0,0
510357,1,1,28,28,28,28,28,28,28,28,28,28
510358,1,1,6,6,6,6,6,6,6,6,6,6
510359,0,1,31,31,31,31,31,31,31,31,31,31
510359,1,1,0,0,0,0,0,0,0,0,0,0
510360,1,1,0,0,0,0,0,0,0,0,0,0
510360,2,1,0,0,0,0,0,0,0,0,0,0
510361,0,1,0,0,0,0,0,0,0,0,0,0
510361,1,1,16,10,13,0,9,0,11,17,22,0
510362,1,1,0,0,0,0,0,0,0,0,0,0
510363,1,1,29,29,29,29,29,29,29,29,29,29
510363,2,1,0,0,0,0,0,0,0,0,0,0
510364,1,1,0,0,0,0,0,0,0,0,0,0
510365,1,1,0,0,0,0,0,0,0,0,0,24
510366,1,1,5,5,5,5,5,5,5,5,5,5
510367,1,1,0,0,0,0,0,0,0,0,0,0
510367,2,1,0,0,10,0,32,0,0,0,0,0
510368,1,1,0,0,0,0,0,0,0,0,0,0
510369,1,1,12,39,0,37,0,26,11,21,0,0
510369,2,1,0,18,5,34,0,0,0,0,0,25
510370,1,1,27,27,27,27,27,27,27,27,27,27
510371,1,1,0,0,0,0,0,0,0,0,0,0
510372,1,1,24,24,24,24,24,24,24,24,24,24
510373,0,1,0,0,0,0,0,0,0,0,0,0
510373,1,1,8,0,0,0,0,0,0,0,0,0
510374,1,1,0,0,0,0,0,0,0,0,0,0
510374,2,1,0,0,0,0,0,0,0,0,0,0
510375,1,1,0,0,0,0,0,0,0,0,0,0
510376,1,1,13,15,14,8,21,7,14,13,0,26
510377,0,1,26,28,32,12,18,16,20,29,14,14
510377,1,1,0,0,19,29,0,0,0,0,0,0
510378,0,1,27,27,27,27,27,27,27,27,27,27
510378,1,1,0,0,0,0,0,23,0,0,0,0
510379,1,1,24,24,24,24,24,24,24,24,24,24
510380,1,1,9,9,9,9,9,9,9,9,9,9
510381,1,1,20,20,20,20,20,20,20,20,20,20
510382,1,1,0,0,0,0,0,0,0,0,0,0
510383,1,1,0,0,0,0,0,0,0,0,0,0
510384,1,1,19,19,19,19,19,19,19,19,19,19
510385,1,1,18,18,18,18,18,18,18,18,18,18
510385,2,1,0,0,0,0,0,0,0,0,0,0
510386,0,1,21,21,21,21,21,21,21,21,21,21
510386,1,1,0,0,0,25,0,0,0,0,0,0
510387,0,1,5,5,5,5,5,5,5,5,5,5
510387,1,1,9,0,30,0,0,0,31,0,0,23
510388,1,1,23,23,23,23,23,23,23,23,23,23
510389,1,1,4,4,4,4,4,4,4,4,4,4
510390,1,1,0,0,0,0,0,0,0,0,0,0
510390,2,1,0,0,0,0,0,0,0,0,0,0
510391,1,1,23,23,23,23,23,23,23,23,23,23
510392,1,1,1,1,1,1,1,1,1,1,1,1
510392,2,1,0,0,0,0,0,0,0,0,0,0
510393,0,1,11,11,11,11,11,11,11,11,11,11
510393,0,2,38,0,0,0,33,0,0,0,5,18
510393,2,1,0,0,0,0,0,0,0,0,0,0
510393,3,1,0,0,0,0,0,0,0,0,0,0
510394,1,1,31,31,31,31,31,31,31,31,31,31
510395,1,1,0,0,0,0,0,0,0,0,0,0
510395,2,1,0,0,0,0,0,0,0,0,0,0
510395,3,1,0,0,0,0,0,0,0,0,0,0
510396,1,1,35,35,35,35,35,35,35,35,35,35
510397,0,1,0,0,0,0,0,0,0,0,0,0
510397,1,1,22,11,0,0,0,0,0,28,0,0
510398,1,1,0,0,0,0,0,0,0,0,0,0
510398,2,1,0,0,0,0,0,0,0,0,0,0
510399,1,1,0,0,0,0,0,0,0,0,0,0
510399,2,1,0,27,8,0,0,0,0,0,0,0
510400,1,1,19,19,19,19,19,19,19,19,19,19
510400,2,1,6,6,6,6,6,6,6,6,6,6
510401,1,1,0,0,0,0,0,0,0,0,0,0
510402,0,1,0,0,0,0,0,0,0,0,0,0
510402,1,1,0,0,0,0,0,0,5,0,0,0
510403,1,1,5,5,5,5,5,5,5,5,5,5
510403,2,1,0,0,0,0,0,0,0,0,0,0
510404,1,1,0,0,0,0,0,0,0,0,0,0
510404,2,1,0,0,0,0,0,0,0,0,0,0
510405,1,1,28,28,28,28,28,28,28,28,28,28