ST_CASE,VEH_NO,PER_NO,P1,P2,P3,P4,P5,P6,P7,P8,P9,P10
530056,1,1,18,18,18,18,18,18,18,18,18,18
530057,0,1,12,0,0,0,0,15,0,0,0,0
530057,0,2,0,0,0,0,0,0,0,0,0,0
530057,1,1,0,0,0,25,6,0,0,0,0,0
530058,1,1,0,7,0,0,0,0,0,0,0,0
530058,2,1,0,0,0,0,0,0,0,0,0,0
530059,1,1,14,14,14,14,14,14,14,14,14,14
530059,2,1,0,0,0,0,12,25,0,0,0,32
530060,1,1,0,0,0,0,0,0,0,0,0,0
530061,0,1,0,0,0,0,0,0,0,0,0,0
530061,1,1,0,0,0,0,0,0,0,27,0,0
530062,1,1,0,0,0,0,0,0,0,0,0,0
530062,2,1,0,0,0,0,0,22,0,0,0,0
530063,0,1,0,0,0,0,0,0,0,0,0,0
530063,1,1,0,0,0,0,0,0,0,0,0,0
530064,1,1,0,0,0,0,18,0,0,0,24,25
530065,1,1,0,0,0,0,25,0,0,0,0,0
530065,2,1,0,0,0,0,0,0,0,0,0,0
530066,0,1,0,0,0,0,0,0,0,0,0,0
530066,1,1,12,8,10,13,28,7,39,15,26,3
530067,1,1,11,24,18,10,20,13,19,15,4,30
530068,1,1,0,0,0,0,0,0,0,0,0,0
530068,2,1,0,0,0,0,0,18,0,0,0,0
530069,1,1,20,29,3,6,17,18,35,7,22,22
530069,2,1,0,0,0,0,0,0,0,0,0,0
530070,1,1,0,7,0,0,0,0,0,0,0,0
530071,0,1,0,0,0,0,0,0,0,0,0,0
530071,0,2,0,0,0,0,0,0,0,0,0,0
530071,1,1,28,25,20,30,13,23,21,3,0,36
530072,1,1,0,0,0,0,0,0,0,0,0,0
530074,1,1,0,20,0,0,0,0,0,0,12,29
530074,2,1,0,0,0,0,0,0,0,0,0,0
530075,1,1,16,16,16,16,16,16,16,16,16,16
530076,0,1,0,24,0,22,0,16,12,0,0,0
530076,1,1,0,0,0,0,0,0,0,0,0,0
530078,1,1,0,0,0,0,0,0,0,0,0,0
530079,1,1,22,22,22,22,22,22,22,22,22,22
530080,1,1,0,0,0,0,13,0,30,0,0,0
530080,2,1,0,0,0,20,0,0,0,0,0,0
530081,0,1,0,0,0,0,0,0,0,0,0,0
530081,1,1,0,0,0,23,0,0,0,13,0,0
530082,1,1,0,0,0,0,0,0,0,0,0,0
530082,2,1,0,0,0,0,0,0,0,0,0,0
530083,0,1,23,23,23,23,23,23,23,23,23,23
530083,1,1,0,0,0,0,0,19,0,0,0,0
530084,1,1,0,0,0,0,0,0,0,0,0,0
530084,2,1,25,19,0,0,0,21,13,0,0,0
530085,1,1,0,5,0,13,34,17,23,16,15,17
530086,1,1,23,23,23,23,23,23,23,23,23,23
530087,1,1,1,1,1,1,1,1,1,1,1,1
530087,2,1,0,0,0,0,0,0,0,0,0,0
530088,1,1,19,19,19,19,19,19,19,19,19,19
530089,1,1,0,0,0,0,0,0,0,0,0,0
530090,0,1,11,11,11,11,11,11,11,11,11,11
530090,1,1,0,0,0,0,0,0,0,0,0,11
530091,0,1,15,0,22,0,0,0,22,0,0,13
530091,1,1,24,0,0,0,0,0,0,0,0,10
530092,0,1,0,0,0,0,0,0,0,0,0,0
530092,1,1,0,0,0,0,0,0,0,15,0,0
530093,1,1,21,21,21,21,21,21,21,21,21,21
530093,2,1,0,0,0,0,0,0,0,0,0,0
530094,0,1,0,0,0,0,0,0,0,0,0,0
530094,1,1,27,0,0,0,0,0,6,10,0,0
530095,1,1,0,0,0,0,0,0,0,0,0,0
530095,2,1,0,0,0,0,0,0,0,0,0,0
530096,1,1,0,0,0,0,0,0,0,0,0,0
530096,2,1,0,0,0,0,0,0,0,0,0,0
530097,1,1,0,0,0,0,0,0,0,0,0,0
530098,0,1,20,0,19,0,0,28,20,0,0,0
530098,1,1,14,0,0,0,0,13,0,0,0,0
530099,1,1,0,22,10,0,26,16,23,0,22,23
530100,1,1,25,25,25,25,25,25,25,25,25,25
530100,2,1,0,0,0,0,0,0,0,0,0,0
530101,1,1,0,0,0,0,0,0,0,0,0,0
530101,2,1,0,0,0,0,0,0,0,0,0,0
530102,1,1,0,0,0,0,0,0,0,0,0,0
530102,2,1,0,0,0,0,0,0,0,0,0,0
530103,1,1,0,24,0,0,0,0,0,0,0,0
530103,2,1,0,26,0,0,0,0,0,0,21,0
530104,0,1,0,0,0,0,0,0,0,0,0,0
530104,1,1,0,0,0,0,0,0,0,0,0,0
530105,1,1,6,6,6,6,6,6,6,6,6,6
530106,1,1,11,0,0,0,0,0,0,0,0,7
530107,0,1,0,0,0,0,0,0,0,0,0,0
530107,1,1,0,0,0,0,0,0,0,0,0,0
530108,1,1,0,0,0,0,0,0,0,0,0,0
530109,1,1,0,0,0,0,0,0,0,0,0,0
530110,0,1,0,0,0,0,0,0,0,0,0,0
530110,1,1,0,0,8,0,0,0,0,0,0,0
530111,0,1,25,25,25,25,25,25,25,25,25,25
530111,1,1,0,0,0,0,0,0,0,0,0,0
530111,3,1,15,0,0,14,0,0,0,0,0,0
530112,1,1,0,0,0,0,0,0,0,0,0,0
530112,2,1,8,0,0,0,0,25,0,0,25,0
530113,1,1,0,0,0,0,0,0,0,0,0,0
530113,2,1,0,0,0,0,0,0,0,0,0,0
530114,0,1,21,21,21,21,21,21,21,21,21,21
530114,1,1,0,0,0,0,0,0,0,0,0,0
530115,1,1,0,0,0,0,0,0,0,0,0,0
530116,1,1,34,18,0,0,0,0,21,0,13,15
530116,2,1,14,14,14,14,14,14,14,14,14,14
530116,3,1,0,0,0,0,0,0,0,0,0,0
530117,1,1,0,0,0,0,0,0,0,0,0,0
530117,2,1,0,0,0,0,0,0,0,0,9,0
530117,3,1,0,0,0,0,0,0,0,0,0,0
530117,4,1,0,0,0,0,0,0,0,0,0,0
530117,5,1,0,0,0,0,0,0,0,0,0,0
530117,6,1,0,0,0,0,0,0,0,0,0,0
530117,7,1,0,0,0,0,0,0,0,0,0,0
530117,8,1,0,0,0,0,0,0,0,0,0,0
530118,1,1,0,0,0,0,0,0,0,0,0,0
530119,1,1,0,0,0,0,0,0,0,0,0,0
530119,2,1,0,0,0,0,0,0,0,0,0,0
530120,1,1,0,0,0,0,0,0,0,0,0,0
530120,2,1,11,11,11,11,11,11,11,11,11,11
530121,0,1,0,0,0,0,0,0,0,0,0,0
530121,1,1,21,43,0,8,0,11,18,12,16,0
530122,1,1,29,29,29,29,29,29,29,29,29,29
530122,2,1,0,0,0,0,0,0,0,0,0,0
530123,1,1,12,12,12,12,12,12,12,12,12,12
530123,2,1,0,0,0,0,0,0,0,0,0,0
530124,1,1,7,7,7,7,7,7,7,7,7,7
530124,2,1,0,0,0,0,0,0,0,0,0,0
530124,3,1,0,0,0,0,0,0,0,0,0,0
530125,0,1,11,11,11,11,11,11,11,11,11,11
530125,1,1,0,2,0,0,12,0,0,0,0,18
530126,1,1,0,0,0,5,0,0,0,3,0,0
530127,1,1,17,17,17,17,17,17,17,17,17,17
530128,1,1,0,0,0,0,0,0,0,0,0,0
530128,2,1,0,8,0,0,0,0,0,0,0,25
530128,3,1,0,0,0,0,0,0,21,0,0,0
530130,1,1,9,14,29,11,22,8,0,10,9,14
530131,0,1,22,22,22,22,22,22,22,22,22,22
530131,1,1,13,3,12,0,0,7,23,9,10,18
530133,1,1,15,15,15,15,15,15,15,15,15,15
530134,1,1,0,0,0,0,0,0,0,0,0,0
530135,1,1,19,19,19,19,19,19,19,19,19,19
530136,1,1,0,0,0,0,0,0,0,0,0,0
530137,0,1,19,19,19,19,19,19,19,19,19,19
530137,1,1,0,0,0,0,0,0,0,0,0,0
530137,2,1,10,0,0,0,22,7,0,0,0,18
530138,1,1,0,0,0,0,0,0,0,0,0,0
530138,2,1,0,0,0,0,0,0,0,0,0,0
530139,1,1,0,0,0,0,0,0,0,0,0,0
530139,2,1,0,0,0,0,0,0,0,14,0,0
530140,1,1,13,0,0,0,25,14,9,27,16,12
530141,1,1,0,0,0,0,17,0,0,0,0,0
530141,2,1,9,9,9,9,9,9,9,9,9,9
530142,1,1,0,0,0,0,0,0,0,0,0,0
530143,0,1,15,16,0,0,0,0,0,0,0,0
530144,1,1,0,0,0,0,0,0,0,0,0,0
530145,1,1,16,10,6,16,7,20,0,26,7,4
530145,2,1,0,0,0,0,0,0,0,0,0,0
530146,0,1,25,25,25,25,25,25,25,25,25,25
530146,1,1,0,0,0,0,0,0,0,0,0,0
530147,1,1,0,0,0,0,0,0,0,0,0,0
530147,2,1,0,0,0,0,0,0,0,0,0,0
530148,1,1,10,10,10,10,10,10,10,10,10,10
530149,1,1,0,0,0,0,0,0,0,0,0,0
530149,2,1,0,0,0,0,0,0,0,0,0,0
530149,3,1,0,0,0,0,0,0,0,0,0,0
530150,1,1,0,0,0,0,0,0,0,0,0,0
530150,2,1,0,0,0,0,0,0,0,0,0,0
530152,1,1,22,22,22,22,22,22,22,22,22,22
530153,1,1,18,18,18,18,18,18,18,18,18,18
530153,2,1,0,0,0,0,14,0,9,0,0,0
530154,1,1,28,28,28,28,28,28,28,28,28,28
530155,1,1,0,0,0,0,0,0,0,0,0,0
530155,2,1,0,0,0,0,0,0,0,0,4,0
530156,1,1,13,0,0,0,0,0,0,0,13,0
530157,1,1,0,0,0,0,0,0,0,0,0,0
530158,0,1,10,7,0,14,23,0,0,24,20,0
530158,1,1,0,0,0,0,0,0,0,0,0,0
530159,1,1,0,0,0,0,0,0,0,0,0,0
530159,2,1,0,0,0,0,0,0,0,0,0,0
530160,1,1,0,0,0,0,0,0,0,0,0,0
530160,2,1,0,0,0,0,0,0,0,0,0,0
530161,1,1,0,0,0,13,0,0,0,0,13,22
530162,1,1,0,0,0,0,0,0,0,0,0,0
530163,0,1,17,17,17,17,17,17,17,17,17,17
530163,1,1,9,5,0,0,0,27,6,0,17,0
530164,1,1,0,0,0,0,0,0,0,0,0,0
530164,3,1,9,0,0,7,0,0,0,0,0,0
530164,4,1,5,0,18,0,0,0,2,0,0,0
530165,0,1,25,25,25,25,25,25,25,25,25,25
530165,1,1,7,22,10,12,13,8,7,20,0,0
530166,1,1,13,13,13,13,13,13,13,13,13,13
530167,0,1,0,0,0,0,0,0,0,0,0,0
530167,1,1,0,0,0,0,29,0,15,0,15,0
530168,1,1,33,33,33,33,33,33,33,33,33,33
530168,2,1,0,20,0,0,0,0,0,22,0,0
530169,0,1,0,6,14,0,18,0,5,17,0,17
530169,1,1,0,0,2,0,0,0,0,0,0,0
530170,1,1,0,0,0,0,0,0,0,0,0,0
530170,2,1,0,0,0,0,0,0,0,0,0,0
530171,0,1,0,0,0,12,15,0,0,0,0,8
530171,1,1,0,0,0,0,0,0,0,0,0,0
530173,1,1,0,0,0,0,0,0,0,0,0,0
530174,1,1,1,1,1,1,1,1,1,1,1,1
530175,0,1,0,0,0,0,0,0,0,0,0,0
530175,1,1,0,0,0,0,0,0,0,0,0,0
530176,1,1,14,0,0,20,0,0,0,8,0,0
530177,1,1,0,0,0,0,26,0,0,0,0,0
530178,0,1,0,0,0,0,0,0,0,0,0,0
530178,1,1,0,0,7,0,0,0,0,0,0,0
530179,1,1,0,0,14,15,0,0,0,0,0,0
530179,2,1,6,13,0,0,0,0,0,0,4,0
530180,0,1,25,25,25,25,25,25,25,25,25,25
530180,1,1,2,23,0,24,15,11,0,0,0,0
530181,0,1,6,6,6,6,6,6,6,6,6,6
530181,1,1,15,0,22,0,12,27,15,6,22,26
530182,1,1,0,0,0,5,0,0,0,0,0,11
530182,2,1,0,26,0,0,0,0,0,0,0,0
530182,3,1,0,0,0,0,0,0,0,0,0,0
530183,0,1,0,0,0,0,0,0,0,0,0,0
530183,1,1,0,0,0,0,0,0,0,0,0,0
530184,1,1,27,14,0,17,15,6,4,16,20,25
530185,1,1,18,18,18,18,18,18,18,18,18,18
530186,1,1,0,0,0,0,0,0,0,0,0,0
530186,2,1,0,0,0,16,0,0,0,0,0,0
530187,1,1,0,0,0,0,0,0,0,0,0,0
530188,1,1,16,16,16,16,16,16,16,16,16,16
530189,1,1,0,0,0,0,0,0,0,0,0,0
530189,2,1,0,0,0,0,0,0,0,0,0,0
530190,1,1,0,0,0,0,0,0,0,0,0,0
530190,2,1,0,0,0,0,0,0,0,0,0,0
530190,3,1,0,0,0,0,0,0,0,0,0,0
530191,1,1,15,16,9,23,8,17,15,19,5,18
530191,2,1,0,0,0,0,0,0,0,0,0,0
530192,1,1,26,9,0,6,0,0,23,40,0,0
530193,1,1,0,0,0,0,0,0,0,0,0,0
530193,2,1,0,0,0,0,0,0,0,0,0,0
530194,0,1,6,6,6,6,6,6,6,6,6,6
530194,1,1,0,0,0,0,0,0,0,14,0,0
530195,1,1,0,0,0,0,0,0,0,32,0,0
530196,1,1,23,23,23,23,23,23,23,23,23,23
530197,0,1,0,0,0,0,0,20,0,0,0,0
530197,1,1,14,0,0,0,12,0,0,0,0,0
530198,0,1,0,0,0,0,0,0,0,0,0,0
530198,1,1,6,17,13,13,26,8,11,19,7,27
530199,1,1,18,18,18,18,18,18,18,18,18,18
530200,1,1,2,2,2,2,2,2,2,2,2,2
530200,2,1,0,0,0,13,0,0,0,0,0,0
530201,1,1,7,13,8,13,48,15,5,23,0,30
530201,2,1,0,0,0,0,0,0,0,0,0,0
530201,3,1,0,0,0,0,0,0,0,0,0,0
530202,1,1,0,0,0,0,0,0,0,0,0,0
530202,2,1,15,0,0,0,0,0,0,0,8,0
530203,1,1,0,0,0,0,0,0,0,0,0,0
530203,2,1,0,18,0,0,29,0,15,0,0,0
530204,1,1,0,0,0,0,0,0,0,0,0,0
530205,1,1,0,19,0,0,6,0,6,11,12,22
530207,1,1,19,13,3,23,0,0,0,10,13,0
530207,2,1,0,12,5,17,0,0,14,0,0,0
530208,1,1,0,0,0,0,0,0,0,24,0,0
530208,2,1,0,0,0,0,12,0,0,0,0,0
530209,1,1,0,0,9,53,0,27,14,0,0,19
530209,2,1,0,0,0,0,0,0,0,0,0,0
530210,0,1,0,0,0,0,0,0,0,0,0,0
530210,1,1,17,17,20,6,0,14,8,0,13,28
530211,1,1,0,0,16,0,0,0,0,0,0,24
530211,2,1,0,16,0,0,0,0,0,0,0,0
530212,1,1,10,10,10,10,10,10,10,10,10,10
530213,1,1,6,6,6,6,6,6,6,6,6,6
530214,1,1,2,2,2,2,2,2,2,2,2,2
530215,1,1,7,7,7,7,7,7,7,7,7,7
530216,1,1,0,0,0,0,0,0,0,0,0,0
530217,1,1,0,0,21,2,0,9,0,13,11,30
530217,2,1,6,0,17,0,0,0,0,0,0,0
530217,3,1,16,16,16,16,16,16,16,16,16,16
530218,1,1,16,16,16,16,16,16,16,16,16,16
530219,1,1,0,0,0,0,0,0,0,0,0,0
530219,2,1,0,0,0,0,0,0,0,0,0,0
530220,1,1,0,0,0,0,0,0,17,0,0,0
530220,2,1,0,0,0,0,0,0,0,0,0,0
530221,1,1,0,0,0,0,0,0,0,0,0,0
530222,1,1,0,0,32,14,0,7,0,0,0,0
530223,1,1,13,13,13,13,13,13,13,13,13,13
530224,1,1,0,0,0,0,0,0,0,0,0,0
530224,2,1,0,0,0,0,0,0,0,0,0,0
530225,1,1,0,0,0,0,0,0,0,0,0,0
530226,1,1,0,0,0,0,0,0,0,0,0,0
530226,2,1,0,0,0,0,0,0,0,0,0,0
530227,1,1,0,22,16,0,0,12,0,11,0,0
530228,0,1,0,0,0,0,31,40,12,19,26,42
530228,1,1,10,0,25,9,13,0,4,0,12,6
530229,1,1,0,0,0,0,0,0,0,0,0,0
530230,1,1,0,0,0,0,0,0,0,0,0,0
530230,2,1,0,0,0,0,0,5,0,0,0,9
530231,1,1,0,0,0,0,0,0,0,0,0,0
530231,2,1,0,0,0,0,0,0,0,0,0,0
530232,1,1,13,14,23,7,25,9,18,16,6,7
530233,1,1,0,0,0,0,0,0,0,0,0,14
530234,1,1,10,10,10,10,10,10,10,10,10,10
530236,1,1,26,26,26,26,26,26,26,26,26,26
530236,2,1,10,0,6,0,0,19,14,8,20,7
530237,1,1,0,7,13,13,12,0,16,0,0,0
530237,2,1,0,0,0,0,25,24,0,0,0,27
530239,1,1,21,21,21,21,21,21,21,21,21,21
530240,1,1,13,13,13,13,13,13,13,13,13,13
530241,1,1,0,0,0,0,44,0,0,0,12,27
530242,1,1,3,3,3,3,3,3,3,3,3,3
530242,2,1,10,0,0,0,12,0,22,0,25,19
530243,1,1,21,21,21,21,21,21,21,21,21,21
530244,1,1,15,15,15,15,15,15,15,15,15,15
530245,1,1,16,0,0,0,0,0,0,0,0,0
530245,2,1,0,0,0,0,0,0,0,9,0,0
530246,1,1,13,13,13,13,13,13,13,13,13,13
530246,2,1,0,0,0,0,0,0,29,0,0,14
530247,1,1,0,0,0,30,17,0,28,24,0,0
530247,2,1,4,4,4,4,4,4,4,4,4,4
530248,1,1,6,8,14,14,18,0,9,9,13,5
530248,2,1,0,19,0,0,0,0,0,0,0,0
530249,0,1,0,0,0,0,0,0,0,0,0,0
530249,1,1,0,0,13,17,0,11,10,0,0,0
530250,1,1,0,0,0,0,0,0,0,0,0,0
530251,1,1,0,0,0,0,0,0,0,0,0,0
530251,2,1,0,0,0,0,0,0,0,0,0,4
530252,1,1,0,0,0,0,0,0,0,0,0,0
530252,2,1,0,0,0,0,0,0,0,0,0,0
530253,1,1,13,13,13,13,13,13,13,13,13,13
530253,2,1,0,0,0,0,0,9,0,0,0,0
530254,1,1,15,10,28,28,9,13,41,18,17,11
530254,2,1,0,0,0,0,0,0,0,0,0,0
530255,1,1,0,0,0,0,0,0,0,0,0,0
530255,2,1,0,0,0,0,0,0,0,0,0,0
530255,3,1,0,0,0,0,0,0,0,0,0,0
530256,1,1,0,0,19,0,11,0,0,0,0,0
530256,2,1,0,21,0,19,0,0,0,0,10,0
530257,1,1,0,0,0,0,0,0,0,0,0,0
530257,2,1,0,0,0,0,0,6,0,0,0,0
530259,1,1,12,12,12,12,12,12,12,12,12,12
530260,0,1,0,0,0,0,0,0,0,0,0,0
530260,1,1,0,0,12,0,0,0,13,0,0,0
530261,1,1,16,16,16,16,16,16,16,16,16,16
530262,1,1,0,14,0,0,16,0,0,0,0,5
530262,2,1,0,10,0,0,0,0,0,0,0,0
530263,1,1,0,16,21,17,12,20,7,22,10,10
530263,2,1,0,0,0,0,0,0,0,0,0,0
530264,1,1,22,0,21,0,0,0,0,0,7,0
530264,2,1,0,0,0,18,17,0,29,0,0,0
530265,0,1,0,0,0,0,0,0,0,0,0,0
530265,1,1,0,0,0,0,0,0,0,0,0,0
530266,0,1,12,12,12,12,12,12,12,12,12,12
530266,1,1,17,7,36,18,18,11,11,22,19,6
530267,1,1,0,0,0,0,0,0,0,0,0,0
530267,2,1,0,0,0,0,0,0,0,0,0,0
530268,1,1,15,15,15,15,15,15,15,15,15,15
530269,1,1,0,0,0,0,0,0,0,0,0,0
530270,1,1,0,0,0,0,0,0,0,0,0,0
530270,2,1,0,0,0,0,14,7,0,0,0,0
530271,0,1,0,0,0,0,0,0,0,0,0,0
530271,1,1,0,0,0,0,0,0,0,0,0,0
530272,1,1,5,0,16,0,16,24,14,22,17,7
530272,2,1,0,0,0,0,0,0,0,0,0,0
530273,1,1,16,16,16,16,16,16,16,16,16,16
530273,2,1,10,0,0,0,0,0,17,0,0,0
530273,3,1,0,0,0,0,0,0,0,0,0,0
530274,1,1,0,0,0,0,0,0,0,0,0,0
530274,2,1,0,0,0,0,0,0,0,0,0,0
530275,1,1,0,0,13,7,14,0,0,29,0,0
530275,2,1,0,0,0,0,0,0,0,0,0,0
530276,1,1,0,13,0,19,18,0,0,11,16,16
530277,1,1,0,0,0,0,0,0,0,0,0,0
530277,2,1,0,0,0,0,0,0,0,0,0,0
530278,1,1,0,0,0,0,0,0,0,0,0,0
530278,2,1,0,13,0,0,0,0,0,0,0,0
530279,1,1,0,0,0,0,0,0,0,0,0,0
530279,2,1,0,0,0,0,0,0,5,0,0,25
530280,1,1,7,23,31,20,31,11,5,22,16,15
530281,1,1,0,0,16,0,0,0,0,0,0,0
530281,2,1,0,0,0,0,0,0,0,0,0,0
530282,1,1,29,15,13,22,0,0,26,14,0,0
530282,2,1,2,2,2,2,2,2,2,2,2,2
530283,1,1,16,16,16,16,16,16,16,16,16,16
530283,2,1,0,0,0,0,0,0,0,0,0,0
530285,1,1,0,0,0,0,0,0,0,0,0,0
530286,0,1,1,1,1,1,1,1,1,1,1,1
530286,1,1,11,0,3,0,0,0,13,0,0,0
530287,1,1,24,24,24,24,24,24,24,24,24,24
530287,2,1,0,0,0,0,0,0,0,0,0,0
530288,1,1,11,11,11,11,11,11,11,11,11,11
530289,1,1,0,0,0,0,0,0,0,0,0,0
530289,2,1,0,11,0,0,0,0,0,0,12,0
530290,1,1,9,9,9,9,9,9,9,9,9,9
530291,1,1,0,0,0,0,0,0,0,0,0,0
530291,2,1,22,15,0,0,28,14,27,18,0,0
530292,1,1,0,0,0,0,0,0,0,0,0,0
530293,0,1,0,0,0,0,0,0,0,0,0,0
530293,1,1,0,24,18,9,0,13,5,24,11,16
530294,1,1,14,14,14,14,14,14,14,14,14,14
530295,1,1,0,12,0,0,0,0,0,0,0,0
530295,2,1,0,7,0,0,0,9,0,0,0,0
530296,1,1,13,13,13,13,13,13,13,13,13,13
530296,2,1,4,0,0,0,0,0,0,0,0,0
530297,1,1,19,19,19,19,19,19,19,19,19,19
530298,1,1,6,6,6,6,6,6,6,6,6,6
530300,1,1,0,0,0,0,0,0,0,0,0,0
530300,2,1,0,0,0,0,0,0,0,0,0,0
530301,0,1,0,0,0,0,0,0,0,0,0,0
530301,1,1,0,0,0,22,19,0,0,15,16,0
530301,2,1,18,15,0,9,19,0,0,0,0,4
530302,1,1,10,10,10,10,10,10,10,10,10,10
530303,1,1,17,17,17,17,17,17,17,17,17,17
530303,2,1,0,0,0,0,0,13,0,0,0,0
530304,1,1,0,0,21,0,0,0,0,0,0,0
530304,2,1,0,0,0,0,0,0,0,0,0,0
530305,1,1,37,11,19,0,11,6,18,11,23,15
530306,1,1,0,15,0,0,0,0,0,24,19,0
530306,2,1,0,0,7,0,0,0,0,0,0,0
530307,1,1,17,17,17,17,17,17,17,17,17,17
530307,2,1,0,0,0,7,14,0,21,0,19,0
530308,0,1,20,16,19,34,0,20,0,0,0,0
530308,1,1,0,0,0,0,0,0,0,0,0,0
530309,1,1,0,0,0,0,0,0,0,0,0,0
530309,2,1,0,0,0,0,0,0,6,0,0,18
530309,3,1,0,0,0,0,0,0,0,0,12,0
530310,1,1,0,0,0,15,0,41,4,0,0,0
530310,2,1,0,0,0,0,0,0,0,0,0,0
530311,0,1,0,0,0,0,0,0,0,0,0,0
530311,1,1,0,0,0,0,0,0,0,0,0,0
530312,0,1,18,18,18,18,18,18,18,18,18,18
530312,1,1,0,0,0,0,0,0,19,0,0,0
530313,1,1,0,15,0,12,0,7,12,0,9,21
530314,1,1,13,13,13,13,13,13,13,13,13,13
530314,2,1,0,0,0,26,0,0,0,0,0,0
530315,1,1,6,6,6,6,6,6,6,6,6,6
530316,1,1,11,11,11,11,11,11,11,11,11,11
530317,1,1,0,0,0,0,0,0,0,0,0,0
530318,0,1,27,27,27,27,27,27,27,27,27,27
530318,1,1,0,0,0,0,0,0,0,0,0,0
530320,1,1,10,10,10,10,10,10,10,10,10,10
530320,2,1,15,0,0,0,0,0,0,0,13,0
530320,3,1,0,0,0,22,0,0,0,0,0,0
530321,1,1,14,18,0,22,25,10,17,15,17,12
530321,2,1,0,0,0,0,0,0,0,0,0,0
530322,1,1,0,0,0,0,0,0,0,0,0,0
530322,2,1,0,0,0,0,0,0,0,0,0,0
530323,0,1,0,0,0,0,0,0,0,0,0,0
530323,1,1,0,0,0,0,0,0,0,0,0,0
530324,1,1,8,8,8,8,8,8,8,8,8,8
530325,1,1,0,0,0,0,0,0,0,0,0,0
530327,1,1,24,24,24,24,24,24,24,24,24,24
530328,0,1,0,0,0,0,0,0,0,0,0,0
530328,1,1,0,0,0,11,0,14,0,20,0,0
530329,1,1,0,0,0,0,0,0,0,0,0,0
530330,1,1,20,25,0,0,13,0,0,17,16,0
530330,2,1,24,24,24,24,24,24,24,24,24,24
530331,1,1,0,0,0,0,0,0,0,0,0,0
530332,1,1,0,0,10,13,33,16,8,7,3,22
530332,2,1,0,0,0,0,0,0,0,0,0,0
530333,1,1,0,0,0,0,0,0,0,0,2,0
530333,2,1,0,0,0,0,0,0,0,0,0,0
530334,1,1,0,0,0,0,0,0,0,0,33,0
530334,2,1,0,0,0,0,0,0,0,0,0,0
530335,1,1,0,0,0,0,0,0,0,0,0,0
530335,2,1,0,0,0,0,0,0,0,0,0,0
530336,1,1,0,0,12,0,0,0,11,22,9,0
530336,2,1,0,0,0,0,0,0,0,36,0,0
530336,3,1,0,0,0,0,0,0,0,0,0,0
530337,1,1,19,19,19,19,19,19,19,19,19,19
530338,1,1,0,38,4,0,3,21,6,0,0,0
530339,1,1,27,37,22,39,2,0,7,22,30,15
530339,2,1,0,0,0,0,0,0,0,0,0,0
530340,1,1,0,0,0,0,11,0,0,0,0,0
530341,1,1,11,11,11,11,11,11,11,11,11,11
530342,1,1,18,18,18,18,18,18,18,18,18,18
530343,1,1,0,0,0,0,0,0,0,0,0,0
530343,2,1,0,0,0,0,0,0,0,0,0,0
530344,1,1,0,0,0,0,0,0,0,0,0,0
530344,2,1,0,0,0,0,0,0,0,0,0,0
530344,3,1,0,0,0,0,0,0,0,3,0,0
530345,1,1,0,0,0,0,0,0,0,0,0,0
530345,2,1,0,0,0,0,0,0,0,0,0,0
530346,1,1,16,15,6,20,16,41,28,11,8,15
530346,2,1,0,0,4,0,0,0,0,0,0,0
530347,1,1,0,0,0,0,0,0,0,0,0,0
530347,2,1,2,0,22,18,0,12,0,0,0,0
530348,1,1,0,0,0,0,0,0,0,0,0,0
530348,2,1,0,0,0,0,0,0,0,0,0,0
530349,1,1,0,6,15,19,0,21,0,17,0,0
530350,1,1,18,18,18,18,18,18,18,18,18,18
530350,2,1,0,0,0,0,0,0,0,0,0,0
530350,3,1,4,16,14,4,29,8,8,20,18,7
530351,1,1,0,0,0,0,0,0,0,0,0,0
530352,1,1,0,0,0,0,12,13,0,15,0,4
530353,1,1,0,0,0,10,0,0,0,0,0,4
530353,2,1,0,0,0,0,0,0,0,0,0,0
530354,1,1,0,0,0,0,0,0,0,0,0,0
530355,0,1,0,0,0,0,0,0,0,0,0,0
530355,1,1,0,0,0,20,0,0,0,0,0,12
530356,1,1,0,0,0,12,0,0,0,16,0,0
530357,1,1,27,27,27,27,27,27,27,27,27,27
530357,2,1,0,0,0,0,0,0,0,0,0,0
530358,1,1,24,24,24,24,24,24,24,24,24,24
530359,1,1,0,0,0,0,0,0,0,0,0,0
530360,1,1,36,28,9,17,5,9,10,12,14,52
530361,1,1,24,0,27,15,0,28,21,13,22,35
530362,1,1,12,0,12,0,0,0,12,0,16,27
530363,1,1,0,0,0,0,0,0,0,0,0,0
530364,1,1,0,0,0,0,0,0,0,0,0,0
530364,2,1,0,4,5,0,0,0,0,0,0,0