ST_CASE,VEH_NO,PER_NO,P1,P2,P3,P4,P5,P6,P7,P8,P9,P10
530676,0,1,0,0,0,0,0,0,0,0,0,0
530676,1,1,0,0,0,0,0,0,0,0,0,0
530677,0,1,5,5,5,5,5,5,5,5,5,5
530677,1,1,0,8,0,0,19,10,0,0,0,2
530678,1,1,0,0,0,0,0,0,0,0,0,0
530678,2,1,0,0,0,0,0,0,0,0,0,0
530679,1,1,0,0,0,0,0,0,0,0,0,0
530681,1,1,8,8,8,8,8,8,8,8,8,8
530681,2,1,0,0,0,0,0,0,0,0,0,0
530682,0,1,0,16,35,26,0,0,15,34,0,0
530682,1,1,0,0,27,0,0,0,0,23,0,23
530683,0,1,0,0,0,0,0,0,0,0,0,0
530683,1,1,0,0,18,0,0,0,0,36,0,4
530684,1,1,0,13,0,0,13,0,12,0,19,0
530685,1,1,0,0,13,21,0,14,15,0,19,18
530688,1,1,12,12,12,12,12,12,12,12,12,12
530688,2,1,0,0,0,0,0,0,0,0,0,0
530689,1,1,0,0,0,0,0,0,0,0,0,0
530689,2,1,0,0,0,0,0,0,0,0,0,0
530690,1,1,0,0,10,0,0,0,0,14,0,0
530691,0,1,0,0,0,0,0,0,17,0,0,0
530691,1,1,0,0,0,0,0,0,0,0,0,0
530694,1,1,25,25,25,25,25,25,25,25,25,25
530695,0,1,0,0,0,0,0,0,0,0,0,0
530695,1,1,0,0,0,0,0,0,0,0,0,0
530695,2,1,0,0,0,0,12,0,0,0,0,0
530696,1,1,0,0,0,0,0,0,0,0,0,0
530696,2,1,0,0,0,0,0,0,0,0,0,0
530697,0,1,16,0,0,0,0,0,0,0,0,14
530697,1,1,8,17,0,0,0,12,14,0,9,11
530698,0,1,0,0,0,0,0,0,0,0,0,0
530700,1,1,0,0,0,0,0,0,0,0,0,0
530700,2,1,0,0,0,0,0,0,0,0,0,0
530701,0,1,0,0,0,0,0,0,0,0,0,0
530701,1,1,0,22,0,25,14,17,0,19,19,13
530701,2,1,0,0,0,0,0,0,0,0,0,0
530701,3,1,0,22,0,0,0,0,26,0,0,2
530702,1,1,0,0,21,0,0,0,29,0,0,14
530704,0,1,9,9,9,9,9,9,9,9,9,9
530704,1,1,7,7,7,7,7,7,7,7,7,7
530705,1,1,9,9,9,9,9,9,9,9,9,9
530705,2,1,0,0,0,0,18,10,32,0,9,28
530705,3,1,0,22,0,15,0,21,0,17,0,0
530706,0,1,0,0,0,0,0,0,0,0,0,0
530706,1,1,16,28,0,4,11,0,0,5,0,0
530707,0,1,0,0,0,0,0,0,0,0,0,0
530707,1,1,0,0,0,0,0,0,0,21,0,0
530708,0,1,0,0,0,0,0,0,0,0,0,0
530708,1,1,24,2,26,0,4,15,12,18,0,15
530709,1,1,0,0,0,0,0,0,0,8,0,0
530709,2,1,3,3,3,3,3,3,3,3,3,3
530710,0,1,0,0,0,0,0,0,0,0,0,0
530710,1,1,32,0,0,0,0,0,0,0,0,0
530711,1,1,13,0,0,17,0,11,0,0,0,0
530712,1,1,0,0,0,0,0,0,32,0,0,0
530712,2,1,0,0,0,0,0,0,0,0,0,0
530713,1,1,17,34,0,0,14,12,0,0,0,18
530715,0,1,19,21,0,0,0,0,0,0,26,0
530715,1,1,0,12,0,0,0,0,23,11,31,19
530716,1,1,26,0,0,0,0,0,25,0,37,0
530717,1,1,0,0,0,0,14,0,0,0,0,2
530718,1,1,0,0,0,0,0,0,0,0,0,0
530718,2,1,0,0,0,0,0,0,0,0,0,0
530719,1,1,13,12,30,0,0,31,0,0,0,0
530720,0,1,28,28,28,28,28,28,28,28,28,28
530720,1,1,0,0,0,0,7,0,0,7,0,0
530720,2,1,0,0,0,0,0,0,0,0,0,0
530721,1,1,20,0,9,8,8,22,11,22,0,10
530722,1,1,0,0,0,0,0,17,0,16,0,0
530722,2,1,0,0,0,0,0,0,0,0,0,0
530722,3,1,0,0,0,0,0,0,0,0,0,0
530723,1,1,26,26,26,26,26,26,26,26,26,26
530724,1,1,1,1,1,1,1,1,1,1,1,1
530725,1,1,0,0,0,0,0,0,0,0,0,0
530726,1,1,26,22,10,19,13,12,10,25,13,5
530727,0,1,0,0,0,0,0,0,0,0,0,0
530727,1,1,0,0,0,0,0,0,0,0,0,0
530728,1,1,14,14,13,15,17,16,9,4,15,10
530728,2,1,5,0,33,26,0,0,0,0,0,0
530729,1,1,18,0,0,0,16,0,11,0,0,15
530730,1,1,0,18,0,0,0,0,0,0,7,0
540001,1,1,0,0,0,0,0,0,0,0,0,0
540001,2,1,0,16,0,0,0,0,0,0,0,0
540002,1,1,15,15,15,15,15,15,15,15,15,15
540002,2,1,0,0,0,0,0,0,0,0,0,0
540003,1,1,1,1,1,1,1,1,1,1,1,1
540003,2,1,0,0,0,0,0,7,0,0,0,0
540004,1,1,0,0,0,0,0,0,0,6,0,0
540004,2,1,0,0,0,0,0,0,0,0,0,0
540005,1,1,0,0,0,0,0,0,0,0,0,0
540005,2,1,0,0,0,0,0,0,0,0,0,16
540006,1,1,0,0,0,0,0,0,0,0,0,0
540007,1,1,12,12,12,12,12,12,12,12,12,12
540008,1,1,0,0,0,0,0,0,0,0,0,0
540009,1,1,0,0,0,0,0,0,0,0,0,0
540009,2,1,0,0,0,0,0,0,0,0,0,0
540010,1,1,13,10,9,5,0,19,18,10,12,11
540010,2,1,0,0,0,0,0,0,0,0,0,0
540010,3,1,0,0,0,0,0,0,0,0,0,0
540011,1,1,0,0,0,0,0,0,0,0,0,0
540011,2,1,0,0,0,0,0,0,0,0,0,0
540012,1,1,0,0,0,0,0,0,0,0,0,0
540013,0,1,0,0,0,0,0,0,0,0,0,0
540013,1,1,0,0,0,0,0,0,0,0,0,0
540014,1,1,0,0,0,0,0,0,0,0,0,0
540015,1,1,0,0,0,0,0,0,0,0,0,0
540015,2,1,0,0,0,0,0,0,0,0,0,0
540016,0,1,0,0,0,0,0,0,0,0,0,0
540016,1,1,0,0,0,0,0,0,0,0,0,0
540017,1,1,0,0,0,0,0,0,0,0,0,0
540018,0,1,0,0,0,0,0,0,0,0,0,0
540018,1,1,0,0,0,17,0,0,0,0,0,0
540019,0,1,20,0,0,0,0,0,0,0,40,0
540019,1,1,0,0,0,0,7,0,1,0,0,0
540019,2,1,0,17,0,0,0,0,0,0,0,0
540019,3,1,0,0,0,0,0,0,34,0,0,0
540020,1,1,0,0,0,0,0,0,0,0,0,0
540020,2,1,0,0,0,0,0,0,0,0,0,0
540021,1,1,23,23,23,23,23,23,23,23,23,23
540022,1,1,0,0,0,0,0,0,0,0,0,0
540022,2,1,2,2,2,2,2,2,2,2,2,2
540023,1,1,7,13,25,17,34,30,2,37,9,22
540023,2,1,0,0,0,0,0,0,0,0,0,0
540024,1,1,0,0,0,0,0,0,0,0,0,0
540025,1,1,0,0,0,0,0,0,0,0,0,0
540026,1,1,7,7,7,7,7,7,7,7,7,7
540027,1,1,0,0,0,0,0,0,0,0,0,0
540027,2,1,0,0,0,0,19,13,0,0,0,0
540028,0,1,0,0,0,0,0,0,0,0,0,0
540028,1,1,0,0,0,0,0,0,0,0,0,0
540029,1,1,4,4,4,4,4,4,4,4,4,4
540030,1,1,0,0,0,0,0,0,0,0,0,0
540031,1,1,0,0,0,0,0,0,0,0,0,0
540031,2,1,0,0,0,0,0,0,0,0,0,0
540031,3,1,0,0,0,0,0,0,0,0,0,0
540032,1,1,0,0,0,0,0,0,0,0,0,0
540033,1,1,1,1,1,1,1,1,1,1,1,1
540034,1,1,0,0,0,0,0,0,0,0,16,0
540035,1,1,0,0,0,0,0,0,0,0,0,0
540036,0,1,19,19,19,19,19,19,19,19,19,19
540036,1,1,0,23,0,23,0,0,19,5,0,0
540037,1,1,0,0,19,11,34,0,0,22,0,0
540038,1,1,14,14,14,14,14,14,14,14,14,14
540039,1,1,0,0,0,0,0,0,0,0,0,0
540039,2,1,0,0,0,0,0,0,0,0,0,16
540040,1,1,0,0,0,0,0,0,0,0,0,0
540041,1,1,0,0,0,0,0,0,0,0,0,0
540042,1,1,0,0,0,0,0,0,0,0,0,0
540043,1,1,0,7,0,21,0,0,0,0,0,0
540043,2,1,0,0,0,0,0,0,0,0,0,0
540043,3,1,0,0,0,0,0,0,0,0,0,0
540044,1,1,0,0,0,0,0,0,0,0,0,0
540044,2,1,0,0,0,0,0,0,0,0,0,0
540045,1,1,0,0,0,0,0,0,0,0,0,0
540046,0,1,11,0,0,0,0,0,0,0,0,0
540046,1,1,0,0,0,0,0,0,23,0,0,0
540047,1,1,19,19,19,19,19,19,19,19,19,19
540048,1,1,0,0,0,0,0,0,0,0,0,0
540048,2,1,0,0,0,0,0,0,0,0,0,0
540049,1,1,0,0,0,0,0,0,0,0,0,0
540049,2,1,0,0,0,0,0,0,0,0,0,0
540050,1,1,0,0,0,0,0,0,0,0,0,0
540051,1,1,0,0,0,0,0,0,0,0,0,0
540051,2,1,0,0,0,0,0,0,0,0,0,0
540052,1,1,0,0,0,0,0,0,0,0,0,0
540052,2,1,0,0,0,0,0,0,0,0,0,0
540052,3,1,0,0,0,0,16,0,0,0,0,0
540052,4,1,0,0,0,0,0,0,0,0,0,0
540053,0,1,0,0,0,0,0,0,0,0,0,0
540053,1,1,0,0,13,4,14,0,0,0,6,0
540054,1,1,0,0,0,0,0,0,0,0,0,0
540054,2,1,0,0,0,0,0,0,0,0,0,0
540055,1,1,0,0,0,0,0,0,0,0,0,0
540056,1,1,0,0,0,0,0,0,0,0,0,0
540056,2,1,0,0,0,0,0,0,0,0,0,0
540057,1,1,0,0,0,0,0,0,0,0,0,8
540057,2,1,0,0,0,0,0,0,0,0,0,0
540058,1,1,0,0,0,0,0,0,0,0,0,0
540058,2,1,0,0,0,0,0,0,0,0,0,0
540058,3,1,0,0,0,0,0,0,0,0,0,0
540058,4,1,0,0,0,0,0,0,3,0,0,0
540058,5,1,0,0,0,0,0,0,6,0,0,0
540059,1,1,0,0,0,0,0,0,0,0,0,0
540059,2,1,0,0,0,0,0,0,0,0,0,0
540060,1,1,0,0,0,0,0,0,0,0,0,0
540060,2,1,3,3,3,3,3,3,3,3,3,3
540061,1,1,0,0,0,0,0,0,0,0,0,0
540061,2,1,0,0,0,0,0,0,0,0,0,0
540061,3,1,0,0,18,0,21,0,0,0,0,0
540062,1,1,0,0,0,0,0,0,0,0,0,0
540063,0,1,0,0,18,0,0,0,0,0,0,0
540063,1,1,0,0,0,0,0,0,0,0,0,0
540064,1,1,0,0,0,0,0,0,0,0,0,0
540065,1,1,0,0,0,0,0,0,0,0,0,0
540065,2,1,0,0,0,0,0,0,0,0,0,0
540065,3,1,0,0,0,0,0,0,0,0,0,0
540065,4,1,0,0,0,0,0,0,0,0,0,0
540066,1,1,0,0,0,0,0,0,0,0,0,0
540066,2,1,0,0,0,0,0,0,0,0,0,0
540067,1,1,26,26,26,26,26,26,26,26,26,26
540068,1,1,14,14,14,14,14,14,14,14,14,14
540069,1,1,0,0,0,0,0,0,0,0,0,0
540069,2,1,0,0,0,0,0,0,0,0,0,0
540070,1,1,28,0,14,25,30,0,22,21,22,43
540071,1,1,0,0,0,0,0,0,0,0,0,0
540071,2,1,0,0,0,0,0,0,0,0,0,0
540072,1,1,28,0,25,34,24,20,19,16,32,0
540073,1,1,0,0,0,0,0,0,0,0,0,0
540074,1,1,0,0,0,0,0,0,0,0,0,0
540075,1,1,20,20,20,20,20,20,20,20,20,20
540076,1,1,0,0,0,0,0,0,0,0,0,0
540076,2,1,0,0,0,0,0,0,0,0,0,0
540076,3,1,0,0,0,0,0,0,0,0,0,0
540077,1,1,24,24,24,24,24,24,24,24,24,24
540078,1,1,0,0,0,0,0,0,0,0,0,0
540079,1,1,22,22,22,22,22,22,22,22,22,22
540079,2,1,0,0,0,0,0,0,0,0,0,0
540080,1,1,0,0,0,0,0,0,0,0,0,0
540080,2,1,0,0,0,0,0,0,0,0,0,0
540081,1,1,0,0,0,0,0,0,0,0,0,0
540081,2,1,0,0,0,0,0,0,0,0,0,0
540082,1,1,5,5,5,5,5,5,5,5,5,5
540083,1,1,3,3,3,3,3,3,3,3,3,3
540084,1,1,0,0,40,0,0,0,0,0,0,0
540084,2,1,0,0,0,0,0,0,0,0,0,0
540085,1,1,0,0,0,0,0,0,0,0,0,0
540086,1,1,0,0,0,0,0,0,0,0,0,0
540086,2,1,0,15,0,0,0,0,0,0,0,0
540087,1,1,19,19,19,19,19,19,19,19,19,19
540088,1,1,7,0,0,0,0,23,0,16,6,26
540089,1,1,0,0,0,0,0,0,0,0,0,0
540090,0,1,0,0,0,0,0,0,0,0,0,0
540090,1,1,0,0,0,0,0,0,0,0,0,0
540091,1,1,23,23,23,23,23,23,23,23,23,23
540092,1,1,0,0,0,0,0,0,0,0,0,0
540093,1,1,2,2,2,2,2,2,2,2,2,2
540094,1,1,14,14,14,14,14,14,14,14,14,14
540095,1,1,0,0,6,0,0,0,0,0,0,0
540096,1,1,0,0,0,0,0,0,0,0,0,0
540096,2,1,0,0,0,0,0,0,0,0,0,0
540097,0,1,0,0,0,0,0,0,0,0,0,0
540097,1,1,0,0,0,0,0,0,0,8,0,9
540098,1,1,29,29,29,29,29,29,29,29,29,29
540099,1,1,0,0,0,0,0,0,0,0,0,0
540100,1,1,0,0,0,0,0,0,0,0,0,0
540100,2,1,0,0,0,0,0,0,0,0,0,0
540101,1,1,0,0,0,0,0,0,0,0,0,0
540102,1,1,0,19,0,0,0,0,0,0,3,0
540103,1,1,0,0,0,0,0,0,0,0,0,0
540103,2,1,0,0,0,0,0,0,0,0,0,0
540104,1,1,0,0,0,0,0,0,0,0,0,0
540105,1,1,0,0,0,0,0,0,0,0,0,0
540105,2,1,0,0,0,0,0,0,0,0,0,0
540106,1,1,16,16,16,16,16,16,16,16,16,16
540107,1,1,0,0,0,0,0,0,0,0,0,0
540108,0,1,0,0,0,0,0,0,0,0,0,0
540108,1,1,0,0,0,0,0,0,0,0,17,18
540109,1,1,26,26,26,26,26,26,26,26,26,26
540110,1,1,0,0,0,0,0,0,0,0,0,0
540110,2,1,0,0,0,0,0,0,0,0,0,0
540111,1,1,0,0,8,8,25,0,0,3,0,10
540112,1,1,0,0,0,0,0,28,41,0,0,40
540113,1,1,0,0,0,0,0,0,0,0,0,0
540113,2,1,0,0,0,0,0,0,11,0,0,0
540114,1,1,0,0,0,0,0,0,0,0,0,0
540115,1,1,8,0,15,12,0,23,9,17,0,0
540116,1,1,0,0,0,0,0,0,0,0,0,0
540117,1,1,0,0,0,0,0,0,0,0,0,0
540118,1,1,0,0,0,0,0,0,0,0,0,0
540118,2,1,0,0,0,0,0,0,0,0,0,0
540118,3,1,0,0,0,0,0,0,0,0,0,0
540119,1,1,0,0,0,0,0,0,0,0,0,7
540119,2,1,0,0,0,0,0,0,0,0,0,0
540120,1,1,17,17,17,17,17,17,17,17,17,17
540121,1,1,0,0,0,0,0,0,0,0,0,0
540122,1,1,0,0,0,0,0,0,0,0,0,0
540122,2,1,0,0,0,0,0,0,0,0,0,0
540123,1,1,1,1,1,1,1,1,1,1,1,1
540124,1,1,0,0,0,0,0,0,0,0,0,0
540125,1,1,27,27,27,27,27,27,27,27,27,27
540126,1,1,0,0,0,0,0,0,0,0,0,0
540126,2,1,0,0,0,0,0,0,0,0,0,0
540127,1,1,0,0,0,0,0,0,0,0,0,0
540127,2,1,0,0,0,0,0,0,0,0,0,0
540128,1,1,27,27,27,27,27,27,27,27,27,27
540129,1,1,0,0,0,0,0,0,0,0,0,0
540130,1,1,0,0,0,0,0,0,0,0,0,0
540130,2,1,0,0,0,0,0,0,0,0,0,0
540131,1,1,11,11,11,11,11,11,11,11,11,11
540132,0,1,31,31,31,31,31,31,31,31,31,31
540132,1,1,0,0,0,13,15,0,8,0,0,0
540133,1,1,0,0,0,0,0,0,0,0,0,0
540134,1,1,0,0,0,0,0,0,0,0,0,0
540135,1,1,16,16,16,16,16,16,16,16,16,16
540136,1,1,0,0,0,0,0,0,0,0,0,0
540136,2,1,0,0,0,0,0,0,0,0,0,0
540137,1,1,0,0,0,0,0,0,0,0,0,0
540138,1,1,0,0,0,0,0,0,0,0,0,0
540138,2,1,0,0,0,0,0,0,0,0,0,0
540139,1,1,0,13,0,0,0,0,0,0,0,0
540139,2,1,0,0,0,0,0,0,0,0,0,0
540140,1,1,17,24,21,0,0,15,0,0,16,27
540141,1,1,0,0,0,0,0,0,0,0,0,0
540142,1,1,0,0,0,0,0,0,0,0,0,0
540143,1,1,0,0,0,0,0,0,0,0,0,0
540143,2,1,0,0,0,22,0,0,0,14,0,0
540144,1,1,36,36,36,36,36,36,36,36,36,36
540145,1,1,0,0,0,0,0,0,0,0,0,0
540146,1,1,2,2,2,2,2,2,2,2,2,2
540146,2,1,0,0,0,0,0,0,0,0,0,0
540147,0,1,0,0,0,0,0,0,0,0,0,0
540147,1,1,0,0,17,0,0,0,0,0,0,0
540148,1,1,0,0,18,0,0,21,0,0,0,0
540149,1,1,0,0,4,0,0,0,0,0,0,0
540150,1,1,0,0,0,0,0,0,0,0,0,18
540150,2,1,0,0,0,0,0,0,0,0,0,0
540151,1,1,0,0,0,0,0,0,0,0,0,0
540152,0,1,22,23,4,3,16,18,8,28,32,10
540152,1,1,0,0,0,0,0,0,0,0,0,8
540153,1,1,25,12,27,9,10,23,38,25,9,41
540154,1,1,24,17,17,9,27,17,10,20,12,35
540155,1,1,31,0,0,15,0,12,0,12,4,31
540156,1,1,13,0,0,0,0,0,0,15,0,0
540156,2,1,0,0,0,0,0,0,0,0,0,0
540157,1,1,8,4,17,26,24,23,27,8,30,13
540158,1,1,9,7,6,11,19,15,7,3,9,6
540159,1,1,0,0,0,0,0,0,0,0,0,0
540159,2,1,0,0,0,0,0,0,0,0,0,0
540159,3,1,0,0,0,0,0,0,0,0,0,15
540160,1,1,12,12,12,12,12,12,12,12,12,12
540160,2,1,0,0,0,0,0,0,0,0,0,0
540162,1,1,8,8,8,8,8,8,8,8,8,8
540163,0,1,0,0,0,0,0,0,0,0,0,0
540163,1,1,0,0,0,0,0,0,0,0,0,0
540164,1,1,0,0,0,19,20,0,36,0,0,0
540165,1,1,0,0,18,0,0,0,0,15,0,0
540165,2,1,0,0,0,0,0,0,0,0,0,0
540166,1,1,9,0,0,0,0,12,0,0,0,0
540166,2,1,0,0,0,0,0,0,0,0,0,0
540167,1,1,4,10,0,0,0,0,0,0,5,0
540168,1,1,0,0,0,0,0,0,0,0,0,0
540168,2,1,0,0,0,0,0,0,0,0,0,0
540169,1,1,0,0,0,0,0,0,0,0,0,0
540170,0,1,0,0,0,0,0,0,0,0,0,0
540170,1,1,14,0,0,0,0,0,0,0,9,0
540171,0,1,0,0,0,0,0,0,0,0,0,0
540171,1,1,0,0,0,0,11,0,0,0,0,0
540172,1,1,3,3,3,3,3,3,3,3,3,3
540173,1,1,0,0,0,0,0,0,0,0,0,0
540174,1,1,0,0,0,0,0,0,0,0,0,0
540174,2,1,0,0,0,0,0,0,0,0,0,0
540175,1,1,0,0,0,0,0,0,0,12,0,0
540176,0,1,0,0,0,0,0,0,0,0,0,0
540176,1,1,13,0,10,23,14,20,0,0,0,0
540177,1,1,0,0,0,0,0,0,0,0,0,0
540178,1,1,0,0,0,0,0,0,0,0,0,0
540178,2,1,0,0,0,0,0,0,0,0,0,0
540179,1,1,0,0,0,0,0,0,0,0,0,0
540179,2,1,10,0,8,5,18,0,0,26,0,12
540180,1,1,9,9,9,9,9,9,9,9,9,9
540181,1,1,0,0,0,0,0,0,0,0,0,0
540182,1,1,0,0,0,0,0,0,0,0,0,0
540183,1,1,0,13,0,10,0,0,8,0,7,0
540183,2,1,0,0,0,0,13,0,0,0,0,0
540184,1,1,0,0,27,0,0,0,0,0,0,0
540184,2,1,0,0,0,0,0,0,0,0,0,0
540185,1,1,0,0,0,0,0,0,0,0,0,0
540186,1,1,0,0,0,0,0,0,0,0,0,0
540186,2,1,0,0,0,0,0,0,0,0,0,0
540186,3,1,0,0,0,0,0,0,0,0,0,0
540187,1,1,0,0,0,0,0,0,0,0,0,0
540188,1,1,0,0,0,0,0,0,0,0,0,0
540189,0,1,23,0,0,12,0,0,0,0,24,0
540189,1,1,0,0,0,0,15,0,0,0,0,0
540190,1,1,0,0,0,0,0,0,0,0,0,0
540192,1,1,30,30,30,30,30,30,30,30,30,30
540193,1,1,0,0,18,0,0,0,0,3,0,0
540194,1,1,0,0,0,0,0,0,0,0,0,0
540195,1,1,0,0,0,0,0,0,0,0,0,0
540196,0,1,0,0,0,0,0,0,0,0,0,0
540196,1,1,0,0,0,0,0,0,4,0,0,0
540197,1,1,0,0,0,0,0,0,0,0,0,0
540198,1,1,0,0,0,0,0,0,0,0,0,0
540199,1,1,0,0,0,0,0,16,0,14,27,0
540200,1,1,28,11,0,5,22,0,0,8,32,12
540201,1,1,16,0,21,0,0,0,0,11,25,0
540202,1,1,0,0,0,0,0,0,0,0,0,0
540203,1,1,23,23,23,23,23,23,23,23,23,23
540204,1,1,0,0,13,0,0,0,0,0,0,0
540204,2,1,0,0,0,0,0,0,0,0,0,0
540205,1,1,0,0,0,0,0,0,0,0,0,0
540206,1,1,15,0,0,0,0,0,0,0,6,0
540207,1,1,0,0,0,0,0,0,0,0,0,0
540208,1,1,17,17,17,17,17,17,17,17,17,17
540209,1,1,14,0,25,0,14,0,0,0,0,0
540210,1,1,0,0,0,0,0,0,0,0,0,0
540210,2,1,6,6,6,6,6,6,6,6,6,6
540211,1,1,4,13,18,14,0,2,7,5,6,21
540212,1,1,20,20,20,20,20,20,20,20,20,20
540213,1,1,0,0,0,0,0,0,0,0,0,0
540213,2,1,0,6,0,0,0,0,0,22,0,0
540214,1,1,0,0,0,0,0,0,0,0,0,0
540214,2,1,0,0,0,0,0,0,0,0,0,0
540215,1,1,0,0,0,0,0,0,0,0,0,0
540215,2,1,18,15,0,15,17,21,16,5,24,5
540216,1,1,0,0,0,0,0,0,0,0,0,0
540216,2,1,0,0,0,0,0,0,0,0,0,0
540217,1,1,0,0,0,0,0,0,0,0,0,0
540217,2,1,0,0,0,0,0,0,0,0,0,0
540218,1,1,0,0,0,0,0,0,0,0,0,0
540219,1,1,11,0,0,0,0,0,0,0,0,0
540220,1,1,6,16,2,11,8,12,16,12,26,20
540221,1,1,0,0,0,0,0,0,0,0,0,0
540222,1,1,0,0,18,0,17,0,0,0,0,0
540223,1,1,21,27,10,4,9,0,8,37,7,5
540224,1,1,0,0,0,0,0,0,0,0,0,0
540224,2,1,0,0,0,0,0,0,0,0,0,0
540225,1,1,0,0,0,0,0,0,0,0,0,0
540226,1,1,0,0,0,0,0,0,0,0,0,0
540226,2,1,0,0,0,0,0,0,0,0,0,0
540227,0,1,0,0,0,0,18,0,0,0,0,0
540227,1,1,0,0,0,0,0,0,0,0,0,0
540228,1,1,14,14,14,14,14,14,14,14,14,14
540228,2,1,18,18,18,18,18,18,18,18,18,18
540228,3,1,5,0,0,0,0,0,0,0,0,0
540229,1,1,0,0,0,0,0,28,0,19,17,21
540230,1,1,0,0,0,0,0,0,0,0,0,0
540230,2,1,0,0,0,0,0,0,0,0,0,0
540231,1,1,0,0,0,0,0,0,0,0,0,0
540232,1,1,0,0,0,0,0,0,0,0,0,0
540233,1,1,0,0,0,0,0,0,0,0,29,0
540233,2,1,0,0,0,0,0,0,0,0,0,0
540234,1,1,0,0,0,0,0,0,0,0,0,0
540234,2,1,0,0,0,0,0,0,0,0,0,0
540235,1,1,0,0,0,0,0,0,0,0,0,0
540235,2,1,0,0,0,0,0,0,0,0,0,0
540236,1,1,25,10,10,0,16,21,18,11,27,9
540237,1,1,0,0,0,0,0,0,0,0,0,0
540239,1,1,0,18,0,0,0,9,0,0,0,0
540240,1,1,0,0,0,0,0,0,22,0,0,0
540241,0,1,22,22,22,22,22,22,22,22,22,22
540241,1,1,0,0,0,12,15,0,0,0,0,0
540242,1,1,0,0,0,0,0,0,0,0,0,0
540243,1,1,0,0,0,0,0,0,0,0,0,0
540244,1,1,0,0,0,0,0,0,0,0,0,0
540244,2,1,0,0,0,0,0,0,0,0,0,0
540245,1,1,19,19,19,19,19,19,19,19,19,19
540245,2,1,0,0,0,0,0,0,0,0,0,0
540246,1,1,25,25,25,25,25,25,25,25,25,25
540247,1,1,0,0,0,0,0,0,0,0,0,0
540247,2,1,0,0,0,0,7,0,0,0,0,0
540248,1,1,0,14,20,15,19,9,11,13,0,29
540248,2,1,1,1,1,1,1,1,1,1,1,1
540249,1,1,0,0,0,0,0,0,0,0,0,0
540250,1,1,0,0,0,0,0,0,0,0,0,0
540250,2,1,0,0,0,0,0,0,0,0,0,0
540251,0,1,2,2,2,2,2,2,2,2,2,2
540251,1,1,0,0,0,4,0,0,0,0,0,0
550001,1,1,0,0,0,0,0,24,0,0,0,28
550002,1,1,0,0,0,0,0,0,0,0,0,0
550003,0,1,0,0,0,0,0,0,0,0,22,0
550003,1,1,0,12,0,0,0,0,0,0,0,0
550004,1,1,0,0,0,0,0,0,0,0,0,0
550004,2,1,24,24,24,24,24,24,24,24,24,24
550005,1,1,20,20,20,20,20,20,20,20,20,20
550006,0,1,22,21,7,22,26,25,13,19,0,30
550006,1,1,13,20,10,11,5,4,7,14,8,9
550007,1,1,0,0,0,0,0,0,0,0,0,0
550008,1,1,3,3,3,3,3,3,3,3,3,3
550008,2,1,0,0,0,0,0,0,0,0,0,0
550009,1,1,0,0,0,0,0,0,0,0,0,0
550009,2,1,0,0,0,0,0,0,0,10,0,0
550010,1,1,0,0,0,0,0,0,0,0,0,0
550010,2,1,0,0,0,0,0,0,0,0,0,0
550011,1,1,15,12,0,0,0,0,0,0,0,17
550012,1,1,29,14,17,43,14,12,18,9,21,30
550014,1,1,0,0,0,0,0,0,0,0,0,0
550014,2,1,0,0,0,0,0,0,0,0,0,0
550014,3,1,0,0,0,0,0,0,0,0,0,0
550015,1,1,19,19,19,19,19,19,19,19,19,19
550016,1,1,23,0,0,0,0,0,0,12,0,0
550016,2,1,0,0,0,0,0,0,0,10,0,0
550017,1,1,0,0,0,0,0,0,0,0,0,0
550017,2,1,0,0,0,0,0,0,0,0,0,0
550018,1,1,0,0,0,0,0,0,0,0,0,0
550018,2,1,0,0,0,0,0,0,0,0,0,0
550018,3,1,0,0,0,6,0,0,0,0,0,0
550019,1,1,0,0,0,0,0,0,0,0,0,0
550019,2,1,0,0,0,0,0,0,0,0,0,0
550020,1,1,0,0,0,0,0,0,0,20,0,0
550020,2,1,0,0,0,0,0,0,0,0,0,0
550022,1,1,13,13,13,13,13,13,13,13,13,13
550023,1,1,21,21,21,21,21,21,21,21,21,21
550023,2,1,0,0,0,0,0,0,0,0,0,0
550024,1,1,8,11,6,0,14,27,0,16,16,0
550024,2,1,0,0,0,0,0,0,0,0,0,0
550025,1,1,0,0,0,0,45,0,0,0,12,0
550025,2,1,0,0,7,0,13,0,0,0,0,18
550026,1,1,0,0,0,0,0,0,0,0,0,0
550026,2,1,0,0,0,0,0,0,0,0,0,0
550027,1,1,12,12,12,12,12,12,12,12,12,12
550027,2,1,0,0,0,0,0,0,0,0,0,0
550028,0,1,0,0,0,0,0,0,23,0,0,0
550028,1,1,0,0,0,0,0,0,0,0,0,0
550029,0,1,22,22,22,22,22,22,22,22,22,22
550029,1,1,0,0,0,0,0,0,0,0,0,0
550030,1,1,9,18,30,15,20,26,6,8,4,21
550031,1,1,30,19,12,17,17,18,28,15,23,22
550032,1,1,9,9,9,9,9,9,9,9,9,9
550032,2,1,0,0,0,0,0,0,0,0,0,0
550033,1,1,0,0,0,0,0,0,0,0,0,0
550033,2,1,0,0,0,0,0,0,0,0,0,0
550034,1,1,0,16,0,0,0,0,0,0,0,0
550034,2,1,0,0,0,0,0,0,0,0,0,0
550035,1,1,0,0,0,0,0,0,0,0,0,0