ST_CASE,VEH_NO,PER_NO,P1,P2,P3,P4,P5,P6,P7,P8,P9,P10
550036,1,1,18,2,17,8,12,30,43,0,0,17
550036,2,1,0,0,0,0,0,19,0,0,0,0
550037,1,1,13,28,17,18,19,30,9,12,28,12
550038,1,1,0,0,0,0,0,0,0,0,0,0
550038,2,1,0,0,0,0,0,0,0,0,0,0
550038,3,1,0,0,0,0,0,0,0,0,0,0
550039,1,1,18,18,18,18,18,18,18,18,18,18
550040,1,1,0,0,0,0,0,21,0,0,0,0
550040,2,1,0,0,0,0,0,0,0,0,0,0
550041,1,1,30,2,11,15,20,18,28,5,33,16
550042,1,1,0,0,0,0,0,0,0,0,0,0
550043,1,1,17,17,7,9,18,13,17,12,29,24
550044,0,1,0,0,0,0,0,0,0,0,0,0
550044,1,1,0,0,0,0,0,0,0,0,0,0
550045,1,1,23,16,14,18,23,14,20,18,14,17
550045,2,1,0,0,0,0,0,0,0,0,0,0
550045,3,1,0,0,0,0,0,0,0,0,0,0
550046,0,1,0,21,0,0,0,0,0,0,0,0
550046,1,1,0,0,0,0,0,0,0,0,0,0
550047,1,1,0,0,0,0,0,0,6,0,0,0
550048,1,1,0,0,0,0,0,0,0,0,0,0
550049,1,1,0,0,0,0,0,0,0,0,0,0
550049,2,1,0,0,0,0,0,15,21,0,0,0
550049,3,1,0,0,0,0,0,0,0,0,0,15
550050,1,1,27,8,25,22,16,9,14,19,3,22
550051,1,1,19,18,13,8,35,11,16,20,17,9
550052,1,1,13,27,18,18,11,14,12,14,12,11
550053,1,1,13,20,35,0,18,7,13,26,21,17
550054,1,1,0,0,0,0,0,0,0,0,0,0
550054,2,1,0,0,0,0,0,0,0,0,0,0
550055,1,1,11,24,24,9,20,12,13,11,17,36
550056,1,1,0,0,0,0,0,0,0,0,0,0
550056,2,1,0,0,0,17,0,0,0,0,0,0
550057,1,1,0,0,0,0,0,0,20,0,0,0
550058,1,1,19,19,19,19,19,19,19,19,19,19
550059,1,1,0,0,0,0,0,0,0,0,0,0
550060,0,1,24,24,24,24,24,24,24,24,24,24
550060,1,1,14,0,0,0,5,0,0,5,0,9
550061,0,1,22,11,31,10,31,14,16,20,11,10
550061,1,1,0,0,0,0,0,0,0,0,0,0
550062,1,1,0,0,0,0,0,0,0,0,0,0
550062,2,1,0,34,0,12,0,0,0,0,20,0
550062,3,1,0,0,0,0,0,0,0,0,0,0
550063,1,1,0,0,0,0,0,0,0,0,0,0
550064,1,1,0,0,0,0,0,0,0,0,0,0
550065,1,1,0,0,0,0,0,0,0,16,0,0
550066,0,1,19,13,7,27,26,23,17,14,4,26
550066,1,1,0,0,0,0,0,0,0,0,0,0
550067,1,1,0,0,0,0,0,0,0,0,10,0
550068,1,1,0,0,0,0,0,0,0,0,0,0
550068,2,1,0,0,0,0,0,0,0,21,0,0
550069,1,1,14,31,16,30,17,26,20,7,11,26
550070,1,1,21,0,0,12,0,0,10,0,0,0
550071,1,1,0,0,0,13,0,0,7,0,0,0
550071,2,1,24,0,0,0,0,0,17,0,0,0
550072,0,1,0,23,9,0,0,0,0,0,0,0
550072,1,1,0,0,17,17,0,24,0,15,19,0
550072,2,1,35,25,13,8,36,0,5,18,8,12
550073,1,1,0,0,0,23,0,0,0,0,14,12
550074,1,1,35,0,0,0,0,0,0,0,0,0
550075,1,1,0,0,0,0,0,0,0,0,0,0
550075,2,1,0,0,0,0,0,0,0,0,0,0
550076,1,1,0,0,0,0,0,0,0,0,0,0
550077,1,1,13,20,19,40,16,33,13,21,5,13
550078,1,1,0,0,0,0,0,0,0,0,0,0
550078,2,1,0,0,0,0,0,0,0,0,0,0
550079,0,1,0,0,0,22,27,19,0,0,0,0
550079,1,1,0,0,0,6,0,11,0,20,0,0
550080,1,1,0,0,0,0,21,0,0,0,0,0
550081,1,1,25,0,15,24,0,18,12,20,8,23
550082,1,1,24,17,6,25,29,30,24,22,30,14
550083,1,1,14,14,14,14,14,14,14,14,14,14
550084,1,1,0,0,0,0,0,0,0,0,0,0
550084,2,1,0,0,0,0,0,0,0,0,0,0
550085,1,1,0,0,0,0,0,0,0,0,0,0
550085,2,1,0,0,0,0,0,0,0,0,0,0
550086,1,1,0,0,0,0,0,0,0,0,0,0
550086,2,1,0,0,0,0,0,0,0,0,0,0
550087,1,1,0,0,0,0,0,0,0,0,0,7
550087,2,1,0,0,0,14,0,0,0,0,0,0
550088,1,1,0,0,0,0,0,0,0,0,0,0
550089,1,1,21,20,10,13,16,22,14,12,9,7
550090,1,1,0,0,0,0,0,0,0,0,0,0
550091,1,1,0,0,0,0,0,0,0,10,0,0
550091,2,1,0,0,0,0,0,0,0,0,0,0
550092,1,1,20,20,20,20,20,20,20,20,20,20
550093,1,1,25,25,25,25,25,25,25,25,25,25
550093,2,1,0,0,0,0,0,0,0,0,0,0
550094,1,1,0,18,17,0,0,11,0,0,0,0
550095,1,1,0,0,0,0,0,0,0,0,0,0
550096,0,1,0,0,0,0,0,0,0,0,0,0
550096,1,1,0,0,0,0,0,0,0,0,0,0
550097,1,1,0,0,0,0,0,0,0,0,0,0
550097,2,1,0,0,0,0,0,0,19,0,0,0
550098,1,1,29,29,29,29,29,29,29,29,29,29
550099,1,1,12,23,12,18,5,9,5,10,20,14
550099,2,1,0,0,0,0,0,0,0,0,0,0
550100,1,1,0,0,0,0,0,0,0,0,0,0
550100,2,1,0,0,0,0,0,0,0,0,0,0
550101,1,1,8,10,0,18,17,25,15,31,16,9
550102,1,1,8,39,12,22,5,27,18,19,33,16
550103,1,1,0,0,0,7,0,0,0,0,0,0
550103,2,1,0,0,0,0,0,0,0,0,0,0
550104,1,1,17,17,17,17,17,17,17,17,17,17
550105,1,1,14,14,14,14,14,14,14,14,14,14
550106,1,1,46,0,22,15,19,8,13,23,21,15
550107,1,1,0,0,0,0,0,0,0,0,0,0
550108,1,1,0,0,8,0,10,0,12,0,21,0
550109,1,1,0,0,0,0,0,0,0,0,0,0
550109,2,1,0,0,0,0,0,0,0,0,0,0
550110,1,1,0,0,0,0,0,0,0,0,0,0
550110,2,1,0,0,0,0,0,0,0,0,0,0
550111,1,1,0,0,0,0,0,20,15,0,0,0
550111,2,1,0,34,0,0,0,0,0,0,0,0
550112,1,1,29,14,20,21,0,21,24,11,15,19
550113,1,1,11,26,15,15,15,0,12,11,0,18
550114,1,1,0,0,0,0,0,0,0,0,0,0
550114,2,1,0,23,0,0,0,0,0,0,0,0
550114,3,1,0,0,0,0,0,0,0,0,0,0
550114,4,1,2,0,0,0,0,0,0,0,0,0
550115,1,1,12,25,7,6,31,15,23,13,11,12
550116,1,1,0,0,0,0,0,0,0,16,0,20
550117,1,1,0,0,0,0,0,0,0,0,0,0
550117,2,1,0,0,0,0,0,0,0,0,0,0
550118,1,1,0,0,0,0,0,0,0,0,34,0
550119,1,1,0,0,0,0,0,0,0,0,0,0
550119,2,1,13,13,19,19,7,12,4,22,0,15
550120,1,1,0,0,0,0,0,0,0,0,0,33
550120,2,1,0,0,0,0,0,0,0,0,18,0
550121,0,1,0,0,0,24,0,0,33,11,20,10
550121,1,1,0,0,0,0,0,0,0,0,0,0
550122,1,1,0,0,30,5,46,0,0,0,0,0
550122,2,1,0,0,0,0,0,0,0,0,0,19
550122,3,1,0,0,0,0,0,0,0,0,0,0
550122,4,1,0,0,0,0,0,0,0,0,0,0
550123,1,1,0,0,0,0,0,0,0,0,0,0
550123,2,1,0,0,0,0,0,0,0,0,0,0
550124,0,1,15,8,15,5,9,19,29,16,17,19
550124,1,1,0,0,0,0,0,0,0,0,0,0
550125,1,1,0,0,0,0,0,0,0,0,0,0
550126,1,1,12,23,16,0,9,25,11,10,15,15
550126,2,1,0,0,0,0,0,0,0,0,0,0
550127,1,1,0,0,0,0,0,0,0,0,0,0
550127,2,1,0,0,0,0,0,0,0,0,0,0
550128,1,1,0,0,0,0,0,0,0,0,0,0
550128,2,1,0,0,0,0,0,0,0,0,0,0
550129,1,1,0,0,0,0,0,0,0,0,0,0
550130,1,1,0,0,30,0,0,0,0,0,0,0
550131,1,1,11,10,10,5,16,7,25,21,0,11
550132,0,1,0,0,45,0,0,0,0,32,0,42
550132,1,1,10,0,0,10,10,0,0,0,0,0
550133,1,1,0,0,0,0,0,0,0,0,0,0
550133,2,1,0,0,0,0,0,0,0,0,0,0
550134,0,1,17,17,17,17,17,17,17,17,17,17
550134,1,1,0,27,0,0,12,24,0,0,0,0
550136,1,1,0,0,0,0,0,0,0,0,0,0
550137,1,1,0,13,0,16,0,0,0,0,12,0
550138,1,1,14,14,14,14,14,14,14,14,14,14
550139,1,1,0,0,0,0,0,0,0,0,0,0
550139,2,1,0,0,0,0,0,0,0,0,14,23
550141,1,1,0,0,0,0,0,0,0,0,0,0
550142,1,1,0,0,0,0,0,0,0,0,0,0
550143,1,1,0,0,0,0,0,0,0,0,0,0
550143,2,1,0,5,0,0,0,0,0,0,0,0
550145,1,1,0,0,0,0,0,0,0,0,0,0
550145,2,1,2,2,2,2,2,2,2,2,2,2
550146,1,1,0,0,0,0,0,0,0,0,0,0
550147,1,1,0,0,0,0,0,0,0,0,0,0
550147,2,1,0,0,27,0,0,0,23,0,0,0
550148,1,1,3,3,3,3,3,3,3,3,3,3
550149,1,1,0,0,0,0,0,0,0,0,0,0
550149,2,1,0,0,0,0,0,0,0,0,0,13
550150,1,1,0,0,0,0,0,0,0,0,0,0
550150,2,1,0,0,0,0,0,0,0,0,0,0
550151,1,1,0,0,0,0,0,0,0,0,0,0
550151,2,1,0,0,0,0,0,0,0,0,0,0
550152,1,1,0,6,10,7,0,10,31,16,23,16
550153,0,1,32,0,0,0,0,0,0,0,0,0
550153,1,1,0,0,0,0,21,0,0,0,0,8
550153,2,1,0,0,0,9,0,0,15,0,5,27
550154,1,1,0,0,0,0,0,14,0,0,0,0
550155,0,1,0,0,0,0,0,0,0,0,0,0
550155,1,1,0,0,0,0,0,0,0,0,15,0
550156,1,1,0,10,21,35,7,11,0,14,10,14
550156,2,1,0,0,0,0,0,0,0,0,0,0
550157,1,1,29,18,15,14,15,4,36,8,13,0
550158,1,1,21,21,21,21,21,21,21,21,21,21
550159,1,1,0,16,0,0,0,0,0,0,0,0
550159,2,1,0,0,0,0,0,0,0,0,0,0
550159,3,1,0,0,0,0,0,0,0,0,0,0
550160,1,1,16,22,14,23,7,10,12,0,15,7
550160,2,1,0,0,0,0,0,0,0,0,0,0
550160,3,1,10,0,0,0,0,0,0,0,0,20
550161,1,1,0,0,0,0,0,0,0,0,0,0
550161,2,1,0,0,0,0,0,24,0,0,0,0
550162,1,1,0,0,0,0,0,39,0,0,0,0
550163,1,1,20,20,20,20,20,20,20,20,20,20
550163,2,1,0,0,0,0,0,0,0,0,0,0
550164,1,1,0,0,0,0,0,0,4,0,0,0
550164,2,1,0,0,0,0,0,0,0,0,0,0
550165,1,1,31,12,9,13,34,3,22,19,26,11
550166,1,1,0,0,0,0,0,0,0,0,0,0
550166,2,1,0,0,0,0,0,0,0,0,0,0
550167,1,1,0,0,0,0,0,0,0,0,0,0
550168,1,1,0,0,0,0,0,0,0,0,0,0
550169,1,1,0,0,0,0,0,0,0,26,0,0
550169,2,1,0,0,0,0,0,0,0,0,0,0
550170,1,1,0,0,0,0,0,0,0,0,0,0
550170,2,1,0,0,0,0,13,14,10,0,0,0
550170,3,1,0,0,0,0,0,0,0,0,0,0
550170,4,1,0,0,0,0,0,0,0,0,0,0
550170,5,1,0,0,0,0,0,0,0,0,0,0
550170,6,1,0,0,0,0,0,0,0,0,0,0
550171,1,1,0,0,0,0,0,0,0,0,0,0
550171,2,1,0,0,0,19,0,0,0,0,0,0
550172,1,1,0,0,0,17,0,0,0,0,0,0
550173,1,1,0,0,0,0,0,0,0,0,0,0
550173,2,1,0,0,0,0,0,0,0,0,3,0
550174,1,1,0,0,0,0,0,17,0,0,0,0
550174,2,1,0,0,0,0,0,0,0,0,0,0
550175,1,1,0,0,0,0,0,0,0,0,0,0
550176,1,1,0,0,0,0,0,0,0,0,0,0
550176,2,1,13,13,13,13,13,13,13,13,13,13
550177,1,1,0,0,0,0,0,0,0,0,0,0
550178,0,1,7,0,5,0,0,0,0,0,0,0
550178,1,1,0,0,8,0,0,0,13,20,0,18
550179,1,1,0,0,0,4,0,0,0,0,0,14
550179,2,1,0,0,0,0,0,0,0,0,0,0
550180,1,1,27,27,27,27,27,27,27,27,27,27
550180,2,1,0,0,0,0,0,0,0,0,0,0
550181,0,1,0,0,0,0,3,0,0,0,0,0
550181,1,1,0,0,0,0,0,0,0,0,0,0
550181,2,1,0,0,0,0,0,0,0,0,0,0
550182,1,1,0,0,0,0,0,0,0,0,0,0
550182,2,1,0,25,0,0,0,0,0,0,0,0
550183,1,1,0,0,0,27,0,0,0,14,0,0
550183,2,1,0,0,0,0,0,0,0,0,0,0
550183,3,1,0,0,0,0,0,0,18,0,0,0
550184,1,1,0,0,0,0,0,0,0,0,13,0
550185,1,1,0,34,0,0,0,0,0,0,0,0
550186,0,1,20,29,15,10,14,14,11,0,14,20
550186,1,1,0,7,0,0,0,0,0,0,0,0
550187,1,1,0,0,0,0,0,0,0,0,0,0
550188,1,1,0,0,0,0,0,0,0,0,0,0
550188,2,1,0,0,0,0,0,2,21,0,0,0
550189,1,1,0,12,0,0,0,0,0,0,0,0
550189,2,1,0,0,0,0,0,0,0,0,0,0
550190,1,1,7,0,0,0,0,0,0,0,0,0
550190,2,1,0,0,0,0,0,0,0,0,0,0
550191,1,1,0,0,0,0,0,0,0,0,18,0
550192,1,1,0,0,0,0,0,0,0,0,0,0
550192,2,1,0,0,0,0,0,0,0,0,0,0
550193,1,1,23,10,0,0,0,0,11,6,0,0
550195,1,1,0,0,0,0,0,0,0,0,0,0
550195,2,1,0,0,0,0,0,0,0,0,0,0
550196,0,1,0,0,0,0,35,0,0,0,0,0
550196,1,1,0,0,0,14,0,4,16,0,18,17
550197,1,1,17,39,5,4,20,13,25,22,0,24
550198,1,1,0,0,0,0,0,0,0,0,0,0
550198,2,1,0,0,0,0,0,0,0,0,0,0
550199,1,1,0,0,0,2,0,14,17,0,0,0
550200,1,1,0,0,0,0,0,0,0,0,0,0
550200,2,1,0,0,0,0,0,0,18,0,0,0
550201,1,1,32,20,8,5,7,20,22,26,22,19
550202,1,1,0,0,0,0,0,0,0,0,0,0
550202,2,1,0,0,0,0,0,0,0,0,0,0
550203,1,1,0,0,0,0,0,12,23,12,13,16
550204,1,1,0,0,0,0,0,0,0,0,0,0
550205,1,1,0,0,0,0,0,0,0,0,0,0
550206,1,1,26,4,22,8,17,6,7,8,2,24
550207,1,1,0,0,0,0,0,0,0,14,0,0
550208,1,1,29,0,37,11,0,0,0,0,16,0
550209,1,1,0,24,8,22,19,22,10,21,11,5
550210,1,1,0,0,0,8,0,0,0,0,0,0
550210,2,1,0,0,0,0,0,0,0,0,0,13
550211,0,1,16,0,0,0,0,0,0,0,7,0
550211,1,1,13,0,0,0,18,0,0,0,4,0
550212,1,1,14,14,0,15,13,8,15,15,26,0
550212,2,1,0,0,0,0,0,0,0,0,0,0
550213,1,1,7,7,7,7,7,7,7,7,7,7
550214,1,1,0,0,0,0,0,0,0,0,0,0
550214,2,1,0,11,0,0,0,0,0,0,0,0
550215,1,1,7,7,7,7,7,7,7,7,7,7
550216,1,1,0,0,0,0,0,0,0,0,0,0
550218,1,1,27,0,0,0,0,0,0,0,0,0
550218,2,1,0,0,0,0,0,0,0,0,0,0
550219,1,1,0,0,0,0,0,0,0,0,0,0
550219,2,1,0,0,0,9,0,0,0,0,0,0
550219,3,1,0,11,0,0,0,0,0,0,0,0
550220,1,1,9,24,0,18,21,9,25,30,14,18
550220,2,1,12,0,7,4,16,21,10,0,7,26
550221,1,1,10,0,0,0,0,0,0,0,0,0
550222,1,1,0,0,0,0,0,0,0,0,0,0
550222,2,1,0,0,0,0,0,0,0,13,0,0
550223,0,1,0,0,16,0,0,0,0,0,0,0
550223,1,1,20,0,0,22,11,5,10,9,0,8
550224,1,1,13,20,27,13,0,8,6,13,20,19
550225,1,1,0,0,0,0,0,0,0,0,0,0
550225,2,1,0,0,0,0,0,0,0,0,0,0
550226,1,1,14,14,14,14,14,14,14,14,14,14
550227,1,1,0,0,0,0,0,14,0,0,0,0
550228,1,1,0,0,0,0,0,0,0,0,0,35
550229,1,1,0,31,10,0,0,0,0,8,0,26
550230,1,1,0,0,0,0,0,0,0,0,0,0
550230,2,1,11,0,0,0,0,0,0,0,0,0
550230,3,1,0,0,0,0,0,0,0,0,0,0
550231,1,1,0,0,0,0,24,6,10,0,0,0
550232,1,1,0,0,0,0,22,14,0,0,0,0
550233,0,1,0,0,0,0,0,0,0,0,0,0
550233,1,1,0,0,0,0,0,0,0,0,0,0
550234,1,1,0,0,0,0,0,0,0,0,0,0
550234,2,1,0,0,0,0,0,0,0,0,0,0
550235,1,1,0,0,0,0,0,0,0,0,0,0
550236,1,1,0,0,0,0,0,0,0,0,0,0
550236,2,1,0,0,0,0,0,0,0,0,0,0
550237,1,1,0,0,0,0,0,0,0,0,0,0
550237,2,1,0,0,0,0,0,0,0,0,0,0
550237,3,1,0,0,0,0,0,0,0,0,0,0
550238,1,1,0,33,21,0,0,0,0,0,0,0
550238,2,1,0,0,0,0,15,0,0,0,0,0
550239,1,1,0,3,10,11,16,24,8,14,7,0
550239,2,1,0,0,0,0,0,0,0,0,0,0
550240,1,1,0,0,0,0,16,0,0,0,0,0
550241,1,1,12,17,0,3,2,13,14,30,23,12
550241,2,1,0,0,0,0,0,0,0,0,0,0
550242,1,1,18,18,18,18,18,18,18,18,18,18
550243,1,1,0,0,12,0,0,0,26,9,16,0
550243,2,1,0,0,9,0,0,0,0,0,16,0
550244,0,1,18,0,15,0,2,0,0,0,0,0
550244,1,1,19,19,19,19,19,19,19,19,19,19
550244,2,1,0,0,0,0,0,0,0,0,0,0
550245,1,1,0,0,0,0,0,0,0,0,0,0
550245,2,1,0,0,0,0,0,0,0,0,0,0
550246,1,1,32,32,32,32,32,32,32,32,32,32
550247,1,1,0,0,0,0,0,22,0,0,0,0
550247,2,1,0,0,0,0,0,0,0,19,0,0
550248,1,1,0,0,0,0,0,0,0,0,0,0
550248,2,1,13,13,13,13,13,13,13,13,13,13
550249,1,1,22,22,22,22,22,22,22,22,22,22
550250,1,1,22,22,22,22,22,22,22,22,22,22
550251,1,1,0,0,0,15,0,0,0,0,0,0
550251,2,1,0,0,0,0,0,0,0,0,0,0
550252,0,1,0,0,0,25,0,0,0,0,19,0
550252,1,1,13,0,0,0,0,8,14,2,0,0
550253,1,1,0,0,0,0,0,2,0,0,0,0
550254,1,1,0,0,0,0,0,0,0,0,0,0
550254,2,1,0,0,0,0,0,0,0,6,0,0
550255,0,1,0,0,0,0,0,0,0,0,0,0
550255,1,1,0,0,0,0,0,0,0,7,0,0
550256,1,1,20,13,18,0,28,25,35,16,17,12
550257,1,1,0,0,0,0,0,0,0,0,0,0
550257,2,1,0,0,0,0,0,0,0,0,0,0
550258,1,1,0,0,0,0,0,0,0,0,0,0
550258,2,1,0,20,0,0,0,0,0,0,0,0
550259,1,1,0,0,0,0,0,0,28,7,0,0
550259,2,1,20,0,4,0,0,0,0,0,0,0
550260,0,1,0,0,0,0,0,0,0,0,18,0
550260,1,1,11,0,0,0,0,0,0,0,0,0
550261,1,1,0,0,0,0,0,0,0,0,0,0
550261,2,1,0,0,12,0,0,0,0,22,0,0
550262,1,1,0,0,0,0,0,21,0,0,0,13
550263,1,1,31,15,7,8,16,11,40,9,13,20
550264,0,1,0,0,0,0,0,7,26,0,0,0
550264,1,1,0,0,0,0,0,0,0,0,0,0
550265,1,1,0,0,0,0,0,0,0,0,0,0
550265,2,1,0,0,0,0,0,0,0,13,0,0
550266,1,1,0,0,0,0,0,0,0,0,0,0
550266,2,1,0,0,0,0,0,0,0,0,0,0
550266,3,1,0,8,0,0,0,0,0,0,0,0
550267,1,1,10,0,0,0,0,0,0,0,0,0
550267,2,1,0,0,0,0,0,0,0,0,0,0
550268,1,1,0,0,0,0,0,0,0,0,0,0
550268,2,1,0,0,0,0,0,0,0,0,0,0
550269,1,1,0,0,0,0,0,0,0,0,0,0
550270,1,1,0,0,0,0,0,0,0,0,0,0
550271,0,1,0,0,0,0,0,0,0,0,0,0
550271,1,1,0,0,0,0,26,0,0,0,0,15
550272,1,1,9,0,0,0,0,0,12,0,0,0
550273,0,1,17,0,0,0,0,0,0,0,0,19
550273,1,1,0,0,0,0,0,0,0,0,0,0
550274,1,1,0,0,0,0,0,0,0,0,0,0
550274,2,1,12,12,12,12,12,12,12,12,12,12
550275,1,1,0,0,0,0,0,0,0,0,0,0
550275,2,1,0,0,0,0,0,0,0,0,0,0
550276,1,1,22,0,0,0,0,0,0,0,0,0
550276,2,1,0,0,0,4,0,0,0,0,0,0
550277,1,1,0,0,0,0,0,0,0,0,0,0
550277,2,1,0,0,17,27,0,0,0,0,0,0
550278,0,1,0,0,0,0,0,0,0,0,0,0
550278,1,1,23,13,11,29,0,29,15,26,17,31
550279,1,1,0,0,0,0,0,0,0,0,0,0
550279,2,1,0,0,0,0,0,0,0,0,0,0
550279,3,1,0,0,17,0,0,0,0,0,0,0
550280,1,1,0,0,0,0,0,0,0,0,0,0
550281,1,1,0,0,0,0,0,0,0,0,0,0
550281,2,1,0,0,0,0,0,0,0,0,0,0
550282,1,1,21,7,12,15,14,9,13,20,5,0
550283,1,1,2,27,10,4,7,4,23,8,28,9
550284,1,1,11,16,7,13,20,20,9,10,10,32
550285,1,1,0,0,0,0,0,0,0,0,0,0
550286,1,1,0,0,0,0,0,0,0,0,0,0
550287,1,1,0,0,0,0,0,0,0,0,0,0
550288,1,1,0,0,0,0,0,0,0,0,0,0
550290,1,1,22,0,0,0,0,0,0,0,6,0
550290,2,1,0,0,0,0,0,0,0,0,0,0
550291,1,1,10,15,16,35,21,12,9,2,19,31
550292,0,1,0,0,0,0,0,0,0,0,0,0
550292,1,1,0,0,0,0,0,0,0,0,0,0
550293,1,1,19,19,19,19,19,19,19,19,19,19
550294,1,1,16,7,12,24,0,19,32,22,9,26
550294,2,1,0,0,0,0,0,0,0,0,0,0
550295,0,1,0,0,0,0,0,0,0,0,0,0
550295,1,1,0,0,0,0,13,0,0,0,0,0
550296,1,1,0,0,0,0,17,0,0,9,0,0
550297,1,1,22,20,11,0,20,31,0,23,46,18
550297,2,1,0,0,0,0,0,0,0,0,9,0
550297,3,1,0,0,0,0,0,0,0,0,0,0
550298,1,1,0,0,0,0,0,0,0,0,0,0
550298,2,1,0,0,0,0,0,0,0,0,0,0
550299,1,1,10,27,11,28,34,11,23,5,20,7
550300,1,1,0,0,9,0,0,0,0,25,0,0
550300,2,1,18,0,0,0,0,0,0,0,0,0
550301,0,1,0,0,29,16,0,10,0,6,0,10
550301,1,1,0,0,0,0,0,0,0,0,0,0
550302,1,1,0,0,0,0,0,0,0,0,0,0
550302,2,1,0,0,0,0,0,0,0,0,0,0
550303,1,1,12,15,31,24,14,14,30,26,13,11
550304,1,1,0,0,0,0,0,0,0,0,0,0
550305,1,1,0,0,12,0,0,2,0,0,0,0
550305,2,1,0,0,0,0,0,0,0,0,0,0
550305,3,1,0,0,0,0,0,0,0,0,0,0
550306,1,1,21,21,21,21,21,21,21,21,21,21
550307,1,1,13,26,22,20,16,20,11,27,17,18
550308,1,1,0,0,0,0,0,0,0,0,0,0
550308,2,1,0,0,0,0,0,0,0,0,0,0
550309,1,1,0,0,0,0,0,0,0,0,0,0
550310,1,1,0,0,0,0,0,0,0,0,0,0
550310,2,1,0,0,0,0,0,0,0,0,0,0
550311,1,1,0,0,0,0,0,0,18,0,0,0
550312,1,1,0,0,0,0,0,0,0,0,0,0
550312,2,1,0,0,0,17,0,0,0,0,0,0
550312,3,1,0,0,0,0,0,0,33,0,0,0
550313,1,1,0,0,0,0,0,0,0,0,0,0
550314,1,1,38,6,7,9,9,16,20,9,6,13
550315,1,1,0,22,0,0,0,0,0,0,0,0
550316,1,1,0,0,0,0,0,0,0,0,0,0
550316,2,1,0,0,0,0,0,0,0,0,0,23
550316,3,1,0,0,9,0,0,0,0,0,0,0
550317,1,1,20,17,12,28,0,25,15,0,2,13
550318,1,1,0,0,0,0,8,0,0,0,0,0
550319,1,1,11,13,14,20,16,17,11,9,21,20
550320,1,1,0,0,14,0,0,16,0,0,0,0
550321,1,1,0,0,0,25,0,0,0,2,15,22
550322,1,1,0,0,0,0,0,0,0,0,22,23
550323,1,1,0,0,0,0,0,0,0,0,0,0
550323,2,1,0,11,27,24,11,0,8,13,10,31
550323,3,1,0,0,0,0,0,0,0,0,0,0
550324,1,1,0,0,0,0,0,0,0,0,0,0
550324,2,1,0,0,0,0,0,0,0,0,0,0
550325,1,1,12,0,0,0,9,11,14,13,16,0
550326,1,1,0,0,0,0,0,0,0,0,0,0
550326,2,1,0,0,0,0,0,0,0,0,0,0
550327,1,1,18,0,0,16,17,16,18,17,26,20
550328,0,1,0,0,6,0,0,0,0,0,0,0
550328,1,1,0,0,0,0,0,0,0,0,0,0
550329,1,1,0,0,0,0,0,0,0,0,0,0
550329,2,1,0,0,14,0,0,0,0,0,0,0
550330,1,1,0,12,0,0,0,0,0,0,0,0
550331,1,1,0,0,0,0,0,0,0,0,0,0
550331,2,1,0,14,14,0,14,6,4,11,15,0
550332,1,1,0,0,0,0,0,0,0,22,0,0
550332,2,1,0,0,0,0,0,0,0,0,0,0
550333,1,1,0,0,0,0,0,0,0,0,0,0
550333,2,1,3,3,3,3,3,3,3,3,3,3
550334,1,1,0,0,6,17,0,0,0,0,0,0
550334,2,1,0,0,0,0,0,0,0,0,0,0
550335,1,1,19,25,0,0,5,0,22,17,16,0
550335,2,1,0,0,0,0,0,0,0,0,0,0
550336,1,1,0,0,7,0,0,0,0,0,0,0
550336,2,1,0,0,0,0,0,0,0,0,0,0
550337,1,1,0,0,0,0,0,0,0,0,0,18
550337,2,1,0,0,0,0,0,0,0,0,0,0
550338,1,1,0,0,0,0,0,0,0,0,0,0
550338,2,1,0,10,0,0,0,0,0,0,0,0
550339,1,1,0,0,9,0,0,0,27,0,0,9
550339,2,1,0,0,0,13,11,10,0,8,0,0
550340,1,1,22,9,10,18,26,15,29,28,35,17
550341,1,1,0,0,0,0,0,0,0,0,0,0
550341,2,1,0,0,0,0,0,0,0,0,0,18
550342,1,1,20,20,20,20,20,20,20,20,20,20
550343,1,1,0,0,0,0,0,0,0,0,0,0
550343,2,1,0,0,0,0,0,0,0,0,0,0
550344,1,1,0,0,0,31,0,0,0,0,0,0
550344,2,1,0,0,0,0,0,0,0,0,0,0
550346,1,1,18,26,0,31,0,0,7,15,21,12
550346,2,1,36,4,13,14,15,19,23,10,9,9
550347,1,1,0,0,0,0,0,0,0,0,0,0
550347,2,1,0,0,0,0,0,0,0,0,0,0
550348,1,1,0,0,0,0,0,0,0,0,0,0
550349,0,1,19,19,19,19,19,19,19,19,19,19
550349,1,1,0,0,0,0,0,0,0,0,0,0
550350,1,1,0,0,0,0,0,0,10,0,0,0
550351,0,1,0,0,0,0,0,0,0,0,0,0
550351,1,1,0,0,0,0,0,0,0,0,0,0
550352,1,1,0,0,0,0,0,0,0,0,0,0
550352,2,1,0,0,0,0,0,0,0,0,0,0
550352,3,1,0,0,0,0,0,0,0,19,0,0
550353,0,1,0,0,0,0,0,0,0,0,0,0
550353,1,1,0,0,0,0,0,0,0,0,0,0
550354,1,1,22,22,22,22,22,22,22,22,22,22
550355,1,1,10,17,12,5,8,11,27,26,25,16