ST_CASE,VEH_NO,PER_NO,P1,P2,P3,P4,P5,P6,P7,P8,P9,P10
550355,2,1,7,18,24,11,20,20,12,18,4,10
550356,0,1,0,0,0,0,0,0,0,0,0,0
550356,1,1,0,0,0,0,0,0,0,0,0,0
550357,1,1,0,0,0,0,0,0,0,0,0,0
550357,2,1,0,0,0,0,0,0,0,0,0,0
550357,3,1,0,0,0,8,0,0,0,0,0,0
550358,1,1,0,0,0,0,0,0,0,0,0,0
550358,2,1,0,0,0,0,0,0,0,0,0,0
550358,3,1,0,0,0,0,0,0,0,0,0,0
550358,4,1,0,0,0,0,0,0,0,0,0,0
550359,1,1,0,0,0,0,0,0,0,0,0,0
550359,2,1,0,12,0,0,0,0,0,0,0,0
550360,1,1,24,13,15,0,23,14,0,0,16,9
550361,1,1,15,13,19,11,0,20,0,0,12,14
550361,2,1,0,0,0,0,0,0,0,0,0,0
550362,1,1,46,52,45,58,39,13,11,37,16,66
550363,1,1,0,0,0,0,0,0,0,0,0,0
550363,2,1,0,0,0,0,0,0,0,0,0,6
550364,1,1,0,0,0,0,0,0,0,0,0,0
550365,1,1,0,0,0,0,0,0,0,0,0,0
550365,2,1,7,28,29,9,17,19,17,16,26,16
550366,1,1,0,0,0,0,0,0,0,0,0,0
550366,2,1,0,0,0,0,0,0,0,0,0,0
550367,0,1,0,13,0,0,0,0,13,0,18,0
550367,1,1,0,0,0,0,0,0,0,0,0,0
550368,1,1,9,14,19,19,7,25,14,21,12,16
550369,0,1,11,0,0,0,0,0,0,0,15,0
550369,1,1,0,20,0,9,0,0,0,0,0,0
550370,0,1,19,9,12,31,27,25,9,35,27,13
550370,1,1,0,0,0,6,14,0,9,0,0,0
550371,0,1,15,26,15,0,14,0,7,22,38,0
550371,1,1,4,0,12,0,0,30,17,17,0,0
550372,0,1,0,0,19,0,0,0,0,0,0,6
550372,1,1,13,0,13,13,17,12,0,8,14,0
550373,1,1,17,0,0,10,0,7,0,0,0,0
550373,2,1,0,0,0,0,0,0,0,0,0,0
550374,0,1,0,0,0,0,0,0,0,0,0,0
550374,1,1,0,0,0,0,0,0,0,0,0,0
550375,1,1,0,0,0,0,0,0,0,0,0,0
550376,1,1,0,0,32,0,0,0,0,0,0,0
550376,2,1,0,0,0,0,11,23,22,25,14,8
550377,1,1,20,0,4,23,22,18,13,10,9,25
550378,1,1,0,0,0,0,0,0,0,0,0,0
550379,0,1,26,27,34,0,12,31,12,5,29,0
550379,1,1,0,0,0,0,0,0,0,0,0,0
550380,1,1,14,8,28,2,6,11,27,19,22,9
550381,1,1,0,0,0,0,0,0,0,0,0,0
550381,2,1,0,0,0,0,0,26,0,0,0,0
550382,1,1,20,0,0,0,0,0,0,14,0,0
550382,2,1,0,0,0,0,0,0,0,0,0,0
550383,1,1,0,19,0,0,0,3,0,0,0,0
550384,0,1,0,0,0,0,0,0,0,0,0,0
550384,1,1,0,0,0,0,0,0,0,0,0,0
550385,1,1,0,0,0,0,0,0,0,0,0,0
550385,2,1,0,0,0,0,0,0,0,0,0,0
550386,1,1,0,9,0,0,0,0,0,0,0,0
550387,1,1,0,0,0,20,0,0,0,0,0,0
550387,2,1,0,0,0,0,0,0,0,0,0,0
550388,1,1,0,0,0,0,0,9,0,0,9,0
550388,2,1,0,0,0,0,0,0,0,0,0,0
550389,1,1,0,0,0,0,0,0,0,0,0,0
550390,1,1,0,0,0,0,0,0,0,0,0,0
550391,1,1,0,0,0,0,0,0,0,0,0,0
550391,2,1,0,0,0,0,0,0,0,0,6,0
550392,0,1,0,0,0,0,0,0,0,0,0,0
550392,1,1,0,0,0,0,0,0,0,26,0,0
550393,1,1,24,11,13,32,14,2,19,15,19,23
550393,2,1,0,0,0,31,0,0,0,0,0,0
550394,1,1,0,0,0,0,0,0,0,0,0,0
550394,2,1,0,0,0,0,0,0,0,0,0,0
550395,1,1,0,0,0,0,0,0,0,0,0,0
550395,2,1,0,0,0,0,0,0,0,0,0,0
550395,3,1,0,0,0,0,0,0,0,0,0,0
550396,0,1,0,0,0,0,0,0,0,0,22,0
550396,1,1,32,0,0,0,0,0,0,0,0,0
550397,1,1,4,4,4,4,4,4,4,4,4,4
550398,1,1,0,0,0,0,0,0,0,0,0,0
550398,2,1,0,0,0,0,0,0,0,0,0,0
550399,1,1,0,0,20,0,0,0,0,0,0,0
550399,2,1,0,0,0,0,0,0,0,0,0,0
550401,1,1,0,0,0,0,0,0,0,0,0,0
550402,1,1,0,0,0,0,0,0,0,0,0,0
550403,1,1,10,11,17,12,29,19,0,23,18,0
550404,0,1,0,0,0,0,0,0,0,0,0,0
550404,1,1,0,0,0,0,0,0,0,0,0,0
550405,1,1,0,0,0,0,0,0,0,0,0,0
550405,2,1,0,0,0,0,0,0,0,0,0,0
550405,3,1,0,0,0,0,0,0,0,0,0,0
550406,1,1,0,0,0,0,0,0,0,0,0,0
550406,2,1,0,0,0,0,0,0,0,0,0,0
550407,0,1,0,0,0,0,0,0,0,0,0,0
550407,1,1,0,0,0,0,0,0,0,0,0,0
550408,1,1,0,0,0,0,0,0,0,0,0,0
550408,2,1,0,0,0,0,0,0,0,0,0,0
550409,1,1,1,1,1,1,1,1,1,1,1,1
550410,0,1,0,0,19,0,0,0,0,0,0,0
550410,1,1,0,0,0,0,0,0,27,0,0,0
550411,1,1,0,9,0,0,0,0,0,0,0,0
550412,1,1,0,0,0,0,0,0,0,0,0,0
550412,2,1,0,0,0,0,0,0,0,0,0,0
550413,1,1,13,13,13,13,13,13,13,13,13,13
550414,1,1,0,0,12,0,0,0,0,0,0,15
550415,1,1,0,0,0,0,9,0,0,25,7,0
550416,1,1,0,0,0,0,0,0,0,35,0,0
550417,0,1,0,0,0,0,0,0,0,0,0,0
550417,1,1,0,0,0,0,0,0,0,0,0,0
550419,0,1,0,0,0,0,0,0,0,0,0,20
550419,1,1,0,0,0,0,0,0,21,0,0,29
550420,1,1,0,0,0,0,16,0,0,0,21,0
550421,1,1,0,0,0,0,0,0,0,0,0,0
550421,2,1,0,0,0,0,0,0,0,0,5,0
550422,1,1,0,0,0,0,0,0,0,0,0,0
550423,1,1,3,3,3,3,3,3,3,3,3,3
550423,2,1,2,2,2,2,2,2,2,2,2,2
550424,0,1,0,0,0,0,0,0,0,0,0,0
550424,1,1,23,8,14,0,0,11,0,0,0,0
550425,1,1,11,22,18,19,17,15,22,19,22,17
550426,0,1,0,0,0,0,0,0,0,0,0,0
550426,1,1,0,0,0,0,0,0,0,0,0,0
550427,1,1,8,12,10,27,14,7,3,23,21,18
550428,0,1,0,0,0,0,0,0,0,0,0,0
550428,1,1,0,0,0,0,0,0,0,0,0,0
550429,1,1,13,23,12,25,15,19,7,6,20,11
550430,1,1,0,0,0,0,0,0,0,0,0,0
550430,2,1,0,0,0,0,0,0,0,0,0,0
550431,1,1,11,14,8,20,4,17,17,27,11,14
550431,2,1,0,0,20,0,0,0,0,0,7,0
550432,1,1,25,7,6,13,13,0,18,0,27,7
550433,1,1,17,0,15,8,12,23,9,30,16,27
550433,2,1,0,0,0,0,0,24,0,0,0,0
550434,0,1,0,0,0,0,0,7,0,0,0,0
550434,1,1,0,0,0,0,0,0,0,0,0,0
550435,1,1,0,0,20,0,0,0,0,0,26,0
550436,0,1,33,5,8,3,22,21,17,12,61,21
550436,1,1,0,0,0,0,0,0,0,0,8,0
550437,1,1,21,37,25,36,5,12,25,6,11,24
550438,1,1,0,0,8,0,0,11,0,0,0,0
550439,1,1,0,32,11,0,0,20,18,0,0,20
550440,1,1,23,14,5,6,26,21,3,19,34,24
550441,0,1,0,0,0,0,0,0,0,0,0,0
550441,1,1,0,0,0,0,0,0,0,0,0,0
550442,1,1,0,0,0,0,0,0,0,0,0,0
550442,2,1,0,0,0,0,0,0,0,0,0,0
550443,0,1,9,2,10,14,3,0,17,6,16,16
550443,1,1,0,0,0,23,0,0,0,0,0,0
550444,1,1,0,0,0,0,0,17,0,0,0,0
550444,2,1,0,0,0,0,0,0,0,0,0,0
550445,0,1,10,0,42,24,15,0,51,21,28,0
550445,1,1,0,0,0,0,0,0,17,24,0,0
550446,1,1,0,0,0,0,0,0,0,0,0,0
550446,2,1,0,0,0,0,0,0,0,0,0,0
550447,1,1,0,0,0,0,0,0,0,0,0,14
550447,2,1,0,0,0,0,0,0,0,0,0,0
550448,1,1,0,0,0,0,0,0,0,0,0,0
550448,2,1,0,0,0,0,0,0,0,0,10,0
550448,3,1,0,0,0,9,0,0,6,0,0,0
550449,1,1,32,32,32,32,32,32,32,32,32,32
550450,1,1,0,0,0,0,0,0,30,0,0,0
550451,1,1,0,0,0,0,0,0,0,0,0,0
550452,1,1,0,0,0,0,0,0,0,0,0,0
550452,2,1,0,0,0,0,0,0,5,0,0,0
550453,0,1,0,0,0,30,0,0,0,0,0,0
550453,1,1,25,17,10,14,0,16,13,25,23,29
550454,1,1,0,0,0,0,0,0,0,0,0,0
550454,2,1,0,0,0,0,0,0,0,0,0,0
550455,0,1,0,0,0,0,0,0,0,0,0,0
550455,1,1,0,0,0,0,0,0,0,0,0,0
550456,0,1,18,21,0,0,0,10,0,0,0,0
550456,1,1,0,10,7,6,15,23,10,0,0,0
550457,1,1,0,0,0,0,0,16,17,0,0,0
550458,1,1,0,0,0,0,0,0,0,0,0,0
550459,1,1,0,0,0,0,0,0,0,0,0,0
550459,2,1,0,0,0,0,0,0,0,0,0,0
550460,1,1,13,18,24,17,18,15,44,10,18,18
550461,1,1,0,0,0,0,0,0,0,0,0,0
550462,1,1,0,0,0,0,0,0,0,0,0,0
550462,2,1,0,14,0,0,0,0,0,0,0,0
550462,3,1,9,0,0,0,0,12,12,0,0,0
550463,0,1,0,0,0,0,0,0,0,0,0,0
550463,1,1,0,0,0,0,0,0,0,0,25,0
550464,1,1,0,0,0,0,0,0,0,0,0,0
550465,0,1,0,0,0,0,0,9,0,0,0,0
550465,1,1,15,0,0,0,0,4,0,10,0,0
550466,1,1,0,0,0,0,0,0,0,0,0,0
550466,2,1,0,0,0,0,0,0,0,0,0,0
550467,1,1,18,28,17,8,29,22,9,10,17,19
550468,1,1,0,0,0,0,0,0,0,0,0,0
550468,2,1,0,0,0,0,0,0,0,0,0,0
550468,3,1,0,0,0,13,0,0,0,0,0,0
550468,4,1,0,0,0,0,0,0,0,0,0,0
550468,5,1,0,0,0,0,0,0,0,0,0,0
550468,6,1,0,0,0,0,0,0,0,0,0,0
550469,0,1,0,0,0,0,0,39,0,0,0,0
550469,1,1,0,0,30,0,0,0,0,0,0,0
550470,1,1,0,0,0,0,0,0,0,0,0,0
550471,1,1,0,0,0,0,0,0,0,0,0,14
550472,1,1,0,0,0,0,10,0,0,0,0,0
550473,1,1,0,0,0,0,0,0,0,0,0,0
550474,1,1,0,0,0,0,0,0,0,0,0,0
550474,2,1,0,0,0,0,0,0,0,0,0,0
550475,0,1,0,0,0,0,0,0,0,0,0,0
550475,1,1,0,0,0,0,0,0,25,0,0,0
550476,0,1,0,0,18,0,0,0,0,0,0,0
550476,1,1,0,0,0,23,0,0,0,0,0,0
550477,1,1,0,0,0,0,0,0,0,0,0,0
550477,2,1,0,0,0,0,0,0,0,0,0,0
550478,1,1,0,0,0,0,0,0,0,0,0,0
550479,0,1,9,22,18,7,46,42,17,25,62,0
550479,1,1,0,0,0,0,0,0,0,0,0,0
550480,1,1,0,0,0,0,0,0,0,0,0,0
550481,1,1,0,0,0,0,0,0,0,0,0,0
550481,2,1,0,0,0,0,0,0,0,0,0,0
550482,0,1,0,0,17,0,0,0,0,0,0,0
550482,1,1,0,0,0,0,0,0,0,0,0,0
550483,1,1,13,27,23,29,11,0,15,7,16,23
550483,2,1,0,0,0,0,0,0,0,0,0,0
550483,3,1,0,0,0,0,5,0,0,0,0,0
550484,1,1,0,0,0,0,0,0,0,0,0,0
550485,1,1,0,0,0,0,0,0,0,0,0,0
550485,2,1,0,0,0,0,0,0,0,0,0,0
550486,1,1,3,0,0,0,0,0,0,9,0,0
550487,1,1,0,0,0,0,0,0,0,0,0,0
550487,2,1,0,0,0,0,0,0,0,0,0,0
550488,1,1,0,0,0,0,22,3,0,0,0,0
550489,1,1,0,0,0,0,0,0,0,0,0,0
550490,1,1,0,0,0,0,0,0,0,0,0,0
550490,2,1,0,0,0,0,0,0,0,0,35,0
550491,1,1,11,11,11,11,11,11,11,11,11,11
550492,0,1,0,0,0,0,0,0,0,0,0,0
550492,1,1,0,0,0,12,0,0,0,0,0,0
550493,1,1,0,0,0,10,0,6,0,0,0,0
550493,2,1,19,0,0,0,0,0,0,0,18,0
550494,1,1,0,0,0,0,0,0,0,0,0,0
550494,2,1,0,0,0,0,0,0,0,0,0,2
550495,1,1,0,0,0,0,0,0,0,0,0,0
550496,1,1,0,0,0,0,0,0,0,0,0,0
550497,1,1,0,8,0,0,0,0,0,0,0,0
550497,2,1,0,0,0,0,0,0,0,0,0,0
550498,1,1,0,0,0,0,0,0,0,0,0,0
550498,2,1,0,0,0,0,0,0,0,0,0,4
550499,1,1,4,0,20,0,0,0,0,0,0,24
550499,2,1,0,0,0,0,0,0,0,0,0,0
550500,1,1,0,0,0,0,0,0,0,0,0,0
550501,1,1,7,7,7,7,7,7,7,7,7,7
550502,0,1,0,0,0,0,0,0,0,0,0,0
550502,1,1,0,0,0,0,0,0,0,0,0,0
550503,1,1,0,0,0,0,0,0,0,0,0,0
550503,2,1,0,0,0,0,0,0,0,0,0,0
550504,1,1,0,0,0,0,0,0,0,0,0,13
550504,2,1,39,0,0,0,0,0,0,23,0,0
550505,1,1,0,0,0,0,0,0,0,0,0,0
550505,2,1,0,0,0,0,0,0,9,0,0,0
550505,3,1,0,0,0,0,0,0,0,0,0,0
550505,4,1,0,0,0,0,0,0,0,0,0,0
550505,5,1,0,0,0,0,0,0,0,0,0,0
550506,0,1,0,0,0,0,0,0,0,0,0,0
550506,1,1,9,0,0,0,0,0,0,0,30,0
550507,1,1,0,0,0,0,14,0,8,0,0,0
550508,1,1,0,0,0,0,15,17,0,0,0,16
550509,1,1,0,0,0,0,0,0,0,0,0,0
550509,2,1,0,0,0,0,0,0,0,0,0,0
550510,1,1,0,0,0,0,0,0,0,0,0,0
550511,0,1,0,0,0,0,0,0,0,0,0,0
550512,1,1,0,0,0,0,0,0,0,0,0,0
550513,1,1,0,0,0,0,0,0,0,0,0,0
550513,2,1,0,0,0,0,26,0,0,0,0,0
550514,1,1,21,12,10,16,9,24,23,0,8,23
550515,1,1,18,0,0,0,0,25,0,0,7,0
550516,1,1,12,12,12,12,12,12,12,12,12,12
550517,0,1,0,0,0,0,0,0,0,0,0,0
550517,1,1,0,0,0,0,0,0,0,0,0,0
550518,1,1,0,0,0,0,0,0,0,0,0,0
550518,2,1,0,0,0,0,0,0,0,0,0,0
550518,3,1,0,0,0,0,0,0,0,0,0,0
550519,1,1,0,0,0,0,0,0,0,0,10,0
550520,1,1,0,0,0,8,0,0,0,0,0,0
550520,2,1,0,0,0,30,0,0,0,0,0,0
550521,1,1,21,21,21,21,21,21,21,21,21,21
550522,1,1,0,0,0,0,0,0,0,0,0,0
550523,1,1,0,0,0,0,0,0,0,0,0,0
550524,1,1,0,0,0,0,0,0,0,0,0,0
550525,0,1,0,0,0,0,0,0,16,0,0,0
550525,1,1,0,0,0,0,0,0,0,0,0,0
550526,1,1,0,0,0,0,0,14,14,0,0,0
550527,1,1,0,0,0,0,0,0,0,0,0,0
550528,1,1,0,0,0,0,0,0,0,0,0,0
550529,0,1,0,0,22,0,0,0,0,0,0,0
550529,1,1,22,0,0,0,8,0,0,10,5,26
550530,1,1,0,0,0,0,0,0,0,0,0,0
550531,0,1,0,0,0,0,0,0,0,0,0,23
550531,1,1,0,0,0,0,0,0,19,0,0,0
550532,1,1,0,0,0,0,0,19,0,0,0,0
550533,1,1,18,12,35,22,10,25,26,27,23,24
550533,2,1,0,0,0,0,0,0,0,0,0,0
550534,1,1,0,0,0,19,0,0,0,0,0,0
550535,1,1,23,23,23,23,23,23,23,23,23,23
550536,1,1,0,0,0,0,0,0,0,0,0,0
550536,2,1,0,0,0,0,0,0,0,0,0,0
550537,1,1,0,0,0,0,0,0,0,0,0,0
550537,2,1,15,15,15,15,15,15,15,15,15,15
550538,1,1,22,22,22,22,22,22,22,22,22,22
550539,1,1,0,0,0,15,0,8,0,0,0,0
550539,2,1,0,0,0,0,0,0,27,0,0,0
550540,0,1,0,0,0,0,0,0,0,0,0,0
550540,1,1,0,0,14,0,0,5,0,0,14,0
550541,1,1,0,0,0,0,0,0,0,0,0,0
550541,2,1,0,0,0,0,0,0,0,0,0,0
550541,3,1,0,0,0,0,0,0,0,0,0,0
550542,1,1,0,0,0,0,0,0,0,0,0,0
550542,2,1,0,0,0,0,0,0,0,0,0,0
550543,0,1,0,0,0,0,0,0,0,0,0,0
550543,0,2,0,0,0,0,0,0,0,0,0,0
550543,1,1,0,0,0,0,0,0,0,0,0,0
550544,1,1,0,0,0,0,0,0,0,0,0,0
550545,1,1,0,0,0,0,0,0,0,0,0,0
550545,2,1,0,0,0,0,0,0,0,0,0,0
550546,1,1,3,9,8,19,14,8,9,20,14,14
550546,2,1,0,0,0,0,0,0,0,0,0,0
550547,1,1,0,0,0,15,0,0,0,0,0,0
550547,2,1,0,0,0,0,0,0,0,0,0,0
550548,0,1,0,14,8,27,0,0,0,0,0,0
550548,1,1,15,0,0,14,20,0,0,0,0,0
550549,1,1,0,0,0,0,0,0,0,0,0,0
550549,2,1,0,0,0,0,0,0,0,15,0,0
550549,3,1,0,0,0,0,0,0,23,0,0,0
550549,4,1,12,0,0,0,0,0,0,0,0,0
550549,5,1,0,0,0,13,0,11,0,0,0,0
550549,6,1,0,0,0,0,0,0,0,0,0,0
550549,7,1,0,0,0,0,0,0,0,0,0,0
550549,8,1,0,0,0,0,0,0,0,0,0,0
550549,9,1,0,0,16,0,0,0,0,0,0,0
550549,10,1,0,0,0,0,0,0,0,9,0,0
550550,1,1,16,0,0,0,11,0,0,0,0,0
550550,2,1,0,0,0,10,0,3,17,25,8,0
550551,0,1,0,0,16,0,0,0,21,0,0,0
550551,1,1,0,0,0,0,0,0,0,0,15,0
550552,0,1,0,18,0,0,0,29,0,0,0,0
550552,1,1,13,0,0,0,0,0,0,0,0,0
550553,1,1,0,0,0,0,9,0,20,11,0,0
550553,2,1,0,0,0,0,0,0,0,0,0,0
550554,1,1,0,0,0,0,0,0,0,0,0,0
550554,2,1,0,0,0,0,0,0,0,0,0,0
550555,1,1,0,0,0,0,0,0,0,0,0,0
550556,0,1,0,0,0,0,0,29,0,0,0,0
550556,1,1,10,0,0,6,0,12,25,0,0,0
550557,1,1,0,0,0,0,0,0,0,0,0,0
550561,1,1,14,14,14,14,14,14,14,14,14,14
550562,1,1,0,0,0,0,0,0,0,0,0,0
560001,1,1,0,0,0,0,0,0,0,0,0,0
560002,1,1,0,0,24,0,0,0,0,0,0,0
560003,1,1,0,0,0,0,0,0,0,0,0,0
560003,2,1,0,0,0,0,0,0,0,0,11,0
560004,1,1,0,0,0,0,0,0,0,0,0,0
560005,1,1,0,0,0,0,0,0,0,0,0,0
560006,1,1,0,0,0,0,0,0,0,0,0,0
560006,2,1,0,0,0,0,0,16,0,0,0,0
560007,0,1,0,0,0,0,0,0,0,0,0,0
560007,1,1,0,0,0,0,0,0,0,0,0,0
560008,1,1,0,0,0,0,0,0,0,0,0,0
560008,2,1,0,0,0,0,0,0,0,4,0,0
560009,1,1,0,0,0,0,0,0,0,0,0,0
560009,2,1,0,0,0,0,0,0,0,0,0,0
560010,0,1,26,26,26,26,26,26,26,26,26,26
560010,1,1,0,0,0,0,0,0,0,0,0,0
560011,1,1,21,0,0,0,0,0,0,0,0,0
560011,2,1,0,0,0,0,0,0,0,0,0,0
560012,1,1,0,0,0,0,0,0,0,0,0,0
560012,2,1,0,0,0,0,0,0,0,0,0,0
560012,3,1,0,13,0,0,0,0,0,0,0,0
560013,1,1,0,0,0,0,0,0,0,0,0,0
560013,2,1,0,0,4,0,0,0,0,0,0,0
560014,1,1,8,8,8,8,8,8,8,8,8,8
560015,0,1,0,0,0,0,0,0,0,0,0,0
560015,1,1,0,10,0,0,0,0,0,0,0,0
560016,1,1,6,13,30,25,29,20,12,18,24,21
560017,1,1,0,0,0,0,0,0,0,0,0,0
560018,1,1,0,0,0,0,0,0,0,0,0,0
560019,1,1,0,0,15,25,8,11,0,0,11,0
560020,1,1,0,0,0,0,0,0,0,0,0,0
560021,1,1,0,0,0,0,0,0,0,0,0,0
560022,1,1,0,0,0,0,30,3,0,11,0,6
560023,1,1,21,21,21,21,21,21,21,21,21,21
560024,2,1,4,4,4,4,4,4,4,4,4,4
560025,1,1,0,0,0,0,0,0,0,0,0,0
560026,1,1,0,0,0,0,0,0,0,0,0,0
560027,1,1,0,0,0,0,0,0,0,0,0,12
560028,1,1,13,0,24,0,0,0,0,0,0,0
560028,2,1,0,0,0,0,0,0,0,0,0,0
560029,1,1,0,0,0,23,25,0,0,0,0,0
560030,1,1,0,0,0,0,0,0,0,0,0,0
560031,1,2,0,0,0,0,0,0,0,0,0,0
560032,1,1,0,20,21,0,26,0,0,12,0,0
560033,1,1,18,18,18,18,18,18,18,18,18,18
560034,1,1,0,0,3,0,0,0,0,0,3,0
560034,2,1,17,12,15,0,21,18,11,9,17,13
560035,1,1,15,28,22,18,12,18,24,20,19,11
560036,1,1,0,0,0,0,0,0,0,0,0,0
560037,1,1,0,0,0,0,0,0,0,0,0,0
560038,1,1,38,38,38,38,38,38,38,38,38,38
560039,1,1,0,0,0,0,0,0,0,0,0,0
560039,2,1,0,0,0,0,0,0,0,0,0,0
560039,3,1,0,0,0,0,0,0,0,0,0,0
560040,1,1,10,32,12,35,15,22,11,11,25,28
560041,1,1,10,10,10,10,10,10,10,10,10,10
560042,1,1,0,0,0,0,0,0,0,9,4,0
560042,2,1,0,0,2,0,0,0,0,0,0,0
560043,1,1,16,21,26,0,0,28,0,18,11,0
560043,2,1,0,0,0,0,0,0,0,8,0,0
560044,1,1,0,0,0,0,0,0,0,0,0,0
560045,1,1,0,0,0,0,0,0,0,10,0,0
560046,1,1,18,18,18,18,18,18,18,18,18,18
560047,1,1,0,0,0,0,0,0,0,0,0,0
560047,2,1,0,0,0,0,0,0,0,0,0,0
560048,1,1,0,0,12,0,0,0,0,0,0,10
560048,2,1,0,0,0,0,0,0,0,0,0,0
560049,1,1,0,0,0,0,0,13,19,0,0,0
560050,1,1,17,17,17,17,17,17,17,17,17,17
560051,1,1,0,0,0,0,0,0,0,0,0,0
560051,2,1,0,0,0,0,0,0,0,0,0,0
560051,3,1,0,0,0,0,0,0,0,0,0,0
560052,1,1,0,0,0,0,0,0,0,0,0,0
560052,2,1,0,0,0,0,8,0,0,0,0,0
560053,1,1,0,0,0,0,0,0,0,0,0,0
560054,1,1,0,18,20,18,8,20,11,17,13,15
560055,1,1,0,0,0,0,0,0,0,0,0,0
560056,1,1,0,6,8,20,0,0,0,0,14,22
560057,1,1,0,0,19,17,0,0,0,0,0,0
560058,1,1,0,0,0,0,0,0,0,0,0,0
560058,2,1,0,0,0,0,0,0,0,0,0,0
560059,1,1,7,0,0,0,0,0,0,0,0,0
560060,1,1,0,0,0,0,0,0,0,0,0,0
560060,2,1,0,0,0,0,0,0,0,0,0,0
560061,0,1,4,4,4,4,4,4,4,4,4,4
560061,0,2,0,0,0,0,0,0,0,0,0,0
560061,1,1,0,0,0,0,0,0,0,0,0,0
560062,1,1,6,6,6,6,6,6,6,6,6,6
560063,1,1,24,24,24,24,24,24,24,24,24,24
560063,2,1,0,0,0,0,0,0,0,0,0,0
560063,3,1,0,0,0,0,0,0,0,22,0,0
560064,1,1,26,26,26,26,26,26,26,26,26,26
560065,1,1,5,5,5,5,5,5,5,5,5,5
560066,1,1,20,20,20,20,20,20,20,20,20,20
560067,1,1,0,0,0,0,0,0,0,6,0,0
560068,1,1,15,15,15,15,15,15,15,15,15,15
560069,1,1,5,5,5,5,5,5,5,5,5,5
560069,2,1,0,0,0,0,0,0,0,0,0,0
560070,1,1,0,0,0,0,0,0,0,0,0,0
560071,1,1,41,12,19,12,17,9,6,12,26,18
560072,0,1,0,0,0,0,0,0,0,0,0,0
560072,1,1,3,0,0,0,0,12,0,0,0,0
560073,1,1,0,0,0,0,0,0,0,0,0,0
560073,2,1,0,0,0,0,19,0,0,0,0,0
560074,1,1,4,0,0,0,0,13,0,0,0,0
560074,2,1,0,0,0,0,0,0,0,0,0,0
560075,1,1,0,0,0,0,0,0,0,0,0,0
560076,1,1,11,16,0,0,6,11,0,6,8,8
560077,1,1,12,12,12,12,12,12,12,12,12,12
560078,1,1,0,0,0,0,0,0,0,0,0,0
560078,2,1,0,0,0,0,0,0,0,0,0,0
560079,1,1,28,28,28,28,28,28,28,28,28,28
560080,1,1,0,16,39,12,20,18,25,15,28,5
560081,1,1,0,0,0,0,0,0,0,0,0,0
560081,2,1,0,0,0,0,0,0,0,0,0,0
560082,1,1,12,12,12,12,12,12,12,12,12,12
560083,1,1,17,17,17,17,17,17,17,17,17,17
560084,1,1,0,12,32,0,0,19,13,0,23,0
560085,1,1,12,12,12,12,12,12,12,12,12,12
560086,1,1,15,15,15,15,15,15,15,15,15,15
560087,1,1,0,0,0,0,0,0,0,0,0,0
560087,2,1,0,0,0,0,0,0,0,0,0,0
560088,1,1,0,0,0,0,0,0,0,0,0,0
560089,1,1,0,0,0,0,0,0,0,0,0,0
560090,1,1,16,16,16,16,16,16,16,16,16,16
560091,1,1,0,0,0,0,0,4,19,0,0,0
560091,2,1,0,0,0,0,0,0,0,0,0,0
560092,1,1,13,7,12,12,6,38,7,13,11,16
560093,1,1,16,0,0,0,0,0,10,0,0,0
560094,1,1,0,0,0,0,0,0,0,0,0,0
560095,1,1,0,0,0,0,0,0,0,0,0,0
560095,2,1,0,0,0,0,0,0,0,0,0,0
560096,1,1,0,0,0,0,0,0,0,0,0,0
560096,2,1,0,0,0,0,0,0,0,0,0,0
560097,1,1,0,0,0,0,0,0,0,0,0,0
560097,2,1,0,0,0,0,0,0,0,0,0,0
560098,1,1,8,8,8,8,8,8,8,8,8,8
560098,2,1,0,0,0,0,0,0,0,0,0,0
560099,1,1,0,0,0,0,0,0,0,0,0,0
560100,1,1,0,10,0,0,0,0,0,6,0,0
560100,2,1,0,0,0,0,0,0,9,0,0,0
560101,1,1,20,0,0,0,0,12,0,12,0,0
560101,2,1,0,0,0,0,0,0,0,0,0,0
560102,1,1,0,0,0,0,0,0,0,0,0,0
560103,1,1,0,0,0,0,0,0,0,0,0,0
560103,2,1,0,0,0,0,0,0,0,0,0,0
560104,1,1,22,22,22,22,22,22,22,22,22,22
560105,1,1,0,0,0,0,0,0,0,0,0,0
560106,0,1,0,0,0,0,0,0,0,0,0,0
560106,1,1,0,0,0,0,18,0,4,0,0,0
560107,1,1,0,0,0,0,0,20,0,0,0,0
560108,1,1,0,0,0,0,0,0,0,0,0,0
560108,2,1,0,0,0,0,0,0,0,0,0,0
560109,1,1,0,0,0,0,0,0,0,0,0,0
560110,1,1,19,19,19,19,19,19,19,19,19,19
560111,1,1,0,0,0,0,0,0,0,0,0,0
560111,2,1,0,0,0,0,0,0,0,0,0,0
560112,1,1,22,22,22,22,22,22,22,22,22,22
560112,2,1,0,0,0,0,10,0,0,0,0,0
560113,0,1,0,0,0,0,0,35,0,0,49,0
560113,0,2,0,0,0,0,0,0,0,0,0,0
560113,3,1,0,0,0,0,0,0,0,0,0,0
560114,1,1,0,0,0,0,0,0,0,0,0,0
560114,2,1,0,0,0,0,0,0,0,0,0,0
560115,1,1,0,0,0,0,0,0,0,0,0,0
560116,1,1,0,0,0,0,0,0,0,16,0,0
560117,1,1,0,0,0,0,0,0,0,0,0,0
560118,1,1,14,14,17,19,15,8,9,16,20,14