ST_CASE,VEH_NO,PER_NO,P1,P2,P3,P4,P5,P6,P7,P8,P9,P10
61453,1,1,0,0,0,0,0,0,0,0,18,0
61454,0,1,0,15,25,0,0,0,25,14,14,21
61454,1,1,0,0,0,0,0,0,0,0,0,0
61455,1,1,0,6,17,23,8,12,20,29,11,12
61455,2,1,0,0,0,0,0,0,0,0,0,0
61456,1,1,26,0,13,25,16,14,2,22,23,10
61456,2,1,0,0,0,0,0,0,0,0,0,0
61457,0,1,0,0,0,28,0,0,0,0,0,0
61457,1,1,0,0,0,0,0,0,0,0,0,0
61458,0,1,0,12,0,0,23,0,0,0,14,25
61458,1,1,0,0,0,0,0,0,12,0,0,0
61459,0,1,0,0,0,0,0,0,0,0,0,0
61459,1,1,0,0,0,0,0,0,0,0,0,0
61459,2,1,0,0,0,0,0,0,0,0,0,0
61459,3,1,0,0,0,0,0,0,0,0,0,0
61459,4,1,0,0,0,0,0,0,0,0,0,0
61460,1,1,0,0,0,0,0,0,0,0,0,0
61461,1,1,0,0,0,11,0,19,0,0,0,0
61461,2,1,0,0,0,0,0,0,0,0,0,0
61462,0,1,31,15,0,0,0,0,0,0,44,0
61462,1,1,0,0,0,0,0,0,0,0,0,0
61463,0,1,0,0,20,0,18,0,0,15,0,11
61463,1,1,0,0,0,0,0,0,0,0,28,0
61464,0,1,0,20,0,22,13,46,10,19,19,14
61464,1,1,0,26,0,0,18,0,0,0,0,0
61465,1,1,4,5,5,10,24,23,17,14,0,0
61465,2,1,19,14,12,28,7,17,0,16,11,15
61466,1,1,12,14,10,15,10,4,24,30,29,20
61466,2,1,0,0,0,0,0,0,0,10,0,0
61466,3,1,0,0,0,0,0,0,0,0,0,6
61467,1,1,3,26,19,9,20,16,13,21,0,9
61467,2,1,2,0,14,0,0,14,0,0,0,0
61468,1,1,26,16,0,0,0,0,0,0,0,0
61468,2,1,0,0,0,0,0,0,0,0,0,0
61468,3,1,0,0,21,0,0,0,0,0,0,0
61469,1,1,0,0,0,0,0,0,0,0,0,0
61470,1,1,0,22,0,0,0,0,0,0,0,0
61470,2,1,0,23,0,0,0,0,0,0,0,0
61471,1,1,0,4,0,0,0,0,0,19,0,0
61471,2,1,0,0,0,0,0,0,0,0,11,0
61471,3,1,0,0,20,0,0,0,0,0,0,0
61471,4,1,0,0,11,0,0,2,0,0,0,0
61471,5,1,0,0,0,0,0,0,0,0,0,0
61471,6,1,0,0,0,0,0,0,0,0,0,0
61472,1,1,0,0,0,0,0,0,0,20,0,0
61472,2,1,0,0,28,23,0,10,10,0,0,10
61473,0,1,37,0,31,0,17,24,16,33,12,48
61473,1,1,0,0,0,0,0,0,0,0,0,0
61474,1,1,17,20,7,0,20,19,0,0,0,0
61475,1,1,30,30,21,19,11,18,28,8,7,29
61476,1,1,0,0,0,0,0,0,0,0,0,0
61476,2,1,0,0,0,0,0,0,0,0,0,0
61476,3,1,0,0,0,0,0,0,0,0,0,0
61477,1,1,0,0,0,0,0,0,0,0,0,0
61477,2,1,0,0,0,0,0,0,5,0,0,0
61478,1,1,22,20,0,0,0,0,0,0,0,0
61478,2,1,0,0,0,0,0,0,0,0,0,0
61479,1,1,0,0,0,0,0,0,0,0,0,0
61479,2,1,0,0,0,0,0,0,0,0,0,0
61480,1,1,0,0,0,0,0,0,0,0,0,0
61480,2,1,0,0,0,0,0,0,0,0,0,1
61481,1,1,11,9,31,23,0,11,35,7,15,0
61481,2,1,0,0,0,0,0,0,0,0,0,0
61482,1,1,27,0,0,0,22,0,0,0,0,23
61483,1,1,10,0,8,13,0,0,21,0,22,2
61483,2,1,0,0,0,0,0,0,0,0,0,0
61484,1,1,1,1,1,1,1,1,1,1,1,1
61484,2,1,0,0,0,0,0,0,0,0,0,0
61485,1,1,28,12,8,13,15,34,34,13,23,16
61486,1,1,20,0,0,7,0,0,0,0,0,0
61487,0,1,17,12,0,24,10,0,0,0,17,9
61487,1,1,0,0,0,0,0,24,0,0,18,0
61488,0,1,0,0,0,14,0,33,0,17,36,0
61488,1,1,0,0,0,0,0,0,0,0,0,0
61489,1,1,15,4,2,12,8,10,22,5,14,8
61489,2,1,14,18,16,25,0,18,0,0,26,0
61490,0,1,0,0,0,0,0,0,0,0,0,0
61490,1,1,0,0,0,0,0,0,0,13,0,0
61491,1,1,7,8,23,0,4,0,15,15,0,0
61491,2,1,18,0,10,0,0,0,0,0,0,0
61492,1,1,16,0,0,0,10,0,23,18,0,0
61493,1,1,0,0,9,0,0,18,0,0,17,0
61494,1,1,0,0,0,0,0,0,0,0,0,0
61494,2,1,0,0,0,0,0,0,0,0,0,0
61495,1,1,0,0,0,0,0,0,0,0,0,6
61495,2,1,0,0,0,17,0,0,0,6,0,15
61495,3,1,0,0,0,0,0,0,10,0,0,0
61496,1,1,12,15,38,24,10,28,9,15,11,26
61497,1,1,19,35,20,14,0,10,18,16,21,16
61498,0,1,12,12,12,12,12,12,12,12,12,12
61498,1,1,0,0,0,0,0,0,0,12,0,0
61499,1,1,0,0,0,0,0,0,0,0,6,0
61499,2,1,0,0,0,0,0,0,0,0,0,0
61500,0,1,0,0,0,0,0,0,0,0,0,0
61500,1,1,0,14,0,4,0,0,11,0,14,12
61500,2,1,10,0,6,0,15,18,18,19,0,0
61501,0,1,0,0,0,0,0,0,21,38,19,0
61501,1,1,0,0,0,0,0,0,0,0,0,0
61502,0,1,0,0,16,25,0,18,19,9,0,0
61502,1,1,0,0,0,0,0,0,0,0,0,0
61503,1,1,15,22,29,0,20,15,6,29,12,20
61503,2,1,7,19,0,11,0,30,29,14,11,0
61504,1,1,0,0,0,0,0,0,0,0,0,0
61504,2,1,0,0,0,0,0,0,0,0,0,0
61505,1,1,0,0,0,0,0,0,0,0,0,0
61505,2,1,0,0,0,0,0,0,0,0,0,0
61506,1,1,0,0,0,0,11,26,25,0,0,0
61507,1,1,8,0,0,0,0,0,0,0,0,0
61507,2,1,0,0,0,0,0,0,0,0,0,0
61508,0,1,0,0,0,0,0,0,0,0,0,0
61508,0,2,0,0,0,0,0,30,0,24,0,0
61508,1,1,16,4,4,24,21,30,16,8,11,17
61509,1,1,0,0,0,0,0,0,0,0,0,0
61510,1,1,0,0,0,0,0,0,0,0,0,0
61510,2,1,0,0,0,0,0,0,0,0,0,0
61510,3,1,0,17,0,0,0,0,0,0,0,0
61510,4,1,0,0,0,0,0,0,0,0,0,0
61511,1,1,0,0,0,0,0,0,12,0,0,2
61511,2,1,0,0,0,0,0,0,0,0,0,0
61512,0,1,17,17,17,17,17,17,17,17,17,17
61512,0,2,0,0,0,0,0,28,0,0,0,0
61512,2,1,0,0,0,0,0,0,0,0,0,0
61512,3,1,0,0,0,0,0,0,0,0,0,0
61513,1,1,15,15,15,15,15,15,15,15,15,15
61514,0,1,0,27,20,0,0,0,9,24,21,0
61514,1,1,0,0,0,0,0,0,0,0,0,0
61515,1,1,0,0,0,0,0,0,0,20,26,0
61516,0,1,0,0,27,0,23,15,13,0,0,0
61516,1,1,12,0,0,0,0,0,0,0,0,0
61517,1,1,0,0,0,0,0,0,0,0,0,0
61518,0,1,15,15,15,15,15,15,15,15,15,15
61518,1,1,0,0,0,0,0,0,0,0,0,0
61519,1,1,0,18,0,0,0,0,23,30,0,0
61520,1,1,0,0,0,0,0,0,0,0,0,0
61520,2,1,0,0,0,0,0,0,0,0,0,0
61521,0,1,0,0,0,10,33,22,17,0,32,0
61521,1,1,16,16,16,16,16,16,16,16,16,16
61522,1,1,0,0,0,0,0,0,0,0,0,0
61522,2,1,26,0,0,0,13,0,0,10,18,14
61523,0,1,16,16,16,16,16,16,16,16,16,16
61523,1,1,20,12,22,0,0,0,1,0,13,0
61523,2,1,7,3,0,0,7,7,20,0,0,11
61524,0,1,0,0,0,0,0,39,0,0,0,0
61524,0,2,0,31,0,0,3,0,0,0,0,0
61524,0,3,0,0,0,0,0,0,0,0,0,0
61524,1,1,23,0,0,11,7,0,0,0,0,17
61525,0,1,0,0,0,0,0,0,0,0,0,0
61525,1,1,0,0,11,0,0,0,0,0,0,19
61526,0,1,15,18,0,0,13,0,0,27,0,0
61526,1,1,0,0,0,0,0,9,11,24,0,0
61527,1,1,0,0,0,33,0,0,0,0,0,0
61527,2,1,0,0,0,0,0,0,34,0,0,0
61528,1,1,0,13,0,0,0,18,0,13,0,0
61529,1,1,0,0,0,0,0,0,0,0,0,0
61530,1,1,0,0,16,4,7,5,10,22,16,0
61530,2,1,0,0,0,0,0,18,0,0,0,0
61530,3,1,0,0,0,0,0,22,0,0,0,0
61530,4,1,0,0,0,0,0,33,0,0,0,0
61531,1,1,0,0,0,0,0,0,0,0,0,28
61531,2,1,0,0,0,0,0,0,0,0,0,0
61532,1,1,0,0,0,0,0,0,0,10,0,0
61532,2,1,0,25,0,0,0,0,27,14,14,0
61532,3,1,0,0,0,0,0,0,0,0,0,0
61533,0,1,0,0,0,0,14,0,0,0,0,0
61533,1,1,0,0,0,0,0,0,0,0,0,0
61534,1,1,0,0,0,0,0,0,0,0,0,0
61534,2,1,0,0,0,0,0,0,0,0,0,0
61535,1,1,0,0,0,0,0,0,0,0,0,0
61535,2,1,0,0,26,0,0,0,20,0,0,0
61536,1,1,9,9,9,9,9,9,9,9,9,9
61537,0,1,0,0,0,0,0,0,0,0,0,0
61537,1,1,0,0,0,0,0,0,0,0,0,0
61538,1,1,0,0,0,0,0,0,0,19,0,0
61538,2,1,0,0,0,0,0,0,0,0,0,2
61539,0,1,14,0,0,0,0,0,0,0,0,18
61539,1,1,0,0,0,0,0,0,17,0,0,0
61540,1,1,0,0,0,0,0,0,0,0,0,0
61540,2,1,0,0,0,0,0,0,0,0,0,0
61541,1,1,0,0,0,0,0,0,0,0,0,0
61542,1,1,22,22,22,22,22,22,22,22,22,22
61543,1,1,0,0,0,0,0,0,0,0,0,0
61544,1,1,22,22,22,22,22,22,22,22,22,22
61544,2,1,2,2,2,2,2,2,2,2,2,2
61545,1,1,0,0,0,0,0,0,0,0,0,0
61546,1,1,0,0,0,17,0,0,0,0,0,0
61546,2,1,0,0,0,0,0,0,0,0,0,0
61546,3,1,0,0,0,0,0,0,30,0,0,0
61547,0,1,0,0,0,0,0,0,0,0,0,0
61547,1,1,0,0,0,15,32,0,0,0,0,0
61548,1,1,12,12,12,12,12,12,12,12,12,12
61548,2,1,0,0,0,0,14,0,0,0,0,0
61549,0,1,0,0,0,0,0,0,0,0,0,0
61549,1,1,0,0,0,0,0,0,0,0,0,0
61550,1,1,0,0,0,0,0,0,0,0,0,0
61550,2,1,0,0,0,0,0,0,0,0,0,0
61551,1,1,0,0,0,0,0,0,0,0,0,0
61551,2,1,0,0,15,0,0,0,0,0,0,0
61552,1,1,0,4,0,0,0,0,0,0,0,0
61552,2,1,0,0,0,0,0,0,0,0,0,0
61552,3,1,0,0,0,0,0,0,0,0,0,0
61552,4,1,0,0,0,0,0,0,0,0,0,0
61553,0,1,10,22,41,6,0,0,0,28,0,16
61553,1,1,0,0,0,0,0,0,0,0,0,0
61554,1,1,0,0,0,0,0,0,0,0,0,0
61554,2,1,0,0,0,21,0,0,0,0,0,0
61555,1,1,0,0,0,0,0,0,0,0,0,0
61555,2,1,0,0,0,0,0,0,0,0,0,0
61555,3,1,0,0,0,0,0,0,0,0,0,0
61555,4,1,0,0,0,0,0,0,0,0,0,0
61556,0,1,0,0,0,0,0,0,0,0,0,0
61556,1,1,0,0,0,0,0,0,0,0,0,0
61557,0,1,0,25,0,0,20,17,0,15,0,0
61557,1,1,0,0,0,0,0,0,0,0,0,0
61558,0,1,26,0,17,0,0,22,22,14,0,28
61558,1,1,0,0,0,0,0,3,0,0,16,0
61559,0,1,0,0,0,0,0,0,0,0,0,0
61559,1,1,6,27,15,15,10,4,6,15,13,0
61560,0,1,19,36,0,0,0,33,14,0,0,35
61560,1,1,0,0,0,0,0,0,0,0,0,0
61561,1,1,0,0,0,0,0,0,0,0,0,0
61561,2,1,0,0,0,0,0,0,0,0,0,0
61562,0,1,37,0,13,0,0,0,20,29,35,0
61562,1,1,0,0,24,0,0,0,0,0,0,0
61563,1,1,8,20,0,12,0,9,21,35,0,7
61564,0,1,0,0,0,0,0,0,0,0,9,0
61564,1,1,0,0,0,0,0,0,0,0,0,0
61565,1,1,19,19,19,19,19,19,19,19,19,19
61565,2,1,0,0,0,0,0,0,0,0,0,0
61566,0,1,26,11,0,0,32,10,34,0,38,23
61566,1,1,0,0,0,0,0,0,23,11,0,0
61567,1,1,0,0,0,0,17,0,0,0,0,0
61568,1,1,3,21,16,21,10,22,7,27,30,18
61569,0,1,42,0,14,18,0,0,0,0,0,0
61569,1,1,0,0,0,0,0,0,0,0,0,0
61570,1,1,9,14,0,0,12,0,0,0,19,0
61571,0,1,7,7,7,7,7,7,7,7,7,7
61571,1,1,0,0,0,0,0,0,0,0,0,0
61572,1,1,16,16,16,16,16,16,16,16,16,16
61572,2,1,15,0,0,0,0,0,0,0,0,0
61572,3,1,0,0,0,0,0,0,0,0,0,0
61573,1,1,0,0,0,0,0,0,0,0,0,0
61573,2,1,0,0,0,0,0,0,0,0,0,0
61574,1,1,10,22,30,28,8,22,30,16,8,14
61575,1,1,15,15,15,15,15,15,15,15,15,15
61576,0,1,0,0,0,0,0,0,0,0,0,0
61576,1,1,0,0,0,0,0,0,0,0,0,0
61577,1,1,0,0,0,0,0,13,0,0,0,0
61577,2,1,0,0,0,0,29,0,0,0,0,0
61578,1,1,11,9,21,11,16,3,25,11,13,20
61578,2,1,0,0,0,0,0,0,0,0,0,0
61579,1,1,0,0,0,0,0,0,0,0,0,0
61579,2,1,0,0,0,22,0,0,4,9,0,0
61580,0,1,10,29,0,0,0,0,0,0,0,0
61580,1,1,0,0,0,0,0,0,0,0,0,0
61581,1,1,0,0,0,0,0,0,0,0,0,0
61581,2,1,0,0,0,0,0,0,0,0,0,0
61581,3,1,0,0,0,0,0,0,0,0,0,0
61581,4,1,0,0,0,0,0,20,0,0,0,0
61582,1,1,36,36,36,36,36,36,36,36,36,36
61583,1,1,34,34,34,34,34,34,34,34,34,34
61584,1,1,29,16,23,18,13,4,32,38,9,11
61585,1,1,0,0,0,0,0,0,0,0,0,0
61585,2,1,0,0,0,0,0,0,0,0,0,0
61586,0,1,0,0,0,0,0,0,0,0,0,0
61586,1,1,0,27,0,0,0,0,0,0,0,0
61587,1,1,29,29,29,29,29,29,29,29,29,29
61588,1,1,0,0,0,0,0,0,0,0,0,0
61589,0,1,0,0,0,0,0,0,0,0,0,0
61589,1,1,0,6,0,0,0,0,0,0,0,13
61590,0,1,36,22,22,8,12,9,0,20,18,16
61590,1,1,0,0,0,17,0,0,0,0,0,0
61591,1,1,0,0,0,26,13,0,0,19,0,0
61592,1,1,0,0,0,0,0,0,0,0,0,0
61593,1,1,33,29,20,0,17,27,0,0,0,0
61593,2,1,0,0,0,0,0,0,13,0,0,0
61593,3,1,0,0,0,0,0,0,0,0,0,0
61594,0,1,0,0,0,0,0,0,0,0,10,0
61594,1,1,0,0,0,0,0,0,13,0,0,0
61595,1,1,0,0,21,0,23,0,21,0,0,20
61596,1,1,0,0,19,27,33,0,13,23,0,22
61597,1,1,0,0,0,0,0,0,0,0,0,0
61598,1,1,0,0,0,0,0,0,0,0,0,0
61598,2,1,3,0,0,0,0,0,0,0,0,0
61599,1,1,0,0,0,23,0,0,0,0,0,0
61600,1,1,0,25,18,0,0,0,0,17,0,14
61601,0,1,0,0,0,0,0,0,0,0,0,0
61601,1,1,28,8,0,0,7,5,12,0,31,15
61602,1,1,0,33,13,0,0,0,0,0,0,0
61603,1,1,22,17,9,14,9,14,9,15,26,13
61604,0,1,10,9,31,21,1,12,0,12,12,12
61604,1,1,0,0,0,0,0,15,0,0,0,0
61605,1,1,33,0,18,5,16,0,3,10,7,14
61606,0,1,0,0,0,0,0,0,0,0,0,0
61606,1,1,0,0,0,0,0,0,0,0,0,0
61606,2,1,0,0,10,0,0,0,0,0,0,0
61606,4,1,11,0,0,0,0,0,0,0,0,0
61606,5,1,0,21,0,0,0,0,0,0,0,0
61607,1,1,0,0,0,0,0,0,0,0,0,0
61607,2,1,0,0,0,0,0,0,0,0,0,0
61608,1,1,0,0,0,0,0,0,0,0,0,9
61609,1,1,0,0,0,0,0,0,0,0,0,0
61609,2,1,0,0,0,0,0,0,0,0,0,0
61610,1,1,14,14,14,14,14,14,14,14,14,14
61610,2,1,0,0,0,0,0,0,14,0,0,7
61611,0,1,0,0,31,35,0,0,9,24,18,0
61611,1,1,32,0,0,0,0,15,0,19,0,0
61612,0,1,0,0,0,0,17,0,0,0,0,16
61612,1,1,2,37,6,0,0,9,13,13,10,0
61613,1,1,0,0,0,0,0,0,0,0,0,0
61613,2,1,0,0,0,0,0,0,0,0,0,0
61614,0,1,0,0,0,0,0,0,0,0,0,27
61614,0,2,0,0,0,0,0,0,0,0,0,0
61614,1,1,0,0,0,0,0,0,0,0,0,0
61615,1,1,0,19,0,0,0,0,0,0,0,0
61615,2,1,0,0,0,27,0,17,0,0,21,0
61616,1,1,0,0,0,0,0,0,0,0,0,0
61616,2,1,0,0,0,0,0,0,9,0,7,0
61617,0,1,0,0,0,0,0,0,0,0,0,0
61617,1,1,0,0,0,0,0,0,0,0,0,0
61618,1,1,0,18,22,20,0,16,0,0,0,0
61619,1,1,0,0,0,0,21,0,9,4,17,22
61619,2,1,0,0,0,0,0,34,0,0,0,0
61621,1,1,0,0,0,0,0,0,0,0,0,0
61622,1,1,15,0,24,28,11,0,22,14,24,14
61623,1,1,8,12,12,11,21,0,23,26,11,26
61623,2,1,17,44,28,6,0,14,23,13,21,17
61623,3,1,0,0,0,0,0,0,0,0,0,0
61624,0,1,0,0,32,0,0,27,0,29,18,4
61624,1,1,0,0,0,0,0,0,0,0,0,0
61625,1,1,17,17,17,17,17,17,17,17,17,17
61625,2,1,12,0,15,9,5,0,0,0,5,0
61626,1,1,0,0,0,0,0,0,0,0,8,0
61626,2,1,0,0,0,0,0,0,0,12,0,0
61627,1,1,0,0,13,9,0,0,0,0,0,0
61627,2,1,0,0,0,0,0,0,0,0,0,0
61628,1,1,0,20,0,14,0,22,0,0,32,0
61628,2,1,0,0,0,0,0,0,0,0,0,0
61629,0,1,0,0,0,16,0,0,0,0,0,13
61629,1,1,0,0,0,0,8,0,0,25,0,0
61630,0,1,20,0,0,20,10,26,34,0,0,20
61630,1,1,0,0,0,7,0,0,6,0,0,0
61631,0,1,15,8,6,0,12,19,13,46,25,11
61631,1,1,0,0,0,0,0,0,0,0,0,0
61632,1,1,15,15,15,15,15,15,15,15,15,15
61632,2,1,0,0,0,0,7,0,16,0,0,0
61633,1,1,9,15,15,10,11,39,4,3,32,24
61634,1,1,0,0,0,0,0,0,0,0,0,0
61634,2,1,6,0,0,0,0,0,0,0,0,0
61635,1,1,0,0,0,0,0,0,0,0,0,0
61636,1,1,24,24,24,24,24,24,24,24,24,24
61638,0,1,0,21,0,13,0,0,0,0,24,11
61638,1,1,0,0,0,0,0,0,0,0,0,0
61639,0,1,0,0,24,21,0,0,0,0,15,15
61639,1,1,0,0,0,0,0,0,0,0,0,0
61640,1,1,0,24,0,7,0,0,22,0,0,0
61641,0,1,0,0,0,24,0,0,0,0,0,0
61641,1,1,0,0,0,0,0,0,0,0,29,0
61642,0,1,0,0,0,16,19,0,23,34,0,0
61642,1,1,0,0,0,0,0,0,0,0,0,15
61643,0,1,0,0,0,8,0,0,0,10,0,0
61643,1,1,0,0,0,0,0,0,0,0,0,3
61644,0,1,30,0,13,0,0,6,0,11,0,14
61644,1,1,0,0,0,0,19,0,0,0,0,0
61645,0,1,17,12,26,41,32,19,38,22,11,5
61645,1,1,17,13,31,16,8,21,15,14,4,13
61646,1,1,0,0,0,0,0,0,0,0,0,0
61646,2,1,0,0,0,0,0,0,0,0,0,0
61647,0,1,0,0,0,0,0,0,0,0,0,0
61647,1,1,0,0,4,13,11,0,6,16,0,0
61648,0,1,26,35,34,24,15,20,19,25,25,25
61648,1,1,20,0,0,0,0,0,0,0,0,0
61648,2,1,0,0,0,0,0,0,0,0,31,0
61648,3,1,0,0,9,0,0,0,0,0,19,0
61649,1,1,0,0,0,0,0,0,0,0,0,0
61650,1,1,25,16,21,27,25,7,16,27,27,17
61651,1,1,0,0,0,0,0,0,0,0,0,0
61651,2,1,0,0,0,0,0,0,0,0,0,0
61652,1,1,0,0,0,0,0,32,0,0,0,0
61652,2,1,0,0,15,0,0,0,0,0,0,0
61653,0,1,11,0,0,5,0,24,0,0,0,0
61653,1,1,0,0,0,14,21,10,0,3,0,0
61654,0,1,16,41,23,9,20,27,26,13,0,0
61654,1,1,0,0,0,0,14,0,0,0,0,0
61655,1,1,23,24,6,20,12,22,23,23,25,20
61655,2,1,0,0,0,0,0,0,0,0,0,4
61656,1,1,0,0,4,5,18,10,3,0,12,7
61657,0,1,30,19,32,27,0,0,0,34,0,9
61657,1,1,0,0,0,0,0,0,0,21,0,0
61657,2,1,0,0,0,0,0,0,0,0,0,0
61658,1,1,17,27,26,11,10,12,24,15,27,17
61659,1,1,10,10,10,10,10,10,10,10,10,10
61659,2,1,11,11,11,11,11,11,11,11,11,11
61660,1,1,18,0,0,0,24,9,14,6,9,0
61660,2,1,0,0,0,0,0,0,0,0,0,0
61661,1,1,10,0,0,0,0,0,13,0,0,0
61661,2,1,0,0,0,0,0,0,0,0,0,0
61662,1,1,0,0,0,0,0,0,0,0,0,0
61662,2,1,10,0,0,0,0,0,0,0,0,0
61663,1,1,9,12,10,43,15,24,20,10,8,23
61663,2,1,0,0,0,0,0,0,0,0,0,0
61664,1,1,0,0,0,0,0,0,0,0,0,0
61664,2,1,0,0,0,0,0,0,0,0,0,0
61664,3,1,0,0,0,0,0,0,0,0,0,0
61665,0,1,0,0,0,0,0,0,0,0,0,0
61665,1,1,20,5,11,0,0,17,0,0,12,0
61666,1,1,21,21,21,21,21,21,21,21,21,21
61667,1,1,0,4,0,0,0,0,36,0,0,21
61667,2,1,0,0,0,0,0,16,21,23,0,0
61667,3,1,0,0,0,0,0,0,0,0,0,0
61667,4,1,0,0,0,8,0,0,0,14,0,0
61668,1,1,0,3,17,5,10,17,10,18,14,12
61668,2,1,0,0,0,11,13,0,0,12,11,0
61669,1,1,0,0,0,0,0,0,0,0,0,0
61669,2,1,0,0,0,0,0,0,0,0,0,0
61670,1,1,0,0,0,0,12,0,0,0,24,0
61670,2,1,0,0,0,0,0,0,0,0,0,0
61671,0,1,19,38,19,19,34,11,33,15,38,8
61671,1,1,10,14,11,13,36,5,17,19,18,26
61672,0,1,0,0,0,0,0,0,0,0,0,0
61672,1,1,0,0,0,0,0,0,0,0,0,0
61673,1,1,38,8,16,15,2,25,13,0,22,23
61673,2,1,0,0,0,0,0,0,23,0,15,0
61674,0,1,0,0,0,0,0,0,0,0,0,0
61674,1,1,0,0,0,0,0,0,0,0,0,0
61675,0,1,19,31,11,15,0,17,23,43,0,37
61675,1,1,0,0,0,0,0,0,0,0,0,0
61676,1,1,12,8,0,11,0,0,0,4,19,0
61677,1,1,0,0,0,9,0,0,0,14,0,3
61677,2,1,0,17,12,29,0,0,7,30,13,0
61678,1,1,0,0,0,0,0,0,10,0,0,0
61678,2,1,0,0,0,0,0,0,0,0,0,0
61679,1,1,9,35,0,10,0,32,0,11,17,14
61680,0,1,0,0,0,0,0,0,0,0,0,0
61680,1,1,0,0,10,0,0,0,0,0,0,11
61681,0,1,42,0,0,0,0,15,16,29,0,0
61681,1,1,14,31,15,24,14,7,19,8,21,17
61682,1,1,0,0,20,14,10,0,0,0,20,0
61682,2,1,0,0,0,0,0,0,0,0,0,0
61683,1,1,0,0,0,0,25,0,0,0,10,0
61683,2,1,0,0,0,0,0,0,0,0,0,0
61684,1,1,0,0,0,0,0,0,0,0,5,0
61684,2,1,0,0,0,0,0,0,0,0,0,0
61685,1,1,18,14,7,6,14,0,5,32,31,14
61686,1,1,0,0,0,0,0,0,0,0,0,0
61686,2,1,0,0,0,0,0,0,0,0,0,0
61687,1,1,27,0,0,0,0,0,0,0,0,0
61687,2,1,0,22,0,0,9,0,0,25,0,0
61687,3,1,0,0,0,0,0,0,0,0,0,0
61688,1,1,0,21,0,35,12,0,0,0,11,19
61689,1,1,12,12,12,12,12,12,12,12,12,12
61690,0,1,0,0,0,0,0,0,0,0,0,0
61690,1,1,0,0,0,0,0,0,0,0,0,0
61691,0,1,0,0,0,0,0,0,0,0,0,0
61691,1,1,0,0,0,0,0,0,0,0,0,0
61692,1,1,16,16,16,16,16,16,16,16,16,16
61693,1,1,0,0,0,0,0,0,0,0,0,0
61694,0,1,0,0,0,0,0,0,0,0,22,0
61694,1,1,0,0,0,0,0,8,0,0,0,0
61695,1,1,28,17,0,0,0,0,12,0,0,34
61695,2,1,0,0,0,0,0,0,0,0,0,0
61696,1,1,21,21,21,21,21,21,21,21,21,21
61697,1,1,11,28,11,0,0,14,0,0,0,0
61698,0,1,0,0,19,0,70,0,0,0,0,0
61698,1,1,24,0,0,10,4,14,0,0,18,14
61699,1,1,0,0,0,0,0,0,0,0,0,0
61699,2,1,0,25,0,0,0,0,0,0,0,0
61700,1,1,0,0,0,0,0,0,0,0,0,0
61701,0,1,0,9,0,0,3,0,0,0,0,0
61701,1,1,20,20,20,20,20,20,20,20,20,20
61702,1,1,22,17,33,20,32,20,18,23,11,17
61702,2,1,0,0,0,0,0,0,0,0,0,0
61703,1,1,0,0,0,0,0,17,0,0,0,17
61704,1,1,0,0,0,0,0,0,0,0,0,15
61704,2,1,0,0,0,0,0,0,0,9,0,0
61704,3,1,0,0,24,0,0,0,0,0,0,0
61705,1,1,19,0,13,13,16,32,9,24,14,26
61706,0,1,0,17,0,0,0,0,0,17,51,0
61706,1,1,10,0,0,0,0,0,0,0,0,18
61707,1,1,0,0,0,0,0,0,0,0,0,0
61707,2,1,0,0,0,0,0,0,0,0,0,0
61708,1,1,0,0,0,0,0,0,0,0,0,0
61708,2,1,0,0,0,0,0,0,0,0,0,0
61708,3,1,0,0,0,0,0,0,0,0,0,0
61708,4,1,0,0,0,0,0,0,0,0,0,0
61709,1,1,0,0,0,8,28,21,14,0,0,0
61710,1,1,0,0,0,0,0,0,0,0,0,0
61710,2,1,0,0,0,0,0,0,0,0,0,0
61711,1,1,0,0,0,0,10,0,0,0,0,0
61711,2,1,0,0,0,0,0,0,0,0,0,0
61712,1,1,0,0,0,0,0,0,0,0,0,0
61713,1,1,30,30,30,30,30,30,30,30,30,30
61714,0,1,0,0,0,0,0,0,0,0,0,0
61714,1,1,10,0,0,0,0,15,19,0,0,12
61715,0,1,52,30,0,0,0,49,0,19,0,0
61715,1,1,0,0,0,0,0,0,22,0,0,0
61716,0,1,7,19,21,7,24,0,20,0,33,0
61716,2,1,0,0,0,0,0,0,0,0,0,0
61717,1,1,0,0,0,0,0,0,0,0,0,0
61718,0,1,38,29,8,15,29,6,14,16,33,12
61718,1,1,0,0,0,19,10,0,5,27,21,0
61719,1,1,10,15,11,28,19,12,17,8,9,37
61719,2,1,6,0,0,0,0,0,0,0,0,0
61720,0,1,0,0,0,0,27,0,0,0,0,0
61720,1,1,0,0,0,0,0,0,0,0,0,0
61720,2,1,0,0,0,0,0,0,0,0,0,0
61721,1,1,0,0,0,0,0,0,0,0,0,0